شناسه,روستا,تاریخ_میلادی,وضعیت_مشاهده_شده,قیمت_شب_تومان,تخفیف_درصد,پرچم_تعطیل_از_API,پرچم_آخر_هفته_از_API,تاریخ_مشاهده
3146451,مرزیکلا,2026-09-08,بسته (مشاهده‌شده - دلیل نامشخص),1400000,,,,2026-09-08T18:07:42
3146451,مرزیکلا,2026-09-09,بسته (مشاهده‌شده - دلیل نامشخص),1600000,,,بله,2026-09-08T18:07:42
3146451,مرزیکلا,2026-09-10,بسته (مشاهده‌شده - دلیل نامشخص),1600000,,,بله,2026-09-08T18:07:42
3146451,مرزیکلا,2026-09-11,باز,1400000,,,,2026-09-08T18:07:42
3146451,مرزیکلا,2026-09-12,باز,1400000,,,,2026-09-08T18:07:42
3146451,مرزیکلا,2026-09-13,باز,1400000,,,,2026-09-08T18:07:42
3146451,مرزیکلا,2026-09-14,باز,1400000,,,,2026-09-08T18:07:42
3146451,مرزیکلا,2026-09-15,باز,1400000,,,,2026-09-08T18:07:42
3146451,مرزیکلا,2026-09-16,باز,1600000,,,بله,2026-09-08T18:07:42
3146451,مرزیکلا,2026-09-17,باز,1600000,,,بله,2026-09-08T18:07:42
3146451,مرزیکلا,2026-09-18,باز,1400000,,,,2026-09-08T18:07:42
3146451,مرزیکلا,2026-09-19,باز,1400000,,,,2026-09-08T18:07:42
3146451,مرزیکلا,2026-09-20,باز,1400000,,,,2026-09-08T18:07:42
3146451,مرزیکلا,2026-09-21,بسته (مشاهده‌شده - دلیل نامشخص),1400000,,,,2026-09-08T18:07:42
3146451,مرزیکلا,2026-09-22,بسته (مشاهده‌شده - دلیل نامشخص),1700000,,,,2026-09-08T18:07:42
3146451,مرزیکلا,2026-09-23,بسته (مشاهده‌شده - دلیل نامشخص),1700000,,,بله,2026-09-08T18:07:42
3146451,مرزیکلا,2026-09-24,بسته (مشاهده‌شده - دلیل نامشخص),1700000,,,بله,2026-09-08T18:07:42
3146451,مرزیکلا,2026-09-25,باز,1200000,,,,2026-09-08T18:07:42
3146451,مرزیکلا,2026-09-26,باز,1200000,,,,2026-09-08T18:07:42
3146451,مرزیکلا,2026-09-27,باز,1200000,,,,2026-09-08T18:07:42
3146451,مرزیکلا,2026-09-28,باز,1200000,,,,2026-09-08T18:07:42
3146451,مرزیکلا,2026-09-29,باز,1200000,,,,2026-09-08T18:07:42
3146451,مرزیکلا,2026-09-30,باز,1400000,,,بله,2026-09-08T18:07:42
3146451,مرزیکلا,2026-10-01,باز,1400000,,,بله,2026-09-08T18:07:42
3146451,مرزیکلا,2026-10-02,باز,1200000,,,,2026-09-08T18:07:42
3146451,مرزیکلا,2026-10-03,باز,1200000,,,,2026-09-08T18:07:42
3146451,مرزیکلا,2026-10-04,باز,1200000,,,,2026-09-08T18:07:42
3146451,مرزیکلا,2026-10-05,باز,1200000,,,,2026-09-08T18:07:42
3146451,مرزیکلا,2026-10-06,باز,1200000,,,,2026-09-08T18:07:42
3146451,مرزیکلا,2026-10-07,باز,1400000,,,بله,2026-09-08T18:07:42
3146451,مرزیکلا,2026-10-08,باز,1400000,,,بله,2026-09-08T18:07:42
3148363,مرزیکلا,2026-09-08,بسته (مشاهده‌شده - دلیل نامشخص),1300000,,,,2026-09-08T18:07:46
3148363,مرزیکلا,2026-09-09,بسته (مشاهده‌شده - دلیل نامشخص),1500000,,,بله,2026-09-08T18:07:46
3148363,مرزیکلا,2026-09-10,بسته (مشاهده‌شده - دلیل نامشخص),1500000,,,بله,2026-09-08T18:07:46
3148363,مرزیکلا,2026-09-11,باز,1300000,,,,2026-09-08T18:07:46
3148363,مرزیکلا,2026-09-12,باز,1300000,,,,2026-09-08T18:07:46
3148363,مرزیکلا,2026-09-13,باز,1300000,,,,2026-09-08T18:07:46
3148363,مرزیکلا,2026-09-14,باز,1300000,,,,2026-09-08T18:07:46
3148363,مرزیکلا,2026-09-15,باز,1300000,,,,2026-09-08T18:07:46
3148363,مرزیکلا,2026-09-16,باز,1500000,,,بله,2026-09-08T18:07:46
3148363,مرزیکلا,2026-09-17,باز,1500000,,,بله,2026-09-08T18:07:46
3148363,مرزیکلا,2026-09-18,باز,1300000,,,,2026-09-08T18:07:46
3148363,مرزیکلا,2026-09-19,باز,1300000,,,,2026-09-08T18:07:46
3148363,مرزیکلا,2026-09-20,باز,1300000,,,,2026-09-08T18:07:46
3148363,مرزیکلا,2026-09-21,بسته (مشاهده‌شده - دلیل نامشخص),1300000,,,,2026-09-08T18:07:46
3148363,مرزیکلا,2026-09-22,بسته (مشاهده‌شده - دلیل نامشخص),1600000,,,,2026-09-08T18:07:46
3148363,مرزیکلا,2026-09-23,بسته (مشاهده‌شده - دلیل نامشخص),1600000,,,بله,2026-09-08T18:07:46
3148363,مرزیکلا,2026-09-24,بسته (مشاهده‌شده - دلیل نامشخص),1600000,,,بله,2026-09-08T18:07:46
3148363,مرزیکلا,2026-09-25,باز,1200000,,,,2026-09-08T18:07:46
3148363,مرزیکلا,2026-09-26,باز,1200000,,,,2026-09-08T18:07:46
3148363,مرزیکلا,2026-09-27,باز,1200000,,,,2026-09-08T18:07:46
3148363,مرزیکلا,2026-09-28,باز,1200000,,,,2026-09-08T18:07:46
3148363,مرزیکلا,2026-09-29,باز,1200000,,,,2026-09-08T18:07:46
3148363,مرزیکلا,2026-09-30,باز,1400000,,,بله,2026-09-08T18:07:46
3148363,مرزیکلا,2026-10-01,باز,1400000,,,بله,2026-09-08T18:07:46
3148363,مرزیکلا,2026-10-02,باز,1200000,,,,2026-09-08T18:07:46
3148363,مرزیکلا,2026-10-03,باز,1200000,,,,2026-09-08T18:07:46
3148363,مرزیکلا,2026-10-04,باز,1200000,,,,2026-09-08T18:07:46
3148363,مرزیکلا,2026-10-05,باز,1200000,,,,2026-09-08T18:07:46
3148363,مرزیکلا,2026-10-06,باز,1200000,,,,2026-09-08T18:07:46
3148363,مرزیکلا,2026-10-07,باز,1400000,,,بله,2026-09-08T18:07:46
3148363,مرزیکلا,2026-10-08,باز,1400000,,,بله,2026-09-08T18:07:46
3149747,سیدکلا,2026-09-08,بسته (مشاهده‌شده - دلیل نامشخص),3500000,,,,2026-09-08T18:07:48
3149747,سیدکلا,2026-09-09,بسته (مشاهده‌شده - دلیل نامشخص),3500000,,,بله,2026-09-08T18:07:48
3149747,سیدکلا,2026-09-10,بسته (مشاهده‌شده - دلیل نامشخص),3500000,,,بله,2026-09-08T18:07:48
3149747,سیدکلا,2026-09-11,باز,2500000,,,,2026-09-08T18:07:48
3149747,سیدکلا,2026-09-12,باز,2500000,,,,2026-09-08T18:07:48
3149747,سیدکلا,2026-09-13,باز,2500000,,,,2026-09-08T18:07:48
3149747,سیدکلا,2026-09-14,باز,2500000,,,,2026-09-08T18:07:48
3149747,سیدکلا,2026-09-15,باز,3500000,,,,2026-09-08T18:07:48
3149747,سیدکلا,2026-09-16,باز,3500000,,,بله,2026-09-08T18:07:48
3149747,سیدکلا,2026-09-17,باز,3500000,,,بله,2026-09-08T18:07:48
3149747,سیدکلا,2026-09-18,باز,2500000,,,,2026-09-08T18:07:48
3149747,سیدکلا,2026-09-19,باز,2500000,,,,2026-09-08T18:07:48
3149747,سیدکلا,2026-09-20,باز,2500000,,,,2026-09-08T18:07:48
3149747,سیدکلا,2026-09-21,باز,2500000,,,,2026-09-08T18:07:48
3149747,سیدکلا,2026-09-22,باز,2500000,,,,2026-09-08T18:07:48
3149747,سیدکلا,2026-09-23,باز,3000000,,,بله,2026-09-08T18:07:48
3149747,سیدکلا,2026-09-24,باز,3000000,,,بله,2026-09-08T18:07:48
3149747,سیدکلا,2026-09-25,باز,2500000,,,,2026-09-08T18:07:48
3149747,سیدکلا,2026-09-26,باز,2500000,,,,2026-09-08T18:07:48
3149747,سیدکلا,2026-09-27,باز,2500000,,,,2026-09-08T18:07:48
3149747,سیدکلا,2026-09-28,باز,2500000,,,,2026-09-08T18:07:48
3149747,سیدکلا,2026-09-29,باز,2500000,,,,2026-09-08T18:07:48
3149747,سیدکلا,2026-09-30,باز,3000000,,,بله,2026-09-08T18:07:48
3149747,سیدکلا,2026-10-01,باز,3000000,,,بله,2026-09-08T18:07:48
3149747,سیدکلا,2026-10-02,باز,2500000,,,,2026-09-08T18:07:48
3149747,سیدکلا,2026-10-03,باز,2500000,,,,2026-09-08T18:07:48
3149747,سیدکلا,2026-10-04,باز,2500000,,,,2026-09-08T18:07:48
3149747,سیدکلا,2026-10-05,باز,2500000,,,,2026-09-08T18:07:48
3149747,سیدکلا,2026-10-06,باز,2500000,,,,2026-09-08T18:07:48
3149747,سیدکلا,2026-10-07,باز,3000000,,,بله,2026-09-08T18:07:48
3149747,سیدکلا,2026-10-08,باز,3000000,,,بله,2026-09-08T18:07:48
3151473,تیرکن,2026-09-08,باز,3000000,,,,2026-09-08T18:08:03
3151473,تیرکن,2026-09-09,باز,3300000,,,بله,2026-09-08T18:08:03
3151473,تیرکن,2026-09-10,بسته (مشاهده‌شده - دلیل نامشخص),3800000,,,بله,2026-09-08T18:08:03
3151473,تیرکن,2026-09-11,بسته (مشاهده‌شده - دلیل نامشخص),3000000,,,,2026-09-08T18:08:03
3151473,تیرکن,2026-09-12,باز,3000000,,,,2026-09-08T18:08:03
3151473,تیرکن,2026-09-13,باز,3000000,,,,2026-09-08T18:08:03
3151473,تیرکن,2026-09-14,باز,3000000,,,,2026-09-08T18:08:03
3151473,تیرکن,2026-09-15,باز,3000000,,,,2026-09-08T18:08:03
3151473,تیرکن,2026-09-16,باز,3800000,,,بله,2026-09-08T18:08:03
3151473,تیرکن,2026-09-17,باز,3800000,,,بله,2026-09-08T18:08:03
3151473,تیرکن,2026-09-18,باز,3000000,,,,2026-09-08T18:08:03
3151473,تیرکن,2026-09-19,باز,3000000,,,,2026-09-08T18:08:03
3151473,تیرکن,2026-09-20,باز,3000000,,,,2026-09-08T18:08:03
3151473,تیرکن,2026-09-21,باز,3000000,,,,2026-09-08T18:08:03
3151473,تیرکن,2026-09-22,باز,3000000,,,,2026-09-08T18:08:03
3151473,تیرکن,2026-09-23,باز,3300000,,,بله,2026-09-08T18:08:03
3151473,تیرکن,2026-09-24,باز,3300000,,,بله,2026-09-08T18:08:03
3151473,تیرکن,2026-09-25,باز,2500000,,,,2026-09-08T18:08:03
3151473,تیرکن,2026-09-26,باز,2500000,,,,2026-09-08T18:08:03
3151473,تیرکن,2026-09-27,باز,2500000,,,,2026-09-08T18:08:03
3151473,تیرکن,2026-09-28,باز,2500000,,,,2026-09-08T18:08:03
3151473,تیرکن,2026-09-29,باز,2500000,,,,2026-09-08T18:08:03
3151473,تیرکن,2026-09-30,باز,3300000,,,بله,2026-09-08T18:08:03
3151473,تیرکن,2026-10-01,باز,3300000,,,بله,2026-09-08T18:08:03
3151473,تیرکن,2026-10-02,باز,2500000,,,,2026-09-08T18:08:03
3151473,تیرکن,2026-10-03,باز,2500000,,,,2026-09-08T18:08:03
3151473,تیرکن,2026-10-04,باز,2500000,,,,2026-09-08T18:08:03
3151473,تیرکن,2026-10-05,باز,2500000,,,,2026-09-08T18:08:03
3151473,تیرکن,2026-10-06,باز,2500000,,,,2026-09-08T18:08:03
3151473,تیرکن,2026-10-07,باز,3300000,,,بله,2026-09-08T18:08:03
3151473,تیرکن,2026-10-08,باز,3300000,,,بله,2026-09-08T18:08:03
3151648,کاردرکلا,2026-09-08,بسته (مشاهده‌شده - دلیل نامشخص),2000000,,,,2026-09-08T18:08:05
3151648,کاردرکلا,2026-09-09,بسته (مشاهده‌شده - دلیل نامشخص),2400000,,,بله,2026-09-08T18:08:05
3151648,کاردرکلا,2026-09-10,باز,2900000,,,بله,2026-09-08T18:08:05
3151648,کاردرکلا,2026-09-11,باز,2000000,,,,2026-09-08T18:08:05
3151648,کاردرکلا,2026-09-12,باز,2000000,,,,2026-09-08T18:08:05
3151648,کاردرکلا,2026-09-13,باز,2000000,,,,2026-09-08T18:08:05
3151648,کاردرکلا,2026-09-14,باز,2000000,,,,2026-09-08T18:08:05
3151648,کاردرکلا,2026-09-15,بسته (مشاهده‌شده - دلیل نامشخص),2000000,,,,2026-09-08T18:08:05
3151648,کاردرکلا,2026-09-16,بسته (مشاهده‌شده - دلیل نامشخص),2000000,,,بله,2026-09-08T18:08:05
3151648,کاردرکلا,2026-09-17,باز,2900000,,,بله,2026-09-08T18:08:05
3151648,کاردرکلا,2026-09-18,باز,2000000,,,,2026-09-08T18:08:05
3151648,کاردرکلا,2026-09-19,باز,2000000,,,,2026-09-08T18:08:05
3151648,کاردرکلا,2026-09-20,باز,2000000,,,,2026-09-08T18:08:05
3151648,کاردرکلا,2026-09-21,باز,2000000,,,,2026-09-08T18:08:05
3151648,کاردرکلا,2026-09-22,باز,2000000,,,,2026-09-08T18:08:05
3151648,کاردرکلا,2026-09-23,باز,1400000,,,بله,2026-09-08T18:08:05
3151648,کاردرکلا,2026-09-24,باز,1400000,,,بله,2026-09-08T18:08:05
3151648,کاردرکلا,2026-09-25,باز,1200000,,,,2026-09-08T18:08:05
3151648,کاردرکلا,2026-09-26,باز,1200000,,,,2026-09-08T18:08:05
3151648,کاردرکلا,2026-09-27,باز,1200000,,,,2026-09-08T18:08:05
3151648,کاردرکلا,2026-09-28,باز,1200000,,,,2026-09-08T18:08:05
3151648,کاردرکلا,2026-09-29,باز,1200000,,,,2026-09-08T18:08:05
3151648,کاردرکلا,2026-09-30,باز,1400000,,,بله,2026-09-08T18:08:05
3151648,کاردرکلا,2026-10-01,باز,1400000,,,بله,2026-09-08T18:08:05
3151648,کاردرکلا,2026-10-02,باز,1200000,,,,2026-09-08T18:08:05
3151648,کاردرکلا,2026-10-03,باز,1200000,,,,2026-09-08T18:08:05
3151648,کاردرکلا,2026-10-04,باز,1200000,,,,2026-09-08T18:08:05
3151648,کاردرکلا,2026-10-05,باز,1200000,,,,2026-09-08T18:08:05
3151648,کاردرکلا,2026-10-06,باز,1200000,,,,2026-09-08T18:08:05
3151648,کاردرکلا,2026-10-07,باز,1400000,,,بله,2026-09-08T18:08:05
3151648,کاردرکلا,2026-10-08,باز,1400000,,,بله,2026-09-08T18:08:05
3152855,مرزیکلا,2026-09-08,بسته (مشاهده‌شده - دلیل نامشخص),2000000,,,,2026-09-08T18:08:10
3152855,مرزیکلا,2026-09-09,بسته (مشاهده‌شده - دلیل نامشخص),2500000,,,بله,2026-09-08T18:08:10
3152855,مرزیکلا,2026-09-10,بسته (مشاهده‌شده - دلیل نامشخص),2500000,,,بله,2026-09-08T18:08:10
3152855,مرزیکلا,2026-09-11,باز,2000000,,,,2026-09-08T18:08:10
3152855,مرزیکلا,2026-09-12,باز,2000000,,,,2026-09-08T18:08:10
3152855,مرزیکلا,2026-09-13,باز,2000000,,,,2026-09-08T18:08:10
3152855,مرزیکلا,2026-09-14,باز,2000000,,,,2026-09-08T18:08:10
3152855,مرزیکلا,2026-09-15,باز,2000000,,,,2026-09-08T18:08:10
3152855,مرزیکلا,2026-09-16,باز,2500000,,,بله,2026-09-08T18:08:10
3152855,مرزیکلا,2026-09-17,باز,2500000,,,بله,2026-09-08T18:08:10
3152855,مرزیکلا,2026-09-18,باز,2000000,,,,2026-09-08T18:08:10
3152855,مرزیکلا,2026-09-19,باز,2000000,,,,2026-09-08T18:08:10
3152855,مرزیکلا,2026-09-20,باز,2000000,,,,2026-09-08T18:08:10
3152855,مرزیکلا,2026-09-21,بسته (مشاهده‌شده - دلیل نامشخص),2000000,,,,2026-09-08T18:08:10
3152855,مرزیکلا,2026-09-22,بسته (مشاهده‌شده - دلیل نامشخص),2000000,,,,2026-09-08T18:08:10
3152855,مرزیکلا,2026-09-23,بسته (مشاهده‌شده - دلیل نامشخص),2500000,,,بله,2026-09-08T18:08:10
3152855,مرزیکلا,2026-09-24,بسته (مشاهده‌شده - دلیل نامشخص),2500000,,,بله,2026-09-08T18:08:10
3152855,مرزیکلا,2026-09-25,باز,2000000,,,,2026-09-08T18:08:10
3152855,مرزیکلا,2026-09-26,باز,2000000,,,,2026-09-08T18:08:10
3152855,مرزیکلا,2026-09-27,باز,2000000,,,,2026-09-08T18:08:10
3152855,مرزیکلا,2026-09-28,باز,2000000,,,,2026-09-08T18:08:10
3152855,مرزیکلا,2026-09-29,باز,2000000,,,,2026-09-08T18:08:10
3152855,مرزیکلا,2026-09-30,باز,2500000,,,بله,2026-09-08T18:08:10
3152855,مرزیکلا,2026-10-01,باز,2500000,,,بله,2026-09-08T18:08:10
3152855,مرزیکلا,2026-10-02,باز,2000000,,,,2026-09-08T18:08:10
3152855,مرزیکلا,2026-10-03,باز,2000000,,,,2026-09-08T18:08:10
3152855,مرزیکلا,2026-10-04,باز,2000000,,,,2026-09-08T18:08:10
3152855,مرزیکلا,2026-10-05,باز,2000000,,,,2026-09-08T18:08:10
3152855,مرزیکلا,2026-10-06,باز,2000000,,,,2026-09-08T18:08:10
3152855,مرزیکلا,2026-10-07,باز,2500000,,,بله,2026-09-08T18:08:10
3152855,مرزیکلا,2026-10-08,باز,2500000,,,بله,2026-09-08T18:08:10
3153216,کاردرکلا,2026-09-08,بسته (مشاهده‌شده - دلیل نامشخص),4500000,,,,2026-09-08T18:08:12
3153216,کاردرکلا,2026-09-09,بسته (مشاهده‌شده - دلیل نامشخص),5300000,,,بله,2026-09-08T18:08:12
3153216,کاردرکلا,2026-09-10,بسته (مشاهده‌شده - دلیل نامشخص),5300000,,,بله,2026-09-08T18:08:12
3153216,کاردرکلا,2026-09-11,بسته (مشاهده‌شده - دلیل نامشخص),4500000,,,,2026-09-08T18:08:12
3153216,کاردرکلا,2026-09-12,باز,4500000,,,,2026-09-08T18:08:12
3153216,کاردرکلا,2026-09-13,باز,4500000,,,,2026-09-08T18:08:12
3153216,کاردرکلا,2026-09-14,باز,4500000,,,,2026-09-08T18:08:12
3153216,کاردرکلا,2026-09-15,باز,4500000,,,,2026-09-08T18:08:12
3153216,کاردرکلا,2026-09-16,باز,5300000,,,بله,2026-09-08T18:08:12
3153216,کاردرکلا,2026-09-17,باز,5300000,,,بله,2026-09-08T18:08:12
3153216,کاردرکلا,2026-09-18,باز,4500000,,,,2026-09-08T18:08:12
3153216,کاردرکلا,2026-09-19,باز,4500000,,,,2026-09-08T18:08:12
3153216,کاردرکلا,2026-09-20,باز,4500000,,,,2026-09-08T18:08:12
3153216,کاردرکلا,2026-09-21,باز,4500000,,,,2026-09-08T18:08:12
3153216,کاردرکلا,2026-09-22,باز,4500000,,,,2026-09-08T18:08:12
3153216,کاردرکلا,2026-09-23,باز,4000000,,,بله,2026-09-08T18:08:12
3153216,کاردرکلا,2026-09-24,باز,4000000,,,بله,2026-09-08T18:08:12
3153216,کاردرکلا,2026-09-25,باز,4000000,,,,2026-09-08T18:08:12
3153216,کاردرکلا,2026-09-26,باز,3500000,,,,2026-09-08T18:08:12
3153216,کاردرکلا,2026-09-27,باز,3500000,,,,2026-09-08T18:08:12
3153216,کاردرکلا,2026-09-28,باز,3500000,,,,2026-09-08T18:08:12
3153216,کاردرکلا,2026-09-29,باز,3500000,,,,2026-09-08T18:08:12
3153216,کاردرکلا,2026-09-30,باز,4500000,,,بله,2026-09-08T18:08:12
3153216,کاردرکلا,2026-10-01,باز,4500000,,,بله,2026-09-08T18:08:12
3153216,کاردرکلا,2026-10-02,باز,3500000,,,,2026-09-08T18:08:12
3153216,کاردرکلا,2026-10-03,باز,3500000,,,,2026-09-08T18:08:12
3153216,کاردرکلا,2026-10-04,باز,3500000,,,,2026-09-08T18:08:12
3153216,کاردرکلا,2026-10-05,باز,3500000,,,,2026-09-08T18:08:12
3153216,کاردرکلا,2026-10-06,باز,3500000,,,,2026-09-08T18:08:12
3153216,کاردرکلا,2026-10-07,باز,4500000,,,بله,2026-09-08T18:08:12
3153216,کاردرکلا,2026-10-08,باز,4500000,,,بله,2026-09-08T18:08:12
3153254,لفور,2026-09-08,باز,3950000,10,,,2026-09-08T18:08:13
3153254,لفور,2026-09-09,باز,4950000,,,بله,2026-09-08T18:08:13
3153254,لفور,2026-09-10,باز,4950000,,,بله,2026-09-08T18:08:13
3153254,لفور,2026-09-11,باز,4950000,,,,2026-09-08T18:08:13
3153254,لفور,2026-09-12,باز,3950000,,,,2026-09-08T18:08:13
3153254,لفور,2026-09-13,باز,3950000,,,,2026-09-08T18:08:13
3153254,لفور,2026-09-14,باز,3950000,,,,2026-09-08T18:08:13
3153254,لفور,2026-09-15,باز,3950000,,,,2026-09-08T18:08:13
3153254,لفور,2026-09-16,باز,3950000,,,بله,2026-09-08T18:08:13
3153254,لفور,2026-09-17,باز,4950000,,,بله,2026-09-08T18:08:13
3153254,لفور,2026-09-18,باز,4950000,,,,2026-09-08T18:08:13
3153254,لفور,2026-09-19,باز,3950000,,,,2026-09-08T18:08:13
3153254,لفور,2026-09-20,باز,3950000,,,,2026-09-08T18:08:13
3153254,لفور,2026-09-21,باز,3950000,,,,2026-09-08T18:08:13
3153254,لفور,2026-09-22,باز,3950000,,,,2026-09-08T18:08:13
3153254,لفور,2026-09-23,باز,2500000,,,بله,2026-09-08T18:08:13
3153254,لفور,2026-09-24,باز,2500000,,,بله,2026-09-08T18:08:13
3153254,لفور,2026-09-25,باز,2450000,,,,2026-09-08T18:08:13
3153254,لفور,2026-09-26,باز,2450000,,,,2026-09-08T18:08:13
3153254,لفور,2026-09-27,باز,2450000,,,,2026-09-08T18:08:13
3153254,لفور,2026-09-28,باز,2450000,,,,2026-09-08T18:08:13
3153254,لفور,2026-09-29,باز,2450000,,,,2026-09-08T18:08:13
3153254,لفور,2026-09-30,باز,2500000,,,بله,2026-09-08T18:08:13
3153254,لفور,2026-10-01,باز,2500000,,,بله,2026-09-08T18:08:13
3153254,لفور,2026-10-02,باز,2450000,,,,2026-09-08T18:08:13
3153254,لفور,2026-10-03,باز,2450000,,,,2026-09-08T18:08:13
3153254,لفور,2026-10-04,باز,2450000,,,,2026-09-08T18:08:13
3153254,لفور,2026-10-05,باز,2450000,,,,2026-09-08T18:08:13
3153254,لفور,2026-10-06,باز,2450000,,,,2026-09-08T18:08:13
3153254,لفور,2026-10-07,باز,2500000,,,بله,2026-09-08T18:08:13
3153254,لفور,2026-10-08,باز,2500000,,,بله,2026-09-08T18:08:13
3154396,شیردارکلا,2026-09-08,بسته (مشاهده‌شده - دلیل نامشخص),5280000,,,,2026-09-08T18:08:15
3154396,شیردارکلا,2026-09-09,بسته (مشاهده‌شده - دلیل نامشخص),7980000,,,بله,2026-09-08T18:08:15
3154396,شیردارکلا,2026-09-10,بسته (مشاهده‌شده - دلیل نامشخص),7980000,,,بله,2026-09-08T18:08:15
3154396,شیردارکلا,2026-09-11,بسته (مشاهده‌شده - دلیل نامشخص),5280000,,,,2026-09-08T18:08:15
3154396,شیردارکلا,2026-09-12,باز,5280000,,,,2026-09-08T18:08:15
3154396,شیردارکلا,2026-09-13,باز,5280000,,,,2026-09-08T18:08:15
3154396,شیردارکلا,2026-09-14,باز,5280000,,,,2026-09-08T18:08:15
3154396,شیردارکلا,2026-09-15,باز,5280000,,,,2026-09-08T18:08:15
3154396,شیردارکلا,2026-09-16,باز,7980000,,,بله,2026-09-08T18:08:15
3154396,شیردارکلا,2026-09-17,باز,7980000,,,بله,2026-09-08T18:08:15
3154396,شیردارکلا,2026-09-18,باز,5280000,,,,2026-09-08T18:08:15
3154396,شیردارکلا,2026-09-19,باز,5280000,,,,2026-09-08T18:08:15
3154396,شیردارکلا,2026-09-20,باز,5280000,,,,2026-09-08T18:08:15
3154396,شیردارکلا,2026-09-21,باز,5280000,,,,2026-09-08T18:08:15
3154396,شیردارکلا,2026-09-22,باز,5280000,,,,2026-09-08T18:08:15
3154396,شیردارکلا,2026-09-23,بسته (مشاهده‌شده - دلیل نامشخص),7920000,,,بله,2026-09-08T18:08:15
3154396,شیردارکلا,2026-09-24,باز,5620000,,,بله,2026-09-08T18:08:15
3154396,شیردارکلا,2026-09-25,باز,4980000,,,,2026-09-08T18:08:15
3154396,شیردارکلا,2026-09-26,باز,4980000,,,,2026-09-08T18:08:15
3154396,شیردارکلا,2026-09-27,باز,4980000,,,,2026-09-08T18:08:15
3154396,شیردارکلا,2026-09-28,باز,4980000,,,,2026-09-08T18:08:15
3154396,شیردارکلا,2026-09-29,باز,4980000,,,,2026-09-08T18:08:15
3154396,شیردارکلا,2026-09-30,باز,5620000,,,بله,2026-09-08T18:08:15
3154396,شیردارکلا,2026-10-01,باز,5620000,,,بله,2026-09-08T18:08:15
3154396,شیردارکلا,2026-10-02,باز,4980000,,,,2026-09-08T18:08:15
3154396,شیردارکلا,2026-10-03,باز,4980000,,,,2026-09-08T18:08:15
3154396,شیردارکلا,2026-10-04,باز,4980000,,,,2026-09-08T18:08:15
3154396,شیردارکلا,2026-10-05,باز,4980000,,,,2026-09-08T18:08:15
3154396,شیردارکلا,2026-10-06,باز,4980000,,,,2026-09-08T18:08:15
3154396,شیردارکلا,2026-10-07,باز,5620000,,,بله,2026-09-08T18:08:15
3154396,شیردارکلا,2026-10-08,باز,5620000,,,بله,2026-09-08T18:08:15
3157431,مرزیکلا,2026-09-08,بسته (مشاهده‌شده - دلیل نامشخص),1300000,,,,2026-09-08T18:08:20
3157431,مرزیکلا,2026-09-09,بسته (مشاهده‌شده - دلیل نامشخص),1500000,,,بله,2026-09-08T18:08:20
3157431,مرزیکلا,2026-09-10,بسته (مشاهده‌شده - دلیل نامشخص),1500000,,,بله,2026-09-08T18:08:20
3157431,مرزیکلا,2026-09-11,باز,1300000,,,,2026-09-08T18:08:20
3157431,مرزیکلا,2026-09-12,باز,1300000,,,,2026-09-08T18:08:20
3157431,مرزیکلا,2026-09-13,باز,1300000,,,,2026-09-08T18:08:20
3157431,مرزیکلا,2026-09-14,باز,1300000,,,,2026-09-08T18:08:20
3157431,مرزیکلا,2026-09-15,باز,1300000,,,,2026-09-08T18:08:20
3157431,مرزیکلا,2026-09-16,باز,1500000,,,بله,2026-09-08T18:08:20
3157431,مرزیکلا,2026-09-17,باز,1500000,,,بله,2026-09-08T18:08:20
3157431,مرزیکلا,2026-09-18,باز,1300000,,,,2026-09-08T18:08:20
3157431,مرزیکلا,2026-09-19,باز,1300000,,,,2026-09-08T18:08:20
3157431,مرزیکلا,2026-09-20,باز,1300000,,,,2026-09-08T18:08:20
3157431,مرزیکلا,2026-09-21,بسته (مشاهده‌شده - دلیل نامشخص),1300000,,,,2026-09-08T18:08:20
3157431,مرزیکلا,2026-09-22,بسته (مشاهده‌شده - دلیل نامشخص),1500000,,,,2026-09-08T18:08:20
3157431,مرزیکلا,2026-09-23,بسته (مشاهده‌شده - دلیل نامشخص),1600000,,,بله,2026-09-08T18:08:20
3157431,مرزیکلا,2026-09-24,بسته (مشاهده‌شده - دلیل نامشخص),1600000,,,بله,2026-09-08T18:08:20
3157431,مرزیکلا,2026-09-25,باز,1200000,,,,2026-09-08T18:08:20
3157431,مرزیکلا,2026-09-26,باز,1200000,,,,2026-09-08T18:08:20
3157431,مرزیکلا,2026-09-27,باز,1200000,,,,2026-09-08T18:08:20
3157431,مرزیکلا,2026-09-28,باز,1200000,,,,2026-09-08T18:08:20
3157431,مرزیکلا,2026-09-29,باز,1200000,,,,2026-09-08T18:08:20
3157431,مرزیکلا,2026-09-30,باز,1400000,,,بله,2026-09-08T18:08:20
3157431,مرزیکلا,2026-10-01,باز,1400000,,,بله,2026-09-08T18:08:20
3157431,مرزیکلا,2026-10-02,باز,1200000,,,,2026-09-08T18:08:20
3157431,مرزیکلا,2026-10-03,باز,1200000,,,,2026-09-08T18:08:20
3157431,مرزیکلا,2026-10-04,باز,1200000,,,,2026-09-08T18:08:20
3157431,مرزیکلا,2026-10-05,باز,1200000,,,,2026-09-08T18:08:20
3157431,مرزیکلا,2026-10-06,باز,1200000,,,,2026-09-08T18:08:20
3157431,مرزیکلا,2026-10-07,باز,1400000,,,بله,2026-09-08T18:08:20
3157431,مرزیکلا,2026-10-08,باز,1400000,,,بله,2026-09-08T18:08:20
3161999,گونه کلا,2026-09-08,بسته (مشاهده‌شده - دلیل نامشخص),3680000,,,,2026-09-08T18:08:25
3161999,گونه کلا,2026-09-09,بسته (مشاهده‌شده - دلیل نامشخص),5950000,,,بله,2026-09-08T18:08:25
3161999,گونه کلا,2026-09-10,بسته (مشاهده‌شده - دلیل نامشخص),5950000,,,بله,2026-09-08T18:08:25
3161999,گونه کلا,2026-09-11,بسته (مشاهده‌شده - دلیل نامشخص),3680000,,,,2026-09-08T18:08:25
3161999,گونه کلا,2026-09-12,بسته (مشاهده‌شده - دلیل نامشخص),3680000,,,,2026-09-08T18:08:25
3161999,گونه کلا,2026-09-13,بسته (مشاهده‌شده - دلیل نامشخص),3680000,,,,2026-09-08T18:08:25
3161999,گونه کلا,2026-09-14,باز,3680000,,,,2026-09-08T18:08:25
3161999,گونه کلا,2026-09-15,بسته (مشاهده‌شده - دلیل نامشخص),3680000,,,,2026-09-08T18:08:25
3161999,گونه کلا,2026-09-16,بسته (مشاهده‌شده - دلیل نامشخص),5950000,,,بله,2026-09-08T18:08:25
3161999,گونه کلا,2026-09-17,بسته (مشاهده‌شده - دلیل نامشخص),5950000,,,بله,2026-09-08T18:08:25
3161999,گونه کلا,2026-09-18,باز,3680000,,,,2026-09-08T18:08:25
3161999,گونه کلا,2026-09-19,باز,3680000,,,,2026-09-08T18:08:25
3161999,گونه کلا,2026-09-20,باز,3680000,,,,2026-09-08T18:08:25
3161999,گونه کلا,2026-09-21,باز,3680000,,,,2026-09-08T18:08:25
3161999,گونه کلا,2026-09-22,باز,3680000,,,,2026-09-08T18:08:25
3161999,گونه کلا,2026-09-23,باز,4950000,,,بله,2026-09-08T18:08:25
3161999,گونه کلا,2026-09-24,باز,4950000,,,بله,2026-09-08T18:08:25
3161999,گونه کلا,2026-09-25,باز,3450000,,,,2026-09-08T18:08:25
3161999,گونه کلا,2026-09-26,باز,3450000,,,,2026-09-08T18:08:25
3161999,گونه کلا,2026-09-27,باز,3450000,,,,2026-09-08T18:08:25
3161999,گونه کلا,2026-09-28,باز,3450000,,,,2026-09-08T18:08:25
3161999,گونه کلا,2026-09-29,باز,3450000,,,,2026-09-08T18:08:25
3161999,گونه کلا,2026-09-30,باز,4950000,,,بله,2026-09-08T18:08:25
3161999,گونه کلا,2026-10-01,باز,4950000,,,بله,2026-09-08T18:08:25
3161999,گونه کلا,2026-10-02,باز,3450000,,,,2026-09-08T18:08:25
3161999,گونه کلا,2026-10-03,باز,3450000,,,,2026-09-08T18:08:25
3161999,گونه کلا,2026-10-04,باز,3450000,,,,2026-09-08T18:08:25
3161999,گونه کلا,2026-10-05,باز,3450000,,,,2026-09-08T18:08:25
3161999,گونه کلا,2026-10-06,باز,3450000,,,,2026-09-08T18:08:25
3161999,گونه کلا,2026-10-07,باز,4950000,,,بله,2026-09-08T18:08:25
3161999,گونه کلا,2026-10-08,باز,4950000,,,بله,2026-09-08T18:08:25
3162290,بابلکنار,2026-09-08,بسته (مشاهده‌شده - دلیل نامشخص),1205000,,,,2026-09-08T18:08:27
3162290,بابلکنار,2026-09-09,بسته (مشاهده‌شده - دلیل نامشخص),1325000,,,بله,2026-09-08T18:08:27
3162290,بابلکنار,2026-09-10,باز,1800000,,,بله,2026-09-08T18:08:27
3162290,بابلکنار,2026-09-11,باز,1205000,,,,2026-09-08T18:08:27
3162290,بابلکنار,2026-09-12,باز,1205000,,,,2026-09-08T18:08:27
3162290,بابلکنار,2026-09-13,باز,1205000,,,,2026-09-08T18:08:27
3162290,بابلکنار,2026-09-14,باز,1205000,,,,2026-09-08T18:08:27
3162290,بابلکنار,2026-09-15,باز,1205000,,,,2026-09-08T18:08:27
3162290,بابلکنار,2026-09-16,باز,1325000,,,بله,2026-09-08T18:08:27
3162290,بابلکنار,2026-09-17,باز,1800000,,,بله,2026-09-08T18:08:27
3162290,بابلکنار,2026-09-18,باز,1205000,,,,2026-09-08T18:08:27
3162290,بابلکنار,2026-09-19,باز,1205000,,,,2026-09-08T18:08:27
3162290,بابلکنار,2026-09-20,باز,1205000,,,,2026-09-08T18:08:27
3162290,بابلکنار,2026-09-21,باز,1205000,,,,2026-09-08T18:08:27
3162290,بابلکنار,2026-09-22,باز,1205000,,,,2026-09-08T18:08:27
3162290,بابلکنار,2026-09-23,باز,1325000,,,بله,2026-09-08T18:08:27
3162290,بابلکنار,2026-09-24,باز,1800000,,,بله,2026-09-08T18:08:27
3162290,بابلکنار,2026-09-25,باز,1205000,,,,2026-09-08T18:08:27
3162290,بابلکنار,2026-09-26,باز,1205000,,,,2026-09-08T18:08:27
3162290,بابلکنار,2026-09-27,باز,1205000,,,,2026-09-08T18:08:27
3162290,بابلکنار,2026-09-28,باز,1205000,,,,2026-09-08T18:08:27
3162290,بابلکنار,2026-09-29,باز,1205000,,,,2026-09-08T18:08:27
3162290,بابلکنار,2026-09-30,باز,1325000,,,بله,2026-09-08T18:08:27
3162290,بابلکنار,2026-10-01,باز,1800000,,,بله,2026-09-08T18:08:27
3162290,بابلکنار,2026-10-02,باز,1205000,,,,2026-09-08T18:08:27
3162290,بابلکنار,2026-10-03,باز,1205000,,,,2026-09-08T18:08:27
3162290,بابلکنار,2026-10-04,باز,1205000,,,,2026-09-08T18:08:27
3162290,بابلکنار,2026-10-05,باز,1205000,,,,2026-09-08T18:08:27
3162290,بابلکنار,2026-10-06,باز,1205000,,,,2026-09-08T18:08:27
3162290,بابلکنار,2026-10-07,باز,1325000,,,بله,2026-09-08T18:08:27
3162290,بابلکنار,2026-10-08,باز,1800000,,,بله,2026-09-08T18:08:27
3164126,لفور,2026-09-08,بسته (مشاهده‌شده - دلیل نامشخص),4000000,,,,2026-09-08T18:08:56
3164126,لفور,2026-09-09,بسته (مشاهده‌شده - دلیل نامشخص),4000000,,,بله,2026-09-08T18:08:56
3164126,لفور,2026-09-10,بسته (مشاهده‌شده - دلیل نامشخص),4000000,,,بله,2026-09-08T18:08:56
3164126,لفور,2026-09-11,بسته (مشاهده‌شده - دلیل نامشخص),4000000,,,,2026-09-08T18:08:56
3164126,لفور,2026-09-12,باز,4000000,,,,2026-09-08T18:08:56
3164126,لفور,2026-09-13,باز,4000000,,,,2026-09-08T18:08:56
3164126,لفور,2026-09-14,بسته (مشاهده‌شده - دلیل نامشخص),4000000,,,,2026-09-08T18:08:56
3164126,لفور,2026-09-15,بسته (مشاهده‌شده - دلیل نامشخص),4000000,,,,2026-09-08T18:08:56
3164126,لفور,2026-09-16,بسته (مشاهده‌شده - دلیل نامشخص),4000000,,,بله,2026-09-08T18:08:56
3164126,لفور,2026-09-17,بسته (مشاهده‌شده - دلیل نامشخص),4000000,,,بله,2026-09-08T18:08:56
3164126,لفور,2026-09-18,بسته (مشاهده‌شده - دلیل نامشخص),4000000,,,,2026-09-08T18:08:56
3164126,لفور,2026-09-19,بسته (مشاهده‌شده - دلیل نامشخص),4000000,,,,2026-09-08T18:08:56
3164126,لفور,2026-09-20,بسته (مشاهده‌شده - دلیل نامشخص),4000000,,,,2026-09-08T18:08:56
3164126,لفور,2026-09-21,بسته (مشاهده‌شده - دلیل نامشخص),4000000,,,,2026-09-08T18:08:56
3164126,لفور,2026-09-22,باز,4000000,,,,2026-09-08T18:08:56
3164126,لفور,2026-09-23,باز,3800000,,,بله,2026-09-08T18:08:56
3164126,لفور,2026-09-24,باز,3800000,,,بله,2026-09-08T18:08:56
3164126,لفور,2026-09-25,باز,3800000,,,,2026-09-08T18:08:56
3164126,لفور,2026-09-26,باز,3800000,,,,2026-09-08T18:08:56
3164126,لفور,2026-09-27,باز,3800000,,,,2026-09-08T18:08:56
3164126,لفور,2026-09-28,باز,3800000,,,,2026-09-08T18:08:56
3164126,لفور,2026-09-29,باز,3800000,,,,2026-09-08T18:08:56
3164126,لفور,2026-09-30,باز,3800000,,,بله,2026-09-08T18:08:56
3164126,لفور,2026-10-01,باز,3800000,,,بله,2026-09-08T18:08:56
3164126,لفور,2026-10-02,باز,3800000,,,,2026-09-08T18:08:56
3164126,لفور,2026-10-03,باز,3800000,,,,2026-09-08T18:08:56
3164126,لفور,2026-10-04,باز,3800000,,,,2026-09-08T18:08:56
3164126,لفور,2026-10-05,باز,3800000,,,,2026-09-08T18:08:56
3164126,لفور,2026-10-06,باز,3800000,,,,2026-09-08T18:08:56
3164126,لفور,2026-10-07,باز,3800000,,,بله,2026-09-08T18:08:56
3164126,لفور,2026-10-08,باز,3800000,,,بله,2026-09-08T18:08:56
3164138,لفور,2026-09-08,بسته (مشاهده‌شده - دلیل نامشخص),3000000,,,,2026-09-08T18:08:58
3164138,لفور,2026-09-09,بسته (مشاهده‌شده - دلیل نامشخص),3000000,,,بله,2026-09-08T18:08:58
3164138,لفور,2026-09-10,بسته (مشاهده‌شده - دلیل نامشخص),3000000,,,بله,2026-09-08T18:08:58
3164138,لفور,2026-09-11,باز,3000000,,,,2026-09-08T18:08:58
3164138,لفور,2026-09-12,باز,3000000,,,,2026-09-08T18:08:58
3164138,لفور,2026-09-13,باز,3000000,,,,2026-09-08T18:08:58
3164138,لفور,2026-09-14,بسته (مشاهده‌شده - دلیل نامشخص),3000000,,,,2026-09-08T18:08:58
3164138,لفور,2026-09-15,بسته (مشاهده‌شده - دلیل نامشخص),3000000,,,,2026-09-08T18:08:58
3164138,لفور,2026-09-16,بسته (مشاهده‌شده - دلیل نامشخص),3000000,,,بله,2026-09-08T18:08:58
3164138,لفور,2026-09-17,بسته (مشاهده‌شده - دلیل نامشخص),3000000,,,بله,2026-09-08T18:08:58
3164138,لفور,2026-09-18,باز,3000000,,,,2026-09-08T18:08:58
3164138,لفور,2026-09-19,باز,3000000,,,,2026-09-08T18:08:58
3164138,لفور,2026-09-20,باز,3000000,,,,2026-09-08T18:08:58
3164138,لفور,2026-09-21,باز,3000000,,,,2026-09-08T18:08:58
3164138,لفور,2026-09-22,باز,3000000,,,,2026-09-08T18:08:58
3164138,لفور,2026-09-23,باز,3000000,,,بله,2026-09-08T18:08:58
3164138,لفور,2026-09-24,باز,3000000,,,بله,2026-09-08T18:08:58
3164138,لفور,2026-09-25,باز,3000000,,,,2026-09-08T18:08:58
3164138,لفور,2026-09-26,باز,3000000,,,,2026-09-08T18:08:58
3164138,لفور,2026-09-27,باز,3000000,,,,2026-09-08T18:08:58
3164138,لفور,2026-09-28,باز,3000000,,,,2026-09-08T18:08:58
3164138,لفور,2026-09-29,باز,3000000,,,,2026-09-08T18:08:58
3164138,لفور,2026-09-30,باز,3000000,,,بله,2026-09-08T18:08:58
3164138,لفور,2026-10-01,باز,3000000,,,بله,2026-09-08T18:08:58
3164138,لفور,2026-10-02,باز,3000000,,,,2026-09-08T18:08:58
3164138,لفور,2026-10-03,باز,3000000,,,,2026-09-08T18:08:58
3164138,لفور,2026-10-04,باز,3000000,,,,2026-09-08T18:08:58
3164138,لفور,2026-10-05,باز,3000000,,,,2026-09-08T18:08:58
3164138,لفور,2026-10-06,باز,3000000,,,,2026-09-08T18:08:58
3164138,لفور,2026-10-07,باز,3000000,,,بله,2026-09-08T18:08:58
3164138,لفور,2026-10-08,باز,3000000,,,بله,2026-09-08T18:08:58
3164283,مرزیکلا,2026-09-08,باز,2700000,10,,,2026-09-08T18:09:01
3164283,مرزیکلا,2026-09-09,باز,4000000,10,,بله,2026-09-08T18:09:01
3164283,مرزیکلا,2026-09-10,باز,4000000,10,,بله,2026-09-08T18:09:01
3164283,مرزیکلا,2026-09-11,باز,2700000,10,,,2026-09-08T18:09:01
3164283,مرزیکلا,2026-09-12,باز,4000000,10,,,2026-09-08T18:09:01
3164283,مرزیکلا,2026-09-13,باز,4000000,10,,,2026-09-08T18:09:01
3164283,مرزیکلا,2026-09-14,باز,4000000,10,,,2026-09-08T18:09:01
3164283,مرزیکلا,2026-09-15,باز,4000000,10,,,2026-09-08T18:09:01
3164283,مرزیکلا,2026-09-16,باز,4000000,10,,بله,2026-09-08T18:09:01
3164283,مرزیکلا,2026-09-17,باز,4000000,10,,بله,2026-09-08T18:09:01
3164283,مرزیکلا,2026-09-18,باز,4000000,10,,,2026-09-08T18:09:01
3164283,مرزیکلا,2026-09-19,باز,4000000,10,,,2026-09-08T18:09:01
3164283,مرزیکلا,2026-09-20,باز,4000000,10,,,2026-09-08T18:09:01
3164283,مرزیکلا,2026-09-21,باز,4000000,10,,,2026-09-08T18:09:01
3164283,مرزیکلا,2026-09-22,باز,4000000,10,,,2026-09-08T18:09:01
3164283,مرزیکلا,2026-09-23,باز,3700000,10,,بله,2026-09-08T18:09:01
3164283,مرزیکلا,2026-09-24,باز,3700000,10,,بله,2026-09-08T18:09:01
3164283,مرزیکلا,2026-09-25,باز,2800000,10,,,2026-09-08T18:09:01
3164283,مرزیکلا,2026-09-26,باز,2800000,10,,,2026-09-08T18:09:01
3164283,مرزیکلا,2026-09-27,باز,2800000,10,,,2026-09-08T18:09:01
3164283,مرزیکلا,2026-09-28,باز,2800000,10,,,2026-09-08T18:09:01
3164283,مرزیکلا,2026-09-29,باز,2800000,10,,,2026-09-08T18:09:01
3164283,مرزیکلا,2026-09-30,باز,3700000,10,,بله,2026-09-08T18:09:01
3164283,مرزیکلا,2026-10-01,باز,3700000,10,,بله,2026-09-08T18:09:01
3164283,مرزیکلا,2026-10-02,باز,2800000,10,,,2026-09-08T18:09:01
3164283,مرزیکلا,2026-10-03,باز,2800000,10,,,2026-09-08T18:09:01
3164283,مرزیکلا,2026-10-04,باز,2800000,10,,,2026-09-08T18:09:01
3164283,مرزیکلا,2026-10-05,باز,2800000,10,,,2026-09-08T18:09:01
3164283,مرزیکلا,2026-10-06,باز,2800000,10,,,2026-09-08T18:09:01
3164283,مرزیکلا,2026-10-07,باز,3700000,10,,بله,2026-09-08T18:09:01
3164283,مرزیکلا,2026-10-08,باز,3700000,10,,بله,2026-09-08T18:09:01
3164584,,2026-09-08,بسته (مشاهده‌شده - دلیل نامشخص),2800000,,,,2026-09-08T18:09:04
3164584,,2026-09-09,بسته (مشاهده‌شده - دلیل نامشخص),3000000,,,بله,2026-09-08T18:09:04
3164584,,2026-09-10,بسته (مشاهده‌شده - دلیل نامشخص),3500000,,,بله,2026-09-08T18:09:04
3164584,,2026-09-11,بسته (مشاهده‌شده - دلیل نامشخص),2800000,,,,2026-09-08T18:09:04
3164584,,2026-09-12,بسته (مشاهده‌شده - دلیل نامشخص),2800000,,,,2026-09-08T18:09:04
3164584,,2026-09-13,بسته (مشاهده‌شده - دلیل نامشخص),2800000,,,,2026-09-08T18:09:04
3164584,,2026-09-14,بسته (مشاهده‌شده - دلیل نامشخص),2800000,,,,2026-09-08T18:09:04
3164584,,2026-09-15,بسته (مشاهده‌شده - دلیل نامشخص),2800000,,,,2026-09-08T18:09:04
3164584,,2026-09-16,بسته (مشاهده‌شده - دلیل نامشخص),3000000,,,بله,2026-09-08T18:09:04
3164584,,2026-09-17,بسته (مشاهده‌شده - دلیل نامشخص),3500000,,,بله,2026-09-08T18:09:04
3164584,,2026-09-18,بسته (مشاهده‌شده - دلیل نامشخص),2800000,,,,2026-09-08T18:09:04
3164584,,2026-09-19,باز,2800000,,,,2026-09-08T18:09:04
3164584,,2026-09-20,بسته (مشاهده‌شده - دلیل نامشخص),2800000,,,,2026-09-08T18:09:04
3164584,,2026-09-21,بسته (مشاهده‌شده - دلیل نامشخص),2800000,,,,2026-09-08T18:09:04
3164584,,2026-09-22,باز,2800000,,,,2026-09-08T18:09:04
3164584,,2026-09-23,باز,2800000,,,بله,2026-09-08T18:09:04
3164584,,2026-09-24,بسته (مشاهده‌شده - دلیل نامشخص),3000000,,,بله,2026-09-08T18:09:04
3164584,,2026-09-25,بسته (مشاهده‌شده - دلیل نامشخص),3000000,,,,2026-09-08T18:09:04
3164584,,2026-09-26,باز,2800000,,,,2026-09-08T18:09:04
3164584,,2026-09-27,باز,2800000,,,,2026-09-08T18:09:04
3164584,,2026-09-28,باز,2800000,,,,2026-09-08T18:09:04
3164584,,2026-09-29,بسته (مشاهده‌شده - دلیل نامشخص),2800000,,,,2026-09-08T18:09:04
3164584,,2026-09-30,بسته (مشاهده‌شده - دلیل نامشخص),2800000,,,بله,2026-09-08T18:09:04
3164584,,2026-10-01,بسته (مشاهده‌شده - دلیل نامشخص),3000000,,,بله,2026-09-08T18:09:04
3164584,,2026-10-02,بسته (مشاهده‌شده - دلیل نامشخص),2800000,,,,2026-09-08T18:09:04
3164584,,2026-10-03,باز,2800000,,,,2026-09-08T18:09:04
3164584,,2026-10-04,باز,2800000,,,,2026-09-08T18:09:04
3164584,,2026-10-05,باز,2800000,,,,2026-09-08T18:09:04
3164584,,2026-10-06,باز,2800000,,,,2026-09-08T18:09:04
3164584,,2026-10-07,باز,3000000,,,بله,2026-09-08T18:09:04
3164584,,2026-10-08,باز,3500000,,,بله,2026-09-08T18:09:04
3165107,کاردرکلا,2026-09-08,بسته (مشاهده‌شده - دلیل نامشخص),2000000,,,,2026-09-08T18:09:06
3165107,کاردرکلا,2026-09-09,باز,2500000,,,بله,2026-09-08T18:09:06
3165107,کاردرکلا,2026-09-10,باز,2500000,,,بله,2026-09-08T18:09:06
3165107,کاردرکلا,2026-09-11,باز,2000000,,,,2026-09-08T18:09:06
3165107,کاردرکلا,2026-09-12,باز,2000000,,,,2026-09-08T18:09:06
3165107,کاردرکلا,2026-09-13,باز,2000000,,,,2026-09-08T18:09:06
3165107,کاردرکلا,2026-09-14,باز,2000000,,,,2026-09-08T18:09:06
3165107,کاردرکلا,2026-09-15,باز,2000000,,,,2026-09-08T18:09:06
3165107,کاردرکلا,2026-09-16,باز,2500000,,,بله,2026-09-08T18:09:06
3165107,کاردرکلا,2026-09-17,باز,2500000,,,بله,2026-09-08T18:09:06
3165107,کاردرکلا,2026-09-18,باز,2000000,,,,2026-09-08T18:09:06
3165107,کاردرکلا,2026-09-19,باز,2000000,,,,2026-09-08T18:09:06
3165107,کاردرکلا,2026-09-20,باز,2000000,,,,2026-09-08T18:09:06
3165107,کاردرکلا,2026-09-21,باز,2000000,,,,2026-09-08T18:09:06
3165107,کاردرکلا,2026-09-22,باز,2000000,,,,2026-09-08T18:09:06
3165107,کاردرکلا,2026-09-23,باز,2200000,,,بله,2026-09-08T18:09:06
3165107,کاردرکلا,2026-09-24,باز,2200000,,,بله,2026-09-08T18:09:06
3165107,کاردرکلا,2026-09-25,باز,1700000,,,,2026-09-08T18:09:06
3165107,کاردرکلا,2026-09-26,باز,1700000,,,,2026-09-08T18:09:06
3165107,کاردرکلا,2026-09-27,باز,1700000,,,,2026-09-08T18:09:06
3165107,کاردرکلا,2026-09-28,باز,1700000,,,,2026-09-08T18:09:06
3165107,کاردرکلا,2026-09-29,باز,1700000,,,,2026-09-08T18:09:06
3165107,کاردرکلا,2026-09-30,باز,2200000,,,بله,2026-09-08T18:09:06
3165107,کاردرکلا,2026-10-01,باز,2200000,,,بله,2026-09-08T18:09:06
3165107,کاردرکلا,2026-10-02,باز,1700000,,,,2026-09-08T18:09:06
3165107,کاردرکلا,2026-10-03,باز,1700000,,,,2026-09-08T18:09:06
3165107,کاردرکلا,2026-10-04,باز,1700000,,,,2026-09-08T18:09:06
3165107,کاردرکلا,2026-10-05,باز,1700000,,,,2026-09-08T18:09:06
3165107,کاردرکلا,2026-10-06,باز,1700000,,,,2026-09-08T18:09:06
3165107,کاردرکلا,2026-10-07,باز,2200000,,,بله,2026-09-08T18:09:06
3165107,کاردرکلا,2026-10-08,باز,2200000,,,بله,2026-09-08T18:09:06
3165298,چهره,2026-09-08,باز,2700000,,,,2026-09-08T18:09:09
3165298,چهره,2026-09-09,باز,3000000,,,بله,2026-09-08T18:09:09
3165298,چهره,2026-09-10,بسته (مشاهده‌شده - دلیل نامشخص),3000000,,,بله,2026-09-08T18:09:09
3165298,چهره,2026-09-11,باز,2700000,,,,2026-09-08T18:09:09
3165298,چهره,2026-09-12,باز,2700000,,,,2026-09-08T18:09:09
3165298,چهره,2026-09-13,باز,2700000,,,,2026-09-08T18:09:09
3165298,چهره,2026-09-14,باز,2700000,,,,2026-09-08T18:09:09
3165298,چهره,2026-09-15,باز,2700000,,,,2026-09-08T18:09:09
3165298,چهره,2026-09-16,باز,3000000,,,بله,2026-09-08T18:09:09
3165298,چهره,2026-09-17,بسته (مشاهده‌شده - دلیل نامشخص),3000000,,,بله,2026-09-08T18:09:09
3165298,چهره,2026-09-18,باز,2700000,,,,2026-09-08T18:09:09
3165298,چهره,2026-09-19,باز,2700000,,,,2026-09-08T18:09:09
3165298,چهره,2026-09-20,باز,2700000,,,,2026-09-08T18:09:09
3165298,چهره,2026-09-21,باز,2700000,,,,2026-09-08T18:09:09
3165298,چهره,2026-09-22,باز,2700000,,,,2026-09-08T18:09:09
3165298,چهره,2026-09-23,باز,3000000,,,بله,2026-09-08T18:09:09
3165298,چهره,2026-09-24,باز,3000000,,,بله,2026-09-08T18:09:09
3165298,چهره,2026-09-25,باز,2500000,,,,2026-09-08T18:09:09
3165298,چهره,2026-09-26,باز,2500000,,,,2026-09-08T18:09:09
3165298,چهره,2026-09-27,باز,2500000,,,,2026-09-08T18:09:09
3165298,چهره,2026-09-28,باز,2500000,,,,2026-09-08T18:09:09
3165298,چهره,2026-09-29,باز,2500000,,,,2026-09-08T18:09:09
3165298,چهره,2026-09-30,باز,3000000,,,بله,2026-09-08T18:09:09
3165298,چهره,2026-10-01,باز,3000000,,,بله,2026-09-08T18:09:09
3165298,چهره,2026-10-02,باز,2500000,,,,2026-09-08T18:09:09
3165298,چهره,2026-10-03,باز,2500000,,,,2026-09-08T18:09:09
3165298,چهره,2026-10-04,باز,2500000,,,,2026-09-08T18:09:09
3165298,چهره,2026-10-05,باز,2500000,,,,2026-09-08T18:09:09
3165298,چهره,2026-10-06,باز,2500000,,,,2026-09-08T18:09:09
3165298,چهره,2026-10-07,باز,3000000,,,بله,2026-09-08T18:09:09
3165298,چهره,2026-10-08,باز,3000000,,,بله,2026-09-08T18:09:09
3168158,رئیسکلا,2026-09-08,بسته (مشاهده‌شده - دلیل نامشخص),2000000,,,,2026-09-08T18:09:11
3168158,رئیسکلا,2026-09-09,بسته (مشاهده‌شده - دلیل نامشخص),2500000,,,بله,2026-09-08T18:09:11
3168158,رئیسکلا,2026-09-10,بسته (مشاهده‌شده - دلیل نامشخص),3000000,,,بله,2026-09-08T18:09:11
3168158,رئیسکلا,2026-09-11,باز,2200000,,,,2026-09-08T18:09:11
3168158,رئیسکلا,2026-09-12,باز,2200000,,,,2026-09-08T18:09:11
3168158,رئیسکلا,2026-09-13,باز,2200000,,,,2026-09-08T18:09:11
3168158,رئیسکلا,2026-09-14,باز,2200000,,,,2026-09-08T18:09:11
3168158,رئیسکلا,2026-09-15,باز,2200000,,,,2026-09-08T18:09:11
3168158,رئیسکلا,2026-09-16,باز,2500000,,,بله,2026-09-08T18:09:11
3168158,رئیسکلا,2026-09-17,بسته (مشاهده‌شده - دلیل نامشخص),2500000,,,بله,2026-09-08T18:09:11
3168158,رئیسکلا,2026-09-18,بسته (مشاهده‌شده - دلیل نامشخص),2200000,,,,2026-09-08T18:09:11
3168158,رئیسکلا,2026-09-19,باز,2200000,,,,2026-09-08T18:09:11
3168158,رئیسکلا,2026-09-20,باز,2200000,,,,2026-09-08T18:09:11
3168158,رئیسکلا,2026-09-21,باز,2200000,,,,2026-09-08T18:09:11
3168158,رئیسکلا,2026-09-22,باز,2200000,,,,2026-09-08T18:09:11
3168158,رئیسکلا,2026-09-23,باز,2500000,,,بله,2026-09-08T18:09:11
3168158,رئیسکلا,2026-09-24,باز,2500000,,,بله,2026-09-08T18:09:11
3168158,رئیسکلا,2026-09-25,باز,1750000,,,,2026-09-08T18:09:11
3168158,رئیسکلا,2026-09-26,باز,1750000,,,,2026-09-08T18:09:11
3168158,رئیسکلا,2026-09-27,باز,1750000,,,,2026-09-08T18:09:11
3168158,رئیسکلا,2026-09-28,باز,1750000,,,,2026-09-08T18:09:11
3168158,رئیسکلا,2026-09-29,باز,1750000,,,,2026-09-08T18:09:11
3168158,رئیسکلا,2026-09-30,باز,2500000,,,بله,2026-09-08T18:09:11
3168158,رئیسکلا,2026-10-01,باز,2500000,,,بله,2026-09-08T18:09:11
3168158,رئیسکلا,2026-10-02,باز,1750000,,,,2026-09-08T18:09:11
3168158,رئیسکلا,2026-10-03,باز,1750000,,,,2026-09-08T18:09:11
3168158,رئیسکلا,2026-10-04,باز,1750000,,,,2026-09-08T18:09:11
3168158,رئیسکلا,2026-10-05,باز,1750000,,,,2026-09-08T18:09:11
3168158,رئیسکلا,2026-10-06,باز,1750000,,,,2026-09-08T18:09:11
3168158,رئیسکلا,2026-10-07,باز,2500000,,,بله,2026-09-08T18:09:11
3168158,رئیسکلا,2026-10-08,باز,2500000,,,بله,2026-09-08T18:09:11
3169828,تیرکن,2026-09-08,باز,2200000,,,,2026-09-08T18:10:07
3169828,تیرکن,2026-09-09,باز,2200000,,,بله,2026-09-08T18:10:07
3169828,تیرکن,2026-09-10,باز,2800000,,,بله,2026-09-08T18:10:07
3169828,تیرکن,2026-09-11,باز,2500000,,,,2026-09-08T18:10:07
3169828,تیرکن,2026-09-12,باز,2500000,,,,2026-09-08T18:10:07
3169828,تیرکن,2026-09-13,باز,2500000,,,,2026-09-08T18:10:07
3169828,تیرکن,2026-09-14,باز,2500000,,,,2026-09-08T18:10:07
3169828,تیرکن,2026-09-15,باز,2500000,,,,2026-09-08T18:10:07
3169828,تیرکن,2026-09-16,باز,3300000,,,بله,2026-09-08T18:10:07
3169828,تیرکن,2026-09-17,باز,3300000,,,بله,2026-09-08T18:10:07
3169828,تیرکن,2026-09-18,باز,2500000,,,,2026-09-08T18:10:07
3169828,تیرکن,2026-09-19,باز,2500000,,,,2026-09-08T18:10:07
3169828,تیرکن,2026-09-20,باز,2500000,,,,2026-09-08T18:10:07
3169828,تیرکن,2026-09-21,باز,2500000,,,,2026-09-08T18:10:07
3169828,تیرکن,2026-09-22,باز,2500000,,,,2026-09-08T18:10:07
3169828,تیرکن,2026-09-23,باز,2500000,,,بله,2026-09-08T18:10:07
3169828,تیرکن,2026-09-24,باز,2500000,,,بله,2026-09-08T18:10:07
3169828,تیرکن,2026-09-25,باز,2200000,,,,2026-09-08T18:10:07
3169828,تیرکن,2026-09-26,باز,2200000,,,,2026-09-08T18:10:07
3169828,تیرکن,2026-09-27,باز,2200000,,,,2026-09-08T18:10:07
3169828,تیرکن,2026-09-28,باز,2200000,,,,2026-09-08T18:10:07
3169828,تیرکن,2026-09-29,باز,2200000,,,,2026-09-08T18:10:07
3169828,تیرکن,2026-09-30,باز,2500000,,,بله,2026-09-08T18:10:07
3169828,تیرکن,2026-10-01,باز,2500000,,,بله,2026-09-08T18:10:07
3169828,تیرکن,2026-10-02,باز,2200000,,,,2026-09-08T18:10:07
3169828,تیرکن,2026-10-03,باز,2200000,,,,2026-09-08T18:10:07
3169828,تیرکن,2026-10-04,باز,2200000,,,,2026-09-08T18:10:07
3169828,تیرکن,2026-10-05,باز,2200000,,,,2026-09-08T18:10:07
3169828,تیرکن,2026-10-06,باز,2200000,,,,2026-09-08T18:10:07
3169828,تیرکن,2026-10-07,باز,2500000,,,بله,2026-09-08T18:10:07
3169828,تیرکن,2026-10-08,باز,2500000,,,بله,2026-09-08T18:10:07
3172176,بابلکنار,2026-09-08,بسته (مشاهده‌شده - دلیل نامشخص),3500000,,,,2026-09-08T18:10:10
3172176,بابلکنار,2026-09-09,باز,3500000,,,بله,2026-09-08T18:10:10
3172176,بابلکنار,2026-09-10,بسته (مشاهده‌شده - دلیل نامشخص),4500000,,,بله,2026-09-08T18:10:10
3172176,بابلکنار,2026-09-11,باز,3000000,,,,2026-09-08T18:10:10
3172176,بابلکنار,2026-09-12,باز,3000000,,,,2026-09-08T18:10:10
3172176,بابلکنار,2026-09-13,باز,3500000,,,,2026-09-08T18:10:10
3172176,بابلکنار,2026-09-14,باز,3500000,,,,2026-09-08T18:10:10
3172176,بابلکنار,2026-09-15,باز,3000000,,,,2026-09-08T18:10:10
3172176,بابلکنار,2026-09-16,باز,3500000,,,بله,2026-09-08T18:10:10
3172176,بابلکنار,2026-09-17,باز,4000000,,,بله,2026-09-08T18:10:10
3172176,بابلکنار,2026-09-18,باز,3000000,,,,2026-09-08T18:10:10
3172176,بابلکنار,2026-09-19,باز,3000000,,,,2026-09-08T18:10:10
3172176,بابلکنار,2026-09-20,باز,3000000,,,,2026-09-08T18:10:10
3172176,بابلکنار,2026-09-21,باز,3000000,,,,2026-09-08T18:10:10
3172176,بابلکنار,2026-09-22,باز,3000000,,,,2026-09-08T18:10:10
3172176,بابلکنار,2026-09-23,باز,2700000,,,بله,2026-09-08T18:10:10
3172176,بابلکنار,2026-09-24,باز,2700000,,,بله,2026-09-08T18:10:10
3172176,بابلکنار,2026-09-25,باز,2000000,,,,2026-09-08T18:10:10
3172176,بابلکنار,2026-09-26,باز,2000000,,,,2026-09-08T18:10:10
3172176,بابلکنار,2026-09-27,باز,2000000,,,,2026-09-08T18:10:10
3172176,بابلکنار,2026-09-28,باز,2000000,,,,2026-09-08T18:10:10
3172176,بابلکنار,2026-09-29,باز,2000000,,,,2026-09-08T18:10:10
3172176,بابلکنار,2026-09-30,باز,2700000,,,بله,2026-09-08T18:10:10
3172176,بابلکنار,2026-10-01,باز,2700000,,,بله,2026-09-08T18:10:10
3172176,بابلکنار,2026-10-02,باز,2000000,,,,2026-09-08T18:10:10
3172176,بابلکنار,2026-10-03,باز,2000000,,,,2026-09-08T18:10:10
3172176,بابلکنار,2026-10-04,باز,2000000,,,,2026-09-08T18:10:10
3172176,بابلکنار,2026-10-05,باز,2000000,,,,2026-09-08T18:10:10
3172176,بابلکنار,2026-10-06,باز,2000000,,,,2026-09-08T18:10:10
3172176,بابلکنار,2026-10-07,باز,2700000,,,بله,2026-09-08T18:10:10
3172176,بابلکنار,2026-10-08,باز,2700000,,,بله,2026-09-08T18:10:10
3173430,لفور,2026-09-08,بسته (مشاهده‌شده - دلیل نامشخص),4000000,,,,2026-09-08T18:10:12
3173430,لفور,2026-09-09,بسته (مشاهده‌شده - دلیل نامشخص),4000000,,,بله,2026-09-08T18:10:12
3173430,لفور,2026-09-10,باز,4200000,,,بله,2026-09-08T18:10:12
3173430,لفور,2026-09-11,باز,4200000,,,,2026-09-08T18:10:12
3173430,لفور,2026-09-12,باز,4200000,,,,2026-09-08T18:10:12
3173430,لفور,2026-09-13,باز,4200000,,,,2026-09-08T18:10:12
3173430,لفور,2026-09-14,باز,4200000,,,,2026-09-08T18:10:12
3173430,لفور,2026-09-15,باز,4200000,,,,2026-09-08T18:10:12
3173430,لفور,2026-09-16,باز,4200000,,,بله,2026-09-08T18:10:12
3173430,لفور,2026-09-17,باز,4200000,,,بله,2026-09-08T18:10:12
3173430,لفور,2026-09-18,باز,4200000,,,,2026-09-08T18:10:12
3173430,لفور,2026-09-19,باز,4200000,,,,2026-09-08T18:10:12
3173430,لفور,2026-09-20,باز,4200000,,,,2026-09-08T18:10:12
3173430,لفور,2026-09-21,باز,4200000,,,,2026-09-08T18:10:12
3173430,لفور,2026-09-22,باز,4200000,,,,2026-09-08T18:10:12
3173430,لفور,2026-09-23,باز,3700000,,,بله,2026-09-08T18:10:12
3173430,لفور,2026-09-24,باز,3700000,,,بله,2026-09-08T18:10:12
3173430,لفور,2026-09-25,باز,3700000,,,,2026-09-08T18:10:12
3173430,لفور,2026-09-26,باز,3700000,,,,2026-09-08T18:10:12
3173430,لفور,2026-09-27,باز,3700000,,,,2026-09-08T18:10:12
3173430,لفور,2026-09-28,باز,3700000,,,,2026-09-08T18:10:12
3173430,لفور,2026-09-29,باز,3700000,,,,2026-09-08T18:10:12
3173430,لفور,2026-09-30,باز,3700000,,,بله,2026-09-08T18:10:12
3173430,لفور,2026-10-01,باز,3700000,,,بله,2026-09-08T18:10:12
3173430,لفور,2026-10-02,باز,3700000,,,,2026-09-08T18:10:12
3173430,لفور,2026-10-03,باز,3700000,,,,2026-09-08T18:10:12
3173430,لفور,2026-10-04,باز,3700000,,,,2026-09-08T18:10:12
3173430,لفور,2026-10-05,باز,3700000,,,,2026-09-08T18:10:12
3173430,لفور,2026-10-06,باز,3700000,,,,2026-09-08T18:10:12
3173430,لفور,2026-10-07,باز,3700000,,,بله,2026-09-08T18:10:12
3173430,لفور,2026-10-08,باز,3700000,,,بله,2026-09-08T18:10:12
3173539,کاردرکلا,2026-09-08,باز,2000000,,,,2026-09-08T18:10:13
3173539,کاردرکلا,2026-09-09,بسته (مشاهده‌شده - دلیل نامشخص),2500000,,,بله,2026-09-08T18:10:13
3173539,کاردرکلا,2026-09-10,بسته (مشاهده‌شده - دلیل نامشخص),2900000,,,بله,2026-09-08T18:10:13
3173539,کاردرکلا,2026-09-11,باز,2000000,,,,2026-09-08T18:10:13
3173539,کاردرکلا,2026-09-12,باز,2000000,,,,2026-09-08T18:10:13
3173539,کاردرکلا,2026-09-13,باز,2000000,,,,2026-09-08T18:10:13
3173539,کاردرکلا,2026-09-14,باز,2000000,,,,2026-09-08T18:10:13
3173539,کاردرکلا,2026-09-15,باز,2000000,,,,2026-09-08T18:10:13
3173539,کاردرکلا,2026-09-16,باز,2500000,,,بله,2026-09-08T18:10:13
3173539,کاردرکلا,2026-09-17,باز,2900000,,,بله,2026-09-08T18:10:13
3173539,کاردرکلا,2026-09-18,باز,2000000,,,,2026-09-08T18:10:13
3173539,کاردرکلا,2026-09-19,باز,2000000,,,,2026-09-08T18:10:13
3173539,کاردرکلا,2026-09-20,باز,2000000,,,,2026-09-08T18:10:13
3173539,کاردرکلا,2026-09-21,باز,2000000,,,,2026-09-08T18:10:13
3173539,کاردرکلا,2026-09-22,باز,2000000,,,,2026-09-08T18:10:13
3173539,کاردرکلا,2026-09-23,باز,2200000,,,بله,2026-09-08T18:10:13
3173539,کاردرکلا,2026-09-24,باز,2200000,,,بله,2026-09-08T18:10:13
3173539,کاردرکلا,2026-09-25,باز,1700000,,,,2026-09-08T18:10:13
3173539,کاردرکلا,2026-09-26,باز,1700000,,,,2026-09-08T18:10:13
3173539,کاردرکلا,2026-09-27,باز,1700000,,,,2026-09-08T18:10:13
3173539,کاردرکلا,2026-09-28,باز,1700000,,,,2026-09-08T18:10:13
3173539,کاردرکلا,2026-09-29,باز,1700000,,,,2026-09-08T18:10:13
3173539,کاردرکلا,2026-09-30,باز,2200000,,,بله,2026-09-08T18:10:13
3173539,کاردرکلا,2026-10-01,باز,2200000,,,بله,2026-09-08T18:10:13
3173539,کاردرکلا,2026-10-02,باز,1700000,,,,2026-09-08T18:10:13
3173539,کاردرکلا,2026-10-03,باز,1700000,,,,2026-09-08T18:10:13
3173539,کاردرکلا,2026-10-04,باز,1700000,,,,2026-09-08T18:10:13
3173539,کاردرکلا,2026-10-05,باز,1700000,,,,2026-09-08T18:10:13
3173539,کاردرکلا,2026-10-06,باز,1700000,,,,2026-09-08T18:10:13
3173539,کاردرکلا,2026-10-07,باز,2200000,,,بله,2026-09-08T18:10:13
3173539,کاردرکلا,2026-10-08,باز,2200000,,,بله,2026-09-08T18:10:13
3174191,بابلکنار,2026-09-08,بسته (مشاهده‌شده - دلیل نامشخص),2700000,,,,2026-09-08T18:10:39
3174191,بابلکنار,2026-09-09,بسته (مشاهده‌شده - دلیل نامشخص),2500000,,,بله,2026-09-08T18:10:39
3174191,بابلکنار,2026-09-10,بسته (مشاهده‌شده - دلیل نامشخص),4800000,,,بله,2026-09-08T18:10:39
3174191,بابلکنار,2026-09-11,باز,3200000,,,,2026-09-08T18:10:39
3174191,بابلکنار,2026-09-12,باز,3200000,,,,2026-09-08T18:10:39
3174191,بابلکنار,2026-09-13,بسته (مشاهده‌شده - دلیل نامشخص),3200000,,,,2026-09-08T18:10:39
3174191,بابلکنار,2026-09-14,باز,3200000,,,,2026-09-08T18:10:39
3174191,بابلکنار,2026-09-15,باز,3200000,,,,2026-09-08T18:10:39
3174191,بابلکنار,2026-09-16,باز,3200000,,,بله,2026-09-08T18:10:39
3174191,بابلکنار,2026-09-17,باز,4800000,,,بله,2026-09-08T18:10:39
3174191,بابلکنار,2026-09-18,باز,3200000,,,,2026-09-08T18:10:39
3174191,بابلکنار,2026-09-19,باز,3200000,,,,2026-09-08T18:10:39
3174191,بابلکنار,2026-09-20,باز,3200000,,,,2026-09-08T18:10:39
3174191,بابلکنار,2026-09-21,باز,3200000,,,,2026-09-08T18:10:39
3174191,بابلکنار,2026-09-22,باز,3200000,,,,2026-09-08T18:10:39
3174191,بابلکنار,2026-09-23,بسته (مشاهده‌شده - دلیل نامشخص),2300000,,,بله,2026-09-08T18:10:39
3174191,بابلکنار,2026-09-24,باز,3900000,,,بله,2026-09-08T18:10:39
3174191,بابلکنار,2026-09-25,باز,2400000,,,,2026-09-08T18:10:39
3174191,بابلکنار,2026-09-26,باز,2400000,,,,2026-09-08T18:10:39
3174191,بابلکنار,2026-09-27,باز,2400000,,,,2026-09-08T18:10:39
3174191,بابلکنار,2026-09-28,باز,2400000,,,,2026-09-08T18:10:39
3174191,بابلکنار,2026-09-29,باز,2400000,,,,2026-09-08T18:10:39
3174191,بابلکنار,2026-09-30,باز,2400000,,,بله,2026-09-08T18:10:39
3174191,بابلکنار,2026-10-01,باز,3900000,,,بله,2026-09-08T18:10:39
3174191,بابلکنار,2026-10-02,باز,2400000,,,,2026-09-08T18:10:39
3174191,بابلکنار,2026-10-03,باز,2400000,,,,2026-09-08T18:10:39
3174191,بابلکنار,2026-10-04,باز,2400000,,,,2026-09-08T18:10:39
3174191,بابلکنار,2026-10-05,باز,2400000,,,,2026-09-08T18:10:39
3174191,بابلکنار,2026-10-06,باز,2400000,,,,2026-09-08T18:10:39
3174191,بابلکنار,2026-10-07,باز,2400000,,,بله,2026-09-08T18:10:39
3174191,بابلکنار,2026-10-08,باز,3900000,,,بله,2026-09-08T18:10:39
3174226,مرزیکلا,2026-09-08,باز,2500000,,,,2026-09-08T18:10:40
3174226,مرزیکلا,2026-09-09,بسته (مشاهده‌شده - دلیل نامشخص),3300000,,,بله,2026-09-08T18:10:40
3174226,مرزیکلا,2026-09-10,بسته (مشاهده‌شده - دلیل نامشخص),4500000,,,بله,2026-09-08T18:10:40
3174226,مرزیکلا,2026-09-11,باز,3300000,,,,2026-09-08T18:10:40
3174226,مرزیکلا,2026-09-12,باز,3300000,,,,2026-09-08T18:10:40
3174226,مرزیکلا,2026-09-13,بسته (مشاهده‌شده - دلیل نامشخص),3300000,,,,2026-09-08T18:10:40
3174226,مرزیکلا,2026-09-14,باز,3300000,,,,2026-09-08T18:10:40
3174226,مرزیکلا,2026-09-15,باز,3300000,,,,2026-09-08T18:10:40
3174226,مرزیکلا,2026-09-16,باز,3500000,,,بله,2026-09-08T18:10:40
3174226,مرزیکلا,2026-09-17,باز,4900000,,,بله,2026-09-08T18:10:40
3174226,مرزیکلا,2026-09-18,باز,3300000,,,,2026-09-08T18:10:40
3174226,مرزیکلا,2026-09-19,باز,3300000,,,,2026-09-08T18:10:40
3174226,مرزیکلا,2026-09-20,باز,3300000,,,,2026-09-08T18:10:40
3174226,مرزیکلا,2026-09-21,باز,3300000,,,,2026-09-08T18:10:40
3174226,مرزیکلا,2026-09-22,باز,3300000,,,,2026-09-08T18:10:40
3174226,مرزیکلا,2026-09-23,بسته (مشاهده‌شده - دلیل نامشخص),2200000,,,بله,2026-09-08T18:10:40
3174226,مرزیکلا,2026-09-24,باز,3900000,,,بله,2026-09-08T18:10:40
3174226,مرزیکلا,2026-09-25,باز,2400000,,,,2026-09-08T18:10:40
3174226,مرزیکلا,2026-09-26,باز,2400000,,,,2026-09-08T18:10:40
3174226,مرزیکلا,2026-09-27,باز,2400000,,,,2026-09-08T18:10:40
3174226,مرزیکلا,2026-09-28,باز,2400000,,,,2026-09-08T18:10:40
3174226,مرزیکلا,2026-09-29,باز,2400000,,,,2026-09-08T18:10:40
3174226,مرزیکلا,2026-09-30,باز,2400000,,,بله,2026-09-08T18:10:40
3174226,مرزیکلا,2026-10-01,باز,3900000,,,بله,2026-09-08T18:10:40
3174226,مرزیکلا,2026-10-02,باز,2400000,,,,2026-09-08T18:10:40
3174226,مرزیکلا,2026-10-03,باز,2400000,,,,2026-09-08T18:10:40
3174226,مرزیکلا,2026-10-04,باز,2400000,,,,2026-09-08T18:10:40
3174226,مرزیکلا,2026-10-05,باز,2400000,,,,2026-09-08T18:10:40
3174226,مرزیکلا,2026-10-06,باز,2400000,,,,2026-09-08T18:10:40
3174226,مرزیکلا,2026-10-07,باز,2400000,,,بله,2026-09-08T18:10:40
3174226,مرزیکلا,2026-10-08,باز,3900000,,,بله,2026-09-08T18:10:40
3174812,چهره,2026-09-08,بسته (مشاهده‌شده - دلیل نامشخص),2500000,,,,2026-09-08T18:10:43
3174812,چهره,2026-09-09,بسته (مشاهده‌شده - دلیل نامشخص),2800000,,,بله,2026-09-08T18:10:43
3174812,چهره,2026-09-10,بسته (مشاهده‌شده - دلیل نامشخص),3800000,,,بله,2026-09-08T18:10:43
3174812,چهره,2026-09-11,بسته (مشاهده‌شده - دلیل نامشخص),2500000,,,,2026-09-08T18:10:43
3174812,چهره,2026-09-12,بسته (مشاهده‌شده - دلیل نامشخص),2500000,,,,2026-09-08T18:10:43
3174812,چهره,2026-09-13,بسته (مشاهده‌شده - دلیل نامشخص),2500000,,,,2026-09-08T18:10:43
3174812,چهره,2026-09-14,بسته (مشاهده‌شده - دلیل نامشخص),2500000,,,,2026-09-08T18:10:43
3174812,چهره,2026-09-15,بسته (مشاهده‌شده - دلیل نامشخص),2500000,,,,2026-09-08T18:10:43
3174812,چهره,2026-09-16,بسته (مشاهده‌شده - دلیل نامشخص),2800000,,,بله,2026-09-08T18:10:43
3174812,چهره,2026-09-17,بسته (مشاهده‌شده - دلیل نامشخص),3800000,,,بله,2026-09-08T18:10:43
3174812,چهره,2026-09-18,بسته (مشاهده‌شده - دلیل نامشخص),2500000,,,,2026-09-08T18:10:43
3174812,چهره,2026-09-19,بسته (مشاهده‌شده - دلیل نامشخص),2500000,,,,2026-09-08T18:10:43
3174812,چهره,2026-09-20,بسته (مشاهده‌شده - دلیل نامشخص),2500000,,,,2026-09-08T18:10:43
3174812,چهره,2026-09-21,بسته (مشاهده‌شده - دلیل نامشخص),1700000,,,,2026-09-08T18:10:43
3174812,چهره,2026-09-22,بسته (مشاهده‌شده - دلیل نامشخص),2500000,,,,2026-09-08T18:10:43
3174812,چهره,2026-09-23,باز,1200000,,,بله,2026-09-08T18:10:43
3174812,چهره,2026-09-24,باز,1200000,,,بله,2026-09-08T18:10:43
3174812,چهره,2026-09-25,باز,1200000,,,,2026-09-08T18:10:43
3174812,چهره,2026-09-26,باز,1200000,,,,2026-09-08T18:10:43
3174812,چهره,2026-09-27,باز,1200000,,,,2026-09-08T18:10:43
3174812,چهره,2026-09-28,باز,1200000,,,,2026-09-08T18:10:43
3174812,چهره,2026-09-29,باز,1200000,,,,2026-09-08T18:10:43
3174812,چهره,2026-09-30,باز,1200000,,,بله,2026-09-08T18:10:43
3174812,چهره,2026-10-01,باز,1200000,,,بله,2026-09-08T18:10:43
3174812,چهره,2026-10-02,باز,1200000,,,,2026-09-08T18:10:43
3174812,چهره,2026-10-03,باز,1200000,,,,2026-09-08T18:10:43
3174812,چهره,2026-10-04,باز,1200000,,,,2026-09-08T18:10:43
3174812,چهره,2026-10-05,باز,1200000,,,,2026-09-08T18:10:43
3174812,چهره,2026-10-06,باز,1200000,,,,2026-09-08T18:10:43
3174812,چهره,2026-10-07,باز,1200000,,,بله,2026-09-08T18:10:43
3174812,چهره,2026-10-08,باز,1200000,,,بله,2026-09-08T18:10:43
3176224,شیردارکلا,2026-09-08,بسته (مشاهده‌شده - دلیل نامشخص),12800000,,,,2026-09-08T18:10:45
3176224,شیردارکلا,2026-09-09,باز,10920000,,,بله,2026-09-08T18:10:45
3176224,شیردارکلا,2026-09-10,باز,12800000,,,بله,2026-09-08T18:10:45
3176224,شیردارکلا,2026-09-11,بسته (مشاهده‌شده - دلیل نامشخص),12800000,,,,2026-09-08T18:10:45
3176224,شیردارکلا,2026-09-12,بسته (مشاهده‌شده - دلیل نامشخص),12800000,,,,2026-09-08T18:10:45
3176224,شیردارکلا,2026-09-13,بسته (مشاهده‌شده - دلیل نامشخص),12800000,,,,2026-09-08T18:10:45
3176224,شیردارکلا,2026-09-14,بسته (مشاهده‌شده - دلیل نامشخص),12800000,,,,2026-09-08T18:10:45
3176224,شیردارکلا,2026-09-15,بسته (مشاهده‌شده - دلیل نامشخص),12800000,,,,2026-09-08T18:10:45
3176224,شیردارکلا,2026-09-16,باز,12800000,,,بله,2026-09-08T18:10:45
3176224,شیردارکلا,2026-09-17,باز,12800000,,,بله,2026-09-08T18:10:45
3176224,شیردارکلا,2026-09-18,باز,12800000,,,,2026-09-08T18:10:45
3176224,شیردارکلا,2026-09-19,باز,11800000,,,,2026-09-08T18:10:45
3176224,شیردارکلا,2026-09-20,باز,11800000,,,,2026-09-08T18:10:45
3176224,شیردارکلا,2026-09-21,باز,11800000,,,,2026-09-08T18:10:45
3176224,شیردارکلا,2026-09-22,باز,11800000,,,,2026-09-08T18:10:45
3176224,شیردارکلا,2026-09-23,باز,6820000,,,بله,2026-09-08T18:10:45
3176224,شیردارکلا,2026-09-24,باز,7980000,,,بله,2026-09-08T18:10:45
3176224,شیردارکلا,2026-09-25,باز,5950000,,,,2026-09-08T18:10:45
3176224,شیردارکلا,2026-09-26,باز,5950000,,,,2026-09-08T18:10:45
3176224,شیردارکلا,2026-09-27,باز,5950000,,,,2026-09-08T18:10:45
3176224,شیردارکلا,2026-09-28,باز,5950000,,,,2026-09-08T18:10:45
3176224,شیردارکلا,2026-09-29,باز,5950000,,,,2026-09-08T18:10:45
3176224,شیردارکلا,2026-09-30,بسته (مشاهده‌شده - دلیل نامشخص),6820000,,,بله,2026-09-08T18:10:45
3176224,شیردارکلا,2026-10-01,بسته (مشاهده‌شده - دلیل نامشخص),7980000,,,بله,2026-09-08T18:10:45
3176224,شیردارکلا,2026-10-02,باز,5950000,,,,2026-09-08T18:10:45
3176224,شیردارکلا,2026-10-03,باز,5950000,,,,2026-09-08T18:10:45
3176224,شیردارکلا,2026-10-04,باز,5950000,,,,2026-09-08T18:10:45
3176224,شیردارکلا,2026-10-05,باز,5950000,,,,2026-09-08T18:10:45
3176224,شیردارکلا,2026-10-06,باز,5950000,,,,2026-09-08T18:10:45
3176224,شیردارکلا,2026-10-07,باز,6820000,,,بله,2026-09-08T18:10:45
3176224,شیردارکلا,2026-10-08,باز,7980000,,,بله,2026-09-08T18:10:45
3176328,گونه کلا,2026-09-08,بسته (مشاهده‌شده - دلیل نامشخص),2200000,10,,,2026-09-08T18:10:47
3176328,گونه کلا,2026-09-09,بسته (مشاهده‌شده - دلیل نامشخص),3000000,,,بله,2026-09-08T18:10:47
3176328,گونه کلا,2026-09-10,بسته (مشاهده‌شده - دلیل نامشخص),3000000,,,بله,2026-09-08T18:10:47
3176328,گونه کلا,2026-09-11,باز,2200000,,,,2026-09-08T18:10:47
3176328,گونه کلا,2026-09-12,باز,2200000,,,,2026-09-08T18:10:47
3176328,گونه کلا,2026-09-13,باز,2200000,,,,2026-09-08T18:10:47
3176328,گونه کلا,2026-09-14,باز,2200000,,,,2026-09-08T18:10:47
3176328,گونه کلا,2026-09-15,باز,2200000,,,,2026-09-08T18:10:47
3176328,گونه کلا,2026-09-16,باز,3000000,,,بله,2026-09-08T18:10:47
3176328,گونه کلا,2026-09-17,باز,3000000,,,بله,2026-09-08T18:10:47
3176328,گونه کلا,2026-09-18,باز,2200000,,,,2026-09-08T18:10:47
3176328,گونه کلا,2026-09-19,باز,2200000,,,,2026-09-08T18:10:47
3176328,گونه کلا,2026-09-20,باز,2200000,,,,2026-09-08T18:10:47
3176328,گونه کلا,2026-09-21,باز,2200000,,,,2026-09-08T18:10:47
3176328,گونه کلا,2026-09-22,باز,2200000,,,,2026-09-08T18:10:47
3176328,گونه کلا,2026-09-23,باز,2990000,,,بله,2026-09-08T18:10:47
3176328,گونه کلا,2026-09-24,باز,2990000,,,بله,2026-09-08T18:10:47
3176328,گونه کلا,2026-09-25,باز,2000000,,,,2026-09-08T18:10:47
3176328,گونه کلا,2026-09-26,باز,2000000,,,,2026-09-08T18:10:47
3176328,گونه کلا,2026-09-27,باز,2000000,,,,2026-09-08T18:10:47
3176328,گونه کلا,2026-09-28,باز,2000000,,,,2026-09-08T18:10:47
3176328,گونه کلا,2026-09-29,باز,2000000,,,,2026-09-08T18:10:47
3176328,گونه کلا,2026-09-30,باز,2990000,,,بله,2026-09-08T18:10:47
3176328,گونه کلا,2026-10-01,باز,2990000,,,بله,2026-09-08T18:10:47
3176328,گونه کلا,2026-10-02,باز,2000000,,,,2026-09-08T18:10:47
3176328,گونه کلا,2026-10-03,باز,2000000,,,,2026-09-08T18:10:47
3176328,گونه کلا,2026-10-04,باز,2000000,,,,2026-09-08T18:10:47
3176328,گونه کلا,2026-10-05,باز,2000000,,,,2026-09-08T18:10:47
3176328,گونه کلا,2026-10-06,باز,2000000,,,,2026-09-08T18:10:47
3176328,گونه کلا,2026-10-07,باز,2990000,,,بله,2026-09-08T18:10:47
3176328,گونه کلا,2026-10-08,باز,2990000,,,بله,2026-09-08T18:10:47
3176580,چهره,2026-09-08,بسته (مشاهده‌شده - دلیل نامشخص),3620000,,,,2026-09-08T18:11:13
3176580,چهره,2026-09-09,بسته (مشاهده‌شده - دلیل نامشخص),4050000,,,بله,2026-09-08T18:11:13
3176580,چهره,2026-09-10,بسته (مشاهده‌شده - دلیل نامشخص),4050000,,,بله,2026-09-08T18:11:13
3176580,چهره,2026-09-11,بسته (مشاهده‌شده - دلیل نامشخص),3620000,,,,2026-09-08T18:11:13
3176580,چهره,2026-09-12,باز,3620000,,,,2026-09-08T18:11:13
3176580,چهره,2026-09-13,باز,3620000,,,,2026-09-08T18:11:13
3176580,چهره,2026-09-14,باز,3620000,,,,2026-09-08T18:11:13
3176580,چهره,2026-09-15,باز,3620000,,,,2026-09-08T18:11:13
3176580,چهره,2026-09-16,باز,4050000,,,بله,2026-09-08T18:11:13
3176580,چهره,2026-09-17,باز,4050000,,,بله,2026-09-08T18:11:13
3176580,چهره,2026-09-18,باز,3620000,,,,2026-09-08T18:11:13
3176580,چهره,2026-09-19,باز,3620000,,,,2026-09-08T18:11:13
3176580,چهره,2026-09-20,باز,3620000,,,,2026-09-08T18:11:13
3176580,چهره,2026-09-21,باز,3620000,,,,2026-09-08T18:11:13
3176580,چهره,2026-09-22,باز,3620000,,,,2026-09-08T18:11:13
3176580,چهره,2026-09-23,باز,2930000,,,بله,2026-09-08T18:11:13
3176580,چهره,2026-09-24,باز,2930000,,,بله,2026-09-08T18:11:13
3176580,چهره,2026-09-25,باز,2300000,,,,2026-09-08T18:11:13
3176580,چهره,2026-09-26,باز,2300000,,,,2026-09-08T18:11:13
3176580,چهره,2026-09-27,باز,2300000,,,,2026-09-08T18:11:13
3176580,چهره,2026-09-28,باز,2300000,,,,2026-09-08T18:11:13
3176580,چهره,2026-09-29,باز,2300000,,,,2026-09-08T18:11:13
3176580,چهره,2026-09-30,باز,2930000,,,بله,2026-09-08T18:11:13
3176580,چهره,2026-10-01,باز,2930000,,,بله,2026-09-08T18:11:13
3176580,چهره,2026-10-02,باز,2300000,,,,2026-09-08T18:11:13
3176580,چهره,2026-10-03,باز,2300000,,,,2026-09-08T18:11:13
3176580,چهره,2026-10-04,باز,2300000,,,,2026-09-08T18:11:13
3176580,چهره,2026-10-05,باز,2300000,,,,2026-09-08T18:11:13
3176580,چهره,2026-10-06,باز,2300000,,,,2026-09-08T18:11:13
3176580,چهره,2026-10-07,باز,2930000,,,بله,2026-09-08T18:11:13
3176580,چهره,2026-10-08,باز,2930000,,,بله,2026-09-08T18:11:13
3177124,لفور,2026-09-08,بسته (مشاهده‌شده - دلیل نامشخص),6950000,,,,2026-09-08T18:11:15
3177124,لفور,2026-09-09,بسته (مشاهده‌شده - دلیل نامشخص),7950000,,,بله,2026-09-08T18:11:15
3177124,لفور,2026-09-10,بسته (مشاهده‌شده - دلیل نامشخص),7950000,,,بله,2026-09-08T18:11:15
3177124,لفور,2026-09-11,باز,6950000,,,,2026-09-08T18:11:15
3177124,لفور,2026-09-12,بسته (مشاهده‌شده - دلیل نامشخص),6950000,,,,2026-09-08T18:11:15
3177124,لفور,2026-09-13,بسته (مشاهده‌شده - دلیل نامشخص),6950000,,,,2026-09-08T18:11:15
3177124,لفور,2026-09-14,باز,6950000,,,,2026-09-08T18:11:15
3177124,لفور,2026-09-15,باز,6950000,,,,2026-09-08T18:11:15
3177124,لفور,2026-09-16,باز,7950000,,,بله,2026-09-08T18:11:15
3177124,لفور,2026-09-17,بسته (مشاهده‌شده - دلیل نامشخص),7950000,,,بله,2026-09-08T18:11:15
3177124,لفور,2026-09-18,بسته (مشاهده‌شده - دلیل نامشخص),6950000,,,,2026-09-08T18:11:15
3177124,لفور,2026-09-19,باز,6950000,,,,2026-09-08T18:11:15
3177124,لفور,2026-09-20,باز,6950000,,,,2026-09-08T18:11:15
3177124,لفور,2026-09-21,باز,6950000,,,,2026-09-08T18:11:15
3177124,لفور,2026-09-22,باز,6950000,,,,2026-09-08T18:11:15
3177124,لفور,2026-09-23,باز,7950000,,,بله,2026-09-08T18:11:15
3177124,لفور,2026-09-24,بسته (مشاهده‌شده - دلیل نامشخص),7950000,,,بله,2026-09-08T18:11:15
3177124,لفور,2026-09-25,بسته (مشاهده‌شده - دلیل نامشخص),5950000,,,,2026-09-08T18:11:15
3177124,لفور,2026-09-26,باز,5950000,,,,2026-09-08T18:11:15
3177124,لفور,2026-09-27,باز,5950000,,,,2026-09-08T18:11:15
3177124,لفور,2026-09-28,باز,5950000,,,,2026-09-08T18:11:15
3177124,لفور,2026-09-29,باز,5950000,,,,2026-09-08T18:11:15
3177124,لفور,2026-09-30,باز,7950000,,,بله,2026-09-08T18:11:15
3177124,لفور,2026-10-01,باز,7950000,,,بله,2026-09-08T18:11:15
3177124,لفور,2026-10-02,باز,5950000,,,,2026-09-08T18:11:15
3177124,لفور,2026-10-03,بسته (مشاهده‌شده - دلیل نامشخص),5950000,,,,2026-09-08T18:11:15
3177124,لفور,2026-10-04,بسته (مشاهده‌شده - دلیل نامشخص),5950000,,,,2026-09-08T18:11:15
3177124,لفور,2026-10-05,بسته (مشاهده‌شده - دلیل نامشخص),5950000,,,,2026-09-08T18:11:15
3177124,لفور,2026-10-06,بسته (مشاهده‌شده - دلیل نامشخص),5950000,,,,2026-09-08T18:11:15
3177124,لفور,2026-10-07,بسته (مشاهده‌شده - دلیل نامشخص),7950000,,,بله,2026-09-08T18:11:15
3177124,لفور,2026-10-08,بسته (مشاهده‌شده - دلیل نامشخص),7950000,,,بله,2026-09-08T18:11:15
3177174,لفور,2026-09-08,بسته (مشاهده‌شده - دلیل نامشخص),6950000,,,,2026-09-08T18:11:18
3177174,لفور,2026-09-09,بسته (مشاهده‌شده - دلیل نامشخص),7950000,,,بله,2026-09-08T18:11:18
3177174,لفور,2026-09-10,بسته (مشاهده‌شده - دلیل نامشخص),7950000,,,بله,2026-09-08T18:11:18
3177174,لفور,2026-09-11,بسته (مشاهده‌شده - دلیل نامشخص),6950000,,,,2026-09-08T18:11:18
3177174,لفور,2026-09-12,بسته (مشاهده‌شده - دلیل نامشخص),6950000,,,,2026-09-08T18:11:18
3177174,لفور,2026-09-13,باز,6950000,,,,2026-09-08T18:11:18
3177174,لفور,2026-09-14,بسته (مشاهده‌شده - دلیل نامشخص),6950000,,,,2026-09-08T18:11:18
3177174,لفور,2026-09-15,بسته (مشاهده‌شده - دلیل نامشخص),6950000,,,,2026-09-08T18:11:18
3177174,لفور,2026-09-16,بسته (مشاهده‌شده - دلیل نامشخص),7950000,,,بله,2026-09-08T18:11:18
3177174,لفور,2026-09-17,بسته (مشاهده‌شده - دلیل نامشخص),7950000,,,بله,2026-09-08T18:11:18
3177174,لفور,2026-09-18,باز,6950000,,,,2026-09-08T18:11:18
3177174,لفور,2026-09-19,باز,6950000,,,,2026-09-08T18:11:18
3177174,لفور,2026-09-20,باز,6950000,,,,2026-09-08T18:11:18
3177174,لفور,2026-09-21,باز,6950000,,,,2026-09-08T18:11:18
3177174,لفور,2026-09-22,باز,6950000,,,,2026-09-08T18:11:18
3177174,لفور,2026-09-23,باز,7950000,,,بله,2026-09-08T18:11:18
3177174,لفور,2026-09-24,باز,7950000,,,بله,2026-09-08T18:11:18
3177174,لفور,2026-09-25,باز,5950000,,,,2026-09-08T18:11:18
3177174,لفور,2026-09-26,باز,5950000,,,,2026-09-08T18:11:18
3177174,لفور,2026-09-27,باز,5950000,,,,2026-09-08T18:11:18
3177174,لفور,2026-09-28,باز,5950000,,,,2026-09-08T18:11:18
3177174,لفور,2026-09-29,باز,5950000,,,,2026-09-08T18:11:18
3177174,لفور,2026-09-30,باز,7950000,,,بله,2026-09-08T18:11:18
3177174,لفور,2026-10-01,باز,7950000,,,بله,2026-09-08T18:11:18
3177174,لفور,2026-10-02,باز,5950000,,,,2026-09-08T18:11:18
3177174,لفور,2026-10-03,بسته (مشاهده‌شده - دلیل نامشخص),5950000,,,,2026-09-08T18:11:18
3177174,لفور,2026-10-04,بسته (مشاهده‌شده - دلیل نامشخص),5950000,,,,2026-09-08T18:11:18
3177174,لفور,2026-10-05,بسته (مشاهده‌شده - دلیل نامشخص),5950000,,,,2026-09-08T18:11:18
3177174,لفور,2026-10-06,بسته (مشاهده‌شده - دلیل نامشخص),5950000,,,,2026-09-08T18:11:18
3177174,لفور,2026-10-07,بسته (مشاهده‌شده - دلیل نامشخص),7950000,,,بله,2026-09-08T18:11:18
3177174,لفور,2026-10-08,بسته (مشاهده‌شده - دلیل نامشخص),7950000,,,بله,2026-09-08T18:11:18
3177175,لفور,2026-09-08,بسته (مشاهده‌شده - دلیل نامشخص),6950000,,,,2026-09-08T18:11:20
3177175,لفور,2026-09-09,باز,7950000,,,بله,2026-09-08T18:11:20
3177175,لفور,2026-09-10,بسته (مشاهده‌شده - دلیل نامشخص),7950000,,,بله,2026-09-08T18:11:20
3177175,لفور,2026-09-11,بسته (مشاهده‌شده - دلیل نامشخص),6950000,,,,2026-09-08T18:11:20
3177175,لفور,2026-09-12,بسته (مشاهده‌شده - دلیل نامشخص),6950000,,,,2026-09-08T18:11:20
3177175,لفور,2026-09-13,بسته (مشاهده‌شده - دلیل نامشخص),6950000,,,,2026-09-08T18:11:20
3177175,لفور,2026-09-14,بسته (مشاهده‌شده - دلیل نامشخص),6950000,,,,2026-09-08T18:11:20
3177175,لفور,2026-09-15,بسته (مشاهده‌شده - دلیل نامشخص),6950000,,,,2026-09-08T18:11:20
3177175,لفور,2026-09-16,باز,7950000,,,بله,2026-09-08T18:11:20
3177175,لفور,2026-09-17,بسته (مشاهده‌شده - دلیل نامشخص),7950000,,,بله,2026-09-08T18:11:20
3177175,لفور,2026-09-18,بسته (مشاهده‌شده - دلیل نامشخص),6950000,,,,2026-09-08T18:11:20
3177175,لفور,2026-09-19,بسته (مشاهده‌شده - دلیل نامشخص),6950000,,,,2026-09-08T18:11:20
3177175,لفور,2026-09-20,بسته (مشاهده‌شده - دلیل نامشخص),6950000,,,,2026-09-08T18:11:20
3177175,لفور,2026-09-21,باز,6950000,,,,2026-09-08T18:11:20
3177175,لفور,2026-09-22,باز,6950000,,,,2026-09-08T18:11:20
3177175,لفور,2026-09-23,باز,7950000,,,بله,2026-09-08T18:11:20
3177175,لفور,2026-09-24,بسته (مشاهده‌شده - دلیل نامشخص),7950000,,,بله,2026-09-08T18:11:20
3177175,لفور,2026-09-25,بسته (مشاهده‌شده - دلیل نامشخص),5950000,,,,2026-09-08T18:11:20
3177175,لفور,2026-09-26,بسته (مشاهده‌شده - دلیل نامشخص),5950000,,,,2026-09-08T18:11:20
3177175,لفور,2026-09-27,بسته (مشاهده‌شده - دلیل نامشخص),5950000,,,,2026-09-08T18:11:20
3177175,لفور,2026-09-28,بسته (مشاهده‌شده - دلیل نامشخص),5950000,,,,2026-09-08T18:11:20
3177175,لفور,2026-09-29,بسته (مشاهده‌شده - دلیل نامشخص),5950000,,,,2026-09-08T18:11:20
3177175,لفور,2026-09-30,باز,7950000,,,بله,2026-09-08T18:11:20
3177175,لفور,2026-10-01,باز,7950000,,,بله,2026-09-08T18:11:20
3177175,لفور,2026-10-02,باز,5950000,,,,2026-09-08T18:11:20
3177175,لفور,2026-10-03,بسته (مشاهده‌شده - دلیل نامشخص),5950000,,,,2026-09-08T18:11:20
3177175,لفور,2026-10-04,بسته (مشاهده‌شده - دلیل نامشخص),5950000,,,,2026-09-08T18:11:20
3177175,لفور,2026-10-05,بسته (مشاهده‌شده - دلیل نامشخص),5950000,,,,2026-09-08T18:11:20
3177175,لفور,2026-10-06,بسته (مشاهده‌شده - دلیل نامشخص),5950000,,,,2026-09-08T18:11:20
3177175,لفور,2026-10-07,بسته (مشاهده‌شده - دلیل نامشخص),7950000,,,بله,2026-09-08T18:11:20
3177175,لفور,2026-10-08,بسته (مشاهده‌شده - دلیل نامشخص),7950000,,,بله,2026-09-08T18:11:20
3178324,لفور,2026-09-08,بسته (مشاهده‌شده - دلیل نامشخص),5000000,,,,2026-09-08T18:11:24
3178324,لفور,2026-09-09,بسته (مشاهده‌شده - دلیل نامشخص),6000000,,,بله,2026-09-08T18:11:24
3178324,لفور,2026-09-10,بسته (مشاهده‌شده - دلیل نامشخص),8000000,,,بله,2026-09-08T18:11:24
3178324,لفور,2026-09-11,بسته (مشاهده‌شده - دلیل نامشخص),8000000,,,,2026-09-08T18:11:24
3178324,لفور,2026-09-12,بسته (مشاهده‌شده - دلیل نامشخص),7000000,,,,2026-09-08T18:11:24
3178324,لفور,2026-09-13,بسته (مشاهده‌شده - دلیل نامشخص),7000000,,,,2026-09-08T18:11:24
3178324,لفور,2026-09-14,باز,7000000,,,,2026-09-08T18:11:24
3178324,لفور,2026-09-15,باز,7000000,,,,2026-09-08T18:11:24
3178324,لفور,2026-09-16,بسته (مشاهده‌شده - دلیل نامشخص),8000000,,,بله,2026-09-08T18:11:24
3178324,لفور,2026-09-17,بسته (مشاهده‌شده - دلیل نامشخص),8000000,,,بله,2026-09-08T18:11:24
3178324,لفور,2026-09-18,بسته (مشاهده‌شده - دلیل نامشخص),8000000,,,,2026-09-08T18:11:24
3178324,لفور,2026-09-19,باز,7000000,,,,2026-09-08T18:11:24
3178324,لفور,2026-09-20,باز,7000000,,,,2026-09-08T18:11:24
3178324,لفور,2026-09-21,باز,7000000,,,,2026-09-08T18:11:24
3178324,لفور,2026-09-22,باز,7000000,,,,2026-09-08T18:11:24
3178324,لفور,2026-09-23,بسته (مشاهده‌شده - دلیل نامشخص),8000000,,,بله,2026-09-08T18:11:24
3178324,لفور,2026-09-24,بسته (مشاهده‌شده - دلیل نامشخص),8000000,,,بله,2026-09-08T18:11:24
3178324,لفور,2026-09-25,بسته (مشاهده‌شده - دلیل نامشخص),5500000,,,,2026-09-08T18:11:24
3178324,لفور,2026-09-26,باز,6000000,,,,2026-09-08T18:11:24
3178324,لفور,2026-09-27,باز,6000000,,,,2026-09-08T18:11:24
3178324,لفور,2026-09-28,باز,6000000,,,,2026-09-08T18:11:24
3178324,لفور,2026-09-29,باز,6000000,,,,2026-09-08T18:11:24
3178324,لفور,2026-09-30,باز,7000000,,,بله,2026-09-08T18:11:24
3178324,لفور,2026-10-01,باز,7000000,,,بله,2026-09-08T18:11:24
3178324,لفور,2026-10-02,باز,7000000,,,,2026-09-08T18:11:24
3178324,لفور,2026-10-03,باز,6000000,,,,2026-09-08T18:11:24
3178324,لفور,2026-10-04,باز,6000000,,,,2026-09-08T18:11:24
3178324,لفور,2026-10-05,باز,6000000,,,,2026-09-08T18:11:24
3178324,لفور,2026-10-06,باز,6000000,,,,2026-09-08T18:11:24
3178324,لفور,2026-10-07,باز,7000000,,,بله,2026-09-08T18:11:24
3178324,لفور,2026-10-08,باز,7000000,,,بله,2026-09-08T18:11:24
3178842,سیادرکا,2026-09-08,بسته (مشاهده‌شده - دلیل نامشخص),6000000,10,,,2026-09-08T18:11:26
3178842,سیادرکا,2026-09-09,بسته (مشاهده‌شده - دلیل نامشخص),6000000,,,بله,2026-09-08T18:11:26
3178842,سیادرکا,2026-09-10,بسته (مشاهده‌شده - دلیل نامشخص),8500000,,,بله,2026-09-08T18:11:26
3178842,سیادرکا,2026-09-11,بسته (مشاهده‌شده - دلیل نامشخص),6000000,10,,,2026-09-08T18:11:26
3178842,سیادرکا,2026-09-12,بسته (مشاهده‌شده - دلیل نامشخص),6000000,10,,,2026-09-08T18:11:26
3178842,سیادرکا,2026-09-13,باز,6000000,10,,,2026-09-08T18:11:26
3178842,سیادرکا,2026-09-14,بسته (مشاهده‌شده - دلیل نامشخص),6000000,10,,,2026-09-08T18:11:26
3178842,سیادرکا,2026-09-15,بسته (مشاهده‌شده - دلیل نامشخص),6000000,10,,,2026-09-08T18:11:26
3178842,سیادرکا,2026-09-16,بسته (مشاهده‌شده - دلیل نامشخص),5500000,,,بله,2026-09-08T18:11:26
3178842,سیادرکا,2026-09-17,باز,8500000,,,بله,2026-09-08T18:11:26
3178842,سیادرکا,2026-09-18,بسته (مشاهده‌شده - دلیل نامشخص),5500000,,,,2026-09-08T18:11:26
3178842,سیادرکا,2026-09-19,بسته (مشاهده‌شده - دلیل نامشخص),5500000,,,,2026-09-08T18:11:26
3178842,سیادرکا,2026-09-20,باز,5500000,,,,2026-09-08T18:11:26
3178842,سیادرکا,2026-09-21,باز,5500000,,,,2026-09-08T18:11:26
3178842,سیادرکا,2026-09-22,باز,5500000,,,,2026-09-08T18:11:26
3178842,سیادرکا,2026-09-23,باز,5000000,,,بله,2026-09-08T18:11:26
3178842,سیادرکا,2026-09-24,باز,6000000,,,بله,2026-09-08T18:11:26
3178842,سیادرکا,2026-09-25,باز,4000000,,,,2026-09-08T18:11:26
3178842,سیادرکا,2026-09-26,باز,4000000,,,,2026-09-08T18:11:26
3178842,سیادرکا,2026-09-27,باز,4000000,,,,2026-09-08T18:11:26
3178842,سیادرکا,2026-09-28,باز,4000000,,,,2026-09-08T18:11:26
3178842,سیادرکا,2026-09-29,باز,4000000,,,,2026-09-08T18:11:26
3178842,سیادرکا,2026-09-30,باز,5000000,,,بله,2026-09-08T18:11:26
3178842,سیادرکا,2026-10-01,باز,6000000,,,بله,2026-09-08T18:11:26
3178842,سیادرکا,2026-10-02,باز,4000000,,,,2026-09-08T18:11:26
3178842,سیادرکا,2026-10-03,باز,4000000,,,,2026-09-08T18:11:26
3178842,سیادرکا,2026-10-04,باز,4000000,,,,2026-09-08T18:11:26
3178842,سیادرکا,2026-10-05,باز,4000000,,,,2026-09-08T18:11:26
3178842,سیادرکا,2026-10-06,باز,4000000,,,,2026-09-08T18:11:26
3178842,سیادرکا,2026-10-07,باز,5000000,,,بله,2026-09-08T18:11:26
3178842,سیادرکا,2026-10-08,باز,6000000,,,بله,2026-09-08T18:11:26
3178917,شیردارکلا,2026-09-08,بسته (مشاهده‌شده - دلیل نامشخص),10000000,10,,,2026-09-08T18:11:31
3178917,شیردارکلا,2026-09-09,بسته (مشاهده‌شده - دلیل نامشخص),10000000,,,بله,2026-09-08T18:11:31
3178917,شیردارکلا,2026-09-10,بسته (مشاهده‌شده - دلیل نامشخص),10000000,,,بله,2026-09-08T18:11:31
3178917,شیردارکلا,2026-09-11,بسته (مشاهده‌شده - دلیل نامشخص),10000000,,,,2026-09-08T18:11:31
3178917,شیردارکلا,2026-09-12,بسته (مشاهده‌شده - دلیل نامشخص),10000000,,,,2026-09-08T18:11:31
3178917,شیردارکلا,2026-09-13,بسته (مشاهده‌شده - دلیل نامشخص),10000000,,,,2026-09-08T18:11:31
3178917,شیردارکلا,2026-09-14,بسته (مشاهده‌شده - دلیل نامشخص),10000000,,,,2026-09-08T18:11:31
3178917,شیردارکلا,2026-09-15,بسته (مشاهده‌شده - دلیل نامشخص),10000000,,,,2026-09-08T18:11:31
3178917,شیردارکلا,2026-09-16,بسته (مشاهده‌شده - دلیل نامشخص),10000000,,,بله,2026-09-08T18:11:31
3178917,شیردارکلا,2026-09-17,بسته (مشاهده‌شده - دلیل نامشخص),10000000,,,بله,2026-09-08T18:11:31
3178917,شیردارکلا,2026-09-18,بسته (مشاهده‌شده - دلیل نامشخص),10000000,,,,2026-09-08T18:11:31
3178917,شیردارکلا,2026-09-19,بسته (مشاهده‌شده - دلیل نامشخص),10000000,,,,2026-09-08T18:11:31
3178917,شیردارکلا,2026-09-20,بسته (مشاهده‌شده - دلیل نامشخص),10000000,,,,2026-09-08T18:11:31
3178917,شیردارکلا,2026-09-21,بسته (مشاهده‌شده - دلیل نامشخص),10000000,,,,2026-09-08T18:11:31
3178917,شیردارکلا,2026-09-22,باز,10000000,,,,2026-09-08T18:11:31
3178917,شیردارکلا,2026-09-23,باز,10000000,,,بله,2026-09-08T18:11:31
3178917,شیردارکلا,2026-09-24,باز,10000000,,,بله,2026-09-08T18:11:31
3178917,شیردارکلا,2026-09-25,بسته (مشاهده‌شده - دلیل نامشخص),7850000,,,,2026-09-08T18:11:31
3178917,شیردارکلا,2026-09-26,بسته (مشاهده‌شده - دلیل نامشخص),6850000,,,,2026-09-08T18:11:31
3178917,شیردارکلا,2026-09-27,بسته (مشاهده‌شده - دلیل نامشخص),6850000,,,,2026-09-08T18:11:31
3178917,شیردارکلا,2026-09-28,بسته (مشاهده‌شده - دلیل نامشخص),6850000,,,,2026-09-08T18:11:31
3178917,شیردارکلا,2026-09-29,بسته (مشاهده‌شده - دلیل نامشخص),6850000,,,,2026-09-08T18:11:31
3178917,شیردارکلا,2026-09-30,بسته (مشاهده‌شده - دلیل نامشخص),7850000,,,بله,2026-09-08T18:11:31
3178917,شیردارکلا,2026-10-01,بسته (مشاهده‌شده - دلیل نامشخص),8850000,,,بله,2026-09-08T18:11:31
3178917,شیردارکلا,2026-10-02,باز,7850000,,,,2026-09-08T18:11:31
3178917,شیردارکلا,2026-10-03,باز,6850000,,,,2026-09-08T18:11:31
3178917,شیردارکلا,2026-10-04,باز,6850000,,,,2026-09-08T18:11:31
3178917,شیردارکلا,2026-10-05,باز,6850000,,,,2026-09-08T18:11:31
3178917,شیردارکلا,2026-10-06,باز,6850000,,,,2026-09-08T18:11:31
3178917,شیردارکلا,2026-10-07,باز,7850000,,,بله,2026-09-08T18:11:31
3178917,شیردارکلا,2026-10-08,باز,8850000,,,بله,2026-09-08T18:11:31
3179336,سیدکلا,2026-09-08,بسته (مشاهده‌شده - دلیل نامشخص),2500000,,,,2026-09-08T18:11:56
3179336,سیدکلا,2026-09-09,بسته (مشاهده‌شده - دلیل نامشخص),3000000,,,بله,2026-09-08T18:11:56
3179336,سیدکلا,2026-09-10,بسته (مشاهده‌شده - دلیل نامشخص),4000000,,,بله,2026-09-08T18:11:56
3179336,سیدکلا,2026-09-11,بسته (مشاهده‌شده - دلیل نامشخص),2500000,,,,2026-09-08T18:11:56
3179336,سیدکلا,2026-09-12,بسته (مشاهده‌شده - دلیل نامشخص),2500000,,,,2026-09-08T18:11:56
3179336,سیدکلا,2026-09-13,بسته (مشاهده‌شده - دلیل نامشخص),3000000,,,,2026-09-08T18:11:56
3179336,سیدکلا,2026-09-14,بسته (مشاهده‌شده - دلیل نامشخص),2500000,,,,2026-09-08T18:11:56
3179336,سیدکلا,2026-09-15,بسته (مشاهده‌شده - دلیل نامشخص),2500000,,,,2026-09-08T18:11:56
3179336,سیدکلا,2026-09-16,بسته (مشاهده‌شده - دلیل نامشخص),3000000,,,بله,2026-09-08T18:11:56
3179336,سیدکلا,2026-09-17,بسته (مشاهده‌شده - دلیل نامشخص),4000000,,,بله,2026-09-08T18:11:56
3179336,سیدکلا,2026-09-18,بسته (مشاهده‌شده - دلیل نامشخص),3000000,,,,2026-09-08T18:11:56
3179336,سیدکلا,2026-09-19,بسته (مشاهده‌شده - دلیل نامشخص),3000000,,,,2026-09-08T18:11:56
3179336,سیدکلا,2026-09-20,بسته (مشاهده‌شده - دلیل نامشخص),3000000,,,,2026-09-08T18:11:56
3179336,سیدکلا,2026-09-21,بسته (مشاهده‌شده - دلیل نامشخص),3000000,,,,2026-09-08T18:11:56
3179336,سیدکلا,2026-09-22,بسته (مشاهده‌شده - دلیل نامشخص),3000000,,,,2026-09-08T18:11:56
3179336,سیدکلا,2026-09-23,بسته (مشاهده‌شده - دلیل نامشخص),3500000,,,بله,2026-09-08T18:11:56
3179336,سیدکلا,2026-09-24,باز,3500000,,,بله,2026-09-08T18:11:56
3179336,سیدکلا,2026-09-25,باز,2500000,,,,2026-09-08T18:11:56
3179336,سیدکلا,2026-09-26,بسته (مشاهده‌شده - دلیل نامشخص),1500000,,,,2026-09-08T18:11:56
3179336,سیدکلا,2026-09-27,بسته (مشاهده‌شده - دلیل نامشخص),1500000,,,,2026-09-08T18:11:56
3179336,سیدکلا,2026-09-28,بسته (مشاهده‌شده - دلیل نامشخص),1500000,,,,2026-09-08T18:11:56
3179336,سیدکلا,2026-09-29,بسته (مشاهده‌شده - دلیل نامشخص),2000000,,,,2026-09-08T18:11:56
3179336,سیدکلا,2026-09-30,بسته (مشاهده‌شده - دلیل نامشخص),3500000,,,بله,2026-09-08T18:11:56
3179336,سیدکلا,2026-10-01,باز,3500000,,,بله,2026-09-08T18:11:56
3179336,سیدکلا,2026-10-02,بسته (مشاهده‌شده - دلیل نامشخص),2500000,,,,2026-09-08T18:11:56
3179336,سیدکلا,2026-10-03,بسته (مشاهده‌شده - دلیل نامشخص),2500000,,,,2026-09-08T18:11:56
3179336,سیدکلا,2026-10-04,بسته (مشاهده‌شده - دلیل نامشخص),2500000,,,,2026-09-08T18:11:56
3179336,سیدکلا,2026-10-05,بسته (مشاهده‌شده - دلیل نامشخص),2000000,,,,2026-09-08T18:11:56
3179336,سیدکلا,2026-10-06,بسته (مشاهده‌شده - دلیل نامشخص),2000000,,,,2026-09-08T18:11:56
3179336,سیدکلا,2026-10-07,باز,3000000,,,بله,2026-09-08T18:11:56
3179336,سیدکلا,2026-10-08,باز,3500000,,,بله,2026-09-08T18:11:56
3179404,سیدکلا,2026-09-08,باز,2500000,,,,2026-09-08T18:11:57
3179404,سیدکلا,2026-09-09,باز,3500000,,,بله,2026-09-08T18:11:57
3179404,سیدکلا,2026-09-10,باز,5000000,,,بله,2026-09-08T18:11:57
3179404,سیدکلا,2026-09-11,باز,2500000,,,,2026-09-08T18:11:57
3179404,سیدکلا,2026-09-12,باز,2500000,,,,2026-09-08T18:11:57
3179404,سیدکلا,2026-09-13,باز,2500000,,,,2026-09-08T18:11:57
3179404,سیدکلا,2026-09-14,باز,2500000,,,,2026-09-08T18:11:57
3179404,سیدکلا,2026-09-15,باز,2500000,,,,2026-09-08T18:11:57
3179404,سیدکلا,2026-09-16,باز,3500000,,,بله,2026-09-08T18:11:57
3179404,سیدکلا,2026-09-17,باز,5000000,,,بله,2026-09-08T18:11:57
3179404,سیدکلا,2026-09-18,باز,2500000,,,,2026-09-08T18:11:57
3179404,سیدکلا,2026-09-19,باز,2500000,,,,2026-09-08T18:11:57
3179404,سیدکلا,2026-09-20,باز,2500000,,,,2026-09-08T18:11:57
3179404,سیدکلا,2026-09-21,باز,2500000,,,,2026-09-08T18:11:57
3179404,سیدکلا,2026-09-22,باز,2500000,,,,2026-09-08T18:11:57
3179404,سیدکلا,2026-09-23,باز,2800000,,,بله,2026-09-08T18:11:57
3179404,سیدکلا,2026-09-24,باز,2800000,,,بله,2026-09-08T18:11:57
3179404,سیدکلا,2026-09-25,باز,1800000,,,,2026-09-08T18:11:57
3179404,سیدکلا,2026-09-26,باز,1800000,,,,2026-09-08T18:11:57
3179404,سیدکلا,2026-09-27,باز,1800000,,,,2026-09-08T18:11:57
3179404,سیدکلا,2026-09-28,باز,1800000,,,,2026-09-08T18:11:57
3179404,سیدکلا,2026-09-29,باز,1800000,,,,2026-09-08T18:11:57
3179404,سیدکلا,2026-09-30,باز,2800000,,,بله,2026-09-08T18:11:57
3179404,سیدکلا,2026-10-01,باز,2800000,,,بله,2026-09-08T18:11:57
3179404,سیدکلا,2026-10-02,باز,1800000,,,,2026-09-08T18:11:57
3179404,سیدکلا,2026-10-03,باز,1800000,,,,2026-09-08T18:11:57
3179404,سیدکلا,2026-10-04,باز,1800000,,,,2026-09-08T18:11:57
3179404,سیدکلا,2026-10-05,باز,1800000,,,,2026-09-08T18:11:57
3179404,سیدکلا,2026-10-06,باز,1800000,,,,2026-09-08T18:11:57
3179404,سیدکلا,2026-10-07,باز,2800000,,,بله,2026-09-08T18:11:57
3179404,سیدکلا,2026-10-08,باز,2800000,,,بله,2026-09-08T18:11:57
3179485,لفور,2026-09-08,بسته (مشاهده‌شده - دلیل نامشخص),7000000,,,,2026-09-08T18:12:00
3179485,لفور,2026-09-09,بسته (مشاهده‌شده - دلیل نامشخص),8000000,,,بله,2026-09-08T18:12:00
3179485,لفور,2026-09-10,بسته (مشاهده‌شده - دلیل نامشخص),13000000,,,بله,2026-09-08T18:12:00
3179485,لفور,2026-09-11,بسته (مشاهده‌شده - دلیل نامشخص),8000000,,,,2026-09-08T18:12:00
3179485,لفور,2026-09-12,بسته (مشاهده‌شده - دلیل نامشخص),8000000,,,,2026-09-08T18:12:00
3179485,لفور,2026-09-13,بسته (مشاهده‌شده - دلیل نامشخص),8000000,,,,2026-09-08T18:12:00
3179485,لفور,2026-09-14,بسته (مشاهده‌شده - دلیل نامشخص),8000000,,,,2026-09-08T18:12:00
3179485,لفور,2026-09-15,باز,8000000,,,,2026-09-08T18:12:00
3179485,لفور,2026-09-16,بسته (مشاهده‌شده - دلیل نامشخص),6500000,,,بله,2026-09-08T18:12:00
3179485,لفور,2026-09-17,باز,13000000,,,بله,2026-09-08T18:12:00
3179485,لفور,2026-09-18,بسته (مشاهده‌شده - دلیل نامشخص),8000000,,,,2026-09-08T18:12:00
3179485,لفور,2026-09-19,بسته (مشاهده‌شده - دلیل نامشخص),8000000,,,,2026-09-08T18:12:00
3179485,لفور,2026-09-20,باز,8000000,,,,2026-09-08T18:12:00
3179485,لفور,2026-09-21,باز,8000000,,,,2026-09-08T18:12:00
3179485,لفور,2026-09-22,باز,8000000,,,,2026-09-08T18:12:00
3179485,لفور,2026-09-23,باز,12000000,,,بله,2026-09-08T18:12:00
3179485,لفور,2026-09-24,بسته (مشاهده‌شده - دلیل نامشخص),13000000,,,بله,2026-09-08T18:12:00
3179485,لفور,2026-09-25,بسته (مشاهده‌شده - دلیل نامشخص),6000000,,,,2026-09-08T18:12:00
3179485,لفور,2026-09-26,باز,5000000,,,,2026-09-08T18:12:00
3179485,لفور,2026-09-27,باز,5000000,,,,2026-09-08T18:12:00
3179485,لفور,2026-09-28,باز,5000000,,,,2026-09-08T18:12:00
3179485,لفور,2026-09-29,باز,5000000,,,,2026-09-08T18:12:00
3179485,لفور,2026-09-30,باز,6000000,,,بله,2026-09-08T18:12:00
3179485,لفور,2026-10-01,باز,13000000,,,بله,2026-09-08T18:12:00
3179485,لفور,2026-10-02,باز,6000000,,,,2026-09-08T18:12:00
3179485,لفور,2026-10-03,باز,5000000,,,,2026-09-08T18:12:00
3179485,لفور,2026-10-04,باز,5000000,,,,2026-09-08T18:12:00
3179485,لفور,2026-10-05,باز,5000000,,,,2026-09-08T18:12:00
3179485,لفور,2026-10-06,باز,5000000,,,,2026-09-08T18:12:00
3179485,لفور,2026-10-07,باز,6000000,,,بله,2026-09-08T18:12:00
3179485,لفور,2026-10-08,باز,13000000,,,بله,2026-09-08T18:12:00
3180461,بزچفت,2026-09-08,بسته (مشاهده‌شده - دلیل نامشخص),2500000,,,,2026-09-08T18:12:03
3180461,بزچفت,2026-09-09,بسته (مشاهده‌شده - دلیل نامشخص),3500000,,,بله,2026-09-08T18:12:03
3180461,بزچفت,2026-09-10,بسته (مشاهده‌شده - دلیل نامشخص),3500000,,,بله,2026-09-08T18:12:03
3180461,بزچفت,2026-09-11,باز,2500000,,,,2026-09-08T18:12:03
3180461,بزچفت,2026-09-12,باز,2500000,,,,2026-09-08T18:12:03
3180461,بزچفت,2026-09-13,باز,2500000,,,,2026-09-08T18:12:03
3180461,بزچفت,2026-09-14,باز,2500000,,,,2026-09-08T18:12:03
3180461,بزچفت,2026-09-15,باز,2500000,,,,2026-09-08T18:12:03
3180461,بزچفت,2026-09-16,باز,3500000,,,بله,2026-09-08T18:12:03
3180461,بزچفت,2026-09-17,باز,3500000,,,بله,2026-09-08T18:12:03
3180461,بزچفت,2026-09-18,باز,2500000,,,,2026-09-08T18:12:03
3180461,بزچفت,2026-09-19,باز,2500000,,,,2026-09-08T18:12:03
3180461,بزچفت,2026-09-20,باز,2500000,,,,2026-09-08T18:12:03
3180461,بزچفت,2026-09-21,باز,2500000,,,,2026-09-08T18:12:03
3180461,بزچفت,2026-09-22,باز,2500000,,,,2026-09-08T18:12:03
3180461,بزچفت,2026-09-23,باز,2000000,,,بله,2026-09-08T18:12:03
3180461,بزچفت,2026-09-24,باز,2000000,,,بله,2026-09-08T18:12:03
3180461,بزچفت,2026-09-25,باز,1500000,,,,2026-09-08T18:12:03
3180461,بزچفت,2026-09-26,باز,1500000,,,,2026-09-08T18:12:03
3180461,بزچفت,2026-09-27,باز,1500000,,,,2026-09-08T18:12:03
3180461,بزچفت,2026-09-28,باز,1500000,,,,2026-09-08T18:12:03
3180461,بزچفت,2026-09-29,باز,1500000,,,,2026-09-08T18:12:03
3180461,بزچفت,2026-09-30,باز,2000000,,,بله,2026-09-08T18:12:03
3180461,بزچفت,2026-10-01,باز,2000000,,,بله,2026-09-08T18:12:03
3180461,بزچفت,2026-10-02,باز,1500000,,,,2026-09-08T18:12:03
3180461,بزچفت,2026-10-03,باز,1500000,,,,2026-09-08T18:12:03
3180461,بزچفت,2026-10-04,باز,1500000,,,,2026-09-08T18:12:03
3180461,بزچفت,2026-10-05,باز,1500000,,,,2026-09-08T18:12:03
3180461,بزچفت,2026-10-06,باز,1500000,,,,2026-09-08T18:12:03
3180461,بزچفت,2026-10-07,باز,2000000,,,بله,2026-09-08T18:12:03
3180461,بزچفت,2026-10-08,باز,2000000,,,بله,2026-09-08T18:12:03
3180488,لفور,2026-09-08,باز,6450000,10,,,2026-09-08T18:12:09
3180488,لفور,2026-09-09,باز,6450000,10,,بله,2026-09-08T18:12:09
3180488,لفور,2026-09-10,باز,7200000,,,بله,2026-09-08T18:12:09
3180488,لفور,2026-09-11,باز,5985000,,,,2026-09-08T18:12:09
3180488,لفور,2026-09-12,باز,5985000,,,,2026-09-08T18:12:09
3180488,لفور,2026-09-13,باز,5985000,,,,2026-09-08T18:12:09
3180488,لفور,2026-09-14,بسته (مشاهده‌شده - دلیل نامشخص),9500000,,,,2026-09-08T18:12:09
3180488,لفور,2026-09-15,بسته (مشاهده‌شده - دلیل نامشخص),9500000,,,,2026-09-08T18:12:09
3180488,لفور,2026-09-16,باز,9500000,,,بله,2026-09-08T18:12:09
3180488,لفور,2026-09-17,باز,7450000,,,بله,2026-09-08T18:12:09
3180488,لفور,2026-09-18,باز,9500000,,,,2026-09-08T18:12:09
3180488,لفور,2026-09-19,باز,9500000,,,,2026-09-08T18:12:09
3180488,لفور,2026-09-20,باز,9500000,,,,2026-09-08T18:12:09
3180488,لفور,2026-09-21,بسته (مشاهده‌شده - دلیل نامشخص),9500000,,,,2026-09-08T18:12:09
3180488,لفور,2026-09-22,بسته (مشاهده‌شده - دلیل نامشخص),9500000,,,,2026-09-08T18:12:09
3180488,لفور,2026-09-23,باز,4500000,,,بله,2026-09-08T18:12:09
3180488,لفور,2026-09-24,باز,4500000,,,بله,2026-09-08T18:12:09
3180488,لفور,2026-09-25,باز,2350000,,,,2026-09-08T18:12:09
3180488,لفور,2026-09-26,باز,2350000,,,,2026-09-08T18:12:09
3180488,لفور,2026-09-27,باز,2350000,,,,2026-09-08T18:12:09
3180488,لفور,2026-09-28,باز,2350000,,,,2026-09-08T18:12:09
3180488,لفور,2026-09-29,باز,2350000,,,,2026-09-08T18:12:09
3180488,لفور,2026-09-30,باز,4500000,,,بله,2026-09-08T18:12:09
3180488,لفور,2026-10-01,باز,4500000,,,بله,2026-09-08T18:12:09
3180488,لفور,2026-10-02,باز,2350000,,,,2026-09-08T18:12:09
3180488,لفور,2026-10-03,باز,2350000,,,,2026-09-08T18:12:09
3180488,لفور,2026-10-04,باز,2350000,,,,2026-09-08T18:12:09
3180488,لفور,2026-10-05,باز,2350000,,,,2026-09-08T18:12:09
3180488,لفور,2026-10-06,باز,2350000,,,,2026-09-08T18:12:09
3180488,لفور,2026-10-07,باز,4500000,,,بله,2026-09-08T18:12:09
3180488,لفور,2026-10-08,باز,4500000,,,بله,2026-09-08T18:12:09
3180634,بزچفت,2026-09-08,بسته (مشاهده‌شده - دلیل نامشخص),1500000,,,,2026-09-08T18:12:11
3180634,بزچفت,2026-09-09,بسته (مشاهده‌شده - دلیل نامشخص),1750000,,,بله,2026-09-08T18:12:11
3180634,بزچفت,2026-09-10,بسته (مشاهده‌شده - دلیل نامشخص),1750000,,,بله,2026-09-08T18:12:11
3180634,بزچفت,2026-09-11,بسته (مشاهده‌شده - دلیل نامشخص),1500000,,,,2026-09-08T18:12:11
3180634,بزچفت,2026-09-12,بسته (مشاهده‌شده - دلیل نامشخص),1500000,,,,2026-09-08T18:12:11
3180634,بزچفت,2026-09-13,باز,1700000,,,,2026-09-08T18:12:11
3180634,بزچفت,2026-09-14,باز,1500000,,,,2026-09-08T18:12:11
3180634,بزچفت,2026-09-15,باز,1650000,,,,2026-09-08T18:12:11
3180634,بزچفت,2026-09-16,بسته (مشاهده‌شده - دلیل نامشخص),1750000,,,بله,2026-09-08T18:12:11
3180634,بزچفت,2026-09-17,بسته (مشاهده‌شده - دلیل نامشخص),1750000,,,بله,2026-09-08T18:12:11
3180634,بزچفت,2026-09-18,باز,1650000,,,,2026-09-08T18:12:11
3180634,بزچفت,2026-09-19,باز,1700000,,,,2026-09-08T18:12:11
3180634,بزچفت,2026-09-20,باز,1500000,,,,2026-09-08T18:12:11
3180634,بزچفت,2026-09-21,باز,1500000,,,,2026-09-08T18:12:11
3180634,بزچفت,2026-09-22,باز,1700000,,,,2026-09-08T18:12:11
3180634,بزچفت,2026-09-23,باز,1700000,,,بله,2026-09-08T18:12:11
3180634,بزچفت,2026-09-24,باز,1700000,,,بله,2026-09-08T18:12:11
3180634,بزچفت,2026-09-25,باز,1500000,,,,2026-09-08T18:12:11
3180634,بزچفت,2026-09-26,باز,1500000,,,,2026-09-08T18:12:11
3180634,بزچفت,2026-09-27,باز,1500000,,,,2026-09-08T18:12:11
3180634,بزچفت,2026-09-28,باز,1700000,,,,2026-09-08T18:12:11
3180634,بزچفت,2026-09-29,باز,1500000,,,,2026-09-08T18:12:11
3180634,بزچفت,2026-09-30,باز,1700000,,,بله,2026-09-08T18:12:11
3180634,بزچفت,2026-10-01,باز,1700000,,,بله,2026-09-08T18:12:11
3180634,بزچفت,2026-10-02,باز,1500000,,,,2026-09-08T18:12:11
3180634,بزچفت,2026-10-03,باز,1700000,,,,2026-09-08T18:12:11
3180634,بزچفت,2026-10-04,باز,1500000,,,,2026-09-08T18:12:11
3180634,بزچفت,2026-10-05,باز,1500000,,,,2026-09-08T18:12:11
3180634,بزچفت,2026-10-06,باز,1500000,,,,2026-09-08T18:12:11
3180634,بزچفت,2026-10-07,باز,1700000,,,بله,2026-09-08T18:12:11
3180634,بزچفت,2026-10-08,باز,1700000,,,بله,2026-09-08T18:12:11
3180870,بابلکنار,2026-09-08,باز,1500000,,,,2026-09-08T18:12:13
3180870,بابلکنار,2026-09-09,باز,3000000,,,بله,2026-09-08T18:12:13
3180870,بابلکنار,2026-09-10,باز,3000000,,,بله,2026-09-08T18:12:13
3180870,بابلکنار,2026-09-11,باز,1500000,,,,2026-09-08T18:12:13
3180870,بابلکنار,2026-09-12,باز,1500000,,,,2026-09-08T18:12:13
3180870,بابلکنار,2026-09-13,باز,1500000,,,,2026-09-08T18:12:13
3180870,بابلکنار,2026-09-14,باز,1500000,,,,2026-09-08T18:12:13
3180870,بابلکنار,2026-09-15,باز,1500000,,,,2026-09-08T18:12:13
3180870,بابلکنار,2026-09-16,باز,3000000,,,بله,2026-09-08T18:12:13
3180870,بابلکنار,2026-09-17,باز,3000000,,,بله,2026-09-08T18:12:13
3180870,بابلکنار,2026-09-18,باز,1500000,,,,2026-09-08T18:12:13
3180870,بابلکنار,2026-09-19,باز,1500000,,,,2026-09-08T18:12:13
3180870,بابلکنار,2026-09-20,باز,1500000,,,,2026-09-08T18:12:13
3180870,بابلکنار,2026-09-21,باز,1500000,,,,2026-09-08T18:12:13
3180870,بابلکنار,2026-09-22,باز,1500000,,,,2026-09-08T18:12:13
3180870,بابلکنار,2026-09-23,باز,1000000,,,بله,2026-09-08T18:12:13
3180870,بابلکنار,2026-09-24,باز,1000000,,,بله,2026-09-08T18:12:13
3180870,بابلکنار,2026-09-25,باز,700000,,,,2026-09-08T18:12:13
3180870,بابلکنار,2026-09-26,باز,700000,,,,2026-09-08T18:12:13
3180870,بابلکنار,2026-09-27,باز,700000,,,,2026-09-08T18:12:13
3180870,بابلکنار,2026-09-28,باز,700000,,,,2026-09-08T18:12:13
3180870,بابلکنار,2026-09-29,باز,700000,,,,2026-09-08T18:12:13
3180870,بابلکنار,2026-09-30,باز,1000000,,,بله,2026-09-08T18:12:13
3180870,بابلکنار,2026-10-01,باز,1000000,,,بله,2026-09-08T18:12:13
3180870,بابلکنار,2026-10-02,باز,700000,,,,2026-09-08T18:12:13
3180870,بابلکنار,2026-10-03,باز,700000,,,,2026-09-08T18:12:13
3180870,بابلکنار,2026-10-04,باز,700000,,,,2026-09-08T18:12:13
3180870,بابلکنار,2026-10-05,باز,700000,,,,2026-09-08T18:12:13
3180870,بابلکنار,2026-10-06,باز,700000,,,,2026-09-08T18:12:13
3180870,بابلکنار,2026-10-07,باز,1000000,,,بله,2026-09-08T18:12:13
3180870,بابلکنار,2026-10-08,باز,1000000,,,بله,2026-09-08T18:12:13
3181043,بابلکنار,2026-09-08,باز,1500000,,,,2026-09-08T18:12:15
3181043,بابلکنار,2026-09-09,باز,3000000,,,بله,2026-09-08T18:12:15
3181043,بابلکنار,2026-09-10,باز,3000000,,,بله,2026-09-08T18:12:15
3181043,بابلکنار,2026-09-11,باز,1500000,,,,2026-09-08T18:12:15
3181043,بابلکنار,2026-09-12,باز,1500000,,,,2026-09-08T18:12:15
3181043,بابلکنار,2026-09-13,باز,1500000,,,,2026-09-08T18:12:15
3181043,بابلکنار,2026-09-14,باز,1500000,,,,2026-09-08T18:12:15
3181043,بابلکنار,2026-09-15,باز,1500000,,,,2026-09-08T18:12:15
3181043,بابلکنار,2026-09-16,باز,3000000,,,بله,2026-09-08T18:12:15
3181043,بابلکنار,2026-09-17,باز,3000000,,,بله,2026-09-08T18:12:15
3181043,بابلکنار,2026-09-18,باز,1500000,,,,2026-09-08T18:12:15
3181043,بابلکنار,2026-09-19,باز,1500000,,,,2026-09-08T18:12:15
3181043,بابلکنار,2026-09-20,باز,1500000,,,,2026-09-08T18:12:15
3181043,بابلکنار,2026-09-21,باز,1500000,,,,2026-09-08T18:12:15
3181043,بابلکنار,2026-09-22,باز,1500000,,,,2026-09-08T18:12:15
3181043,بابلکنار,2026-09-23,باز,700000,,,بله,2026-09-08T18:12:15
3181043,بابلکنار,2026-09-24,باز,700000,,,بله,2026-09-08T18:12:15
3181043,بابلکنار,2026-09-25,باز,600000,,,,2026-09-08T18:12:15
3181043,بابلکنار,2026-09-26,باز,600000,,,,2026-09-08T18:12:15
3181043,بابلکنار,2026-09-27,باز,600000,,,,2026-09-08T18:12:15
3181043,بابلکنار,2026-09-28,باز,600000,,,,2026-09-08T18:12:15
3181043,بابلکنار,2026-09-29,باز,600000,,,,2026-09-08T18:12:15
3181043,بابلکنار,2026-09-30,باز,700000,,,بله,2026-09-08T18:12:15
3181043,بابلکنار,2026-10-01,باز,700000,,,بله,2026-09-08T18:12:15
3181043,بابلکنار,2026-10-02,باز,600000,,,,2026-09-08T18:12:15
3181043,بابلکنار,2026-10-03,باز,600000,,,,2026-09-08T18:12:15
3181043,بابلکنار,2026-10-04,باز,600000,,,,2026-09-08T18:12:15
3181043,بابلکنار,2026-10-05,باز,600000,,,,2026-09-08T18:12:15
3181043,بابلکنار,2026-10-06,باز,600000,,,,2026-09-08T18:12:15
3181043,بابلکنار,2026-10-07,باز,700000,,,بله,2026-09-08T18:12:15
3181043,بابلکنار,2026-10-08,باز,700000,,,بله,2026-09-08T18:12:15
3181918,سیدکلا,2026-09-08,بسته (مشاهده‌شده - دلیل نامشخص),2500000,,,,2026-09-08T18:12:17
3181918,سیدکلا,2026-09-09,بسته (مشاهده‌شده - دلیل نامشخص),3000000,,,بله,2026-09-08T18:12:17
3181918,سیدکلا,2026-09-10,بسته (مشاهده‌شده - دلیل نامشخص),4000000,,,بله,2026-09-08T18:12:17
3181918,سیدکلا,2026-09-11,بسته (مشاهده‌شده - دلیل نامشخص),2000000,,,,2026-09-08T18:12:17
3181918,سیدکلا,2026-09-12,بسته (مشاهده‌شده - دلیل نامشخص),2500000,,,,2026-09-08T18:12:17
3181918,سیدکلا,2026-09-13,بسته (مشاهده‌شده - دلیل نامشخص),2500000,,,,2026-09-08T18:12:17
3181918,سیدکلا,2026-09-14,بسته (مشاهده‌شده - دلیل نامشخص),2500000,,,,2026-09-08T18:12:17
3181918,سیدکلا,2026-09-15,بسته (مشاهده‌شده - دلیل نامشخص),2500000,,,,2026-09-08T18:12:17
3181918,سیدکلا,2026-09-16,بسته (مشاهده‌شده - دلیل نامشخص),3000000,,,بله,2026-09-08T18:12:17
3181918,سیدکلا,2026-09-17,بسته (مشاهده‌شده - دلیل نامشخص),4000000,,,بله,2026-09-08T18:12:17
3181918,سیدکلا,2026-09-18,بسته (مشاهده‌شده - دلیل نامشخص),2000000,,,,2026-09-08T18:12:17
3181918,سیدکلا,2026-09-19,بسته (مشاهده‌شده - دلیل نامشخص),2500000,,,,2026-09-08T18:12:17
3181918,سیدکلا,2026-09-20,بسته (مشاهده‌شده - دلیل نامشخص),2500000,,,,2026-09-08T18:12:17
3181918,سیدکلا,2026-09-21,بسته (مشاهده‌شده - دلیل نامشخص),2500000,,,,2026-09-08T18:12:17
3181918,سیدکلا,2026-09-22,بسته (مشاهده‌شده - دلیل نامشخص),2500000,,,,2026-09-08T18:12:17
3181918,سیدکلا,2026-09-23,باز,2500000,,,بله,2026-09-08T18:12:17
3181918,سیدکلا,2026-09-24,باز,3500000,,,بله,2026-09-08T18:12:17
3181918,سیدکلا,2026-09-25,بسته (مشاهده‌شده - دلیل نامشخص),2000000,,,,2026-09-08T18:12:17
3181918,سیدکلا,2026-09-26,باز,2000000,,,,2026-09-08T18:12:17
3181918,سیدکلا,2026-09-27,باز,2000000,,,,2026-09-08T18:12:17
3181918,سیدکلا,2026-09-28,باز,2000000,,,,2026-09-08T18:12:17
3181918,سیدکلا,2026-09-29,باز,2000000,,,,2026-09-08T18:12:17
3181918,سیدکلا,2026-09-30,باز,2500000,,,بله,2026-09-08T18:12:17
3181918,سیدکلا,2026-10-01,باز,3500000,,,بله,2026-09-08T18:12:17
3181918,سیدکلا,2026-10-02,بسته (مشاهده‌شده - دلیل نامشخص),2000000,,,,2026-09-08T18:12:17
3181918,سیدکلا,2026-10-03,باز,2000000,,,,2026-09-08T18:12:17
3181918,سیدکلا,2026-10-04,باز,2000000,,,,2026-09-08T18:12:17
3181918,سیدکلا,2026-10-05,باز,2000000,,,,2026-09-08T18:12:17
3181918,سیدکلا,2026-10-06,باز,2000000,,,,2026-09-08T18:12:17
3181918,سیدکلا,2026-10-07,باز,2500000,,,بله,2026-09-08T18:12:17
3181918,سیدکلا,2026-10-08,باز,3500000,,,بله,2026-09-08T18:12:17
3182019,بابلکنار,2026-09-08,باز,1500000,,,,2026-09-08T18:12:19
3182019,بابلکنار,2026-09-09,باز,3000000,,,بله,2026-09-08T18:12:19
3182019,بابلکنار,2026-09-10,باز,3000000,,,بله,2026-09-08T18:12:19
3182019,بابلکنار,2026-09-11,باز,1500000,,,,2026-09-08T18:12:19
3182019,بابلکنار,2026-09-12,باز,1500000,,,,2026-09-08T18:12:19
3182019,بابلکنار,2026-09-13,باز,1500000,,,,2026-09-08T18:12:19
3182019,بابلکنار,2026-09-14,باز,1500000,,,,2026-09-08T18:12:19
3182019,بابلکنار,2026-09-15,باز,1500000,,,,2026-09-08T18:12:19
3182019,بابلکنار,2026-09-16,باز,3000000,,,بله,2026-09-08T18:12:19
3182019,بابلکنار,2026-09-17,باز,3000000,,,بله,2026-09-08T18:12:19
3182019,بابلکنار,2026-09-18,باز,1500000,,,,2026-09-08T18:12:19
3182019,بابلکنار,2026-09-19,باز,1500000,,,,2026-09-08T18:12:19
3182019,بابلکنار,2026-09-20,باز,1500000,,,,2026-09-08T18:12:19
3182019,بابلکنار,2026-09-21,باز,1500000,,,,2026-09-08T18:12:19
3182019,بابلکنار,2026-09-22,باز,1500000,,,,2026-09-08T18:12:19
3182019,بابلکنار,2026-09-23,باز,800000,,,بله,2026-09-08T18:12:19
3182019,بابلکنار,2026-09-24,باز,800000,,,بله,2026-09-08T18:12:19
3182019,بابلکنار,2026-09-25,باز,700000,,,,2026-09-08T18:12:19
3182019,بابلکنار,2026-09-26,باز,700000,,,,2026-09-08T18:12:19
3182019,بابلکنار,2026-09-27,باز,700000,,,,2026-09-08T18:12:19
3182019,بابلکنار,2026-09-28,باز,700000,,,,2026-09-08T18:12:19
3182019,بابلکنار,2026-09-29,باز,700000,,,,2026-09-08T18:12:19
3182019,بابلکنار,2026-09-30,باز,800000,,,بله,2026-09-08T18:12:19
3182019,بابلکنار,2026-10-01,باز,800000,,,بله,2026-09-08T18:12:19
3182019,بابلکنار,2026-10-02,باز,700000,,,,2026-09-08T18:12:19
3182019,بابلکنار,2026-10-03,باز,700000,,,,2026-09-08T18:12:19
3182019,بابلکنار,2026-10-04,باز,700000,,,,2026-09-08T18:12:19
3182019,بابلکنار,2026-10-05,باز,700000,,,,2026-09-08T18:12:19
3182019,بابلکنار,2026-10-06,باز,700000,,,,2026-09-08T18:12:19
3182019,بابلکنار,2026-10-07,باز,800000,,,بله,2026-09-08T18:12:19
3182019,بابلکنار,2026-10-08,باز,800000,,,بله,2026-09-08T18:12:19
3184142,سیدکلا,2026-09-08,باز,5000000,,,,2026-09-08T18:12:22
3184142,سیدکلا,2026-09-09,باز,6000000,,,بله,2026-09-08T18:12:22
3184142,سیدکلا,2026-09-10,باز,6000000,,,بله,2026-09-08T18:12:22
3184142,سیدکلا,2026-09-11,باز,5000000,,,,2026-09-08T18:12:22
3184142,سیدکلا,2026-09-12,باز,5000000,,,,2026-09-08T18:12:22
3184142,سیدکلا,2026-09-13,باز,5000000,,,,2026-09-08T18:12:22
3184142,سیدکلا,2026-09-14,باز,5000000,,,,2026-09-08T18:12:22
3184142,سیدکلا,2026-09-15,باز,5000000,,,,2026-09-08T18:12:22
3184142,سیدکلا,2026-09-16,باز,6000000,,,بله,2026-09-08T18:12:22
3184142,سیدکلا,2026-09-17,باز,6000000,,,بله,2026-09-08T18:12:22
3184142,سیدکلا,2026-09-18,باز,5000000,,,,2026-09-08T18:12:22
3184142,سیدکلا,2026-09-19,باز,5000000,,,,2026-09-08T18:12:22
3184142,سیدکلا,2026-09-20,باز,5000000,,,,2026-09-08T18:12:22
3184142,سیدکلا,2026-09-21,باز,5000000,,,,2026-09-08T18:12:22
3184142,سیدکلا,2026-09-22,باز,5000000,,,,2026-09-08T18:12:22
3184142,سیدکلا,2026-09-23,باز,4000000,,,بله,2026-09-08T18:12:22
3184142,سیدکلا,2026-09-24,باز,4000000,,,بله,2026-09-08T18:12:22
3184142,سیدکلا,2026-09-25,باز,2700000,,,,2026-09-08T18:12:22
3184142,سیدکلا,2026-09-26,باز,2700000,,,,2026-09-08T18:12:22
3184142,سیدکلا,2026-09-27,باز,2700000,,,,2026-09-08T18:12:22
3184142,سیدکلا,2026-09-28,باز,2700000,,,,2026-09-08T18:12:22
3184142,سیدکلا,2026-09-29,باز,2700000,,,,2026-09-08T18:12:22
3184142,سیدکلا,2026-09-30,باز,4000000,,,بله,2026-09-08T18:12:22
3184142,سیدکلا,2026-10-01,باز,4000000,,,بله,2026-09-08T18:12:22
3184142,سیدکلا,2026-10-02,باز,2700000,,,,2026-09-08T18:12:22
3184142,سیدکلا,2026-10-03,باز,2700000,,,,2026-09-08T18:12:22
3184142,سیدکلا,2026-10-04,باز,2700000,,,,2026-09-08T18:12:22
3184142,سیدکلا,2026-10-05,باز,2700000,,,,2026-09-08T18:12:22
3184142,سیدکلا,2026-10-06,باز,2700000,,,,2026-09-08T18:12:22
3184142,سیدکلا,2026-10-07,باز,4000000,,,بله,2026-09-08T18:12:22
3184142,سیدکلا,2026-10-08,باز,4000000,,,بله,2026-09-08T18:12:22
3184833,درازکلا,2026-09-08,باز,3250000,,,,2026-09-08T18:12:51
3184833,درازکلا,2026-09-09,باز,3950000,,,بله,2026-09-08T18:12:51
3184833,درازکلا,2026-09-10,باز,3950000,,,بله,2026-09-08T18:12:51
3184833,درازکلا,2026-09-11,باز,3250000,,,,2026-09-08T18:12:51
3184833,درازکلا,2026-09-12,باز,3250000,,,,2026-09-08T18:12:51
3184833,درازکلا,2026-09-13,باز,3250000,,,,2026-09-08T18:12:51
3184833,درازکلا,2026-09-14,باز,3250000,,,,2026-09-08T18:12:51
3184833,درازکلا,2026-09-15,باز,3250000,,,,2026-09-08T18:12:51
3184833,درازکلا,2026-09-16,باز,3950000,,,بله,2026-09-08T18:12:51
3184833,درازکلا,2026-09-17,باز,3950000,,,بله,2026-09-08T18:12:51
3184833,درازکلا,2026-09-18,باز,3250000,,,,2026-09-08T18:12:51
3184833,درازکلا,2026-09-19,باز,3250000,,,,2026-09-08T18:12:51
3184833,درازکلا,2026-09-20,باز,3250000,,,,2026-09-08T18:12:51
3184833,درازکلا,2026-09-21,باز,3250000,,,,2026-09-08T18:12:51
3184833,درازکلا,2026-09-22,باز,3250000,,,,2026-09-08T18:12:51
3184833,درازکلا,2026-09-23,باز,1350000,,,بله,2026-09-08T18:12:51
3184833,درازکلا,2026-09-24,باز,1350000,,,بله,2026-09-08T18:12:51
3184833,درازکلا,2026-09-25,باز,850000,,,,2026-09-08T18:12:51
3184833,درازکلا,2026-09-26,باز,850000,,,,2026-09-08T18:12:51
3184833,درازکلا,2026-09-27,باز,850000,,,,2026-09-08T18:12:51
3184833,درازکلا,2026-09-28,باز,850000,,,,2026-09-08T18:12:51
3184833,درازکلا,2026-09-29,باز,850000,,,,2026-09-08T18:12:51
3184833,درازکلا,2026-09-30,باز,1350000,,,بله,2026-09-08T18:12:51
3184833,درازکلا,2026-10-01,باز,1350000,,,بله,2026-09-08T18:12:51
3184833,درازکلا,2026-10-02,باز,850000,,,,2026-09-08T18:12:51
3184833,درازکلا,2026-10-03,باز,850000,,,,2026-09-08T18:12:51
3184833,درازکلا,2026-10-04,باز,850000,,,,2026-09-08T18:12:51
3184833,درازکلا,2026-10-05,باز,850000,,,,2026-09-08T18:12:51
3184833,درازکلا,2026-10-06,باز,850000,,,,2026-09-08T18:12:51
3184833,درازکلا,2026-10-07,باز,1350000,,,بله,2026-09-08T18:12:51
3184833,درازکلا,2026-10-08,باز,1350000,,,بله,2026-09-08T18:12:51
3185525,بابلکنار,2026-09-08,بسته (مشاهده‌شده - دلیل نامشخص),1600000,,,,2026-09-08T18:12:53
3185525,بابلکنار,2026-09-09,بسته (مشاهده‌شده - دلیل نامشخص),1700000,,,بله,2026-09-08T18:12:53
3185525,بابلکنار,2026-09-10,بسته (مشاهده‌شده - دلیل نامشخص),2500000,,,بله,2026-09-08T18:12:53
3185525,بابلکنار,2026-09-11,باز,1600000,,,,2026-09-08T18:12:53
3185525,بابلکنار,2026-09-12,باز,1600000,,,,2026-09-08T18:12:53
3185525,بابلکنار,2026-09-13,باز,1600000,,,,2026-09-08T18:12:53
3185525,بابلکنار,2026-09-14,باز,1600000,,,,2026-09-08T18:12:53
3185525,بابلکنار,2026-09-15,باز,1600000,,,,2026-09-08T18:12:53
3185525,بابلکنار,2026-09-16,باز,1700000,,,بله,2026-09-08T18:12:53
3185525,بابلکنار,2026-09-17,بسته (مشاهده‌شده - دلیل نامشخص),2500000,,,بله,2026-09-08T18:12:53
3185525,بابلکنار,2026-09-18,باز,1600000,,,,2026-09-08T18:12:53
3185525,بابلکنار,2026-09-19,باز,1600000,,,,2026-09-08T18:12:53
3185525,بابلکنار,2026-09-20,بسته (مشاهده‌شده - دلیل نامشخص),1600000,,,,2026-09-08T18:12:53
3185525,بابلکنار,2026-09-21,بسته (مشاهده‌شده - دلیل نامشخص),1600000,,,,2026-09-08T18:12:53
3185525,بابلکنار,2026-09-22,بسته (مشاهده‌شده - دلیل نامشخص),1600000,,,,2026-09-08T18:12:53
3185525,بابلکنار,2026-09-23,باز,1450000,,,بله,2026-09-08T18:12:53
3185525,بابلکنار,2026-09-24,باز,1450000,,,بله,2026-09-08T18:12:53
3185525,بابلکنار,2026-09-25,باز,950000,,,,2026-09-08T18:12:53
3185525,بابلکنار,2026-09-26,باز,950000,,,,2026-09-08T18:12:53
3185525,بابلکنار,2026-09-27,باز,950000,,,,2026-09-08T18:12:53
3185525,بابلکنار,2026-09-28,باز,950000,,,,2026-09-08T18:12:53
3185525,بابلکنار,2026-09-29,باز,950000,,,,2026-09-08T18:12:53
3185525,بابلکنار,2026-09-30,باز,1450000,,,بله,2026-09-08T18:12:53
3185525,بابلکنار,2026-10-01,باز,1450000,,,بله,2026-09-08T18:12:53
3185525,بابلکنار,2026-10-02,باز,950000,,,,2026-09-08T18:12:53
3185525,بابلکنار,2026-10-03,باز,950000,,,,2026-09-08T18:12:53
3185525,بابلکنار,2026-10-04,باز,950000,,,,2026-09-08T18:12:53
3185525,بابلکنار,2026-10-05,باز,950000,,,,2026-09-08T18:12:53
3185525,بابلکنار,2026-10-06,باز,950000,,,,2026-09-08T18:12:53
3185525,بابلکنار,2026-10-07,باز,1450000,,,بله,2026-09-08T18:12:53
3185525,بابلکنار,2026-10-08,باز,1450000,,,بله,2026-09-08T18:12:53
3186801,بالفکلا,2026-09-08,بسته (مشاهده‌شده - دلیل نامشخص),2400000,,,,2026-09-08T18:12:56
3186801,بالفکلا,2026-09-09,بسته (مشاهده‌شده - دلیل نامشخص),2650000,,,بله,2026-09-08T18:12:56
3186801,بالفکلا,2026-09-10,بسته (مشاهده‌شده - دلیل نامشخص),3000000,,,بله,2026-09-08T18:12:56
3186801,بالفکلا,2026-09-11,باز,2650000,,,,2026-09-08T18:12:56
3186801,بالفکلا,2026-09-12,باز,2400000,,,,2026-09-08T18:12:56
3186801,بالفکلا,2026-09-13,باز,2400000,,,,2026-09-08T18:12:56
3186801,بالفکلا,2026-09-14,باز,2400000,,,,2026-09-08T18:12:56
3186801,بالفکلا,2026-09-15,باز,2400000,,,,2026-09-08T18:12:56
3186801,بالفکلا,2026-09-16,باز,2650000,,,بله,2026-09-08T18:12:56
3186801,بالفکلا,2026-09-17,باز,3000000,,,بله,2026-09-08T18:12:56
3186801,بالفکلا,2026-09-18,باز,2650000,,,,2026-09-08T18:12:56
3186801,بالفکلا,2026-09-19,باز,2400000,,,,2026-09-08T18:12:56
3186801,بالفکلا,2026-09-20,باز,2400000,,,,2026-09-08T18:12:56
3186801,بالفکلا,2026-09-21,باز,2400000,,,,2026-09-08T18:12:56
3186801,بالفکلا,2026-09-22,باز,2400000,,,,2026-09-08T18:12:56
3186801,بالفکلا,2026-09-23,باز,2400000,,,بله,2026-09-08T18:12:56
3186801,بالفکلا,2026-09-24,باز,3000000,,,بله,2026-09-08T18:12:56
3186801,بالفکلا,2026-09-25,باز,2400000,,,,2026-09-08T18:12:56
3186801,بالفکلا,2026-09-26,باز,2050000,,,,2026-09-08T18:12:56
3186801,بالفکلا,2026-09-27,باز,2050000,,,,2026-09-08T18:12:56
3186801,بالفکلا,2026-09-28,باز,2050000,,,,2026-09-08T18:12:56
3186801,بالفکلا,2026-09-29,باز,2050000,,,,2026-09-08T18:12:56
3186801,بالفکلا,2026-09-30,باز,2400000,,,بله,2026-09-08T18:12:56
3186801,بالفکلا,2026-10-01,باز,3000000,,,بله,2026-09-08T18:12:56
3186801,بالفکلا,2026-10-02,باز,2400000,,,,2026-09-08T18:12:56
3186801,بالفکلا,2026-10-03,باز,2050000,,,,2026-09-08T18:12:56
3186801,بالفکلا,2026-10-04,باز,2050000,,,,2026-09-08T18:12:56
3186801,بالفکلا,2026-10-05,باز,2050000,,,,2026-09-08T18:12:56
3186801,بالفکلا,2026-10-06,باز,2050000,,,,2026-09-08T18:12:56
3186801,بالفکلا,2026-10-07,باز,2400000,,,بله,2026-09-08T18:12:56
3186801,بالفکلا,2026-10-08,باز,3000000,,,بله,2026-09-08T18:12:56
3186809,چهره,2026-09-08,باز,2400000,,,,2026-09-08T18:12:58
3186809,چهره,2026-09-09,باز,5900000,,,بله,2026-09-08T18:12:58
3186809,چهره,2026-09-10,باز,5900000,,,بله,2026-09-08T18:12:58
3186809,چهره,2026-09-11,باز,3600000,,,,2026-09-08T18:12:58
3186809,چهره,2026-09-12,باز,4800000,,,,2026-09-08T18:12:58
3186809,چهره,2026-09-13,باز,4800000,,,,2026-09-08T18:12:58
3186809,چهره,2026-09-14,باز,4800000,,,,2026-09-08T18:12:58
3186809,چهره,2026-09-15,باز,4800000,,,,2026-09-08T18:12:58
3186809,چهره,2026-09-16,بسته (مشاهده‌شده - دلیل نامشخص),5900000,,,بله,2026-09-08T18:12:58
3186809,چهره,2026-09-17,بسته (مشاهده‌شده - دلیل نامشخص),5900000,,,بله,2026-09-08T18:12:58
3186809,چهره,2026-09-18,باز,4800000,,,,2026-09-08T18:12:58
3186809,چهره,2026-09-19,باز,4800000,,,,2026-09-08T18:12:58
3186809,چهره,2026-09-20,باز,4800000,,,,2026-09-08T18:12:58
3186809,چهره,2026-09-21,باز,4800000,,,,2026-09-08T18:12:58
3186809,چهره,2026-09-22,باز,4800000,,,,2026-09-08T18:12:58
3186809,چهره,2026-09-23,باز,3600000,,,بله,2026-09-08T18:12:58
3186809,چهره,2026-09-24,باز,3600000,,,بله,2026-09-08T18:12:58
3186809,چهره,2026-09-25,باز,2400000,,,,2026-09-08T18:12:58
3186809,چهره,2026-09-26,باز,2400000,,,,2026-09-08T18:12:58
3186809,چهره,2026-09-27,باز,2400000,,,,2026-09-08T18:12:58
3186809,چهره,2026-09-28,باز,2400000,,,,2026-09-08T18:12:58
3186809,چهره,2026-09-29,باز,2400000,,,,2026-09-08T18:12:58
3186809,چهره,2026-09-30,باز,3600000,,,بله,2026-09-08T18:12:58
3186809,چهره,2026-10-01,باز,3600000,,,بله,2026-09-08T18:12:58
3186809,چهره,2026-10-02,باز,2400000,,,,2026-09-08T18:12:58
3186809,چهره,2026-10-03,باز,2400000,,,,2026-09-08T18:12:58
3186809,چهره,2026-10-04,باز,2400000,,,,2026-09-08T18:12:58
3186809,چهره,2026-10-05,باز,2400000,,,,2026-09-08T18:12:58
3186809,چهره,2026-10-06,باز,2400000,,,,2026-09-08T18:12:58
3186809,چهره,2026-10-07,باز,3600000,,,بله,2026-09-08T18:12:58
3186809,چهره,2026-10-08,باز,3600000,,,بله,2026-09-08T18:12:58
3186851,لفور,2026-09-08,بسته (مشاهده‌شده - دلیل نامشخص),5320000,,,,2026-09-08T18:13:00
3186851,لفور,2026-09-09,بسته (مشاهده‌شده - دلیل نامشخص),5320000,,,بله,2026-09-08T18:13:00
3186851,لفور,2026-09-10,بسته (مشاهده‌شده - دلیل نامشخص),5320000,,,بله,2026-09-08T18:13:00
3186851,لفور,2026-09-11,باز,5320000,,,,2026-09-08T18:13:00
3186851,لفور,2026-09-12,باز,5635000,,,,2026-09-08T18:13:00
3186851,لفور,2026-09-13,باز,5635000,,,,2026-09-08T18:13:00
3186851,لفور,2026-09-14,بسته (مشاهده‌شده - دلیل نامشخص),5635000,,,,2026-09-08T18:13:00
3186851,لفور,2026-09-15,باز,5635000,,,,2026-09-08T18:13:00
3186851,لفور,2026-09-16,باز,5635000,,,بله,2026-09-08T18:13:00
3186851,لفور,2026-09-17,باز,5635000,,,بله,2026-09-08T18:13:00
3186851,لفور,2026-09-18,باز,5635000,,,,2026-09-08T18:13:00
3186851,لفور,2026-09-19,باز,5635000,,,,2026-09-08T18:13:00
3186851,لفور,2026-09-20,باز,5635000,,,,2026-09-08T18:13:00
3186851,لفور,2026-09-21,باز,5635000,,,,2026-09-08T18:13:00
3186851,لفور,2026-09-22,باز,5635000,,,,2026-09-08T18:13:00
3186851,لفور,2026-09-23,باز,2500000,,,بله,2026-09-08T18:13:00
3186851,لفور,2026-09-24,باز,2500000,,,بله,2026-09-08T18:13:00
3186851,لفور,2026-09-25,باز,2000000,,,,2026-09-08T18:13:00
3186851,لفور,2026-09-26,باز,2000000,,,,2026-09-08T18:13:00
3186851,لفور,2026-09-27,باز,2000000,,,,2026-09-08T18:13:00
3186851,لفور,2026-09-28,باز,2000000,,,,2026-09-08T18:13:00
3186851,لفور,2026-09-29,باز,2000000,,,,2026-09-08T18:13:00
3186851,لفور,2026-09-30,باز,2500000,,,بله,2026-09-08T18:13:00
3186851,لفور,2026-10-01,باز,2500000,,,بله,2026-09-08T18:13:00
3186851,لفور,2026-10-02,باز,2000000,,,,2026-09-08T18:13:00
3186851,لفور,2026-10-03,باز,2000000,,,,2026-09-08T18:13:00
3186851,لفور,2026-10-04,باز,2000000,,,,2026-09-08T18:13:00
3186851,لفور,2026-10-05,باز,2000000,,,,2026-09-08T18:13:00
3186851,لفور,2026-10-06,باز,2000000,,,,2026-09-08T18:13:00
3186851,لفور,2026-10-07,باز,2500000,,,بله,2026-09-08T18:13:00
3186851,لفور,2026-10-08,باز,2500000,,,بله,2026-09-08T18:13:00
3186964,گونه کلا,2026-09-08,بسته (مشاهده‌شده - دلیل نامشخص),4500000,,,,2026-09-08T18:13:01
3186964,گونه کلا,2026-09-09,بسته (مشاهده‌شده - دلیل نامشخص),6100000,,,بله,2026-09-08T18:13:01
3186964,گونه کلا,2026-09-10,بسته (مشاهده‌شده - دلیل نامشخص),5500000,,,بله,2026-09-08T18:13:01
3186964,گونه کلا,2026-09-11,بسته (مشاهده‌شده - دلیل نامشخص),4500000,,,,2026-09-08T18:13:01
3186964,گونه کلا,2026-09-12,بسته (مشاهده‌شده - دلیل نامشخص),4500000,,,,2026-09-08T18:13:01
3186964,گونه کلا,2026-09-13,باز,6100000,,,,2026-09-08T18:13:01
3186964,گونه کلا,2026-09-14,باز,6100000,,,,2026-09-08T18:13:01
3186964,گونه کلا,2026-09-15,بسته (مشاهده‌شده - دلیل نامشخص),4500000,,,,2026-09-08T18:13:01
3186964,گونه کلا,2026-09-16,بسته (مشاهده‌شده - دلیل نامشخص),5500000,,,بله,2026-09-08T18:13:01
3186964,گونه کلا,2026-09-17,بسته (مشاهده‌شده - دلیل نامشخص),5500000,,,بله,2026-09-08T18:13:01
3186964,گونه کلا,2026-09-18,بسته (مشاهده‌شده - دلیل نامشخص),4500000,,,,2026-09-08T18:13:01
3186964,گونه کلا,2026-09-19,باز,6100000,,,,2026-09-08T18:13:01
3186964,گونه کلا,2026-09-20,باز,6100000,,,,2026-09-08T18:13:01
3186964,گونه کلا,2026-09-21,بسته (مشاهده‌شده - دلیل نامشخص),5500000,,,,2026-09-08T18:13:01
3186964,گونه کلا,2026-09-22,بسته (مشاهده‌شده - دلیل نامشخص),5500000,,,,2026-09-08T18:13:01
3186964,گونه کلا,2026-09-23,باز,6100000,,,بله,2026-09-08T18:13:01
3186964,گونه کلا,2026-09-24,باز,6500000,,,بله,2026-09-08T18:13:01
3186964,گونه کلا,2026-09-25,باز,5500000,,,,2026-09-08T18:13:01
3186964,گونه کلا,2026-09-26,باز,5500000,,,,2026-09-08T18:13:01
3186964,گونه کلا,2026-09-27,باز,5500000,,,,2026-09-08T18:13:01
3186964,گونه کلا,2026-09-28,باز,5500000,,,,2026-09-08T18:13:01
3186964,گونه کلا,2026-09-29,باز,5500000,,,,2026-09-08T18:13:01
3186964,گونه کلا,2026-09-30,باز,6100000,,,بله,2026-09-08T18:13:01
3186964,گونه کلا,2026-10-01,باز,6500000,,,بله,2026-09-08T18:13:01
3186964,گونه کلا,2026-10-02,باز,5500000,,,,2026-09-08T18:13:01
3186964,گونه کلا,2026-10-03,باز,5500000,,,,2026-09-08T18:13:01
3186964,گونه کلا,2026-10-04,باز,5500000,,,,2026-09-08T18:13:01
3186964,گونه کلا,2026-10-05,باز,5500000,,,,2026-09-08T18:13:01
3186964,گونه کلا,2026-10-06,باز,5500000,,,,2026-09-08T18:13:01
3186964,گونه کلا,2026-10-07,باز,6100000,,,بله,2026-09-08T18:13:01
3186964,گونه کلا,2026-10-08,باز,6500000,,,بله,2026-09-08T18:13:01
3187595,لفور,2026-09-08,بسته (مشاهده‌شده - دلیل نامشخص),2500000,,,,2026-09-08T18:13:08
3187595,لفور,2026-09-09,بسته (مشاهده‌شده - دلیل نامشخص),2500000,,,بله,2026-09-08T18:13:08
3187595,لفور,2026-09-10,بسته (مشاهده‌شده - دلیل نامشخص),2500000,,,بله,2026-09-08T18:13:08
3187595,لفور,2026-09-11,بسته (مشاهده‌شده - دلیل نامشخص),2500000,,,,2026-09-08T18:13:08
3187595,لفور,2026-09-12,بسته (مشاهده‌شده - دلیل نامشخص),2500000,,,,2026-09-08T18:13:08
3187595,لفور,2026-09-13,بسته (مشاهده‌شده - دلیل نامشخص),2500000,,,,2026-09-08T18:13:08
3187595,لفور,2026-09-14,باز,2500000,,,,2026-09-08T18:13:08
3187595,لفور,2026-09-15,باز,2500000,,,,2026-09-08T18:13:08
3187595,لفور,2026-09-16,باز,2500000,,,بله,2026-09-08T18:13:08
3187595,لفور,2026-09-17,بسته (مشاهده‌شده - دلیل نامشخص),2500000,,,بله,2026-09-08T18:13:08
3187595,لفور,2026-09-18,بسته (مشاهده‌شده - دلیل نامشخص),2500000,,,,2026-09-08T18:13:08
3187595,لفور,2026-09-19,بسته (مشاهده‌شده - دلیل نامشخص),2500000,,,,2026-09-08T18:13:08
3187595,لفور,2026-09-20,بسته (مشاهده‌شده - دلیل نامشخص),2500000,,,,2026-09-08T18:13:08
3187595,لفور,2026-09-21,باز,2500000,,,,2026-09-08T18:13:08
3187595,لفور,2026-09-22,باز,2500000,,,,2026-09-08T18:13:08
3187595,لفور,2026-09-23,باز,1800000,,,بله,2026-09-08T18:13:08
3187595,لفور,2026-09-24,باز,2500000,,,بله,2026-09-08T18:13:08
3187595,لفور,2026-09-25,باز,1800000,,,,2026-09-08T18:13:08
3187595,لفور,2026-09-26,باز,1800000,,,,2026-09-08T18:13:08
3187595,لفور,2026-09-27,باز,1800000,,,,2026-09-08T18:13:08
3187595,لفور,2026-09-28,باز,1800000,,,,2026-09-08T18:13:08
3187595,لفور,2026-09-29,باز,1800000,,,,2026-09-08T18:13:08
3187595,لفور,2026-09-30,باز,1800000,,,بله,2026-09-08T18:13:08
3187595,لفور,2026-10-01,باز,2500000,,,بله,2026-09-08T18:13:08
3187595,لفور,2026-10-02,باز,1800000,,,,2026-09-08T18:13:08
3187595,لفور,2026-10-03,باز,1800000,,,,2026-09-08T18:13:08
3187595,لفور,2026-10-04,باز,1800000,,,,2026-09-08T18:13:08
3187595,لفور,2026-10-05,باز,1800000,,,,2026-09-08T18:13:08
3187595,لفور,2026-10-06,باز,1800000,,,,2026-09-08T18:13:08
3187595,لفور,2026-10-07,باز,1800000,,,بله,2026-09-08T18:13:08
3187595,لفور,2026-10-08,باز,2500000,,,بله,2026-09-08T18:13:08
3187864,مرزیکلا,2026-09-08,بسته (مشاهده‌شده - دلیل نامشخص),4500000,,,,2026-09-08T18:13:09
3187864,مرزیکلا,2026-09-09,باز,5000000,,,بله,2026-09-08T18:13:09
3187864,مرزیکلا,2026-09-10,باز,5000000,,,بله,2026-09-08T18:13:09
3187864,مرزیکلا,2026-09-11,باز,4500000,,,,2026-09-08T18:13:09
3187864,مرزیکلا,2026-09-12,باز,4500000,,,,2026-09-08T18:13:09
3187864,مرزیکلا,2026-09-13,باز,4500000,,,,2026-09-08T18:13:09
3187864,مرزیکلا,2026-09-14,باز,4500000,,,,2026-09-08T18:13:09
3187864,مرزیکلا,2026-09-15,باز,4500000,,,,2026-09-08T18:13:09
3187864,مرزیکلا,2026-09-16,بسته (مشاهده‌شده - دلیل نامشخص),5000000,,,بله,2026-09-08T18:13:09
3187864,مرزیکلا,2026-09-17,بسته (مشاهده‌شده - دلیل نامشخص),5000000,,,بله,2026-09-08T18:13:09
3187864,مرزیکلا,2026-09-18,باز,4500000,,,,2026-09-08T18:13:09
3187864,مرزیکلا,2026-09-19,باز,4500000,,,,2026-09-08T18:13:09
3187864,مرزیکلا,2026-09-20,باز,4500000,,,,2026-09-08T18:13:09
3187864,مرزیکلا,2026-09-21,باز,4500000,,,,2026-09-08T18:13:09
3187864,مرزیکلا,2026-09-22,باز,4000000,,,,2026-09-08T18:13:09
3187864,مرزیکلا,2026-09-23,باز,3500000,,,بله,2026-09-08T18:13:09
3187864,مرزیکلا,2026-09-24,باز,3500000,,,بله,2026-09-08T18:13:09
3187864,مرزیکلا,2026-09-25,باز,3000000,,,,2026-09-08T18:13:09
3187864,مرزیکلا,2026-09-26,باز,3000000,,,,2026-09-08T18:13:09
3187864,مرزیکلا,2026-09-27,باز,3000000,,,,2026-09-08T18:13:09
3187864,مرزیکلا,2026-09-28,باز,3000000,,,,2026-09-08T18:13:09
3187864,مرزیکلا,2026-09-29,باز,3000000,,,,2026-09-08T18:13:09
3187864,مرزیکلا,2026-09-30,باز,3500000,,,بله,2026-09-08T18:13:09
3187864,مرزیکلا,2026-10-01,باز,3500000,,,بله,2026-09-08T18:13:09
3187864,مرزیکلا,2026-10-02,باز,3000000,,,,2026-09-08T18:13:09
3187864,مرزیکلا,2026-10-03,باز,3000000,,,,2026-09-08T18:13:09
3187864,مرزیکلا,2026-10-04,باز,3000000,,,,2026-09-08T18:13:09
3187864,مرزیکلا,2026-10-05,باز,3000000,,,,2026-09-08T18:13:09
3187864,مرزیکلا,2026-10-06,باز,3000000,,,,2026-09-08T18:13:09
3187864,مرزیکلا,2026-10-07,باز,3500000,,,بله,2026-09-08T18:13:09
3187864,مرزیکلا,2026-10-08,باز,3500000,,,بله,2026-09-08T18:13:09
3189251,لفور,2026-09-08,بسته (مشاهده‌شده - دلیل نامشخص),4000000,,,,2026-09-08T18:13:11
3189251,لفور,2026-09-09,بسته (مشاهده‌شده - دلیل نامشخص),5000000,,,بله,2026-09-08T18:13:11
3189251,لفور,2026-09-10,بسته (مشاهده‌شده - دلیل نامشخص),6000000,,,بله,2026-09-08T18:13:11
3189251,لفور,2026-09-11,باز,4000000,,,,2026-09-08T18:13:11
3189251,لفور,2026-09-12,باز,4000000,,,,2026-09-08T18:13:11
3189251,لفور,2026-09-13,باز,4000000,,,,2026-09-08T18:13:11
3189251,لفور,2026-09-14,باز,4000000,,,,2026-09-08T18:13:11
3189251,لفور,2026-09-15,باز,4000000,,,,2026-09-08T18:13:11
3189251,لفور,2026-09-16,بسته (مشاهده‌شده - دلیل نامشخص),5000000,,,بله,2026-09-08T18:13:11
3189251,لفور,2026-09-17,بسته (مشاهده‌شده - دلیل نامشخص),6000000,,,بله,2026-09-08T18:13:11
3189251,لفور,2026-09-18,بسته (مشاهده‌شده - دلیل نامشخص),4000000,,,,2026-09-08T18:13:11
3189251,لفور,2026-09-19,باز,4000000,,,,2026-09-08T18:13:11
3189251,لفور,2026-09-20,باز,4000000,,,,2026-09-08T18:13:11
3189251,لفور,2026-09-21,باز,4000000,,,,2026-09-08T18:13:11
3189251,لفور,2026-09-22,باز,4000000,,,,2026-09-08T18:13:11
3189251,لفور,2026-09-23,باز,3500000,,,بله,2026-09-08T18:13:11
3189251,لفور,2026-09-24,باز,5000000,,,بله,2026-09-08T18:13:11
3189251,لفور,2026-09-25,باز,3500000,,,,2026-09-08T18:13:11
3189251,لفور,2026-09-26,باز,2000000,,,,2026-09-08T18:13:11
3189251,لفور,2026-09-27,باز,2000000,,,,2026-09-08T18:13:11
3189251,لفور,2026-09-28,باز,2000000,,,,2026-09-08T18:13:11
3189251,لفور,2026-09-29,باز,2000000,,,,2026-09-08T18:13:11
3189251,لفور,2026-09-30,باز,2200000,,,بله,2026-09-08T18:13:11
3189251,لفور,2026-10-01,باز,5000000,,,بله,2026-09-08T18:13:11
3189251,لفور,2026-10-02,باز,2000000,,,,2026-09-08T18:13:11
3189251,لفور,2026-10-03,باز,2000000,,,,2026-09-08T18:13:11
3189251,لفور,2026-10-04,باز,2000000,,,,2026-09-08T18:13:11
3189251,لفور,2026-10-05,باز,2000000,,,,2026-09-08T18:13:11
3189251,لفور,2026-10-06,باز,2000000,,,,2026-09-08T18:13:11
3189251,لفور,2026-10-07,باز,2200000,,,بله,2026-09-08T18:13:11
3189251,لفور,2026-10-08,باز,5000000,,,بله,2026-09-08T18:13:11
3190268,شیردارکلا,2026-09-08,باز,2500000,,,,2026-09-08T18:13:13
3190268,شیردارکلا,2026-09-09,باز,2500000,,,بله,2026-09-08T18:13:13
3190268,شیردارکلا,2026-09-10,باز,3000000,,,بله,2026-09-08T18:13:13
3190268,شیردارکلا,2026-09-11,باز,2500000,,,,2026-09-08T18:13:13
3190268,شیردارکلا,2026-09-12,باز,2500000,,,,2026-09-08T18:13:13
3190268,شیردارکلا,2026-09-13,باز,2500000,,,,2026-09-08T18:13:13
3190268,شیردارکلا,2026-09-14,باز,2500000,,,,2026-09-08T18:13:13
3190268,شیردارکلا,2026-09-15,باز,2500000,,,,2026-09-08T18:13:13
3190268,شیردارکلا,2026-09-16,باز,2500000,,,بله,2026-09-08T18:13:13
3190268,شیردارکلا,2026-09-17,باز,3000000,,,بله,2026-09-08T18:13:13
3190268,شیردارکلا,2026-09-18,باز,2500000,,,,2026-09-08T18:13:13
3190268,شیردارکلا,2026-09-19,باز,2500000,,,,2026-09-08T18:13:13
3190268,شیردارکلا,2026-09-20,باز,2500000,,,,2026-09-08T18:13:13
3190268,شیردارکلا,2026-09-21,باز,2500000,,,,2026-09-08T18:13:13
3190268,شیردارکلا,2026-09-22,باز,2500000,,,,2026-09-08T18:13:13
3190268,شیردارکلا,2026-09-23,باز,2000000,,,بله,2026-09-08T18:13:13
3190268,شیردارکلا,2026-09-24,باز,2000000,,,بله,2026-09-08T18:13:13
3190268,شیردارکلا,2026-09-25,باز,1500000,,,,2026-09-08T18:13:13
3190268,شیردارکلا,2026-09-26,باز,1500000,,,,2026-09-08T18:13:13
3190268,شیردارکلا,2026-09-27,باز,1500000,,,,2026-09-08T18:13:13
3190268,شیردارکلا,2026-09-28,باز,1500000,,,,2026-09-08T18:13:13
3190268,شیردارکلا,2026-09-29,باز,1500000,,,,2026-09-08T18:13:13
3190268,شیردارکلا,2026-09-30,باز,2000000,,,بله,2026-09-08T18:13:13
3190268,شیردارکلا,2026-10-01,باز,2000000,,,بله,2026-09-08T18:13:13
3190268,شیردارکلا,2026-10-02,باز,1500000,,,,2026-09-08T18:13:13
3190268,شیردارکلا,2026-10-03,باز,1500000,,,,2026-09-08T18:13:13
3190268,شیردارکلا,2026-10-04,باز,1500000,,,,2026-09-08T18:13:13
3190268,شیردارکلا,2026-10-05,باز,1500000,,,,2026-09-08T18:13:13
3190268,شیردارکلا,2026-10-06,باز,1500000,,,,2026-09-08T18:13:13
3190268,شیردارکلا,2026-10-07,باز,2000000,,,بله,2026-09-08T18:13:13
3190268,شیردارکلا,2026-10-08,باز,2000000,,,بله,2026-09-08T18:13:13
3190495,مرزیکلا,2026-09-08,بسته (مشاهده‌شده - دلیل نامشخص),6800000,10,,,2026-09-08T18:13:15
3190495,مرزیکلا,2026-09-09,بسته (مشاهده‌شده - دلیل نامشخص),7500000,10,,بله,2026-09-08T18:13:15
3190495,مرزیکلا,2026-09-10,بسته (مشاهده‌شده - دلیل نامشخص),8800000,,,بله,2026-09-08T18:13:15
3190495,مرزیکلا,2026-09-11,باز,6800000,,,,2026-09-08T18:13:15
3190495,مرزیکلا,2026-09-12,بسته (مشاهده‌شده - دلیل نامشخص),6800000,,,,2026-09-08T18:13:15
3190495,مرزیکلا,2026-09-13,بسته (مشاهده‌شده - دلیل نامشخص),6800000,,,,2026-09-08T18:13:15
3190495,مرزیکلا,2026-09-14,بسته (مشاهده‌شده - دلیل نامشخص),6800000,,,,2026-09-08T18:13:15
3190495,مرزیکلا,2026-09-15,باز,6800000,,,,2026-09-08T18:13:15
3190495,مرزیکلا,2026-09-16,باز,7500000,,,بله,2026-09-08T18:13:15
3190495,مرزیکلا,2026-09-17,باز,8800000,,,بله,2026-09-08T18:13:15
3190495,مرزیکلا,2026-09-18,باز,6800000,,,,2026-09-08T18:13:15
3190495,مرزیکلا,2026-09-19,باز,6800000,,,,2026-09-08T18:13:15
3190495,مرزیکلا,2026-09-20,باز,6800000,,,,2026-09-08T18:13:15
3190495,مرزیکلا,2026-09-21,باز,6800000,,,,2026-09-08T18:13:15
3190495,مرزیکلا,2026-09-22,باز,6800000,,,,2026-09-08T18:13:15
3190495,مرزیکلا,2026-09-23,باز,9000000,,,بله,2026-09-08T18:13:15
3190495,مرزیکلا,2026-09-24,باز,9000000,,,بله,2026-09-08T18:13:15
3190495,مرزیکلا,2026-09-25,باز,7000000,,,,2026-09-08T18:13:15
3190495,مرزیکلا,2026-09-26,باز,7000000,,,,2026-09-08T18:13:15
3190495,مرزیکلا,2026-09-27,باز,7000000,,,,2026-09-08T18:13:15
3190495,مرزیکلا,2026-09-28,باز,7000000,,,,2026-09-08T18:13:15
3190495,مرزیکلا,2026-09-29,باز,7000000,,,,2026-09-08T18:13:15
3190495,مرزیکلا,2026-09-30,باز,9000000,,,بله,2026-09-08T18:13:15
3190495,مرزیکلا,2026-10-01,باز,9000000,,,بله,2026-09-08T18:13:15
3190495,مرزیکلا,2026-10-02,باز,7000000,,,,2026-09-08T18:13:15
3190495,مرزیکلا,2026-10-03,باز,7000000,,,,2026-09-08T18:13:15
3190495,مرزیکلا,2026-10-04,باز,7000000,,,,2026-09-08T18:13:15
3190495,مرزیکلا,2026-10-05,باز,7000000,,,,2026-09-08T18:13:15
3190495,مرزیکلا,2026-10-06,باز,7000000,,,,2026-09-08T18:13:15
3190495,مرزیکلا,2026-10-07,باز,9000000,,,بله,2026-09-08T18:13:15
3190495,مرزیکلا,2026-10-08,باز,9000000,,,بله,2026-09-08T18:13:15
3190552,سیدکلا,2026-09-08,بسته (مشاهده‌شده - دلیل نامشخص),3500000,,,,2026-09-08T18:13:17
3190552,سیدکلا,2026-09-09,بسته (مشاهده‌شده - دلیل نامشخص),3200000,,,بله,2026-09-08T18:13:17
3190552,سیدکلا,2026-09-10,بسته (مشاهده‌شده - دلیل نامشخص),4000000,,,بله,2026-09-08T18:13:17
3190552,سیدکلا,2026-09-11,بسته (مشاهده‌شده - دلیل نامشخص),3500000,,,,2026-09-08T18:13:17
3190552,سیدکلا,2026-09-12,بسته (مشاهده‌شده - دلیل نامشخص),2600000,,,,2026-09-08T18:13:17
3190552,سیدکلا,2026-09-13,بسته (مشاهده‌شده - دلیل نامشخص),2600000,,,,2026-09-08T18:13:17
3190552,سیدکلا,2026-09-14,بسته (مشاهده‌شده - دلیل نامشخص),2600000,,,,2026-09-08T18:13:17
3190552,سیدکلا,2026-09-15,باز,3500000,,,,2026-09-08T18:13:17
3190552,سیدکلا,2026-09-16,بسته (مشاهده‌شده - دلیل نامشخص),4000000,,,بله,2026-09-08T18:13:17
3190552,سیدکلا,2026-09-17,بسته (مشاهده‌شده - دلیل نامشخص),4000000,,,بله,2026-09-08T18:13:17
3190552,سیدکلا,2026-09-18,باز,3500000,,,,2026-09-08T18:13:17
3190552,سیدکلا,2026-09-19,بسته (مشاهده‌شده - دلیل نامشخص),2600000,,,,2026-09-08T18:13:17
3190552,سیدکلا,2026-09-20,بسته (مشاهده‌شده - دلیل نامشخص),2600000,,,,2026-09-08T18:13:17
3190552,سیدکلا,2026-09-21,بسته (مشاهده‌شده - دلیل نامشخص),2600000,,,,2026-09-08T18:13:17
3190552,سیدکلا,2026-09-22,باز,3500000,,,,2026-09-08T18:13:17
3190552,سیدکلا,2026-09-23,باز,3500000,,,بله,2026-09-08T18:13:17
3190552,سیدکلا,2026-09-24,باز,3500000,,,بله,2026-09-08T18:13:17
3190552,سیدکلا,2026-09-25,باز,2500000,,,,2026-09-08T18:13:17
3190552,سیدکلا,2026-09-26,بسته (مشاهده‌شده - دلیل نامشخص),1800000,,,,2026-09-08T18:13:17
3190552,سیدکلا,2026-09-27,بسته (مشاهده‌شده - دلیل نامشخص),1800000,,,,2026-09-08T18:13:17
3190552,سیدکلا,2026-09-28,بسته (مشاهده‌شده - دلیل نامشخص),1800000,,,,2026-09-08T18:13:17
3190552,سیدکلا,2026-09-29,بسته (مشاهده‌شده - دلیل نامشخص),1800000,,,,2026-09-08T18:13:17
3190552,سیدکلا,2026-09-30,باز,3500000,,,بله,2026-09-08T18:13:17
3190552,سیدکلا,2026-10-01,بسته (مشاهده‌شده - دلیل نامشخص),3500000,,,بله,2026-09-08T18:13:17
3190552,سیدکلا,2026-10-02,باز,2500000,,,,2026-09-08T18:13:17
3190552,سیدکلا,2026-10-03,باز,2500000,,,,2026-09-08T18:13:17
3190552,سیدکلا,2026-10-04,باز,2500000,,,,2026-09-08T18:13:17
3190552,سیدکلا,2026-10-05,باز,2500000,,,,2026-09-08T18:13:17
3190552,سیدکلا,2026-10-06,باز,2500000,,,,2026-09-08T18:13:17
3190552,سیدکلا,2026-10-07,باز,3500000,,,بله,2026-09-08T18:13:17
3190552,سیدکلا,2026-10-08,باز,3500000,,,بله,2026-09-08T18:13:17
3190700,سیدکلا,2026-09-08,بسته (مشاهده‌شده - دلیل نامشخص),3980000,10,,,2026-09-08T18:13:18
3190700,سیدکلا,2026-09-09,باز,4380000,10,,بله,2026-09-08T18:13:18
3190700,سیدکلا,2026-09-10,بسته (مشاهده‌شده - دلیل نامشخص),5800000,,,بله,2026-09-08T18:13:18
3190700,سیدکلا,2026-09-11,بسته (مشاهده‌شده - دلیل نامشخص),3980000,10,,,2026-09-08T18:13:18
3190700,سیدکلا,2026-09-12,بسته (مشاهده‌شده - دلیل نامشخص),3980000,10,,,2026-09-08T18:13:18
3190700,سیدکلا,2026-09-13,بسته (مشاهده‌شده - دلیل نامشخص),3980000,10,,,2026-09-08T18:13:18
3190700,سیدکلا,2026-09-14,باز,3980000,,,,2026-09-08T18:13:18
3190700,سیدکلا,2026-09-15,باز,3980000,,,,2026-09-08T18:13:18
3190700,سیدکلا,2026-09-16,باز,4380000,,,بله,2026-09-08T18:13:18
3190700,سیدکلا,2026-09-17,بسته (مشاهده‌شده - دلیل نامشخص),5800000,,,بله,2026-09-08T18:13:18
3190700,سیدکلا,2026-09-18,باز,3980000,,,,2026-09-08T18:13:18
3190700,سیدکلا,2026-09-19,باز,3980000,,,,2026-09-08T18:13:18
3190700,سیدکلا,2026-09-20,باز,3980000,,,,2026-09-08T18:13:18
3190700,سیدکلا,2026-09-21,باز,3980000,,,,2026-09-08T18:13:18
3190700,سیدکلا,2026-09-22,باز,3980000,,,,2026-09-08T18:13:18
3190700,سیدکلا,2026-09-23,باز,3980000,,,بله,2026-09-08T18:13:18
3190700,سیدکلا,2026-09-24,باز,3980000,,,بله,2026-09-08T18:13:18
3190700,سیدکلا,2026-09-25,باز,2800000,,,,2026-09-08T18:13:18
3190700,سیدکلا,2026-09-26,باز,2800000,,,,2026-09-08T18:13:18
3190700,سیدکلا,2026-09-27,باز,2800000,,,,2026-09-08T18:13:18
3190700,سیدکلا,2026-09-28,باز,2800000,,,,2026-09-08T18:13:18
3190700,سیدکلا,2026-09-29,باز,2800000,,,,2026-09-08T18:13:18
3190700,سیدکلا,2026-09-30,باز,3980000,,,بله,2026-09-08T18:13:18
3190700,سیدکلا,2026-10-01,باز,3980000,,,بله,2026-09-08T18:13:18
3190700,سیدکلا,2026-10-02,باز,2800000,,,,2026-09-08T18:13:18
3190700,سیدکلا,2026-10-03,باز,2800000,,,,2026-09-08T18:13:18
3190700,سیدکلا,2026-10-04,باز,2800000,,,,2026-09-08T18:13:18
3190700,سیدکلا,2026-10-05,باز,2800000,,,,2026-09-08T18:13:18
3190700,سیدکلا,2026-10-06,باز,2800000,,,,2026-09-08T18:13:18
3190700,سیدکلا,2026-10-07,باز,3980000,,,بله,2026-09-08T18:13:18
3190700,سیدکلا,2026-10-08,باز,3980000,,,بله,2026-09-08T18:13:18
3190982,درازکلا,2026-09-08,باز,1300000,,,,2026-09-08T18:13:20
3190982,درازکلا,2026-09-09,باز,1400000,,,بله,2026-09-08T18:13:20
3190982,درازکلا,2026-09-10,باز,1400000,,,بله,2026-09-08T18:13:20
3190982,درازکلا,2026-09-11,باز,1300000,,,,2026-09-08T18:13:20
3190982,درازکلا,2026-09-12,باز,1300000,,,,2026-09-08T18:13:20
3190982,درازکلا,2026-09-13,باز,1300000,,,,2026-09-08T18:13:20
3190982,درازکلا,2026-09-14,باز,1300000,,,,2026-09-08T18:13:20
3190982,درازکلا,2026-09-15,باز,1300000,,,,2026-09-08T18:13:20
3190982,درازکلا,2026-09-16,باز,1400000,,,بله,2026-09-08T18:13:20
3190982,درازکلا,2026-09-17,باز,1400000,,,بله,2026-09-08T18:13:20
3190982,درازکلا,2026-09-18,باز,1300000,,,,2026-09-08T18:13:20
3190982,درازکلا,2026-09-19,باز,1300000,,,,2026-09-08T18:13:20
3190982,درازکلا,2026-09-20,باز,1300000,,,,2026-09-08T18:13:20
3190982,درازکلا,2026-09-21,باز,1300000,,,,2026-09-08T18:13:20
3190982,درازکلا,2026-09-22,باز,1300000,,,,2026-09-08T18:13:20
3190982,درازکلا,2026-09-23,باز,850000,,,بله,2026-09-08T18:13:20
3190982,درازکلا,2026-09-24,باز,850000,,,بله,2026-09-08T18:13:20
3190982,درازکلا,2026-09-25,باز,800000,,,,2026-09-08T18:13:20
3190982,درازکلا,2026-09-26,باز,800000,,,,2026-09-08T18:13:20
3190982,درازکلا,2026-09-27,باز,800000,,,,2026-09-08T18:13:20
3190982,درازکلا,2026-09-28,باز,800000,,,,2026-09-08T18:13:20
3190982,درازکلا,2026-09-29,باز,800000,,,,2026-09-08T18:13:20
3190982,درازکلا,2026-09-30,باز,850000,,,بله,2026-09-08T18:13:20
3190982,درازکلا,2026-10-01,باز,850000,,,بله,2026-09-08T18:13:20
3190982,درازکلا,2026-10-02,باز,800000,,,,2026-09-08T18:13:20
3190982,درازکلا,2026-10-03,باز,800000,,,,2026-09-08T18:13:20
3190982,درازکلا,2026-10-04,باز,800000,,,,2026-09-08T18:13:20
3190982,درازکلا,2026-10-05,باز,800000,,,,2026-09-08T18:13:20
3190982,درازکلا,2026-10-06,باز,800000,,,,2026-09-08T18:13:20
3190982,درازکلا,2026-10-07,باز,850000,,,بله,2026-09-08T18:13:20
3190982,درازکلا,2026-10-08,باز,850000,,,بله,2026-09-08T18:13:20
3191722,فراملک,2026-09-08,بسته (مشاهده‌شده - دلیل نامشخص),1450000,,,,2026-09-08T18:13:22
3191722,فراملک,2026-09-09,بسته (مشاهده‌شده - دلیل نامشخص),1500000,,,بله,2026-09-08T18:13:22
3191722,فراملک,2026-09-10,بسته (مشاهده‌شده - دلیل نامشخص),1850000,,,بله,2026-09-08T18:13:22
3191722,فراملک,2026-09-11,بسته (مشاهده‌شده - دلیل نامشخص),1450000,,,,2026-09-08T18:13:22
3191722,فراملک,2026-09-12,باز,1450000,,,,2026-09-08T18:13:22
3191722,فراملک,2026-09-13,بسته (مشاهده‌شده - دلیل نامشخص),1650000,,,,2026-09-08T18:13:22
3191722,فراملک,2026-09-14,بسته (مشاهده‌شده - دلیل نامشخص),1650000,,,,2026-09-08T18:13:22
3191722,فراملک,2026-09-15,بسته (مشاهده‌شده - دلیل نامشخص),1650000,,,,2026-09-08T18:13:22
3191722,فراملک,2026-09-16,باز,1650000,,,بله,2026-09-08T18:13:22
3191722,فراملک,2026-09-17,باز,1850000,,,بله,2026-09-08T18:13:22
3191722,فراملک,2026-09-18,باز,1650000,,,,2026-09-08T18:13:22
3191722,فراملک,2026-09-19,باز,1650000,,,,2026-09-08T18:13:22
3191722,فراملک,2026-09-20,باز,1650000,,,,2026-09-08T18:13:22
3191722,فراملک,2026-09-21,باز,1650000,,,,2026-09-08T18:13:22
3191722,فراملک,2026-09-22,باز,1650000,,,,2026-09-08T18:13:22
3191722,فراملک,2026-09-23,باز,1300000,,,بله,2026-09-08T18:13:22
3191722,فراملک,2026-09-24,باز,1300000,,,بله,2026-09-08T18:13:22
3191722,فراملک,2026-09-25,باز,1100000,,,,2026-09-08T18:13:22
3191722,فراملک,2026-09-26,باز,1100000,,,,2026-09-08T18:13:22
3191722,فراملک,2026-09-27,باز,1100000,,,,2026-09-08T18:13:22
3191722,فراملک,2026-09-28,باز,1100000,,,,2026-09-08T18:13:22
3191722,فراملک,2026-09-29,باز,1100000,,,,2026-09-08T18:13:22
3191722,فراملک,2026-09-30,باز,1300000,,,بله,2026-09-08T18:13:22
3191722,فراملک,2026-10-01,باز,1300000,,,بله,2026-09-08T18:13:22
3191722,فراملک,2026-10-02,باز,1100000,,,,2026-09-08T18:13:22
3191722,فراملک,2026-10-03,باز,1100000,,,,2026-09-08T18:13:22
3191722,فراملک,2026-10-04,باز,1100000,,,,2026-09-08T18:13:22
3191722,فراملک,2026-10-05,باز,1100000,,,,2026-09-08T18:13:22
3191722,فراملک,2026-10-06,باز,1100000,,,,2026-09-08T18:13:22
3191722,فراملک,2026-10-07,باز,1300000,,,بله,2026-09-08T18:13:22
3191722,فراملک,2026-10-08,باز,1300000,,,بله,2026-09-08T18:13:22
3191901,,2026-09-08,باز,2000000,,,,2026-09-08T18:13:24
3191901,,2026-09-09,باز,2500000,,,بله,2026-09-08T18:13:24
3191901,,2026-09-10,بسته (مشاهده‌شده - دلیل نامشخص),2500000,,,بله,2026-09-08T18:13:24
3191901,,2026-09-11,باز,2000000,,,,2026-09-08T18:13:24
3191901,,2026-09-12,باز,2000000,,,,2026-09-08T18:13:24
3191901,,2026-09-13,باز,2000000,,,,2026-09-08T18:13:24
3191901,,2026-09-14,باز,2000000,,,,2026-09-08T18:13:24
3191901,,2026-09-15,باز,2000000,,,,2026-09-08T18:13:24
3191901,,2026-09-16,باز,2500000,,,بله,2026-09-08T18:13:24
3191901,,2026-09-17,باز,2500000,,,بله,2026-09-08T18:13:24
3191901,,2026-09-18,باز,2000000,,,,2026-09-08T18:13:24
3191901,,2026-09-19,باز,2000000,,,,2026-09-08T18:13:24
3191901,,2026-09-20,باز,2000000,,,,2026-09-08T18:13:24
3191901,,2026-09-21,باز,2000000,,,,2026-09-08T18:13:24
3191901,,2026-09-22,باز,2000000,,,,2026-09-08T18:13:24
3191901,,2026-09-23,باز,1900000,,,بله,2026-09-08T18:13:24
3191901,,2026-09-24,باز,1900000,,,بله,2026-09-08T18:13:24
3191901,,2026-09-25,باز,1500000,,,,2026-09-08T18:13:24
3191901,,2026-09-26,باز,1500000,,,,2026-09-08T18:13:24
3191901,,2026-09-27,باز,1500000,,,,2026-09-08T18:13:24
3191901,,2026-09-28,باز,1500000,,,,2026-09-08T18:13:24
3191901,,2026-09-29,باز,1500000,,,,2026-09-08T18:13:24
3191901,,2026-09-30,باز,1900000,,,بله,2026-09-08T18:13:24
3191901,,2026-10-01,باز,1900000,,,بله,2026-09-08T18:13:24
3191901,,2026-10-02,باز,1500000,,,,2026-09-08T18:13:24
3191901,,2026-10-03,باز,1500000,,,,2026-09-08T18:13:24
3191901,,2026-10-04,باز,1500000,,,,2026-09-08T18:13:24
3191901,,2026-10-05,باز,1500000,,,,2026-09-08T18:13:24
3191901,,2026-10-06,باز,1500000,,,,2026-09-08T18:13:24
3191901,,2026-10-07,باز,1900000,,,بله,2026-09-08T18:13:24
3191901,,2026-10-08,باز,1900000,,,بله,2026-09-08T18:13:24
3191936,مرزیکلا,2026-09-08,بسته (مشاهده‌شده - دلیل نامشخص),2000000,,,,2026-09-08T18:13:26
3191936,مرزیکلا,2026-09-09,بسته (مشاهده‌شده - دلیل نامشخص),2500000,,,بله,2026-09-08T18:13:26
3191936,مرزیکلا,2026-09-10,بسته (مشاهده‌شده - دلیل نامشخص),2500000,,,بله,2026-09-08T18:13:26
3191936,مرزیکلا,2026-09-11,بسته (مشاهده‌شده - دلیل نامشخص),2000000,,,,2026-09-08T18:13:26
3191936,مرزیکلا,2026-09-12,بسته (مشاهده‌شده - دلیل نامشخص),2000000,,,,2026-09-08T18:13:26
3191936,مرزیکلا,2026-09-13,بسته (مشاهده‌شده - دلیل نامشخص),2000000,,,,2026-09-08T18:13:26
3191936,مرزیکلا,2026-09-14,بسته (مشاهده‌شده - دلیل نامشخص),2000000,,,,2026-09-08T18:13:26
3191936,مرزیکلا,2026-09-15,بسته (مشاهده‌شده - دلیل نامشخص),2000000,,,,2026-09-08T18:13:26
3191936,مرزیکلا,2026-09-16,بسته (مشاهده‌شده - دلیل نامشخص),2500000,,,بله,2026-09-08T18:13:26
3191936,مرزیکلا,2026-09-17,بسته (مشاهده‌شده - دلیل نامشخص),2500000,,,بله,2026-09-08T18:13:26
3191936,مرزیکلا,2026-09-18,بسته (مشاهده‌شده - دلیل نامشخص),2000000,,,,2026-09-08T18:13:26
3191936,مرزیکلا,2026-09-19,بسته (مشاهده‌شده - دلیل نامشخص),2000000,,,,2026-09-08T18:13:26
3191936,مرزیکلا,2026-09-20,بسته (مشاهده‌شده - دلیل نامشخص),2000000,,,,2026-09-08T18:13:26
3191936,مرزیکلا,2026-09-21,بسته (مشاهده‌شده - دلیل نامشخص),2000000,,,,2026-09-08T18:13:26
3191936,مرزیکلا,2026-09-22,بسته (مشاهده‌شده - دلیل نامشخص),2000000,,,,2026-09-08T18:13:26
3191936,مرزیکلا,2026-09-23,باز,1200000,,,بله,2026-09-08T18:13:26
3191936,مرزیکلا,2026-09-24,باز,1200000,,,بله,2026-09-08T18:13:26
3191936,مرزیکلا,2026-09-25,باز,1000000,,,,2026-09-08T18:13:26
3191936,مرزیکلا,2026-09-26,باز,1000000,,,,2026-09-08T18:13:26
3191936,مرزیکلا,2026-09-27,باز,1000000,,,,2026-09-08T18:13:26
3191936,مرزیکلا,2026-09-28,باز,1000000,,,,2026-09-08T18:13:26
3191936,مرزیکلا,2026-09-29,باز,1000000,,,,2026-09-08T18:13:26
3191936,مرزیکلا,2026-09-30,باز,1200000,,,بله,2026-09-08T18:13:26
3191936,مرزیکلا,2026-10-01,باز,1200000,,,بله,2026-09-08T18:13:26
3191936,مرزیکلا,2026-10-02,باز,1000000,,,,2026-09-08T18:13:26
3191936,مرزیکلا,2026-10-03,باز,1000000,,,,2026-09-08T18:13:26
3191936,مرزیکلا,2026-10-04,باز,1000000,,,,2026-09-08T18:13:26
3191936,مرزیکلا,2026-10-05,باز,1000000,,,,2026-09-08T18:13:26
3191936,مرزیکلا,2026-10-06,باز,1000000,,,,2026-09-08T18:13:26
3191936,مرزیکلا,2026-10-07,باز,1200000,,,بله,2026-09-08T18:13:26
3191936,مرزیکلا,2026-10-08,باز,1200000,,,بله,2026-09-08T18:13:26
3192015,بابلکنار,2026-09-08,بسته (مشاهده‌شده - دلیل نامشخص),7500000,,,,2026-09-08T18:13:28
3192015,بابلکنار,2026-09-09,باز,12000000,,,بله,2026-09-08T18:13:28
3192015,بابلکنار,2026-09-10,باز,12000000,,,بله,2026-09-08T18:13:28
3192015,بابلکنار,2026-09-11,بسته (مشاهده‌شده - دلیل نامشخص),9000000,,,,2026-09-08T18:13:28
3192015,بابلکنار,2026-09-12,بسته (مشاهده‌شده - دلیل نامشخص),8000000,,,,2026-09-08T18:13:28
3192015,بابلکنار,2026-09-13,باز,8000000,,,,2026-09-08T18:13:28
3192015,بابلکنار,2026-09-14,بسته (مشاهده‌شده - دلیل نامشخص),7500000,,,,2026-09-08T18:13:28
3192015,بابلکنار,2026-09-15,بسته (مشاهده‌شده - دلیل نامشخص),7500000,,,,2026-09-08T18:13:28
3192015,بابلکنار,2026-09-16,باز,12000000,,,بله,2026-09-08T18:13:28
3192015,بابلکنار,2026-09-17,باز,12000000,,,بله,2026-09-08T18:13:28
3192015,بابلکنار,2026-09-18,باز,9000000,,,,2026-09-08T18:13:28
3192015,بابلکنار,2026-09-19,باز,8000000,,,,2026-09-08T18:13:28
3192015,بابلکنار,2026-09-20,باز,8000000,,,,2026-09-08T18:13:28
3192015,بابلکنار,2026-09-21,باز,8000000,,,,2026-09-08T18:13:28
3192015,بابلکنار,2026-09-22,باز,8000000,,,,2026-09-08T18:13:28
3192015,بابلکنار,2026-09-23,باز,11000000,,,بله,2026-09-08T18:13:28
3192015,بابلکنار,2026-09-24,باز,11000000,,,بله,2026-09-08T18:13:28
3192015,بابلکنار,2026-09-25,باز,8000000,,,,2026-09-08T18:13:28
3192015,بابلکنار,2026-09-26,باز,5500000,,,,2026-09-08T18:13:28
3192015,بابلکنار,2026-09-27,باز,5500000,,,,2026-09-08T18:13:28
3192015,بابلکنار,2026-09-28,باز,5500000,,,,2026-09-08T18:13:28
3192015,بابلکنار,2026-09-29,باز,5500000,,,,2026-09-08T18:13:28
3192015,بابلکنار,2026-09-30,باز,8000000,,,بله,2026-09-08T18:13:28
3192015,بابلکنار,2026-10-01,باز,8000000,,,بله,2026-09-08T18:13:28
3192015,بابلکنار,2026-10-02,باز,5500000,,,,2026-09-08T18:13:28
3192015,بابلکنار,2026-10-03,باز,5500000,,,,2026-09-08T18:13:28
3192015,بابلکنار,2026-10-04,باز,5500000,,,,2026-09-08T18:13:28
3192015,بابلکنار,2026-10-05,باز,5500000,,,,2026-09-08T18:13:28
3192015,بابلکنار,2026-10-06,باز,5500000,,,,2026-09-08T18:13:28
3192015,بابلکنار,2026-10-07,باز,8000000,,,بله,2026-09-08T18:13:28
3192015,بابلکنار,2026-10-08,باز,8000000,,,بله,2026-09-08T18:13:28
3192184,کاردرکلا,2026-09-08,بسته (مشاهده‌شده - دلیل نامشخص),6500000,,,,2026-09-08T18:13:29
3192184,کاردرکلا,2026-09-09,بسته (مشاهده‌شده - دلیل نامشخص),6500000,,,,2026-09-08T18:13:29
3192184,کاردرکلا,2026-09-10,بسته (مشاهده‌شده - دلیل نامشخص),8500000,,,بله,2026-09-08T18:13:29
3192184,کاردرکلا,2026-09-11,باز,6500000,,,بله,2026-09-08T18:13:29
3192184,کاردرکلا,2026-09-12,باز,6500000,,,,2026-09-08T18:13:29
3192184,کاردرکلا,2026-09-13,بسته (مشاهده‌شده - دلیل نامشخص),6500000,,,,2026-09-08T18:13:29
3192184,کاردرکلا,2026-09-14,بسته (مشاهده‌شده - دلیل نامشخص),6500000,,,,2026-09-08T18:13:29
3192184,کاردرکلا,2026-09-15,باز,6500000,,,,2026-09-08T18:13:29
3192184,کاردرکلا,2026-09-16,باز,6500000,,,,2026-09-08T18:13:29
3192184,کاردرکلا,2026-09-17,باز,9000000,,,بله,2026-09-08T18:13:29
3192184,کاردرکلا,2026-09-18,باز,6500000,,,بله,2026-09-08T18:13:29
3192184,کاردرکلا,2026-09-19,باز,6500000,,,,2026-09-08T18:13:29
3192184,کاردرکلا,2026-09-20,باز,6500000,,,,2026-09-08T18:13:29
3192184,کاردرکلا,2026-09-21,باز,6500000,,,,2026-09-08T18:13:29
3192184,کاردرکلا,2026-09-22,باز,6500000,,,,2026-09-08T18:13:29
3192184,کاردرکلا,2026-09-23,باز,6000000,,,,2026-09-08T18:13:29
3192184,کاردرکلا,2026-09-24,باز,7500000,,,بله,2026-09-08T18:13:29
3192184,کاردرکلا,2026-09-25,باز,5700000,,,بله,2026-09-08T18:13:29
3192184,کاردرکلا,2026-09-26,باز,4500000,,,,2026-09-08T18:13:29
3192184,کاردرکلا,2026-09-27,باز,4500000,,,,2026-09-08T18:13:29
3192184,کاردرکلا,2026-09-28,باز,4500000,,,,2026-09-08T18:13:29
3192184,کاردرکلا,2026-09-29,باز,4500000,,,,2026-09-08T18:13:29
3192184,کاردرکلا,2026-09-30,باز,4500000,,,,2026-09-08T18:13:29
3192184,کاردرکلا,2026-10-01,باز,5700000,,,بله,2026-09-08T18:13:29
3192184,کاردرکلا,2026-10-02,باز,5700000,,,بله,2026-09-08T18:13:29
3192184,کاردرکلا,2026-10-03,باز,4500000,,,,2026-09-08T18:13:29
3192184,کاردرکلا,2026-10-04,باز,4500000,,,,2026-09-08T18:13:29
3192184,کاردرکلا,2026-10-05,باز,4500000,,,,2026-09-08T18:13:29
3192184,کاردرکلا,2026-10-06,باز,4500000,,,,2026-09-08T18:13:29
3192184,کاردرکلا,2026-10-07,باز,4500000,,,,2026-09-08T18:13:29
3192184,کاردرکلا,2026-10-08,باز,5700000,,,بله,2026-09-08T18:13:29
3192700,بابلکنار,2026-09-08,بسته (مشاهده‌شده - دلیل نامشخص),3000000,,,,2026-09-08T18:13:31
3192700,بابلکنار,2026-09-09,بسته (مشاهده‌شده - دلیل نامشخص),4200000,,,بله,2026-09-08T18:13:31
3192700,بابلکنار,2026-09-10,باز,4200000,,,بله,2026-09-08T18:13:31
3192700,بابلکنار,2026-09-11,باز,3000000,,,,2026-09-08T18:13:31
3192700,بابلکنار,2026-09-12,باز,3000000,,,,2026-09-08T18:13:31
3192700,بابلکنار,2026-09-13,باز,3000000,,,,2026-09-08T18:13:31
3192700,بابلکنار,2026-09-14,باز,3000000,,,,2026-09-08T18:13:31
3192700,بابلکنار,2026-09-15,باز,3000000,,,,2026-09-08T18:13:31
3192700,بابلکنار,2026-09-16,باز,4200000,,,بله,2026-09-08T18:13:31
3192700,بابلکنار,2026-09-17,باز,4200000,,,بله,2026-09-08T18:13:31
3192700,بابلکنار,2026-09-18,باز,3000000,,,,2026-09-08T18:13:31
3192700,بابلکنار,2026-09-19,باز,3000000,,,,2026-09-08T18:13:31
3192700,بابلکنار,2026-09-20,باز,3000000,,,,2026-09-08T18:13:31
3192700,بابلکنار,2026-09-21,باز,3000000,,,,2026-09-08T18:13:31
3192700,بابلکنار,2026-09-22,باز,3000000,,,,2026-09-08T18:13:31
3192700,بابلکنار,2026-09-23,باز,2100000,,,بله,2026-09-08T18:13:31
3192700,بابلکنار,2026-09-24,باز,2100000,,,بله,2026-09-08T18:13:31
3192700,بابلکنار,2026-09-25,باز,1700000,,,,2026-09-08T18:13:31
3192700,بابلکنار,2026-09-26,باز,1700000,,,,2026-09-08T18:13:31
3192700,بابلکنار,2026-09-27,باز,1700000,,,,2026-09-08T18:13:31
3192700,بابلکنار,2026-09-28,باز,1700000,,,,2026-09-08T18:13:31
3192700,بابلکنار,2026-09-29,باز,1700000,,,,2026-09-08T18:13:31
3192700,بابلکنار,2026-09-30,باز,2100000,,,بله,2026-09-08T18:13:31
3192700,بابلکنار,2026-10-01,باز,2100000,,,بله,2026-09-08T18:13:31
3192700,بابلکنار,2026-10-02,باز,1700000,,,,2026-09-08T18:13:31
3192700,بابلکنار,2026-10-03,باز,1700000,,,,2026-09-08T18:13:31
3192700,بابلکنار,2026-10-04,باز,1700000,,,,2026-09-08T18:13:31
3192700,بابلکنار,2026-10-05,باز,1700000,,,,2026-09-08T18:13:31
3192700,بابلکنار,2026-10-06,باز,1700000,,,,2026-09-08T18:13:31
3192700,بابلکنار,2026-10-07,باز,2100000,,,بله,2026-09-08T18:13:31
3192700,بابلکنار,2026-10-08,باز,2100000,,,بله,2026-09-08T18:13:31
3193647,کاردرکلا,2026-09-08,باز,3200000,,,,2026-09-08T18:13:37
3193647,کاردرکلا,2026-09-09,باز,4300000,,,بله,2026-09-08T18:13:37
3193647,کاردرکلا,2026-09-10,باز,4300000,,,بله,2026-09-08T18:13:37
3193647,کاردرکلا,2026-09-11,باز,3200000,,,,2026-09-08T18:13:37
3193647,کاردرکلا,2026-09-12,باز,3200000,,,,2026-09-08T18:13:37
3193647,کاردرکلا,2026-09-13,باز,3200000,,,,2026-09-08T18:13:37
3193647,کاردرکلا,2026-09-14,باز,3200000,,,,2026-09-08T18:13:37
3193647,کاردرکلا,2026-09-15,باز,3200000,,,,2026-09-08T18:13:37
3193647,کاردرکلا,2026-09-16,باز,4300000,,,بله,2026-09-08T18:13:37
3193647,کاردرکلا,2026-09-17,باز,4300000,,,بله,2026-09-08T18:13:37
3193647,کاردرکلا,2026-09-18,باز,3200000,,,,2026-09-08T18:13:37
3193647,کاردرکلا,2026-09-19,باز,3200000,,,,2026-09-08T18:13:37
3193647,کاردرکلا,2026-09-20,باز,3200000,,,,2026-09-08T18:13:37
3193647,کاردرکلا,2026-09-21,باز,3200000,,,,2026-09-08T18:13:37
3193647,کاردرکلا,2026-09-22,باز,3200000,,,,2026-09-08T18:13:37
3193647,کاردرکلا,2026-09-23,باز,4100000,,,بله,2026-09-08T18:13:37
3193647,کاردرکلا,2026-09-24,باز,4100000,,,بله,2026-09-08T18:13:37
3193647,کاردرکلا,2026-09-25,باز,3200000,,,,2026-09-08T18:13:37
3193647,کاردرکلا,2026-09-26,باز,3200000,,,,2026-09-08T18:13:37
3193647,کاردرکلا,2026-09-27,باز,3200000,,,,2026-09-08T18:13:37
3193647,کاردرکلا,2026-09-28,باز,3200000,,,,2026-09-08T18:13:37
3193647,کاردرکلا,2026-09-29,باز,3200000,,,,2026-09-08T18:13:37
3193647,کاردرکلا,2026-09-30,باز,4100000,,,بله,2026-09-08T18:13:37
3193647,کاردرکلا,2026-10-01,باز,4100000,,,بله,2026-09-08T18:13:37
3193647,کاردرکلا,2026-10-02,باز,3200000,,,,2026-09-08T18:13:37
3193647,کاردرکلا,2026-10-03,باز,3200000,,,,2026-09-08T18:13:37
3193647,کاردرکلا,2026-10-04,باز,3200000,,,,2026-09-08T18:13:37
3193647,کاردرکلا,2026-10-05,باز,3200000,,,,2026-09-08T18:13:37
3193647,کاردرکلا,2026-10-06,باز,3200000,,,,2026-09-08T18:13:37
3193647,کاردرکلا,2026-10-07,باز,4100000,,,بله,2026-09-08T18:13:37
3193647,کاردرکلا,2026-10-08,باز,4100000,,,بله,2026-09-08T18:13:37
3193879,بابلکنار,2026-09-08,بسته (مشاهده‌شده - دلیل نامشخص),3550000,,,,2026-09-08T18:14:05
3193879,بابلکنار,2026-09-09,بسته (مشاهده‌شده - دلیل نامشخص),3550000,,,بله,2026-09-08T18:14:05
3193879,بابلکنار,2026-09-10,بسته (مشاهده‌شده - دلیل نامشخص),3550000,,,بله,2026-09-08T18:14:05
3193879,بابلکنار,2026-09-11,باز,3550000,,,,2026-09-08T18:14:05
3193879,بابلکنار,2026-09-12,باز,3850000,,,,2026-09-08T18:14:05
3193879,بابلکنار,2026-09-13,باز,3850000,,,,2026-09-08T18:14:05
3193879,بابلکنار,2026-09-14,باز,3850000,,,,2026-09-08T18:14:05
3193879,بابلکنار,2026-09-15,باز,3850000,,,,2026-09-08T18:14:05
3193879,بابلکنار,2026-09-16,باز,3850000,,,بله,2026-09-08T18:14:05
3193879,بابلکنار,2026-09-17,بسته (مشاهده‌شده - دلیل نامشخص),3850000,,,بله,2026-09-08T18:14:05
3193879,بابلکنار,2026-09-18,بسته (مشاهده‌شده - دلیل نامشخص),3850000,,,,2026-09-08T18:14:05
3193879,بابلکنار,2026-09-19,بسته (مشاهده‌شده - دلیل نامشخص),3850000,,,,2026-09-08T18:14:05
3193879,بابلکنار,2026-09-20,باز,3850000,,,,2026-09-08T18:14:05
3193879,بابلکنار,2026-09-21,باز,3850000,,,,2026-09-08T18:14:05
3193879,بابلکنار,2026-09-22,باز,3850000,,,,2026-09-08T18:14:05
3193879,بابلکنار,2026-09-23,باز,2990000,,,بله,2026-09-08T18:14:05
3193879,بابلکنار,2026-09-24,باز,3550000,,,بله,2026-09-08T18:14:05
3193879,بابلکنار,2026-09-25,باز,2990000,,,,2026-09-08T18:14:05
3193879,بابلکنار,2026-09-26,باز,2990000,,,,2026-09-08T18:14:05
3193879,بابلکنار,2026-09-27,باز,2990000,,,,2026-09-08T18:14:05
3193879,بابلکنار,2026-09-28,باز,2990000,,,,2026-09-08T18:14:05
3193879,بابلکنار,2026-09-29,باز,2990000,,,,2026-09-08T18:14:05
3193879,بابلکنار,2026-09-30,باز,2990000,,,بله,2026-09-08T18:14:05
3193879,بابلکنار,2026-10-01,باز,3550000,,,بله,2026-09-08T18:14:05
3193879,بابلکنار,2026-10-02,باز,2990000,,,,2026-09-08T18:14:05
3193879,بابلکنار,2026-10-03,باز,2990000,,,,2026-09-08T18:14:05
3193879,بابلکنار,2026-10-04,باز,2990000,,,,2026-09-08T18:14:05
3193879,بابلکنار,2026-10-05,باز,2990000,,,,2026-09-08T18:14:05
3193879,بابلکنار,2026-10-06,باز,2990000,,,,2026-09-08T18:14:05
3193879,بابلکنار,2026-10-07,باز,2990000,,,بله,2026-09-08T18:14:05
3193879,بابلکنار,2026-10-08,باز,3550000,,,بله,2026-09-08T18:14:05
3194108,لفور,2026-09-08,بسته (مشاهده‌شده - دلیل نامشخص),4700000,,,,2026-09-08T18:14:10
3194108,لفور,2026-09-09,بسته (مشاهده‌شده - دلیل نامشخص),6000000,,,بله,2026-09-08T18:14:10
3194108,لفور,2026-09-10,بسته (مشاهده‌شده - دلیل نامشخص),6000000,,,بله,2026-09-08T18:14:10
3194108,لفور,2026-09-11,باز,5500000,,,,2026-09-08T18:14:10
3194108,لفور,2026-09-12,باز,5500000,,,,2026-09-08T18:14:10
3194108,لفور,2026-09-13,باز,5500000,,,,2026-09-08T18:14:10
3194108,لفور,2026-09-14,باز,5500000,,,,2026-09-08T18:14:10
3194108,لفور,2026-09-15,باز,5500000,,,,2026-09-08T18:14:10
3194108,لفور,2026-09-16,باز,6000000,,,بله,2026-09-08T18:14:10
3194108,لفور,2026-09-17,باز,6000000,,,بله,2026-09-08T18:14:10
3194108,لفور,2026-09-18,باز,6000000,,,,2026-09-08T18:14:10
3194108,لفور,2026-09-19,باز,6000000,,,,2026-09-08T18:14:10
3194108,لفور,2026-09-20,باز,6000000,,,,2026-09-08T18:14:10
3194108,لفور,2026-09-21,باز,6000000,,,,2026-09-08T18:14:10
3194108,لفور,2026-09-22,باز,6000000,,,,2026-09-08T18:14:10
3194108,لفور,2026-09-23,باز,5200000,,,بله,2026-09-08T18:14:10
3194108,لفور,2026-09-24,باز,5200000,,,بله,2026-09-08T18:14:10
3194108,لفور,2026-09-25,باز,2950000,,,,2026-09-08T18:14:10
3194108,لفور,2026-09-26,باز,2950000,,,,2026-09-08T18:14:10
3194108,لفور,2026-09-27,باز,2950000,,,,2026-09-08T18:14:10
3194108,لفور,2026-09-28,باز,2950000,,,,2026-09-08T18:14:10
3194108,لفور,2026-09-29,باز,2950000,,,,2026-09-08T18:14:10
3194108,لفور,2026-09-30,باز,3500000,,,بله,2026-09-08T18:14:10
3194108,لفور,2026-10-01,باز,3500000,,,بله,2026-09-08T18:14:10
3194108,لفور,2026-10-02,باز,2950000,,,,2026-09-08T18:14:10
3194108,لفور,2026-10-03,باز,2950000,,,,2026-09-08T18:14:10
3194108,لفور,2026-10-04,باز,2950000,,,,2026-09-08T18:14:10
3194108,لفور,2026-10-05,باز,2950000,,,,2026-09-08T18:14:10
3194108,لفور,2026-10-06,باز,2950000,,,,2026-09-08T18:14:10
3194108,لفور,2026-10-07,باز,3500000,,,بله,2026-09-08T18:14:10
3194108,لفور,2026-10-08,باز,3500000,,,بله,2026-09-08T18:14:10
3194695,سیادرکا,2026-09-08,بسته (مشاهده‌شده - دلیل نامشخص),2370000,,,,2026-09-08T18:14:12
3194695,سیادرکا,2026-09-09,بسته (مشاهده‌شده - دلیل نامشخص),2970000,,,بله,2026-09-08T18:14:12
3194695,سیادرکا,2026-09-10,بسته (مشاهده‌شده - دلیل نامشخص),3100000,,,بله,2026-09-08T18:14:12
3194695,سیادرکا,2026-09-11,بسته (مشاهده‌شده - دلیل نامشخص),2970000,,,,2026-09-08T18:14:12
3194695,سیادرکا,2026-09-12,بسته (مشاهده‌شده - دلیل نامشخص),2370000,,,,2026-09-08T18:14:12
3194695,سیادرکا,2026-09-13,بسته (مشاهده‌شده - دلیل نامشخص),2370000,,,,2026-09-08T18:14:12
3194695,سیادرکا,2026-09-14,بسته (مشاهده‌شده - دلیل نامشخص),2670000,,,,2026-09-08T18:14:12
3194695,سیادرکا,2026-09-15,بسته (مشاهده‌شده - دلیل نامشخص),2670000,,,,2026-09-08T18:14:12
3194695,سیادرکا,2026-09-16,باز,3100000,,,بله,2026-09-08T18:14:12
3194695,سیادرکا,2026-09-17,بسته (مشاهده‌شده - دلیل نامشخص),2970000,,,بله,2026-09-08T18:14:12
3194695,سیادرکا,2026-09-18,باز,3100000,,,,2026-09-08T18:14:12
3194695,سیادرکا,2026-09-19,باز,2670000,,,,2026-09-08T18:14:12
3194695,سیادرکا,2026-09-20,باز,2670000,,,,2026-09-08T18:14:12
3194695,سیادرکا,2026-09-21,باز,2670000,,,,2026-09-08T18:14:12
3194695,سیادرکا,2026-09-22,باز,2670000,,,,2026-09-08T18:14:12
3194695,سیادرکا,2026-09-23,بسته (مشاهده‌شده - دلیل نامشخص),1800000,,,بله,2026-09-08T18:14:12
3194695,سیادرکا,2026-09-24,بسته (مشاهده‌شده - دلیل نامشخص),1800000,,,بله,2026-09-08T18:14:12
3194695,سیادرکا,2026-09-25,باز,2970000,,,,2026-09-08T18:14:12
3194695,سیادرکا,2026-09-26,باز,2690000,,,,2026-09-08T18:14:12
3194695,سیادرکا,2026-09-27,باز,2690000,,,,2026-09-08T18:14:12
3194695,سیادرکا,2026-09-28,باز,2690000,,,,2026-09-08T18:14:12
3194695,سیادرکا,2026-09-29,باز,2690000,,,,2026-09-08T18:14:12
3194695,سیادرکا,2026-09-30,بسته (مشاهده‌شده - دلیل نامشخص),1800000,,,بله,2026-09-08T18:14:12
3194695,سیادرکا,2026-10-01,بسته (مشاهده‌شده - دلیل نامشخص),1800000,,,بله,2026-09-08T18:14:12
3194695,سیادرکا,2026-10-02,باز,2970000,,,,2026-09-08T18:14:12
3194695,سیادرکا,2026-10-03,باز,2690000,,,,2026-09-08T18:14:12
3194695,سیادرکا,2026-10-04,باز,2690000,,,,2026-09-08T18:14:12
3194695,سیادرکا,2026-10-05,باز,2690000,,,,2026-09-08T18:14:12
3194695,سیادرکا,2026-10-06,باز,2690000,,,,2026-09-08T18:14:12
3194695,سیادرکا,2026-10-07,باز,2970000,,,بله,2026-09-08T18:14:12
3194695,سیادرکا,2026-10-08,باز,2970000,,,بله,2026-09-08T18:14:12
3194752,کاردرکلا,2026-09-08,بسته (مشاهده‌شده - دلیل نامشخص),3300000,,,,2026-09-08T18:14:14
3194752,کاردرکلا,2026-09-09,بسته (مشاهده‌شده - دلیل نامشخص),4000000,,,بله,2026-09-08T18:14:14
3194752,کاردرکلا,2026-09-10,بسته (مشاهده‌شده - دلیل نامشخص),4000000,,,بله,2026-09-08T18:14:14
3194752,کاردرکلا,2026-09-11,باز,3300000,,,,2026-09-08T18:14:14
3194752,کاردرکلا,2026-09-12,باز,3300000,,,,2026-09-08T18:14:14
3194752,کاردرکلا,2026-09-13,باز,3300000,,,,2026-09-08T18:14:14
3194752,کاردرکلا,2026-09-14,باز,3300000,,,,2026-09-08T18:14:14
3194752,کاردرکلا,2026-09-15,باز,3300000,,,,2026-09-08T18:14:14
3194752,کاردرکلا,2026-09-16,باز,4000000,,,بله,2026-09-08T18:14:14
3194752,کاردرکلا,2026-09-17,باز,4000000,,,بله,2026-09-08T18:14:14
3194752,کاردرکلا,2026-09-18,باز,3300000,,,,2026-09-08T18:14:14
3194752,کاردرکلا,2026-09-19,باز,3300000,,,,2026-09-08T18:14:14
3194752,کاردرکلا,2026-09-20,باز,3300000,,,,2026-09-08T18:14:14
3194752,کاردرکلا,2026-09-21,باز,3300000,,,,2026-09-08T18:14:14
3194752,کاردرکلا,2026-09-22,باز,3300000,,,,2026-09-08T18:14:14
3194752,کاردرکلا,2026-09-23,باز,4000000,,,بله,2026-09-08T18:14:14
3194752,کاردرکلا,2026-09-24,باز,4000000,,,بله,2026-09-08T18:14:14
3194752,کاردرکلا,2026-09-25,باز,2200000,,,,2026-09-08T18:14:14
3194752,کاردرکلا,2026-09-26,باز,2200000,,,,2026-09-08T18:14:14
3194752,کاردرکلا,2026-09-27,باز,2200000,,,,2026-09-08T18:14:14
3194752,کاردرکلا,2026-09-28,باز,2200000,,,,2026-09-08T18:14:14
3194752,کاردرکلا,2026-09-29,باز,2200000,,,,2026-09-08T18:14:14
3194752,کاردرکلا,2026-09-30,باز,4000000,,,بله,2026-09-08T18:14:14
3194752,کاردرکلا,2026-10-01,باز,4000000,,,بله,2026-09-08T18:14:14
3194752,کاردرکلا,2026-10-02,باز,2200000,,,,2026-09-08T18:14:14
3194752,کاردرکلا,2026-10-03,باز,2200000,,,,2026-09-08T18:14:14
3194752,کاردرکلا,2026-10-04,باز,2200000,,,,2026-09-08T18:14:14
3194752,کاردرکلا,2026-10-05,باز,2200000,,,,2026-09-08T18:14:14
3194752,کاردرکلا,2026-10-06,باز,2200000,,,,2026-09-08T18:14:14
3194752,کاردرکلا,2026-10-07,باز,4000000,,,بله,2026-09-08T18:14:14
3194752,کاردرکلا,2026-10-08,باز,4000000,,,بله,2026-09-08T18:14:14
3194884,سیادرکا,2026-09-08,بسته (مشاهده‌شده - دلیل نامشخص),1800000,,,,2026-09-08T18:14:17
3194884,سیادرکا,2026-09-09,بسته (مشاهده‌شده - دلیل نامشخص),2500000,,,بله,2026-09-08T18:14:17
3194884,سیادرکا,2026-09-10,بسته (مشاهده‌شده - دلیل نامشخص),2500000,,,بله,2026-09-08T18:14:17
3194884,سیادرکا,2026-09-11,باز,1800000,,,,2026-09-08T18:14:17
3194884,سیادرکا,2026-09-12,بسته (مشاهده‌شده - دلیل نامشخص),1800000,,,,2026-09-08T18:14:17
3194884,سیادرکا,2026-09-13,بسته (مشاهده‌شده - دلیل نامشخص),1800000,,,,2026-09-08T18:14:17
3194884,سیادرکا,2026-09-14,باز,1800000,,,,2026-09-08T18:14:17
3194884,سیادرکا,2026-09-15,باز,1800000,,,,2026-09-08T18:14:17
3194884,سیادرکا,2026-09-16,باز,2500000,,,بله,2026-09-08T18:14:17
3194884,سیادرکا,2026-09-17,باز,2500000,,,بله,2026-09-08T18:14:17
3194884,سیادرکا,2026-09-18,باز,1800000,,,,2026-09-08T18:14:17
3194884,سیادرکا,2026-09-19,باز,1800000,,,,2026-09-08T18:14:17
3194884,سیادرکا,2026-09-20,باز,1800000,,,,2026-09-08T18:14:17
3194884,سیادرکا,2026-09-21,باز,1800000,,,,2026-09-08T18:14:17
3194884,سیادرکا,2026-09-22,باز,1800000,,,,2026-09-08T18:14:17
3194884,سیادرکا,2026-09-23,باز,1400000,,,بله,2026-09-08T18:14:17
3194884,سیادرکا,2026-09-24,باز,1400000,,,بله,2026-09-08T18:14:17
3194884,سیادرکا,2026-09-25,باز,1200000,,,,2026-09-08T18:14:17
3194884,سیادرکا,2026-09-26,باز,1200000,,,,2026-09-08T18:14:17
3194884,سیادرکا,2026-09-27,باز,1200000,,,,2026-09-08T18:14:17
3194884,سیادرکا,2026-09-28,باز,1200000,,,,2026-09-08T18:14:17
3194884,سیادرکا,2026-09-29,باز,1200000,,,,2026-09-08T18:14:17
3194884,سیادرکا,2026-09-30,باز,1400000,,,بله,2026-09-08T18:14:17
3194884,سیادرکا,2026-10-01,باز,1400000,,,بله,2026-09-08T18:14:17
3194884,سیادرکا,2026-10-02,باز,1200000,,,,2026-09-08T18:14:17
3194884,سیادرکا,2026-10-03,باز,1200000,,,,2026-09-08T18:14:17
3194884,سیادرکا,2026-10-04,باز,1200000,,,,2026-09-08T18:14:17
3194884,سیادرکا,2026-10-05,باز,1200000,,,,2026-09-08T18:14:17
3194884,سیادرکا,2026-10-06,باز,1200000,,,,2026-09-08T18:14:17
3194884,سیادرکا,2026-10-07,باز,1400000,,,بله,2026-09-08T18:14:17
3194884,سیادرکا,2026-10-08,باز,1400000,,,بله,2026-09-08T18:14:17
3195220,سیدکلا,2026-09-08,باز,3500000,,,,2026-09-08T18:14:24
3195220,سیدکلا,2026-09-09,باز,4000000,,,بله,2026-09-08T18:14:24
3195220,سیدکلا,2026-09-10,باز,6000000,,,بله,2026-09-08T18:14:24
3195220,سیدکلا,2026-09-11,باز,3500000,,,,2026-09-08T18:14:24
3195220,سیدکلا,2026-09-12,باز,3500000,,,,2026-09-08T18:14:24
3195220,سیدکلا,2026-09-13,باز,3500000,,,,2026-09-08T18:14:24
3195220,سیدکلا,2026-09-14,باز,3500000,,,,2026-09-08T18:14:24
3195220,سیدکلا,2026-09-15,باز,3500000,,,,2026-09-08T18:14:24
3195220,سیدکلا,2026-09-16,باز,4000000,,,بله,2026-09-08T18:14:24
3195220,سیدکلا,2026-09-17,باز,6000000,,,بله,2026-09-08T18:14:24
3195220,سیدکلا,2026-09-18,باز,3500000,,,,2026-09-08T18:14:24
3195220,سیدکلا,2026-09-19,باز,3500000,,,,2026-09-08T18:14:24
3195220,سیدکلا,2026-09-20,باز,3500000,,,,2026-09-08T18:14:24
3195220,سیدکلا,2026-09-21,باز,3500000,,,,2026-09-08T18:14:24
3195220,سیدکلا,2026-09-22,باز,3500000,,,,2026-09-08T18:14:24
3195220,سیدکلا,2026-09-23,باز,3800000,,,بله,2026-09-08T18:14:24
3195220,سیدکلا,2026-09-24,باز,3800000,,,بله,2026-09-08T18:14:24
3195220,سیدکلا,2026-09-25,باز,2000000,,,,2026-09-08T18:14:24
3195220,سیدکلا,2026-09-26,باز,2000000,,,,2026-09-08T18:14:24
3195220,سیدکلا,2026-09-27,باز,2000000,,,,2026-09-08T18:14:24
3195220,سیدکلا,2026-09-28,باز,2000000,,,,2026-09-08T18:14:24
3195220,سیدکلا,2026-09-29,باز,2000000,,,,2026-09-08T18:14:24
3195220,سیدکلا,2026-09-30,باز,3800000,,,بله,2026-09-08T18:14:24
3195220,سیدکلا,2026-10-01,باز,3800000,,,بله,2026-09-08T18:14:24
3195220,سیدکلا,2026-10-02,باز,2000000,,,,2026-09-08T18:14:24
3195220,سیدکلا,2026-10-03,باز,2000000,,,,2026-09-08T18:14:24
3195220,سیدکلا,2026-10-04,باز,2000000,,,,2026-09-08T18:14:24
3195220,سیدکلا,2026-10-05,باز,2000000,,,,2026-09-08T18:14:24
3195220,سیدکلا,2026-10-06,باز,2000000,,,,2026-09-08T18:14:24
3195220,سیدکلا,2026-10-07,باز,3800000,,,بله,2026-09-08T18:14:24
3195220,سیدکلا,2026-10-08,باز,3800000,,,بله,2026-09-08T18:14:24
3195657,لفور,2026-09-08,بسته (مشاهده‌شده - دلیل نامشخص),2800000,10,,,2026-09-08T18:14:26
3195657,لفور,2026-09-09,بسته (مشاهده‌شده - دلیل نامشخص),3500000,10,,بله,2026-09-08T18:14:26
3195657,لفور,2026-09-10,بسته (مشاهده‌شده - دلیل نامشخص),4000000,10,,بله,2026-09-08T18:14:26
3195657,لفور,2026-09-11,بسته (مشاهده‌شده - دلیل نامشخص),2800000,,,,2026-09-08T18:14:26
3195657,لفور,2026-09-12,بسته (مشاهده‌شده - دلیل نامشخص),2800000,,,,2026-09-08T18:14:26
3195657,لفور,2026-09-13,بسته (مشاهده‌شده - دلیل نامشخص),2800000,,,,2026-09-08T18:14:26
3195657,لفور,2026-09-14,بسته (مشاهده‌شده - دلیل نامشخص),2800000,,,,2026-09-08T18:14:26
3195657,لفور,2026-09-15,باز,2800000,,,,2026-09-08T18:14:26
3195657,لفور,2026-09-16,باز,3500000,,,بله,2026-09-08T18:14:26
3195657,لفور,2026-09-17,باز,4000000,,,بله,2026-09-08T18:14:26
3195657,لفور,2026-09-18,باز,2800000,,,,2026-09-08T18:14:26
3195657,لفور,2026-09-19,باز,2800000,,,,2026-09-08T18:14:26
3195657,لفور,2026-09-20,باز,2800000,,,,2026-09-08T18:14:26
3195657,لفور,2026-09-21,باز,2800000,,,,2026-09-08T18:14:26
3195657,لفور,2026-09-22,باز,2800000,,,,2026-09-08T18:14:26
3195657,لفور,2026-09-23,باز,3400000,,,بله,2026-09-08T18:14:26
3195657,لفور,2026-09-24,باز,3400000,,,بله,2026-09-08T18:14:26
3195657,لفور,2026-09-25,باز,2200000,,,,2026-09-08T18:14:26
3195657,لفور,2026-09-26,باز,2200000,,,,2026-09-08T18:14:26
3195657,لفور,2026-09-27,باز,2200000,,,,2026-09-08T18:14:26
3195657,لفور,2026-09-28,باز,2200000,,,,2026-09-08T18:14:26
3195657,لفور,2026-09-29,باز,2200000,,,,2026-09-08T18:14:26
3195657,لفور,2026-09-30,باز,3400000,,,بله,2026-09-08T18:14:26
3195657,لفور,2026-10-01,باز,3400000,,,بله,2026-09-08T18:14:26
3195657,لفور,2026-10-02,باز,2200000,,,,2026-09-08T18:14:26
3195657,لفور,2026-10-03,باز,2200000,,,,2026-09-08T18:14:26
3195657,لفور,2026-10-04,باز,2200000,,,,2026-09-08T18:14:26
3195657,لفور,2026-10-05,باز,2200000,,,,2026-09-08T18:14:26
3195657,لفور,2026-10-06,باز,2200000,,,,2026-09-08T18:14:26
3195657,لفور,2026-10-07,باز,3400000,,,بله,2026-09-08T18:14:26
3195657,لفور,2026-10-08,باز,3400000,,,بله,2026-09-08T18:14:26
3195933,سیدکلا,2026-09-08,باز,2500000,,,,2026-09-08T18:14:28
3195933,سیدکلا,2026-09-09,باز,3500000,,,بله,2026-09-08T18:14:28
3195933,سیدکلا,2026-09-10,باز,5000000,,,بله,2026-09-08T18:14:28
3195933,سیدکلا,2026-09-11,باز,2500000,,,,2026-09-08T18:14:28
3195933,سیدکلا,2026-09-12,باز,2500000,,,,2026-09-08T18:14:28
3195933,سیدکلا,2026-09-13,باز,2500000,,,,2026-09-08T18:14:28
3195933,سیدکلا,2026-09-14,باز,2500000,,,,2026-09-08T18:14:28
3195933,سیدکلا,2026-09-15,باز,2500000,,,,2026-09-08T18:14:28
3195933,سیدکلا,2026-09-16,باز,3500000,,,بله,2026-09-08T18:14:28
3195933,سیدکلا,2026-09-17,باز,5000000,,,بله,2026-09-08T18:14:28
3195933,سیدکلا,2026-09-18,باز,2500000,,,,2026-09-08T18:14:28
3195933,سیدکلا,2026-09-19,باز,2500000,,,,2026-09-08T18:14:28
3195933,سیدکلا,2026-09-20,باز,2500000,,,,2026-09-08T18:14:28
3195933,سیدکلا,2026-09-21,باز,2500000,,,,2026-09-08T18:14:28
3195933,سیدکلا,2026-09-22,باز,2500000,,,,2026-09-08T18:14:28
3195933,سیدکلا,2026-09-23,باز,2800000,,,بله,2026-09-08T18:14:28
3195933,سیدکلا,2026-09-24,باز,2800000,,,بله,2026-09-08T18:14:28
3195933,سیدکلا,2026-09-25,باز,1800000,,,,2026-09-08T18:14:28
3195933,سیدکلا,2026-09-26,باز,1800000,,,,2026-09-08T18:14:28
3195933,سیدکلا,2026-09-27,باز,1800000,,,,2026-09-08T18:14:28
3195933,سیدکلا,2026-09-28,باز,1800000,,,,2026-09-08T18:14:28
3195933,سیدکلا,2026-09-29,باز,1800000,,,,2026-09-08T18:14:28
3195933,سیدکلا,2026-09-30,باز,2800000,,,بله,2026-09-08T18:14:28
3195933,سیدکلا,2026-10-01,باز,2800000,,,بله,2026-09-08T18:14:28
3195933,سیدکلا,2026-10-02,باز,1800000,,,,2026-09-08T18:14:28
3195933,سیدکلا,2026-10-03,باز,1800000,,,,2026-09-08T18:14:28
3195933,سیدکلا,2026-10-04,باز,1800000,,,,2026-09-08T18:14:28
3195933,سیدکلا,2026-10-05,باز,1800000,,,,2026-09-08T18:14:28
3195933,سیدکلا,2026-10-06,باز,1800000,,,,2026-09-08T18:14:28
3195933,سیدکلا,2026-10-07,باز,2800000,,,بله,2026-09-08T18:14:28
3195933,سیدکلا,2026-10-08,باز,2800000,,,بله,2026-09-08T18:14:28
3196659,مرزیکلا,2026-09-08,بسته (مشاهده‌شده - دلیل نامشخص),2500000,,,,2026-09-08T18:14:31
3196659,مرزیکلا,2026-09-09,بسته (مشاهده‌شده - دلیل نامشخص),3500000,,,بله,2026-09-08T18:14:31
3196659,مرزیکلا,2026-09-10,بسته (مشاهده‌شده - دلیل نامشخص),3400000,,,بله,2026-09-08T18:14:31
3196659,مرزیکلا,2026-09-11,باز,3300000,,,,2026-09-08T18:14:31
3196659,مرزیکلا,2026-09-12,باز,3300000,,,,2026-09-08T18:14:31
3196659,مرزیکلا,2026-09-13,باز,3300000,,,,2026-09-08T18:14:31
3196659,مرزیکلا,2026-09-14,باز,3300000,,,,2026-09-08T18:14:31
3196659,مرزیکلا,2026-09-15,باز,3300000,,,,2026-09-08T18:14:31
3196659,مرزیکلا,2026-09-16,باز,3700000,,,بله,2026-09-08T18:14:31
3196659,مرزیکلا,2026-09-17,باز,3400000,,,بله,2026-09-08T18:14:31
3196659,مرزیکلا,2026-09-18,باز,3300000,,,,2026-09-08T18:14:31
3196659,مرزیکلا,2026-09-19,باز,3300000,,,,2026-09-08T18:14:31
3196659,مرزیکلا,2026-09-20,باز,3300000,,,,2026-09-08T18:14:31
3196659,مرزیکلا,2026-09-21,باز,3300000,,,,2026-09-08T18:14:31
3196659,مرزیکلا,2026-09-22,باز,3300000,,,,2026-09-08T18:14:31
3196659,مرزیکلا,2026-09-23,باز,3700000,,,بله,2026-09-08T18:14:31
3196659,مرزیکلا,2026-09-24,باز,3700000,,,بله,2026-09-08T18:14:31
3196659,مرزیکلا,2026-09-25,باز,2000000,,,,2026-09-08T18:14:31
3196659,مرزیکلا,2026-09-26,باز,2000000,,,,2026-09-08T18:14:31
3196659,مرزیکلا,2026-09-27,باز,2000000,,,,2026-09-08T18:14:31
3196659,مرزیکلا,2026-09-28,باز,2000000,,,,2026-09-08T18:14:31
3196659,مرزیکلا,2026-09-29,باز,2000000,,,,2026-09-08T18:14:31
3196659,مرزیکلا,2026-09-30,باز,2700000,,,بله,2026-09-08T18:14:31
3196659,مرزیکلا,2026-10-01,باز,2700000,,,بله,2026-09-08T18:14:31
3196659,مرزیکلا,2026-10-02,باز,2000000,,,,2026-09-08T18:14:31
3196659,مرزیکلا,2026-10-03,باز,2000000,,,,2026-09-08T18:14:31
3196659,مرزیکلا,2026-10-04,باز,2000000,,,,2026-09-08T18:14:31
3196659,مرزیکلا,2026-10-05,باز,2000000,,,,2026-09-08T18:14:31
3196659,مرزیکلا,2026-10-06,باز,2000000,,,,2026-09-08T18:14:31
3196659,مرزیکلا,2026-10-07,باز,2700000,,,بله,2026-09-08T18:14:31
3196659,مرزیکلا,2026-10-08,باز,2700000,,,بله,2026-09-08T18:14:31
3196695,گونه کلا,2026-09-08,بسته (مشاهده‌شده - دلیل نامشخص),2390000,,,,2026-09-08T18:14:34
3196695,گونه کلا,2026-09-09,بسته (مشاهده‌شده - دلیل نامشخص),3590000,,,بله,2026-09-08T18:14:34
3196695,گونه کلا,2026-09-10,بسته (مشاهده‌شده - دلیل نامشخص),3590000,,,بله,2026-09-08T18:14:34
3196695,گونه کلا,2026-09-11,بسته (مشاهده‌شده - دلیل نامشخص),2390000,,,,2026-09-08T18:14:34
3196695,گونه کلا,2026-09-12,بسته (مشاهده‌شده - دلیل نامشخص),2390000,,,,2026-09-08T18:14:34
3196695,گونه کلا,2026-09-13,بسته (مشاهده‌شده - دلیل نامشخص),2390000,,,,2026-09-08T18:14:34
3196695,گونه کلا,2026-09-14,بسته (مشاهده‌شده - دلیل نامشخص),2390000,,,,2026-09-08T18:14:34
3196695,گونه کلا,2026-09-15,باز,2390000,,,,2026-09-08T18:14:34
3196695,گونه کلا,2026-09-16,باز,3590000,,,بله,2026-09-08T18:14:34
3196695,گونه کلا,2026-09-17,باز,3590000,,,بله,2026-09-08T18:14:34
3196695,گونه کلا,2026-09-18,باز,2390000,,,,2026-09-08T18:14:34
3196695,گونه کلا,2026-09-19,بسته (مشاهده‌شده - دلیل نامشخص),2390000,,,,2026-09-08T18:14:34
3196695,گونه کلا,2026-09-20,باز,2390000,,,,2026-09-08T18:14:34
3196695,گونه کلا,2026-09-21,باز,2390000,,,,2026-09-08T18:14:34
3196695,گونه کلا,2026-09-22,باز,2390000,,,,2026-09-08T18:14:34
3196695,گونه کلا,2026-09-23,بسته (مشاهده‌شده - دلیل نامشخص),3500000,,,بله,2026-09-08T18:14:34
3196695,گونه کلا,2026-09-24,بسته (مشاهده‌شده - دلیل نامشخص),3500000,,,بله,2026-09-08T18:14:34
3196695,گونه کلا,2026-09-25,باز,2290000,,,,2026-09-08T18:14:34
3196695,گونه کلا,2026-09-26,باز,2290000,,,,2026-09-08T18:14:34
3196695,گونه کلا,2026-09-27,باز,2290000,,,,2026-09-08T18:14:34
3196695,گونه کلا,2026-09-28,باز,2290000,,,,2026-09-08T18:14:34
3196695,گونه کلا,2026-09-29,باز,2290000,,,,2026-09-08T18:14:34
3196695,گونه کلا,2026-09-30,باز,3500000,,,بله,2026-09-08T18:14:34
3196695,گونه کلا,2026-10-01,باز,3500000,,,بله,2026-09-08T18:14:34
3196695,گونه کلا,2026-10-02,باز,2290000,,,,2026-09-08T18:14:34
3196695,گونه کلا,2026-10-03,باز,2290000,,,,2026-09-08T18:14:34
3196695,گونه کلا,2026-10-04,باز,2290000,,,,2026-09-08T18:14:34
3196695,گونه کلا,2026-10-05,باز,2290000,,,,2026-09-08T18:14:34
3196695,گونه کلا,2026-10-06,باز,2290000,,,,2026-09-08T18:14:34
3196695,گونه کلا,2026-10-07,باز,3500000,,,بله,2026-09-08T18:14:34
3196695,گونه کلا,2026-10-08,باز,3500000,,,بله,2026-09-08T18:14:34
3198108,کاردرکلا,2026-09-08,بسته (مشاهده‌شده - دلیل نامشخص),2500000,,,,2026-09-08T18:14:37
3198108,کاردرکلا,2026-09-09,بسته (مشاهده‌شده - دلیل نامشخص),3200000,,,بله,2026-09-08T18:14:37
3198108,کاردرکلا,2026-09-10,بسته (مشاهده‌شده - دلیل نامشخص),4000000,,,بله,2026-09-08T18:14:37
3198108,کاردرکلا,2026-09-11,باز,2500000,,,,2026-09-08T18:14:37
3198108,کاردرکلا,2026-09-12,باز,2500000,,,,2026-09-08T18:14:37
3198108,کاردرکلا,2026-09-13,باز,2500000,,,,2026-09-08T18:14:37
3198108,کاردرکلا,2026-09-14,باز,2500000,,,,2026-09-08T18:14:37
3198108,کاردرکلا,2026-09-15,باز,2500000,,,,2026-09-08T18:14:37
3198108,کاردرکلا,2026-09-16,باز,4000000,,,بله,2026-09-08T18:14:37
3198108,کاردرکلا,2026-09-17,باز,4000000,,,بله,2026-09-08T18:14:37
3198108,کاردرکلا,2026-09-18,بسته (مشاهده‌شده - دلیل نامشخص),2500000,,,,2026-09-08T18:14:37
3198108,کاردرکلا,2026-09-19,بسته (مشاهده‌شده - دلیل نامشخص),2500000,,,,2026-09-08T18:14:37
3198108,کاردرکلا,2026-09-20,باز,2500000,,,,2026-09-08T18:14:37
3198108,کاردرکلا,2026-09-21,باز,2500000,,,,2026-09-08T18:14:37
3198108,کاردرکلا,2026-09-22,باز,2500000,,,,2026-09-08T18:14:37
3198108,کاردرکلا,2026-09-23,باز,4200000,,,بله,2026-09-08T18:14:37
3198108,کاردرکلا,2026-09-24,باز,4200000,,,بله,2026-09-08T18:14:37
3198108,کاردرکلا,2026-09-25,باز,2400000,,,,2026-09-08T18:14:37
3198108,کاردرکلا,2026-09-26,باز,2400000,,,,2026-09-08T18:14:37
3198108,کاردرکلا,2026-09-27,باز,2400000,,,,2026-09-08T18:14:37
3198108,کاردرکلا,2026-09-28,باز,2400000,,,,2026-09-08T18:14:37
3198108,کاردرکلا,2026-09-29,باز,2400000,,,,2026-09-08T18:14:37
3198108,کاردرکلا,2026-09-30,باز,3700000,,,بله,2026-09-08T18:14:37
3198108,کاردرکلا,2026-10-01,باز,3700000,,,بله,2026-09-08T18:14:37
3198108,کاردرکلا,2026-10-02,باز,2400000,,,,2026-09-08T18:14:37
3198108,کاردرکلا,2026-10-03,باز,2400000,,,,2026-09-08T18:14:37
3198108,کاردرکلا,2026-10-04,باز,2400000,,,,2026-09-08T18:14:37
3198108,کاردرکلا,2026-10-05,باز,2400000,,,,2026-09-08T18:14:37
3198108,کاردرکلا,2026-10-06,باز,2400000,,,,2026-09-08T18:14:37
3198108,کاردرکلا,2026-10-07,باز,3700000,,,بله,2026-09-08T18:14:37
3198108,کاردرکلا,2026-10-08,باز,3700000,,,بله,2026-09-08T18:14:37
3198234,سیدکلا,2026-09-08,باز,2500000,,,,2026-09-08T18:14:39
3198234,سیدکلا,2026-09-09,باز,3500000,,,بله,2026-09-08T18:14:39
3198234,سیدکلا,2026-09-10,باز,5000000,,,بله,2026-09-08T18:14:39
3198234,سیدکلا,2026-09-11,باز,2500000,,,,2026-09-08T18:14:39
3198234,سیدکلا,2026-09-12,باز,2500000,,,,2026-09-08T18:14:39
3198234,سیدکلا,2026-09-13,باز,2500000,,,,2026-09-08T18:14:39
3198234,سیدکلا,2026-09-14,باز,2500000,,,,2026-09-08T18:14:39
3198234,سیدکلا,2026-09-15,باز,2500000,,,,2026-09-08T18:14:39
3198234,سیدکلا,2026-09-16,باز,3500000,,,بله,2026-09-08T18:14:39
3198234,سیدکلا,2026-09-17,باز,5000000,,,بله,2026-09-08T18:14:39
3198234,سیدکلا,2026-09-18,باز,2500000,,,,2026-09-08T18:14:39
3198234,سیدکلا,2026-09-19,باز,2500000,,,,2026-09-08T18:14:39
3198234,سیدکلا,2026-09-20,باز,2500000,,,,2026-09-08T18:14:39
3198234,سیدکلا,2026-09-21,باز,2500000,,,,2026-09-08T18:14:39
3198234,سیدکلا,2026-09-22,باز,2500000,,,,2026-09-08T18:14:39
3198234,سیدکلا,2026-09-23,باز,2800000,,,بله,2026-09-08T18:14:39
3198234,سیدکلا,2026-09-24,باز,2800000,,,بله,2026-09-08T18:14:39
3198234,سیدکلا,2026-09-25,باز,1800000,,,,2026-09-08T18:14:39
3198234,سیدکلا,2026-09-26,باز,1800000,,,,2026-09-08T18:14:39
3198234,سیدکلا,2026-09-27,باز,1800000,,,,2026-09-08T18:14:39
3198234,سیدکلا,2026-09-28,باز,1800000,,,,2026-09-08T18:14:39
3198234,سیدکلا,2026-09-29,باز,1800000,,,,2026-09-08T18:14:39
3198234,سیدکلا,2026-09-30,باز,2800000,,,بله,2026-09-08T18:14:39
3198234,سیدکلا,2026-10-01,باز,2800000,,,بله,2026-09-08T18:14:39
3198234,سیدکلا,2026-10-02,باز,1800000,,,,2026-09-08T18:14:39
3198234,سیدکلا,2026-10-03,باز,1800000,,,,2026-09-08T18:14:39
3198234,سیدکلا,2026-10-04,باز,1800000,,,,2026-09-08T18:14:39
3198234,سیدکلا,2026-10-05,باز,1800000,,,,2026-09-08T18:14:39
3198234,سیدکلا,2026-10-06,باز,1800000,,,,2026-09-08T18:14:39
3198234,سیدکلا,2026-10-07,باز,2800000,,,بله,2026-09-08T18:14:39
3198234,سیدکلا,2026-10-08,باز,2800000,,,بله,2026-09-08T18:14:39
3198301,سیدکلا,2026-09-08,باز,2500000,,,,2026-09-08T18:14:41
3198301,سیدکلا,2026-09-09,باز,3800000,,,بله,2026-09-08T18:14:41
3198301,سیدکلا,2026-09-10,باز,5000000,,,بله,2026-09-08T18:14:41
3198301,سیدکلا,2026-09-11,باز,2500000,,,,2026-09-08T18:14:41
3198301,سیدکلا,2026-09-12,باز,2500000,,,,2026-09-08T18:14:41
3198301,سیدکلا,2026-09-13,باز,2500000,,,,2026-09-08T18:14:41
3198301,سیدکلا,2026-09-14,باز,2500000,,,,2026-09-08T18:14:41
3198301,سیدکلا,2026-09-15,باز,2500000,,,,2026-09-08T18:14:41
3198301,سیدکلا,2026-09-16,باز,3800000,,,بله,2026-09-08T18:14:41
3198301,سیدکلا,2026-09-17,باز,5000000,,,بله,2026-09-08T18:14:41
3198301,سیدکلا,2026-09-18,باز,2500000,,,,2026-09-08T18:14:41
3198301,سیدکلا,2026-09-19,باز,2500000,,,,2026-09-08T18:14:41
3198301,سیدکلا,2026-09-20,باز,2500000,,,,2026-09-08T18:14:41
3198301,سیدکلا,2026-09-21,باز,2500000,,,,2026-09-08T18:14:41
3198301,سیدکلا,2026-09-22,باز,2500000,,,,2026-09-08T18:14:41
3198301,سیدکلا,2026-09-23,باز,2800000,,,بله,2026-09-08T18:14:41
3198301,سیدکلا,2026-09-24,باز,2800000,,,بله,2026-09-08T18:14:41
3198301,سیدکلا,2026-09-25,باز,1800000,,,,2026-09-08T18:14:41
3198301,سیدکلا,2026-09-26,باز,1800000,,,,2026-09-08T18:14:41
3198301,سیدکلا,2026-09-27,باز,1800000,,,,2026-09-08T18:14:41
3198301,سیدکلا,2026-09-28,باز,1800000,,,,2026-09-08T18:14:41
3198301,سیدکلا,2026-09-29,باز,1800000,,,,2026-09-08T18:14:41
3198301,سیدکلا,2026-09-30,باز,2800000,,,بله,2026-09-08T18:14:41
3198301,سیدکلا,2026-10-01,باز,2800000,,,بله,2026-09-08T18:14:41
3198301,سیدکلا,2026-10-02,باز,1800000,,,,2026-09-08T18:14:41
3198301,سیدکلا,2026-10-03,باز,1800000,,,,2026-09-08T18:14:41
3198301,سیدکلا,2026-10-04,باز,1800000,,,,2026-09-08T18:14:41
3198301,سیدکلا,2026-10-05,باز,1800000,,,,2026-09-08T18:14:41
3198301,سیدکلا,2026-10-06,باز,1800000,,,,2026-09-08T18:14:41
3198301,سیدکلا,2026-10-07,باز,2800000,,,بله,2026-09-08T18:14:41
3198301,سیدکلا,2026-10-08,باز,2800000,,,بله,2026-09-08T18:14:41
3198940,گونه کلا,2026-09-08,باز,2995000,,,,2026-09-08T18:14:44
3198940,گونه کلا,2026-09-09,باز,4500000,,,بله,2026-09-08T18:14:44
3198940,گونه کلا,2026-09-10,باز,4500000,,,بله,2026-09-08T18:14:44
3198940,گونه کلا,2026-09-11,باز,2995000,,,,2026-09-08T18:14:44
3198940,گونه کلا,2026-09-12,باز,2995000,,,,2026-09-08T18:14:44
3198940,گونه کلا,2026-09-13,باز,2995000,,,,2026-09-08T18:14:44
3198940,گونه کلا,2026-09-14,باز,2995000,,,,2026-09-08T18:14:44
3198940,گونه کلا,2026-09-15,باز,2995000,,,,2026-09-08T18:14:44
3198940,گونه کلا,2026-09-16,باز,4500000,,,بله,2026-09-08T18:14:44
3198940,گونه کلا,2026-09-17,باز,4500000,,,بله,2026-09-08T18:14:44
3198940,گونه کلا,2026-09-18,باز,2995000,,,,2026-09-08T18:14:44
3198940,گونه کلا,2026-09-19,باز,2995000,,,,2026-09-08T18:14:44
3198940,گونه کلا,2026-09-20,باز,2995000,,,,2026-09-08T18:14:44
3198940,گونه کلا,2026-09-21,باز,2995000,,,,2026-09-08T18:14:44
3198940,گونه کلا,2026-09-22,باز,2995000,,,,2026-09-08T18:14:44
3198940,گونه کلا,2026-09-23,باز,2995000,,,بله,2026-09-08T18:14:44
3198940,گونه کلا,2026-09-24,باز,2995000,,,بله,2026-09-08T18:14:44
3198940,گونه کلا,2026-09-25,باز,2495000,,,,2026-09-08T18:14:44
3198940,گونه کلا,2026-09-26,باز,2495000,,,,2026-09-08T18:14:44
3198940,گونه کلا,2026-09-27,باز,2495000,,,,2026-09-08T18:14:44
3198940,گونه کلا,2026-09-28,باز,2495000,,,,2026-09-08T18:14:44
3198940,گونه کلا,2026-09-29,باز,2495000,,,,2026-09-08T18:14:44
3198940,گونه کلا,2026-09-30,باز,2995000,,,بله,2026-09-08T18:14:44
3198940,گونه کلا,2026-10-01,باز,2995000,,,بله,2026-09-08T18:14:44
3198940,گونه کلا,2026-10-02,باز,2495000,,,,2026-09-08T18:14:44
3198940,گونه کلا,2026-10-03,باز,2495000,,,,2026-09-08T18:14:44
3198940,گونه کلا,2026-10-04,باز,2495000,,,,2026-09-08T18:14:44
3198940,گونه کلا,2026-10-05,باز,2495000,,,,2026-09-08T18:14:44
3198940,گونه کلا,2026-10-06,باز,2495000,,,,2026-09-08T18:14:44
3198940,گونه کلا,2026-10-07,باز,2995000,,,بله,2026-09-08T18:14:44
3198940,گونه کلا,2026-10-08,باز,2995000,,,بله,2026-09-08T18:14:44
3199443,شیردارکلا,2026-09-08,بسته (مشاهده‌شده - دلیل نامشخص),3350000,,,,2026-09-08T18:14:48
3199443,شیردارکلا,2026-09-09,بسته (مشاهده‌شده - دلیل نامشخص),4900000,,,بله,2026-09-08T18:14:48
3199443,شیردارکلا,2026-09-10,بسته (مشاهده‌شده - دلیل نامشخص),4900000,,,بله,2026-09-08T18:14:48
3199443,شیردارکلا,2026-09-11,بسته (مشاهده‌شده - دلیل نامشخص),3350000,,,,2026-09-08T18:14:48
3199443,شیردارکلا,2026-09-12,بسته (مشاهده‌شده - دلیل نامشخص),3350000,,,,2026-09-08T18:14:48
3199443,شیردارکلا,2026-09-13,بسته (مشاهده‌شده - دلیل نامشخص),3350000,,,,2026-09-08T18:14:48
3199443,شیردارکلا,2026-09-14,باز,3350000,,,,2026-09-08T18:14:48
3199443,شیردارکلا,2026-09-15,باز,3350000,,,,2026-09-08T18:14:48
3199443,شیردارکلا,2026-09-16,باز,5650000,,,بله,2026-09-08T18:14:48
3199443,شیردارکلا,2026-09-17,باز,5650000,,,بله,2026-09-08T18:14:48
3199443,شیردارکلا,2026-09-18,بسته (مشاهده‌شده - دلیل نامشخص),3350000,,,,2026-09-08T18:14:48
3199443,شیردارکلا,2026-09-19,بسته (مشاهده‌شده - دلیل نامشخص),3350000,,,,2026-09-08T18:14:48
3199443,شیردارکلا,2026-09-20,بسته (مشاهده‌شده - دلیل نامشخص),3350000,,,,2026-09-08T18:14:48
3199443,شیردارکلا,2026-09-21,باز,3350000,,,,2026-09-08T18:14:48
3199443,شیردارکلا,2026-09-22,باز,3350000,,,,2026-09-08T18:14:48
3199443,شیردارکلا,2026-09-23,بسته (مشاهده‌شده - دلیل نامشخص),1800000,,,بله,2026-09-08T18:14:48
3199443,شیردارکلا,2026-09-24,بسته (مشاهده‌شده - دلیل نامشخص),1800000,,,بله,2026-09-08T18:14:48
3199443,شیردارکلا,2026-09-25,بسته (مشاهده‌شده - دلیل نامشخص),1300000,,,,2026-09-08T18:14:48
3199443,شیردارکلا,2026-09-26,بسته (مشاهده‌شده - دلیل نامشخص),1300000,,,,2026-09-08T18:14:48
3199443,شیردارکلا,2026-09-27,بسته (مشاهده‌شده - دلیل نامشخص),1300000,,,,2026-09-08T18:14:48
3199443,شیردارکلا,2026-09-28,بسته (مشاهده‌شده - دلیل نامشخص),1300000,,,,2026-09-08T18:14:48
3199443,شیردارکلا,2026-09-29,بسته (مشاهده‌شده - دلیل نامشخص),1300000,,,,2026-09-08T18:14:48
3199443,شیردارکلا,2026-09-30,بسته (مشاهده‌شده - دلیل نامشخص),1800000,,,بله,2026-09-08T18:14:48
3199443,شیردارکلا,2026-10-01,بسته (مشاهده‌شده - دلیل نامشخص),1800000,,,بله,2026-09-08T18:14:48
3199443,شیردارکلا,2026-10-02,بسته (مشاهده‌شده - دلیل نامشخص),1300000,,,,2026-09-08T18:14:48
3199443,شیردارکلا,2026-10-03,بسته (مشاهده‌شده - دلیل نامشخص),1300000,,,,2026-09-08T18:14:48
3199443,شیردارکلا,2026-10-04,بسته (مشاهده‌شده - دلیل نامشخص),1300000,,,,2026-09-08T18:14:48
3199443,شیردارکلا,2026-10-05,بسته (مشاهده‌شده - دلیل نامشخص),1300000,,,,2026-09-08T18:14:48
3199443,شیردارکلا,2026-10-06,بسته (مشاهده‌شده - دلیل نامشخص),1300000,,,,2026-09-08T18:14:48
3199443,شیردارکلا,2026-10-07,بسته (مشاهده‌شده - دلیل نامشخص),1800000,,,بله,2026-09-08T18:14:48
3199443,شیردارکلا,2026-10-08,بسته (مشاهده‌شده - دلیل نامشخص),1800000,,,بله,2026-09-08T18:14:48
3199786,گونه کلا,2026-09-08,بسته (مشاهده‌شده - دلیل نامشخص),4000000,,,,2026-09-08T18:14:49
3199786,گونه کلا,2026-09-09,باز,6000000,,,بله,2026-09-08T18:14:49
3199786,گونه کلا,2026-09-10,بسته (مشاهده‌شده - دلیل نامشخص),6000000,,,بله,2026-09-08T18:14:49
3199786,گونه کلا,2026-09-11,باز,6000000,,,,2026-09-08T18:14:49
3199786,گونه کلا,2026-09-12,باز,4000000,,,,2026-09-08T18:14:49
3199786,گونه کلا,2026-09-13,باز,4000000,,,,2026-09-08T18:14:49
3199786,گونه کلا,2026-09-14,باز,4000000,,,,2026-09-08T18:14:49
3199786,گونه کلا,2026-09-15,باز,4000000,,,,2026-09-08T18:14:49
3199786,گونه کلا,2026-09-16,باز,6000000,,,بله,2026-09-08T18:14:49
3199786,گونه کلا,2026-09-17,بسته (مشاهده‌شده - دلیل نامشخص),6000000,,,بله,2026-09-08T18:14:49
3199786,گونه کلا,2026-09-18,باز,6000000,,,,2026-09-08T18:14:49
3199786,گونه کلا,2026-09-19,باز,4000000,,,,2026-09-08T18:14:49
3199786,گونه کلا,2026-09-20,باز,4000000,,,,2026-09-08T18:14:49
3199786,گونه کلا,2026-09-21,باز,4000000,,,,2026-09-08T18:14:49
3199786,گونه کلا,2026-09-22,باز,4000000,,,,2026-09-08T18:14:49
3199786,گونه کلا,2026-09-23,باز,1700000,,,بله,2026-09-08T18:14:49
3199786,گونه کلا,2026-09-24,باز,1700000,,,بله,2026-09-08T18:14:49
3199786,گونه کلا,2026-09-25,باز,1000000,,,,2026-09-08T18:14:49
3199786,گونه کلا,2026-09-26,باز,1000000,,,,2026-09-08T18:14:49
3199786,گونه کلا,2026-09-27,باز,1000000,,,,2026-09-08T18:14:49
3199786,گونه کلا,2026-09-28,باز,1000000,,,,2026-09-08T18:14:49
3199786,گونه کلا,2026-09-29,باز,1000000,,,,2026-09-08T18:14:49
3199786,گونه کلا,2026-09-30,باز,1700000,,,بله,2026-09-08T18:14:49
3199786,گونه کلا,2026-10-01,باز,1700000,,,بله,2026-09-08T18:14:49
3199786,گونه کلا,2026-10-02,باز,1000000,,,,2026-09-08T18:14:49
3199786,گونه کلا,2026-10-03,باز,1000000,,,,2026-09-08T18:14:49
3199786,گونه کلا,2026-10-04,باز,1000000,,,,2026-09-08T18:14:49
3199786,گونه کلا,2026-10-05,باز,1000000,,,,2026-09-08T18:14:49
3199786,گونه کلا,2026-10-06,باز,1000000,,,,2026-09-08T18:14:49
3199786,گونه کلا,2026-10-07,باز,1700000,,,بله,2026-09-08T18:14:49
3199786,گونه کلا,2026-10-08,باز,1700000,,,بله,2026-09-08T18:14:49
3201318,سیدکلا,2026-09-08,باز,2700000,30,,,2026-09-08T18:14:59
3201318,سیدکلا,2026-09-09,باز,2700000,20,,بله,2026-09-08T18:14:59
3201318,سیدکلا,2026-09-10,بسته (مشاهده‌شده - دلیل نامشخص),2700000,10,,بله,2026-09-08T18:14:59
3201318,سیدکلا,2026-09-11,باز,2700000,10,,,2026-09-08T18:14:59
3201318,سیدکلا,2026-09-12,باز,2700000,,,,2026-09-08T18:14:59
3201318,سیدکلا,2026-09-13,باز,2700000,,,,2026-09-08T18:14:59
3201318,سیدکلا,2026-09-14,باز,2700000,,,,2026-09-08T18:14:59
3201318,سیدکلا,2026-09-15,باز,2700000,,,,2026-09-08T18:14:59
3201318,سیدکلا,2026-09-16,باز,2700000,,,بله,2026-09-08T18:14:59
3201318,سیدکلا,2026-09-17,باز,2700000,,,بله,2026-09-08T18:14:59
3201318,سیدکلا,2026-09-18,باز,2700000,,,,2026-09-08T18:14:59
3201318,سیدکلا,2026-09-19,باز,2700000,,,,2026-09-08T18:14:59
3201318,سیدکلا,2026-09-20,باز,2700000,,,,2026-09-08T18:14:59
3201318,سیدکلا,2026-09-21,باز,2700000,,,,2026-09-08T18:14:59
3201318,سیدکلا,2026-09-22,باز,2700000,,,,2026-09-08T18:14:59
3201318,سیدکلا,2026-09-23,بسته (مشاهده‌شده - دلیل نامشخص),1800000,,,بله,2026-09-08T18:14:59
3201318,سیدکلا,2026-09-24,بسته (مشاهده‌شده - دلیل نامشخص),1800000,,,بله,2026-09-08T18:14:59
3201318,سیدکلا,2026-09-25,بسته (مشاهده‌شده - دلیل نامشخص),1800000,,,,2026-09-08T18:14:59
3201318,سیدکلا,2026-09-26,باز,1800000,,,,2026-09-08T18:14:59
3201318,سیدکلا,2026-09-27,باز,1800000,,,,2026-09-08T18:14:59
3201318,سیدکلا,2026-09-28,باز,1800000,,,,2026-09-08T18:14:59
3201318,سیدکلا,2026-09-29,باز,1800000,,,,2026-09-08T18:14:59
3201318,سیدکلا,2026-09-30,باز,1800000,,,بله,2026-09-08T18:14:59
3201318,سیدکلا,2026-10-01,باز,1800000,,,بله,2026-09-08T18:14:59
3201318,سیدکلا,2026-10-02,باز,1800000,,,,2026-09-08T18:14:59
3201318,سیدکلا,2026-10-03,باز,1800000,,,,2026-09-08T18:14:59
3201318,سیدکلا,2026-10-04,باز,1800000,,,,2026-09-08T18:14:59
3201318,سیدکلا,2026-10-05,باز,1800000,,,,2026-09-08T18:14:59
3201318,سیدکلا,2026-10-06,باز,1800000,,,,2026-09-08T18:14:59
3201318,سیدکلا,2026-10-07,باز,1800000,,,بله,2026-09-08T18:14:59
3201318,سیدکلا,2026-10-08,باز,1800000,,,بله,2026-09-08T18:14:59
3201653,بابلکنار,2026-09-08,بسته (مشاهده‌شده - دلیل نامشخص),4500000,,,,2026-09-08T18:15:00
3201653,بابلکنار,2026-09-09,بسته (مشاهده‌شده - دلیل نامشخص),7500000,,,بله,2026-09-08T18:15:00
3201653,بابلکنار,2026-09-10,بسته (مشاهده‌شده - دلیل نامشخص),8500000,,,بله,2026-09-08T18:15:00
3201653,بابلکنار,2026-09-11,باز,5500000,,,,2026-09-08T18:15:00
3201653,بابلکنار,2026-09-12,باز,5500000,,,,2026-09-08T18:15:00
3201653,بابلکنار,2026-09-13,باز,5500000,,,,2026-09-08T18:15:00
3201653,بابلکنار,2026-09-14,باز,5500000,,,,2026-09-08T18:15:00
3201653,بابلکنار,2026-09-15,باز,5500000,,,,2026-09-08T18:15:00
3201653,بابلکنار,2026-09-16,باز,8500000,,,بله,2026-09-08T18:15:00
3201653,بابلکنار,2026-09-17,باز,8500000,,,بله,2026-09-08T18:15:00
3201653,بابلکنار,2026-09-18,باز,5500000,,,,2026-09-08T18:15:00
3201653,بابلکنار,2026-09-19,باز,5500000,,,,2026-09-08T18:15:00
3201653,بابلکنار,2026-09-20,باز,5500000,,,,2026-09-08T18:15:00
3201653,بابلکنار,2026-09-21,باز,5500000,,,,2026-09-08T18:15:00
3201653,بابلکنار,2026-09-22,باز,5500000,,,,2026-09-08T18:15:00
3201653,بابلکنار,2026-09-23,باز,7500000,,,بله,2026-09-08T18:15:00
3201653,بابلکنار,2026-09-24,باز,7500000,,,بله,2026-09-08T18:15:00
3201653,بابلکنار,2026-09-25,باز,4800000,,,,2026-09-08T18:15:00
3201653,بابلکنار,2026-09-26,باز,4800000,,,,2026-09-08T18:15:00
3201653,بابلکنار,2026-09-27,باز,4800000,,,,2026-09-08T18:15:00
3201653,بابلکنار,2026-09-28,باز,4800000,,,,2026-09-08T18:15:00
3201653,بابلکنار,2026-09-29,باز,4800000,,,,2026-09-08T18:15:00
3201653,بابلکنار,2026-09-30,باز,7500000,,,بله,2026-09-08T18:15:00
3201653,بابلکنار,2026-10-01,باز,7500000,,,بله,2026-09-08T18:15:00
3201653,بابلکنار,2026-10-02,باز,4800000,,,,2026-09-08T18:15:00
3201653,بابلکنار,2026-10-03,باز,4800000,,,,2026-09-08T18:15:00
3201653,بابلکنار,2026-10-04,باز,4800000,,,,2026-09-08T18:15:00
3201653,بابلکنار,2026-10-05,باز,4800000,,,,2026-09-08T18:15:00
3201653,بابلکنار,2026-10-06,باز,4800000,,,,2026-09-08T18:15:00
3201653,بابلکنار,2026-10-07,باز,7500000,,,بله,2026-09-08T18:15:00
3201653,بابلکنار,2026-10-08,باز,7500000,,,بله,2026-09-08T18:15:00
3202504,درازکلا,2026-09-08,بسته (مشاهده‌شده - دلیل نامشخص),4800000,,,,2026-09-08T18:15:04
3202504,درازکلا,2026-09-09,بسته (مشاهده‌شده - دلیل نامشخص),6800000,,,بله,2026-09-08T18:15:04
3202504,درازکلا,2026-09-10,بسته (مشاهده‌شده - دلیل نامشخص),6800000,,,بله,2026-09-08T18:15:04
3202504,درازکلا,2026-09-11,بسته (مشاهده‌شده - دلیل نامشخص),4800000,,,,2026-09-08T18:15:04
3202504,درازکلا,2026-09-12,بسته (مشاهده‌شده - دلیل نامشخص),4800000,,,,2026-09-08T18:15:04
3202504,درازکلا,2026-09-13,بسته (مشاهده‌شده - دلیل نامشخص),4800000,,,,2026-09-08T18:15:04
3202504,درازکلا,2026-09-14,بسته (مشاهده‌شده - دلیل نامشخص),4800000,,,,2026-09-08T18:15:04
3202504,درازکلا,2026-09-15,بسته (مشاهده‌شده - دلیل نامشخص),4800000,,,,2026-09-08T18:15:04
3202504,درازکلا,2026-09-16,بسته (مشاهده‌شده - دلیل نامشخص),6800000,,,بله,2026-09-08T18:15:04
3202504,درازکلا,2026-09-17,بسته (مشاهده‌شده - دلیل نامشخص),6800000,,,بله,2026-09-08T18:15:04
3202504,درازکلا,2026-09-18,بسته (مشاهده‌شده - دلیل نامشخص),4800000,,,,2026-09-08T18:15:04
3202504,درازکلا,2026-09-19,بسته (مشاهده‌شده - دلیل نامشخص),4800000,,,,2026-09-08T18:15:04
3202504,درازکلا,2026-09-20,بسته (مشاهده‌شده - دلیل نامشخص),4800000,,,,2026-09-08T18:15:04
3202504,درازکلا,2026-09-21,بسته (مشاهده‌شده - دلیل نامشخص),4800000,,,,2026-09-08T18:15:04
3202504,درازکلا,2026-09-22,بسته (مشاهده‌شده - دلیل نامشخص),4800000,,,,2026-09-08T18:15:04
3202504,درازکلا,2026-09-23,باز,1500000,,,بله,2026-09-08T18:15:04
3202504,درازکلا,2026-09-24,باز,1500000,,,بله,2026-09-08T18:15:04
3202504,درازکلا,2026-09-25,باز,890000,,,,2026-09-08T18:15:04
3202504,درازکلا,2026-09-26,باز,890000,,,,2026-09-08T18:15:04
3202504,درازکلا,2026-09-27,باز,890000,,,,2026-09-08T18:15:04
3202504,درازکلا,2026-09-28,باز,890000,,,,2026-09-08T18:15:04
3202504,درازکلا,2026-09-29,باز,890000,,,,2026-09-08T18:15:04
3202504,درازکلا,2026-09-30,باز,1500000,,,بله,2026-09-08T18:15:04
3202504,درازکلا,2026-10-01,باز,1500000,,,بله,2026-09-08T18:15:04
3202504,درازکلا,2026-10-02,باز,890000,,,,2026-09-08T18:15:04
3202504,درازکلا,2026-10-03,باز,890000,,,,2026-09-08T18:15:04
3202504,درازکلا,2026-10-04,باز,890000,,,,2026-09-08T18:15:04
3202504,درازکلا,2026-10-05,باز,890000,,,,2026-09-08T18:15:04
3202504,درازکلا,2026-10-06,باز,890000,,,,2026-09-08T18:15:04
3202504,درازکلا,2026-10-07,باز,1500000,,,بله,2026-09-08T18:15:04
3202504,درازکلا,2026-10-08,باز,1500000,,,بله,2026-09-08T18:15:04
3202823,درازکلا,2026-09-08,بسته (مشاهده‌شده - دلیل نامشخص),3800000,30,,,2026-09-08T18:15:06
3202823,درازکلا,2026-09-09,باز,3580000,,,بله,2026-09-08T18:15:06
3202823,درازکلا,2026-09-10,بسته (مشاهده‌شده - دلیل نامشخص),5500000,,,بله,2026-09-08T18:15:06
3202823,درازکلا,2026-09-11,باز,3800000,20,,,2026-09-08T18:15:06
3202823,درازکلا,2026-09-12,بسته (مشاهده‌شده - دلیل نامشخص),3800000,20,,,2026-09-08T18:15:06
3202823,درازکلا,2026-09-13,بسته (مشاهده‌شده - دلیل نامشخص),3800000,20,,,2026-09-08T18:15:06
3202823,درازکلا,2026-09-14,باز,3800000,20,,,2026-09-08T18:15:06
3202823,درازکلا,2026-09-15,باز,3800000,20,,,2026-09-08T18:15:06
3202823,درازکلا,2026-09-16,باز,3800000,,,بله,2026-09-08T18:15:06
3202823,درازکلا,2026-09-17,بسته (مشاهده‌شده - دلیل نامشخص),5500000,,,بله,2026-09-08T18:15:06
3202823,درازکلا,2026-09-18,بسته (مشاهده‌شده - دلیل نامشخص),3800000,,,,2026-09-08T18:15:06
3202823,درازکلا,2026-09-19,باز,3800000,,,,2026-09-08T18:15:06
3202823,درازکلا,2026-09-20,باز,3800000,,,,2026-09-08T18:15:06
3202823,درازکلا,2026-09-21,بسته (مشاهده‌شده - دلیل نامشخص),3800000,,,,2026-09-08T18:15:06
3202823,درازکلا,2026-09-22,بسته (مشاهده‌شده - دلیل نامشخص),3800000,,,,2026-09-08T18:15:06
3202823,درازکلا,2026-09-23,باز,3500000,,,بله,2026-09-08T18:15:06
3202823,درازکلا,2026-09-24,باز,3500000,,,بله,2026-09-08T18:15:06
3202823,درازکلا,2026-09-25,باز,3500000,,,,2026-09-08T18:15:06
3202823,درازکلا,2026-09-26,باز,3500000,,,,2026-09-08T18:15:06
3202823,درازکلا,2026-09-27,باز,3500000,,,,2026-09-08T18:15:06
3202823,درازکلا,2026-09-28,باز,3500000,,,,2026-09-08T18:15:06
3202823,درازکلا,2026-09-29,باز,3500000,,,,2026-09-08T18:15:06
3202823,درازکلا,2026-09-30,باز,3500000,,,بله,2026-09-08T18:15:06
3202823,درازکلا,2026-10-01,باز,3500000,,,بله,2026-09-08T18:15:06
3202823,درازکلا,2026-10-02,باز,3500000,,,,2026-09-08T18:15:06
3202823,درازکلا,2026-10-03,باز,3500000,,,,2026-09-08T18:15:06
3202823,درازکلا,2026-10-04,باز,3500000,,,,2026-09-08T18:15:06
3202823,درازکلا,2026-10-05,باز,3500000,,,,2026-09-08T18:15:06
3202823,درازکلا,2026-10-06,باز,3500000,,,,2026-09-08T18:15:06
3202823,درازکلا,2026-10-07,باز,3500000,,,بله,2026-09-08T18:15:06
3202823,درازکلا,2026-10-08,باز,3500000,,,بله,2026-09-08T18:15:06
3203064,درازکلا,2026-09-08,بسته (مشاهده‌شده - دلیل نامشخص),2490000,,,,2026-09-08T18:15:09
3203064,درازکلا,2026-09-09,بسته (مشاهده‌شده - دلیل نامشخص),2750000,,,بله,2026-09-08T18:15:09
3203064,درازکلا,2026-09-10,بسته (مشاهده‌شده - دلیل نامشخص),3150000,,,بله,2026-09-08T18:15:09
3203064,درازکلا,2026-09-11,باز,2490000,,,,2026-09-08T18:15:09
3203064,درازکلا,2026-09-12,باز,2490000,,,,2026-09-08T18:15:09
3203064,درازکلا,2026-09-13,بسته (مشاهده‌شده - دلیل نامشخص),2490000,,,,2026-09-08T18:15:09
3203064,درازکلا,2026-09-14,بسته (مشاهده‌شده - دلیل نامشخص),2490000,,,,2026-09-08T18:15:09
3203064,درازکلا,2026-09-15,بسته (مشاهده‌شده - دلیل نامشخص),2490000,,,,2026-09-08T18:15:09
3203064,درازکلا,2026-09-16,بسته (مشاهده‌شده - دلیل نامشخص),2750000,,,بله,2026-09-08T18:15:09
3203064,درازکلا,2026-09-17,باز,3150000,,,بله,2026-09-08T18:15:09
3203064,درازکلا,2026-09-18,باز,2490000,,,,2026-09-08T18:15:09
3203064,درازکلا,2026-09-19,باز,2490000,,,,2026-09-08T18:15:09
3203064,درازکلا,2026-09-20,باز,2490000,,,,2026-09-08T18:15:09
3203064,درازکلا,2026-09-21,باز,2490000,,,,2026-09-08T18:15:09
3203064,درازکلا,2026-09-22,باز,2490000,,,,2026-09-08T18:15:09
3203064,درازکلا,2026-09-23,باز,2890000,,,بله,2026-09-08T18:15:09
3203064,درازکلا,2026-09-24,باز,2890000,,,بله,2026-09-08T18:15:09
3203064,درازکلا,2026-09-25,باز,2390000,,,,2026-09-08T18:15:09
3203064,درازکلا,2026-09-26,باز,2390000,,,,2026-09-08T18:15:09
3203064,درازکلا,2026-09-27,باز,2390000,,,,2026-09-08T18:15:09
3203064,درازکلا,2026-09-28,باز,2390000,,,,2026-09-08T18:15:09
3203064,درازکلا,2026-09-29,باز,2390000,,,,2026-09-08T18:15:09
3203064,درازکلا,2026-09-30,باز,2890000,,,بله,2026-09-08T18:15:09
3203064,درازکلا,2026-10-01,باز,2890000,,,بله,2026-09-08T18:15:09
3203064,درازکلا,2026-10-02,باز,2390000,,,,2026-09-08T18:15:09
3203064,درازکلا,2026-10-03,باز,2390000,,,,2026-09-08T18:15:09
3203064,درازکلا,2026-10-04,باز,2390000,,,,2026-09-08T18:15:09
3203064,درازکلا,2026-10-05,باز,2390000,,,,2026-09-08T18:15:09
3203064,درازکلا,2026-10-06,باز,2390000,,,,2026-09-08T18:15:09
3203064,درازکلا,2026-10-07,باز,2890000,,,بله,2026-09-08T18:15:09
3203064,درازکلا,2026-10-08,باز,2890000,,,بله,2026-09-08T18:15:09
3203377,چهره,2026-09-08,بسته (مشاهده‌شده - دلیل نامشخص),1000000,,,,2026-09-08T18:15:11
3203377,چهره,2026-09-09,بسته (مشاهده‌شده - دلیل نامشخص),1200000,,,بله,2026-09-08T18:15:11
3203377,چهره,2026-09-10,بسته (مشاهده‌شده - دلیل نامشخص),1200000,,,بله,2026-09-08T18:15:11
3203377,چهره,2026-09-11,بسته (مشاهده‌شده - دلیل نامشخص),1000000,,,,2026-09-08T18:15:11
3203377,چهره,2026-09-12,بسته (مشاهده‌شده - دلیل نامشخص),1000000,,,,2026-09-08T18:15:11
3203377,چهره,2026-09-13,بسته (مشاهده‌شده - دلیل نامشخص),1000000,,,,2026-09-08T18:15:11
3203377,چهره,2026-09-14,بسته (مشاهده‌شده - دلیل نامشخص),1000000,,,,2026-09-08T18:15:11
3203377,چهره,2026-09-15,بسته (مشاهده‌شده - دلیل نامشخص),1000000,,,,2026-09-08T18:15:11
3203377,چهره,2026-09-16,بسته (مشاهده‌شده - دلیل نامشخص),1200000,,,بله,2026-09-08T18:15:11
3203377,چهره,2026-09-17,بسته (مشاهده‌شده - دلیل نامشخص),1200000,,,بله,2026-09-08T18:15:11
3203377,چهره,2026-09-18,بسته (مشاهده‌شده - دلیل نامشخص),1000000,,,,2026-09-08T18:15:11
3203377,چهره,2026-09-19,بسته (مشاهده‌شده - دلیل نامشخص),1000000,,,,2026-09-08T18:15:11
3203377,چهره,2026-09-20,بسته (مشاهده‌شده - دلیل نامشخص),1000000,,,,2026-09-08T18:15:11
3203377,چهره,2026-09-21,بسته (مشاهده‌شده - دلیل نامشخص),1000000,,,,2026-09-08T18:15:11
3203377,چهره,2026-09-22,بسته (مشاهده‌شده - دلیل نامشخص),1000000,,,,2026-09-08T18:15:11
3203377,چهره,2026-09-23,باز,1200000,,,بله,2026-09-08T18:15:11
3203377,چهره,2026-09-24,باز,1200000,,,بله,2026-09-08T18:15:11
3203377,چهره,2026-09-25,باز,1000000,,,,2026-09-08T18:15:11
3203377,چهره,2026-09-26,باز,1000000,,,,2026-09-08T18:15:11
3203377,چهره,2026-09-27,باز,1000000,,,,2026-09-08T18:15:11
3203377,چهره,2026-09-28,باز,1000000,,,,2026-09-08T18:15:11
3203377,چهره,2026-09-29,باز,1000000,,,,2026-09-08T18:15:11
3203377,چهره,2026-09-30,باز,1200000,,,بله,2026-09-08T18:15:11
3203377,چهره,2026-10-01,باز,1200000,,,بله,2026-09-08T18:15:11
3203377,چهره,2026-10-02,باز,1000000,,,,2026-09-08T18:15:11
3203377,چهره,2026-10-03,باز,1000000,,,,2026-09-08T18:15:11
3203377,چهره,2026-10-04,باز,1000000,,,,2026-09-08T18:15:11
3203377,چهره,2026-10-05,باز,1000000,,,,2026-09-08T18:15:11
3203377,چهره,2026-10-06,باز,1000000,,,,2026-09-08T18:15:11
3203377,چهره,2026-10-07,باز,1200000,,,بله,2026-09-08T18:15:11
3203377,چهره,2026-10-08,باز,1200000,,,بله,2026-09-08T18:15:11
3204245,لفور,2026-09-08,بسته (مشاهده‌شده - دلیل نامشخص),1500000,,,,2026-09-08T18:15:13
3204245,لفور,2026-09-09,بسته (مشاهده‌شده - دلیل نامشخص),1500000,,,بله,2026-09-08T18:15:13
3204245,لفور,2026-09-10,بسته (مشاهده‌شده - دلیل نامشخص),1500000,,,بله,2026-09-08T18:15:13
3204245,لفور,2026-09-11,بسته (مشاهده‌شده - دلیل نامشخص),1500000,,,,2026-09-08T18:15:13
3204245,لفور,2026-09-12,باز,1500000,,,,2026-09-08T18:15:13
3204245,لفور,2026-09-13,باز,1500000,,,,2026-09-08T18:15:13
3204245,لفور,2026-09-14,باز,1500000,,,,2026-09-08T18:15:13
3204245,لفور,2026-09-15,باز,1500000,,,,2026-09-08T18:15:13
3204245,لفور,2026-09-16,باز,1500000,,,بله,2026-09-08T18:15:13
3204245,لفور,2026-09-17,باز,1500000,,,بله,2026-09-08T18:15:13
3204245,لفور,2026-09-18,باز,1500000,,,,2026-09-08T18:15:13
3204245,لفور,2026-09-19,باز,1500000,,,,2026-09-08T18:15:13
3204245,لفور,2026-09-20,باز,1500000,,,,2026-09-08T18:15:13
3204245,لفور,2026-09-21,باز,1500000,,,,2026-09-08T18:15:13
3204245,لفور,2026-09-22,باز,1500000,,,,2026-09-08T18:15:13
3204245,لفور,2026-09-23,باز,1200000,,,بله,2026-09-08T18:15:13
3204245,لفور,2026-09-24,باز,1500000,,,بله,2026-09-08T18:15:13
3204245,لفور,2026-09-25,باز,1200000,,,,2026-09-08T18:15:13
3204245,لفور,2026-09-26,باز,1200000,,,,2026-09-08T18:15:13
3204245,لفور,2026-09-27,باز,1200000,,,,2026-09-08T18:15:13
3204245,لفور,2026-09-28,باز,1200000,,,,2026-09-08T18:15:13
3204245,لفور,2026-09-29,باز,1200000,,,,2026-09-08T18:15:13
3204245,لفور,2026-09-30,باز,1200000,,,بله,2026-09-08T18:15:13
3204245,لفور,2026-10-01,باز,1500000,,,بله,2026-09-08T18:15:13
3204245,لفور,2026-10-02,باز,1200000,,,,2026-09-08T18:15:13
3204245,لفور,2026-10-03,باز,1200000,,,,2026-09-08T18:15:13
3204245,لفور,2026-10-04,باز,1200000,,,,2026-09-08T18:15:13
3204245,لفور,2026-10-05,باز,1200000,,,,2026-09-08T18:15:13
3204245,لفور,2026-10-06,باز,1200000,,,,2026-09-08T18:15:13
3204245,لفور,2026-10-07,باز,1200000,,,بله,2026-09-08T18:15:13
3204245,لفور,2026-10-08,باز,1500000,,,بله,2026-09-08T18:15:13
3204775,مرزیکلا,2026-09-08,بسته (مشاهده‌شده - دلیل نامشخص),3000000,,,,2026-09-08T18:15:15
3204775,مرزیکلا,2026-09-09,بسته (مشاهده‌شده - دلیل نامشخص),3700000,,,بله,2026-09-08T18:15:15
3204775,مرزیکلا,2026-09-10,بسته (مشاهده‌شده - دلیل نامشخص),3900000,,,بله,2026-09-08T18:15:15
3204775,مرزیکلا,2026-09-11,باز,3000000,,,,2026-09-08T18:15:15
3204775,مرزیکلا,2026-09-12,باز,3200000,,,,2026-09-08T18:15:15
3204775,مرزیکلا,2026-09-13,باز,3200000,,,,2026-09-08T18:15:15
3204775,مرزیکلا,2026-09-14,باز,3200000,,,,2026-09-08T18:15:15
3204775,مرزیکلا,2026-09-15,باز,3200000,,,,2026-09-08T18:15:15
3204775,مرزیکلا,2026-09-16,باز,3750000,,,بله,2026-09-08T18:15:15
3204775,مرزیکلا,2026-09-17,باز,3900000,,,بله,2026-09-08T18:15:15
3204775,مرزیکلا,2026-09-18,باز,3200000,,,,2026-09-08T18:15:15
3204775,مرزیکلا,2026-09-19,باز,3200000,,,,2026-09-08T18:15:15
3204775,مرزیکلا,2026-09-20,باز,3200000,,,,2026-09-08T18:15:15
3204775,مرزیکلا,2026-09-21,باز,3200000,,,,2026-09-08T18:15:15
3204775,مرزیکلا,2026-09-22,باز,3200000,,,,2026-09-08T18:15:15
3204775,مرزیکلا,2026-09-23,باز,3000000,,,بله,2026-09-08T18:15:15
3204775,مرزیکلا,2026-09-24,باز,3000000,,,بله,2026-09-08T18:15:15
3204775,مرزیکلا,2026-09-25,باز,2250000,,,,2026-09-08T18:15:15
3204775,مرزیکلا,2026-09-26,باز,2250000,,,,2026-09-08T18:15:15
3204775,مرزیکلا,2026-09-27,باز,2250000,,,,2026-09-08T18:15:15
3204775,مرزیکلا,2026-09-28,باز,2250000,,,,2026-09-08T18:15:15
3204775,مرزیکلا,2026-09-29,باز,2250000,,,,2026-09-08T18:15:15
3204775,مرزیکلا,2026-09-30,باز,3000000,,,بله,2026-09-08T18:15:15
3204775,مرزیکلا,2026-10-01,باز,3000000,,,بله,2026-09-08T18:15:15
3204775,مرزیکلا,2026-10-02,باز,2250000,,,,2026-09-08T18:15:15
3204775,مرزیکلا,2026-10-03,باز,2250000,,,,2026-09-08T18:15:15
3204775,مرزیکلا,2026-10-04,باز,2250000,,,,2026-09-08T18:15:15
3204775,مرزیکلا,2026-10-05,باز,2250000,,,,2026-09-08T18:15:15
3204775,مرزیکلا,2026-10-06,باز,2250000,,,,2026-09-08T18:15:15
3204775,مرزیکلا,2026-10-07,باز,3000000,,,بله,2026-09-08T18:15:15
3204775,مرزیکلا,2026-10-08,باز,3000000,,,بله,2026-09-08T18:15:15
3206003,لفور,2026-09-08,بسته (مشاهده‌شده - دلیل نامشخص),3500000,,,,2026-09-08T18:15:18
3206003,لفور,2026-09-09,بسته (مشاهده‌شده - دلیل نامشخص),4000000,,,بله,2026-09-08T18:15:18
3206003,لفور,2026-09-10,بسته (مشاهده‌شده - دلیل نامشخص),4000000,,,بله,2026-09-08T18:15:18
3206003,لفور,2026-09-11,بسته (مشاهده‌شده - دلیل نامشخص),3500000,,,,2026-09-08T18:15:18
3206003,لفور,2026-09-12,بسته (مشاهده‌شده - دلیل نامشخص),3500000,,,,2026-09-08T18:15:18
3206003,لفور,2026-09-13,بسته (مشاهده‌شده - دلیل نامشخص),3500000,,,,2026-09-08T18:15:18
3206003,لفور,2026-09-14,بسته (مشاهده‌شده - دلیل نامشخص),3500000,,,,2026-09-08T18:15:18
3206003,لفور,2026-09-15,بسته (مشاهده‌شده - دلیل نامشخص),3500000,,,,2026-09-08T18:15:18
3206003,لفور,2026-09-16,بسته (مشاهده‌شده - دلیل نامشخص),4000000,,,بله,2026-09-08T18:15:18
3206003,لفور,2026-09-17,بسته (مشاهده‌شده - دلیل نامشخص),4000000,,,بله,2026-09-08T18:15:18
3206003,لفور,2026-09-18,بسته (مشاهده‌شده - دلیل نامشخص),3500000,,,,2026-09-08T18:15:18
3206003,لفور,2026-09-19,بسته (مشاهده‌شده - دلیل نامشخص),3500000,,,,2026-09-08T18:15:18
3206003,لفور,2026-09-20,بسته (مشاهده‌شده - دلیل نامشخص),3500000,,,,2026-09-08T18:15:18
3206003,لفور,2026-09-21,بسته (مشاهده‌شده - دلیل نامشخص),3500000,,,,2026-09-08T18:15:18
3206003,لفور,2026-09-22,بسته (مشاهده‌شده - دلیل نامشخص),3500000,,,,2026-09-08T18:15:18
3206003,لفور,2026-09-23,بسته (مشاهده‌شده - دلیل نامشخص),4000000,,,بله,2026-09-08T18:15:18
3206003,لفور,2026-09-24,بسته (مشاهده‌شده - دلیل نامشخص),4000000,,,بله,2026-09-08T18:15:18
3206003,لفور,2026-09-25,بسته (مشاهده‌شده - دلیل نامشخص),3500000,,,,2026-09-08T18:15:18
3206003,لفور,2026-09-26,بسته (مشاهده‌شده - دلیل نامشخص),3500000,,,,2026-09-08T18:15:18
3206003,لفور,2026-09-27,بسته (مشاهده‌شده - دلیل نامشخص),3500000,,,,2026-09-08T18:15:18
3206003,لفور,2026-09-28,بسته (مشاهده‌شده - دلیل نامشخص),3500000,,,,2026-09-08T18:15:18
3206003,لفور,2026-09-29,باز,3500000,,,,2026-09-08T18:15:18
3206003,لفور,2026-09-30,باز,4000000,,,بله,2026-09-08T18:15:18
3206003,لفور,2026-10-01,باز,4000000,,,بله,2026-09-08T18:15:18
3206003,لفور,2026-10-02,باز,3500000,,,,2026-09-08T18:15:18
3206003,لفور,2026-10-03,بسته (مشاهده‌شده - دلیل نامشخص),3500000,,,,2026-09-08T18:15:18
3206003,لفور,2026-10-04,بسته (مشاهده‌شده - دلیل نامشخص),3500000,,,,2026-09-08T18:15:18
3206003,لفور,2026-10-05,بسته (مشاهده‌شده - دلیل نامشخص),3500000,,,,2026-09-08T18:15:18
3206003,لفور,2026-10-06,بسته (مشاهده‌شده - دلیل نامشخص),3500000,,,,2026-09-08T18:15:18
3206003,لفور,2026-10-07,بسته (مشاهده‌شده - دلیل نامشخص),4000000,,,بله,2026-09-08T18:15:18
3206003,لفور,2026-10-08,بسته (مشاهده‌شده - دلیل نامشخص),4000000,,,بله,2026-09-08T18:15:18
3206100,چهره,2026-09-08,بسته (مشاهده‌شده - دلیل نامشخص),2000000,,,,2026-09-08T18:15:19
3206100,چهره,2026-09-09,بسته (مشاهده‌شده - دلیل نامشخص),2000000,,,بله,2026-09-08T18:15:19
3206100,چهره,2026-09-10,بسته (مشاهده‌شده - دلیل نامشخص),3000000,,,بله,2026-09-08T18:15:19
3206100,چهره,2026-09-11,بسته (مشاهده‌شده - دلیل نامشخص),2000000,,,,2026-09-08T18:15:19
3206100,چهره,2026-09-12,بسته (مشاهده‌شده - دلیل نامشخص),2000000,,,,2026-09-08T18:15:19
3206100,چهره,2026-09-13,بسته (مشاهده‌شده - دلیل نامشخص),2000000,,,,2026-09-08T18:15:19
3206100,چهره,2026-09-14,باز,2000000,,,,2026-09-08T18:15:19
3206100,چهره,2026-09-15,باز,2000000,,,,2026-09-08T18:15:19
3206100,چهره,2026-09-16,باز,2000000,,,بله,2026-09-08T18:15:19
3206100,چهره,2026-09-17,باز,3000000,,,بله,2026-09-08T18:15:19
3206100,چهره,2026-09-18,باز,2000000,,,,2026-09-08T18:15:19
3206100,چهره,2026-09-19,باز,2000000,,,,2026-09-08T18:15:19
3206100,چهره,2026-09-20,باز,2000000,,,,2026-09-08T18:15:19
3206100,چهره,2026-09-21,باز,2000000,,,,2026-09-08T18:15:19
3206100,چهره,2026-09-22,باز,2000000,,,,2026-09-08T18:15:19
3206100,چهره,2026-09-23,باز,1800000,,,بله,2026-09-08T18:15:19
3206100,چهره,2026-09-24,باز,2500000,,,بله,2026-09-08T18:15:19
3206100,چهره,2026-09-25,باز,1800000,,,,2026-09-08T18:15:19
3206100,چهره,2026-09-26,بسته (مشاهده‌شده - دلیل نامشخص),1800000,,,,2026-09-08T18:15:19
3206100,چهره,2026-09-27,بسته (مشاهده‌شده - دلیل نامشخص),1800000,,,,2026-09-08T18:15:19
3206100,چهره,2026-09-28,بسته (مشاهده‌شده - دلیل نامشخص),1800000,,,,2026-09-08T18:15:19
3206100,چهره,2026-09-29,باز,1800000,,,,2026-09-08T18:15:19
3206100,چهره,2026-09-30,باز,1800000,,,بله,2026-09-08T18:15:19
3206100,چهره,2026-10-01,باز,2500000,,,بله,2026-09-08T18:15:19
3206100,چهره,2026-10-02,باز,1800000,,,,2026-09-08T18:15:19
3206100,چهره,2026-10-03,باز,1800000,,,,2026-09-08T18:15:19
3206100,چهره,2026-10-04,باز,1800000,,,,2026-09-08T18:15:19
3206100,چهره,2026-10-05,باز,1800000,,,,2026-09-08T18:15:19
3206100,چهره,2026-10-06,باز,1800000,,,,2026-09-08T18:15:19
3206100,چهره,2026-10-07,باز,1800000,,,بله,2026-09-08T18:15:19
3206100,چهره,2026-10-08,باز,2500000,,,بله,2026-09-08T18:15:19
3206573,سیدکلا,2026-09-08,بسته (مشاهده‌شده - دلیل نامشخص),2000000,,,,2026-09-08T18:15:44
3206573,سیدکلا,2026-09-09,بسته (مشاهده‌شده - دلیل نامشخص),3000000,,,,2026-09-08T18:15:44
3206573,سیدکلا,2026-09-10,باز,4500000,,,بله,2026-09-08T18:15:44
3206573,سیدکلا,2026-09-11,باز,2500000,,,بله,2026-09-08T18:15:44
3206573,سیدکلا,2026-09-12,باز,2500000,,,,2026-09-08T18:15:44
3206573,سیدکلا,2026-09-13,باز,2500000,,,,2026-09-08T18:15:44
3206573,سیدکلا,2026-09-14,باز,2500000,,,,2026-09-08T18:15:44
3206573,سیدکلا,2026-09-15,باز,2500000,,,,2026-09-08T18:15:44
3206573,سیدکلا,2026-09-16,باز,3000000,,,,2026-09-08T18:15:44
3206573,سیدکلا,2026-09-17,باز,4500000,,,بله,2026-09-08T18:15:44
3206573,سیدکلا,2026-09-18,باز,2500000,,,بله,2026-09-08T18:15:44
3206573,سیدکلا,2026-09-19,بسته (مشاهده‌شده - دلیل نامشخص),2000000,,,,2026-09-08T18:15:44
3206573,سیدکلا,2026-09-20,بسته (مشاهده‌شده - دلیل نامشخص),2000000,,,,2026-09-08T18:15:44
3206573,سیدکلا,2026-09-21,بسته (مشاهده‌شده - دلیل نامشخص),2000000,,,,2026-09-08T18:15:44
3206573,سیدکلا,2026-09-22,بسته (مشاهده‌شده - دلیل نامشخص),2000000,,,,2026-09-08T18:15:44
3206573,سیدکلا,2026-09-23,بسته (مشاهده‌شده - دلیل نامشخص),2000000,,,,2026-09-08T18:15:44
3206573,سیدکلا,2026-09-24,باز,4000000,,,بله,2026-09-08T18:15:44
3206573,سیدکلا,2026-09-25,باز,2000000,,,بله,2026-09-08T18:15:44
3206573,سیدکلا,2026-09-26,باز,2000000,,,,2026-09-08T18:15:44
3206573,سیدکلا,2026-09-27,باز,2000000,,,,2026-09-08T18:15:44
3206573,سیدکلا,2026-09-28,باز,2000000,,,,2026-09-08T18:15:44
3206573,سیدکلا,2026-09-29,باز,2000000,,,,2026-09-08T18:15:44
3206573,سیدکلا,2026-09-30,باز,2000000,,,,2026-09-08T18:15:44
3206573,سیدکلا,2026-10-01,باز,4000000,,,بله,2026-09-08T18:15:44
3206573,سیدکلا,2026-10-02,باز,2000000,,,بله,2026-09-08T18:15:44
3206573,سیدکلا,2026-10-03,باز,2000000,,,,2026-09-08T18:15:44
3206573,سیدکلا,2026-10-04,باز,2000000,,,,2026-09-08T18:15:44
3206573,سیدکلا,2026-10-05,باز,2000000,,,,2026-09-08T18:15:44
3206573,سیدکلا,2026-10-06,باز,2000000,,,,2026-09-08T18:15:44
3206573,سیدکلا,2026-10-07,باز,2000000,,,,2026-09-08T18:15:44
3206573,سیدکلا,2026-10-08,باز,4000000,,,بله,2026-09-08T18:15:44
3206720,سیدکلا,2026-09-08,بسته (مشاهده‌شده - دلیل نامشخص),4000000,,,,2026-09-08T18:15:45
3206720,سیدکلا,2026-09-09,بسته (مشاهده‌شده - دلیل نامشخص),5500000,,,بله,2026-09-08T18:15:45
3206720,سیدکلا,2026-09-10,بسته (مشاهده‌شده - دلیل نامشخص),5500000,,,بله,2026-09-08T18:15:45
3206720,سیدکلا,2026-09-11,بسته (مشاهده‌شده - دلیل نامشخص),4000000,,,,2026-09-08T18:15:45
3206720,سیدکلا,2026-09-12,باز,4000000,,,,2026-09-08T18:15:45
3206720,سیدکلا,2026-09-13,باز,4000000,,,,2026-09-08T18:15:45
3206720,سیدکلا,2026-09-14,باز,4000000,,,,2026-09-08T18:15:45
3206720,سیدکلا,2026-09-15,باز,4000000,,,,2026-09-08T18:15:45
3206720,سیدکلا,2026-09-16,باز,5500000,,,بله,2026-09-08T18:15:45
3206720,سیدکلا,2026-09-17,باز,5500000,,,بله,2026-09-08T18:15:45
3206720,سیدکلا,2026-09-18,باز,4000000,,,,2026-09-08T18:15:45
3206720,سیدکلا,2026-09-19,باز,4000000,,,,2026-09-08T18:15:45
3206720,سیدکلا,2026-09-20,باز,4000000,,,,2026-09-08T18:15:45
3206720,سیدکلا,2026-09-21,باز,4000000,,,,2026-09-08T18:15:45
3206720,سیدکلا,2026-09-22,باز,4000000,,,,2026-09-08T18:15:45
3206720,سیدکلا,2026-09-23,باز,3500000,,,بله,2026-09-08T18:15:45
3206720,سیدکلا,2026-09-24,باز,3500000,,,بله,2026-09-08T18:15:45
3206720,سیدکلا,2026-09-25,باز,2500000,,,,2026-09-08T18:15:45
3206720,سیدکلا,2026-09-26,باز,2500000,,,,2026-09-08T18:15:45
3206720,سیدکلا,2026-09-27,باز,2500000,,,,2026-09-08T18:15:45
3206720,سیدکلا,2026-09-28,باز,2500000,,,,2026-09-08T18:15:45
3206720,سیدکلا,2026-09-29,باز,2500000,,,,2026-09-08T18:15:45
3206720,سیدکلا,2026-09-30,باز,3500000,,,بله,2026-09-08T18:15:45
3206720,سیدکلا,2026-10-01,باز,3500000,,,بله,2026-09-08T18:15:45
3206720,سیدکلا,2026-10-02,باز,2500000,,,,2026-09-08T18:15:45
3206720,سیدکلا,2026-10-03,باز,2500000,,,,2026-09-08T18:15:45
3206720,سیدکلا,2026-10-04,باز,2500000,,,,2026-09-08T18:15:45
3206720,سیدکلا,2026-10-05,باز,2500000,,,,2026-09-08T18:15:45
3206720,سیدکلا,2026-10-06,باز,2500000,,,,2026-09-08T18:15:45
3206720,سیدکلا,2026-10-07,باز,3500000,,,بله,2026-09-08T18:15:45
3206720,سیدکلا,2026-10-08,باز,3500000,,,بله,2026-09-08T18:15:45
3207306,شیردارکلا,2026-09-08,بسته (مشاهده‌شده - دلیل نامشخص),2000000,,,,2026-09-08T18:16:38
3207306,شیردارکلا,2026-09-09,بسته (مشاهده‌شده - دلیل نامشخص),2700000,,,بله,2026-09-08T18:16:38
3207306,شیردارکلا,2026-09-10,بسته (مشاهده‌شده - دلیل نامشخص),2700000,,,بله,2026-09-08T18:16:38
3207306,شیردارکلا,2026-09-11,باز,2000000,,,,2026-09-08T18:16:38
3207306,شیردارکلا,2026-09-12,باز,2000000,,,,2026-09-08T18:16:38
3207306,شیردارکلا,2026-09-13,باز,2000000,,,,2026-09-08T18:16:38
3207306,شیردارکلا,2026-09-14,باز,2000000,,,,2026-09-08T18:16:38
3207306,شیردارکلا,2026-09-15,باز,2000000,,,,2026-09-08T18:16:38
3207306,شیردارکلا,2026-09-16,باز,2700000,,,بله,2026-09-08T18:16:38
3207306,شیردارکلا,2026-09-17,باز,2700000,,,بله,2026-09-08T18:16:38
3207306,شیردارکلا,2026-09-18,باز,2000000,,,,2026-09-08T18:16:38
3207306,شیردارکلا,2026-09-19,باز,2000000,,,,2026-09-08T18:16:38
3207306,شیردارکلا,2026-09-20,باز,2000000,,,,2026-09-08T18:16:38
3207306,شیردارکلا,2026-09-21,باز,2000000,,,,2026-09-08T18:16:38
3207306,شیردارکلا,2026-09-22,باز,2000000,,,,2026-09-08T18:16:38
3207306,شیردارکلا,2026-09-23,باز,2200000,,,بله,2026-09-08T18:16:38
3207306,شیردارکلا,2026-09-24,باز,2200000,,,بله,2026-09-08T18:16:38
3207306,شیردارکلا,2026-09-25,باز,1300000,,,,2026-09-08T18:16:38
3207306,شیردارکلا,2026-09-26,باز,1300000,,,,2026-09-08T18:16:38
3207306,شیردارکلا,2026-09-27,باز,1300000,,,,2026-09-08T18:16:38
3207306,شیردارکلا,2026-09-28,باز,1300000,,,,2026-09-08T18:16:38
3207306,شیردارکلا,2026-09-29,باز,1300000,,,,2026-09-08T18:16:38
3207306,شیردارکلا,2026-09-30,باز,2200000,,,بله,2026-09-08T18:16:38
3207306,شیردارکلا,2026-10-01,باز,2200000,,,بله,2026-09-08T18:16:38
3207306,شیردارکلا,2026-10-02,باز,1300000,,,,2026-09-08T18:16:38
3207306,شیردارکلا,2026-10-03,باز,1300000,,,,2026-09-08T18:16:38
3207306,شیردارکلا,2026-10-04,باز,1300000,,,,2026-09-08T18:16:38
3207306,شیردارکلا,2026-10-05,باز,1300000,,,,2026-09-08T18:16:38
3207306,شیردارکلا,2026-10-06,باز,1300000,,,,2026-09-08T18:16:38
3207306,شیردارکلا,2026-10-07,باز,2200000,,,بله,2026-09-08T18:16:38
3207306,شیردارکلا,2026-10-08,باز,2200000,,,بله,2026-09-08T18:16:38
3208040,کاردرکلا,2026-09-08,بسته (مشاهده‌شده - دلیل نامشخص),2550000,,,,2026-09-08T18:16:40
3208040,کاردرکلا,2026-09-09,بسته (مشاهده‌شده - دلیل نامشخص),4000000,,,بله,2026-09-08T18:16:40
3208040,کاردرکلا,2026-09-10,بسته (مشاهده‌شده - دلیل نامشخص),4000000,,,بله,2026-09-08T18:16:40
3208040,کاردرکلا,2026-09-11,بسته (مشاهده‌شده - دلیل نامشخص),2880000,,,,2026-09-08T18:16:40
3208040,کاردرکلا,2026-09-12,بسته (مشاهده‌شده - دلیل نامشخص),2880000,,,,2026-09-08T18:16:40
3208040,کاردرکلا,2026-09-13,بسته (مشاهده‌شده - دلیل نامشخص),2880000,,,,2026-09-08T18:16:40
3208040,کاردرکلا,2026-09-14,بسته (مشاهده‌شده - دلیل نامشخص),3300000,,,,2026-09-08T18:16:40
3208040,کاردرکلا,2026-09-15,بسته (مشاهده‌شده - دلیل نامشخص),3300000,,,,2026-09-08T18:16:40
3208040,کاردرکلا,2026-09-16,بسته (مشاهده‌شده - دلیل نامشخص),4000000,,,بله,2026-09-08T18:16:40
3208040,کاردرکلا,2026-09-17,باز,4000000,,,بله,2026-09-08T18:16:40
3208040,کاردرکلا,2026-09-18,باز,3300000,,,,2026-09-08T18:16:40
3208040,کاردرکلا,2026-09-19,باز,3300000,,,,2026-09-08T18:16:40
3208040,کاردرکلا,2026-09-20,باز,3300000,,,,2026-09-08T18:16:40
3208040,کاردرکلا,2026-09-21,باز,3300000,,,,2026-09-08T18:16:40
3208040,کاردرکلا,2026-09-22,باز,3300000,,,,2026-09-08T18:16:40
3208040,کاردرکلا,2026-09-23,باز,3500000,,,بله,2026-09-08T18:16:40
3208040,کاردرکلا,2026-09-24,باز,3500000,,,بله,2026-09-08T18:16:40
3208040,کاردرکلا,2026-09-25,باز,2300000,,,,2026-09-08T18:16:40
3208040,کاردرکلا,2026-09-26,باز,2300000,,,,2026-09-08T18:16:40
3208040,کاردرکلا,2026-09-27,باز,2300000,,,,2026-09-08T18:16:40
3208040,کاردرکلا,2026-09-28,باز,2300000,,,,2026-09-08T18:16:40
3208040,کاردرکلا,2026-09-29,باز,2300000,,,,2026-09-08T18:16:40
3208040,کاردرکلا,2026-09-30,باز,3500000,,,بله,2026-09-08T18:16:40
3208040,کاردرکلا,2026-10-01,باز,3500000,,,بله,2026-09-08T18:16:40
3208040,کاردرکلا,2026-10-02,باز,2300000,,,,2026-09-08T18:16:40
3208040,کاردرکلا,2026-10-03,باز,2300000,,,,2026-09-08T18:16:40
3208040,کاردرکلا,2026-10-04,باز,2300000,,,,2026-09-08T18:16:40
3208040,کاردرکلا,2026-10-05,باز,2300000,,,,2026-09-08T18:16:40
3208040,کاردرکلا,2026-10-06,باز,2300000,,,,2026-09-08T18:16:40
3208040,کاردرکلا,2026-10-07,باز,3500000,,,بله,2026-09-08T18:16:40
3208040,کاردرکلا,2026-10-08,باز,3500000,,,بله,2026-09-08T18:16:40
3208548,کاردرکلا,2026-09-08,بسته (مشاهده‌شده - دلیل نامشخص),3000000,,,,2026-09-08T18:16:42
3208548,کاردرکلا,2026-09-09,بسته (مشاهده‌شده - دلیل نامشخص),3000000,,,بله,2026-09-08T18:16:42
3208548,کاردرکلا,2026-09-10,بسته (مشاهده‌شده - دلیل نامشخص),3000000,,,بله,2026-09-08T18:16:42
3208548,کاردرکلا,2026-09-11,باز,3000000,,,,2026-09-08T18:16:42
3208548,کاردرکلا,2026-09-12,باز,3000000,,,,2026-09-08T18:16:42
3208548,کاردرکلا,2026-09-13,باز,3000000,,,,2026-09-08T18:16:42
3208548,کاردرکلا,2026-09-14,باز,3000000,,,,2026-09-08T18:16:42
3208548,کاردرکلا,2026-09-15,باز,3000000,,,,2026-09-08T18:16:42
3208548,کاردرکلا,2026-09-16,باز,3000000,,,بله,2026-09-08T18:16:42
3208548,کاردرکلا,2026-09-17,باز,3000000,,,بله,2026-09-08T18:16:42
3208548,کاردرکلا,2026-09-18,باز,3000000,,,,2026-09-08T18:16:42
3208548,کاردرکلا,2026-09-19,باز,3000000,,,,2026-09-08T18:16:42
3208548,کاردرکلا,2026-09-20,باز,3000000,,,,2026-09-08T18:16:42
3208548,کاردرکلا,2026-09-21,باز,3000000,,,,2026-09-08T18:16:42
3208548,کاردرکلا,2026-09-22,باز,3000000,,,,2026-09-08T18:16:42
3208548,کاردرکلا,2026-09-23,باز,1500000,,,بله,2026-09-08T18:16:42
3208548,کاردرکلا,2026-09-24,باز,1500000,,,بله,2026-09-08T18:16:42
3208548,کاردرکلا,2026-09-25,باز,1000000,,,,2026-09-08T18:16:42
3208548,کاردرکلا,2026-09-26,باز,1000000,,,,2026-09-08T18:16:42
3208548,کاردرکلا,2026-09-27,باز,1000000,,,,2026-09-08T18:16:42
3208548,کاردرکلا,2026-09-28,باز,1000000,,,,2026-09-08T18:16:42
3208548,کاردرکلا,2026-09-29,باز,1000000,,,,2026-09-08T18:16:42
3208548,کاردرکلا,2026-09-30,باز,1500000,,,بله,2026-09-08T18:16:42
3208548,کاردرکلا,2026-10-01,باز,1500000,,,بله,2026-09-08T18:16:42
3208548,کاردرکلا,2026-10-02,باز,1000000,,,,2026-09-08T18:16:42
3208548,کاردرکلا,2026-10-03,باز,1000000,,,,2026-09-08T18:16:42
3208548,کاردرکلا,2026-10-04,باز,1000000,,,,2026-09-08T18:16:42
3208548,کاردرکلا,2026-10-05,باز,1000000,,,,2026-09-08T18:16:42
3208548,کاردرکلا,2026-10-06,باز,1000000,,,,2026-09-08T18:16:42
3208548,کاردرکلا,2026-10-07,باز,1500000,,,بله,2026-09-08T18:16:42
3208548,کاردرکلا,2026-10-08,باز,1500000,,,بله,2026-09-08T18:16:42
3208972,بابلکنار,2026-09-08,بسته (مشاهده‌شده - دلیل نامشخص),2400000,,,,2026-09-08T18:16:43
3208972,بابلکنار,2026-09-09,بسته (مشاهده‌شده - دلیل نامشخص),3100000,,,بله,2026-09-08T18:16:43
3208972,بابلکنار,2026-09-10,بسته (مشاهده‌شده - دلیل نامشخص),3700000,,,بله,2026-09-08T18:16:43
3208972,بابلکنار,2026-09-11,بسته (مشاهده‌شده - دلیل نامشخص),3100000,,,,2026-09-08T18:16:43
3208972,بابلکنار,2026-09-12,بسته (مشاهده‌شده - دلیل نامشخص),2400000,,,,2026-09-08T18:16:43
3208972,بابلکنار,2026-09-13,بسته (مشاهده‌شده - دلیل نامشخص),2400000,,,,2026-09-08T18:16:43
3208972,بابلکنار,2026-09-14,بسته (مشاهده‌شده - دلیل نامشخص),2400000,,,,2026-09-08T18:16:43
3208972,بابلکنار,2026-09-15,بسته (مشاهده‌شده - دلیل نامشخص),2400000,,,,2026-09-08T18:16:43
3208972,بابلکنار,2026-09-16,باز,3100000,,,بله,2026-09-08T18:16:43
3208972,بابلکنار,2026-09-17,باز,3700000,,,بله,2026-09-08T18:16:43
3208972,بابلکنار,2026-09-18,باز,3100000,,,,2026-09-08T18:16:43
3208972,بابلکنار,2026-09-19,باز,2400000,,,,2026-09-08T18:16:43
3208972,بابلکنار,2026-09-20,باز,2400000,,,,2026-09-08T18:16:43
3208972,بابلکنار,2026-09-21,باز,2400000,,,,2026-09-08T18:16:43
3208972,بابلکنار,2026-09-22,باز,2400000,,,,2026-09-08T18:16:43
3208972,بابلکنار,2026-09-23,بسته (مشاهده‌شده - دلیل نامشخص),1800000,,,بله,2026-09-08T18:16:43
3208972,بابلکنار,2026-09-24,بسته (مشاهده‌شده - دلیل نامشخص),1800000,,,بله,2026-09-08T18:16:43
3208972,بابلکنار,2026-09-25,بسته (مشاهده‌شده - دلیل نامشخص),1600000,,,,2026-09-08T18:16:43
3208972,بابلکنار,2026-09-26,بسته (مشاهده‌شده - دلیل نامشخص),1600000,,,,2026-09-08T18:16:43
3208972,بابلکنار,2026-09-27,بسته (مشاهده‌شده - دلیل نامشخص),1600000,,,,2026-09-08T18:16:43
3208972,بابلکنار,2026-09-28,بسته (مشاهده‌شده - دلیل نامشخص),1600000,,,,2026-09-08T18:16:43
3208972,بابلکنار,2026-09-29,بسته (مشاهده‌شده - دلیل نامشخص),1600000,,,,2026-09-08T18:16:43
3208972,بابلکنار,2026-09-30,بسته (مشاهده‌شده - دلیل نامشخص),1800000,,,بله,2026-09-08T18:16:43
3208972,بابلکنار,2026-10-01,بسته (مشاهده‌شده - دلیل نامشخص),1800000,,,بله,2026-09-08T18:16:43
3208972,بابلکنار,2026-10-02,بسته (مشاهده‌شده - دلیل نامشخص),1600000,,,,2026-09-08T18:16:43
3208972,بابلکنار,2026-10-03,بسته (مشاهده‌شده - دلیل نامشخص),1600000,,,,2026-09-08T18:16:43
3208972,بابلکنار,2026-10-04,بسته (مشاهده‌شده - دلیل نامشخص),1600000,,,,2026-09-08T18:16:43
3208972,بابلکنار,2026-10-05,بسته (مشاهده‌شده - دلیل نامشخص),1600000,,,,2026-09-08T18:16:43
3208972,بابلکنار,2026-10-06,بسته (مشاهده‌شده - دلیل نامشخص),1600000,,,,2026-09-08T18:16:43
3208972,بابلکنار,2026-10-07,بسته (مشاهده‌شده - دلیل نامشخص),1800000,,,بله,2026-09-08T18:16:43
3208972,بابلکنار,2026-10-08,بسته (مشاهده‌شده - دلیل نامشخص),1800000,,,بله,2026-09-08T18:16:43
3209080,شیردارکلا,2026-09-08,بسته (مشاهده‌شده - دلیل نامشخص),3000000,,,,2026-09-08T18:16:45
3209080,شیردارکلا,2026-09-09,بسته (مشاهده‌شده - دلیل نامشخص),5800000,,,بله,2026-09-08T18:16:45
3209080,شیردارکلا,2026-09-10,باز,5800000,,,بله,2026-09-08T18:16:45
3209080,شیردارکلا,2026-09-11,باز,3000000,,,,2026-09-08T18:16:45
3209080,شیردارکلا,2026-09-12,باز,3000000,,,,2026-09-08T18:16:45
3209080,شیردارکلا,2026-09-13,باز,3000000,,,,2026-09-08T18:16:45
3209080,شیردارکلا,2026-09-14,باز,3000000,,,,2026-09-08T18:16:45
3209080,شیردارکلا,2026-09-15,باز,3000000,,,,2026-09-08T18:16:45
3209080,شیردارکلا,2026-09-16,باز,5800000,,,بله,2026-09-08T18:16:45
3209080,شیردارکلا,2026-09-17,باز,5800000,,,بله,2026-09-08T18:16:45
3209080,شیردارکلا,2026-09-18,باز,3000000,,,,2026-09-08T18:16:45
3209080,شیردارکلا,2026-09-19,باز,3000000,,,,2026-09-08T18:16:45
3209080,شیردارکلا,2026-09-20,باز,3000000,,,,2026-09-08T18:16:45
3209080,شیردارکلا,2026-09-21,باز,3000000,,,,2026-09-08T18:16:45
3209080,شیردارکلا,2026-09-22,باز,3000000,,,,2026-09-08T18:16:45
3209080,شیردارکلا,2026-09-23,باز,5200000,,,بله,2026-09-08T18:16:45
3209080,شیردارکلا,2026-09-24,باز,5200000,,,بله,2026-09-08T18:16:45
3209080,شیردارکلا,2026-09-25,باز,3200000,,,,2026-09-08T18:16:45
3209080,شیردارکلا,2026-09-26,باز,3200000,,,,2026-09-08T18:16:45
3209080,شیردارکلا,2026-09-27,باز,3200000,,,,2026-09-08T18:16:45
3209080,شیردارکلا,2026-09-28,باز,3200000,,,,2026-09-08T18:16:45
3209080,شیردارکلا,2026-09-29,باز,3200000,,,,2026-09-08T18:16:45
3209080,شیردارکلا,2026-09-30,باز,5200000,,,بله,2026-09-08T18:16:45
3209080,شیردارکلا,2026-10-01,باز,5200000,,,بله,2026-09-08T18:16:45
3209080,شیردارکلا,2026-10-02,باز,3200000,,,,2026-09-08T18:16:45
3209080,شیردارکلا,2026-10-03,باز,3200000,,,,2026-09-08T18:16:45
3209080,شیردارکلا,2026-10-04,باز,3200000,,,,2026-09-08T18:16:45
3209080,شیردارکلا,2026-10-05,باز,3200000,,,,2026-09-08T18:16:45
3209080,شیردارکلا,2026-10-06,باز,3200000,,,,2026-09-08T18:16:45
3209080,شیردارکلا,2026-10-07,باز,5200000,,,بله,2026-09-08T18:16:45
3209080,شیردارکلا,2026-10-08,باز,5200000,,,بله,2026-09-08T18:16:45
3209086,قرآن تالار,2026-09-08,بسته (مشاهده‌شده - دلیل نامشخص),4500000,,,,2026-09-08T18:16:47
3209086,قرآن تالار,2026-09-09,بسته (مشاهده‌شده - دلیل نامشخص),5500000,,,بله,2026-09-08T18:16:47
3209086,قرآن تالار,2026-09-10,بسته (مشاهده‌شده - دلیل نامشخص),5500000,,,بله,2026-09-08T18:16:47
3209086,قرآن تالار,2026-09-11,بسته (مشاهده‌شده - دلیل نامشخص),4500000,,,,2026-09-08T18:16:47
3209086,قرآن تالار,2026-09-12,باز,4500000,,,,2026-09-08T18:16:47
3209086,قرآن تالار,2026-09-13,بسته (مشاهده‌شده - دلیل نامشخص),4500000,,,,2026-09-08T18:16:47
3209086,قرآن تالار,2026-09-14,بسته (مشاهده‌شده - دلیل نامشخص),4500000,,,,2026-09-08T18:16:47
3209086,قرآن تالار,2026-09-15,بسته (مشاهده‌شده - دلیل نامشخص),4500000,,,,2026-09-08T18:16:47
3209086,قرآن تالار,2026-09-16,بسته (مشاهده‌شده - دلیل نامشخص),5500000,,,بله,2026-09-08T18:16:47
3209086,قرآن تالار,2026-09-17,بسته (مشاهده‌شده - دلیل نامشخص),5500000,,,بله,2026-09-08T18:16:47
3209086,قرآن تالار,2026-09-18,بسته (مشاهده‌شده - دلیل نامشخص),4500000,,,,2026-09-08T18:16:47
3209086,قرآن تالار,2026-09-19,بسته (مشاهده‌شده - دلیل نامشخص),4500000,,,,2026-09-08T18:16:47
3209086,قرآن تالار,2026-09-20,باز,4500000,,,,2026-09-08T18:16:47
3209086,قرآن تالار,2026-09-21,باز,4500000,,,,2026-09-08T18:16:47
3209086,قرآن تالار,2026-09-22,باز,4500000,,,,2026-09-08T18:16:47
3209086,قرآن تالار,2026-09-23,باز,4500000,,,بله,2026-09-08T18:16:47
3209086,قرآن تالار,2026-09-24,باز,4500000,,,بله,2026-09-08T18:16:47
3209086,قرآن تالار,2026-09-25,باز,3500000,,,,2026-09-08T18:16:47
3209086,قرآن تالار,2026-09-26,باز,3500000,,,,2026-09-08T18:16:47
3209086,قرآن تالار,2026-09-27,باز,3500000,,,,2026-09-08T18:16:47
3209086,قرآن تالار,2026-09-28,باز,3500000,,,,2026-09-08T18:16:47
3209086,قرآن تالار,2026-09-29,باز,3500000,,,,2026-09-08T18:16:47
3209086,قرآن تالار,2026-09-30,باز,4500000,,,بله,2026-09-08T18:16:47
3209086,قرآن تالار,2026-10-01,باز,4500000,,,بله,2026-09-08T18:16:47
3209086,قرآن تالار,2026-10-02,باز,3500000,,,,2026-09-08T18:16:47
3209086,قرآن تالار,2026-10-03,باز,3500000,,,,2026-09-08T18:16:47
3209086,قرآن تالار,2026-10-04,باز,3500000,,,,2026-09-08T18:16:47
3209086,قرآن تالار,2026-10-05,باز,3500000,,,,2026-09-08T18:16:47
3209086,قرآن تالار,2026-10-06,باز,3500000,,,,2026-09-08T18:16:47
3209086,قرآن تالار,2026-10-07,باز,4500000,,,بله,2026-09-08T18:16:47
3209086,قرآن تالار,2026-10-08,باز,4500000,,,بله,2026-09-08T18:16:47
3209354,بالفکلا,2026-09-08,بسته (مشاهده‌شده - دلیل نامشخص),2400000,,,,2026-09-08T18:16:50
3209354,بالفکلا,2026-09-09,بسته (مشاهده‌شده - دلیل نامشخص),2650000,,,بله,2026-09-08T18:16:50
3209354,بالفکلا,2026-09-10,بسته (مشاهده‌شده - دلیل نامشخص),3000000,,,بله,2026-09-08T18:16:50
3209354,بالفکلا,2026-09-11,باز,2650000,,,,2026-09-08T18:16:50
3209354,بالفکلا,2026-09-12,باز,2400000,,,,2026-09-08T18:16:50
3209354,بالفکلا,2026-09-13,باز,2400000,,,,2026-09-08T18:16:50
3209354,بالفکلا,2026-09-14,باز,2400000,,,,2026-09-08T18:16:50
3209354,بالفکلا,2026-09-15,باز,2400000,,,,2026-09-08T18:16:50
3209354,بالفکلا,2026-09-16,باز,2650000,,,بله,2026-09-08T18:16:50
3209354,بالفکلا,2026-09-17,باز,3000000,,,بله,2026-09-08T18:16:50
3209354,بالفکلا,2026-09-18,باز,2650000,,,,2026-09-08T18:16:50
3209354,بالفکلا,2026-09-19,باز,2400000,,,,2026-09-08T18:16:50
3209354,بالفکلا,2026-09-20,باز,2400000,,,,2026-09-08T18:16:50
3209354,بالفکلا,2026-09-21,باز,2400000,,,,2026-09-08T18:16:50
3209354,بالفکلا,2026-09-22,باز,2400000,,,,2026-09-08T18:16:50
3209354,بالفکلا,2026-09-23,باز,2400000,,,بله,2026-09-08T18:16:50
3209354,بالفکلا,2026-09-24,باز,3000000,,,بله,2026-09-08T18:16:50
3209354,بالفکلا,2026-09-25,باز,2400000,,,,2026-09-08T18:16:50
3209354,بالفکلا,2026-09-26,باز,2050000,,,,2026-09-08T18:16:50
3209354,بالفکلا,2026-09-27,باز,2050000,,,,2026-09-08T18:16:50
3209354,بالفکلا,2026-09-28,باز,2050000,,,,2026-09-08T18:16:50
3209354,بالفکلا,2026-09-29,باز,2050000,,,,2026-09-08T18:16:50
3209354,بالفکلا,2026-09-30,باز,2400000,,,بله,2026-09-08T18:16:50
3209354,بالفکلا,2026-10-01,باز,3000000,,,بله,2026-09-08T18:16:50
3209354,بالفکلا,2026-10-02,باز,2400000,,,,2026-09-08T18:16:50
3209354,بالفکلا,2026-10-03,باز,2050000,,,,2026-09-08T18:16:50
3209354,بالفکلا,2026-10-04,باز,2050000,,,,2026-09-08T18:16:50
3209354,بالفکلا,2026-10-05,باز,2050000,,,,2026-09-08T18:16:50
3209354,بالفکلا,2026-10-06,باز,2050000,,,,2026-09-08T18:16:50
3209354,بالفکلا,2026-10-07,باز,2400000,,,بله,2026-09-08T18:16:50
3209354,بالفکلا,2026-10-08,باز,3000000,,,بله,2026-09-08T18:16:50
3209355,بالفکلا,2026-09-08,بسته (مشاهده‌شده - دلیل نامشخص),2400000,,,,2026-09-08T18:16:52
3209355,بالفکلا,2026-09-09,بسته (مشاهده‌شده - دلیل نامشخص),2650000,,,بله,2026-09-08T18:16:52
3209355,بالفکلا,2026-09-10,بسته (مشاهده‌شده - دلیل نامشخص),3000000,,,بله,2026-09-08T18:16:52
3209355,بالفکلا,2026-09-11,باز,2650000,,,,2026-09-08T18:16:52
3209355,بالفکلا,2026-09-12,باز,2400000,,,,2026-09-08T18:16:52
3209355,بالفکلا,2026-09-13,باز,2400000,,,,2026-09-08T18:16:52
3209355,بالفکلا,2026-09-14,باز,2400000,,,,2026-09-08T18:16:52
3209355,بالفکلا,2026-09-15,باز,2400000,,,,2026-09-08T18:16:52
3209355,بالفکلا,2026-09-16,باز,2650000,,,بله,2026-09-08T18:16:52
3209355,بالفکلا,2026-09-17,باز,3000000,,,بله,2026-09-08T18:16:52
3209355,بالفکلا,2026-09-18,باز,2650000,,,,2026-09-08T18:16:52
3209355,بالفکلا,2026-09-19,باز,2400000,,,,2026-09-08T18:16:52
3209355,بالفکلا,2026-09-20,باز,2400000,,,,2026-09-08T18:16:52
3209355,بالفکلا,2026-09-21,باز,2400000,,,,2026-09-08T18:16:52
3209355,بالفکلا,2026-09-22,باز,2400000,,,,2026-09-08T18:16:52
3209355,بالفکلا,2026-09-23,باز,2400000,,,بله,2026-09-08T18:16:52
3209355,بالفکلا,2026-09-24,باز,3000000,,,بله,2026-09-08T18:16:52
3209355,بالفکلا,2026-09-25,باز,2400000,,,,2026-09-08T18:16:52
3209355,بالفکلا,2026-09-26,باز,2050000,,,,2026-09-08T18:16:52
3209355,بالفکلا,2026-09-27,باز,2050000,,,,2026-09-08T18:16:52
3209355,بالفکلا,2026-09-28,باز,2050000,,,,2026-09-08T18:16:52
3209355,بالفکلا,2026-09-29,باز,2050000,,,,2026-09-08T18:16:52
3209355,بالفکلا,2026-09-30,باز,2400000,,,بله,2026-09-08T18:16:52
3209355,بالفکلا,2026-10-01,باز,3000000,,,بله,2026-09-08T18:16:52
3209355,بالفکلا,2026-10-02,باز,2400000,,,,2026-09-08T18:16:52
3209355,بالفکلا,2026-10-03,باز,2050000,,,,2026-09-08T18:16:52
3209355,بالفکلا,2026-10-04,باز,2050000,,,,2026-09-08T18:16:52
3209355,بالفکلا,2026-10-05,باز,2050000,,,,2026-09-08T18:16:52
3209355,بالفکلا,2026-10-06,باز,2050000,,,,2026-09-08T18:16:52
3209355,بالفکلا,2026-10-07,باز,2400000,,,بله,2026-09-08T18:16:52
3209355,بالفکلا,2026-10-08,باز,3000000,,,بله,2026-09-08T18:16:52
3209766,درازکلا,2026-09-08,بسته (مشاهده‌شده - دلیل نامشخص),3200000,,,,2026-09-08T18:16:55
3209766,درازکلا,2026-09-09,بسته (مشاهده‌شده - دلیل نامشخص),4200000,,,,2026-09-08T18:16:55
3209766,درازکلا,2026-09-10,باز,5990000,,,بله,2026-09-08T18:16:55
3209766,درازکلا,2026-09-11,بسته (مشاهده‌شده - دلیل نامشخص),4800000,,,بله,2026-09-08T18:16:55
3209766,درازکلا,2026-09-12,باز,3950000,,,,2026-09-08T18:16:55
3209766,درازکلا,2026-09-13,باز,3950000,,,,2026-09-08T18:16:55
3209766,درازکلا,2026-09-14,باز,3950000,,,,2026-09-08T18:16:55
3209766,درازکلا,2026-09-15,باز,3950000,,,,2026-09-08T18:16:55
3209766,درازکلا,2026-09-16,باز,4200000,,,,2026-09-08T18:16:55
3209766,درازکلا,2026-09-17,باز,5990000,,,بله,2026-09-08T18:16:55
3209766,درازکلا,2026-09-18,باز,4800000,,,بله,2026-09-08T18:16:55
3209766,درازکلا,2026-09-19,باز,3950000,,,,2026-09-08T18:16:55
3209766,درازکلا,2026-09-20,باز,3950000,,,,2026-09-08T18:16:55
3209766,درازکلا,2026-09-21,باز,3950000,,,,2026-09-08T18:16:55
3209766,درازکلا,2026-09-22,باز,3950000,,,,2026-09-08T18:16:55
3209766,درازکلا,2026-09-23,باز,2600000,,,,2026-09-08T18:16:55
3209766,درازکلا,2026-09-24,باز,4200000,,,بله,2026-09-08T18:16:55
3209766,درازکلا,2026-09-25,باز,4200000,,,بله,2026-09-08T18:16:55
3209766,درازکلا,2026-09-26,باز,2600000,,,,2026-09-08T18:16:55
3209766,درازکلا,2026-09-27,باز,2600000,,,,2026-09-08T18:16:55
3209766,درازکلا,2026-09-28,باز,2600000,,,,2026-09-08T18:16:55
3209766,درازکلا,2026-09-29,باز,2600000,,,,2026-09-08T18:16:55
3209766,درازکلا,2026-09-30,باز,2600000,,,,2026-09-08T18:16:55
3209766,درازکلا,2026-10-01,باز,4200000,,,بله,2026-09-08T18:16:55
3209766,درازکلا,2026-10-02,باز,4200000,,,بله,2026-09-08T18:16:55
3209766,درازکلا,2026-10-03,باز,2600000,,,,2026-09-08T18:16:55
3209766,درازکلا,2026-10-04,باز,2600000,,,,2026-09-08T18:16:55
3209766,درازکلا,2026-10-05,باز,2600000,,,,2026-09-08T18:16:55
3209766,درازکلا,2026-10-06,باز,2600000,,,,2026-09-08T18:16:55
3209766,درازکلا,2026-10-07,باز,2600000,,,,2026-09-08T18:16:55
3209766,درازکلا,2026-10-08,باز,4200000,,,بله,2026-09-08T18:16:55
3210863,لفور,2026-09-08,بسته (مشاهده‌شده - دلیل نامشخص),9500000,,,,2026-09-08T18:16:59
3210863,لفور,2026-09-09,بسته (مشاهده‌شده - دلیل نامشخص),9500000,,,بله,2026-09-08T18:16:59
3210863,لفور,2026-09-10,بسته (مشاهده‌شده - دلیل نامشخص),9500000,,,بله,2026-09-08T18:16:59
3210863,لفور,2026-09-11,بسته (مشاهده‌شده - دلیل نامشخص),9500000,,,,2026-09-08T18:16:59
3210863,لفور,2026-09-12,بسته (مشاهده‌شده - دلیل نامشخص),9500000,,,,2026-09-08T18:16:59
3210863,لفور,2026-09-13,باز,9500000,,,,2026-09-08T18:16:59
3210863,لفور,2026-09-14,بسته (مشاهده‌شده - دلیل نامشخص),9500000,,,,2026-09-08T18:16:59
3210863,لفور,2026-09-15,باز,9500000,,,,2026-09-08T18:16:59
3210863,لفور,2026-09-16,بسته (مشاهده‌شده - دلیل نامشخص),9500000,,,بله,2026-09-08T18:16:59
3210863,لفور,2026-09-17,بسته (مشاهده‌شده - دلیل نامشخص),9500000,,,بله,2026-09-08T18:16:59
3210863,لفور,2026-09-18,باز,9500000,,,,2026-09-08T18:16:59
3210863,لفور,2026-09-19,باز,9500000,,,,2026-09-08T18:16:59
3210863,لفور,2026-09-20,باز,9500000,,,,2026-09-08T18:16:59
3210863,لفور,2026-09-21,باز,9500000,,,,2026-09-08T18:16:59
3210863,لفور,2026-09-22,باز,9500000,,,,2026-09-08T18:16:59
3210863,لفور,2026-09-23,باز,9500000,,,بله,2026-09-08T18:16:59
3210863,لفور,2026-09-24,باز,9500000,,,بله,2026-09-08T18:16:59
3210863,لفور,2026-09-25,باز,6900000,,,,2026-09-08T18:16:59
3210863,لفور,2026-09-26,بسته (مشاهده‌شده - دلیل نامشخص),5900000,,,,2026-09-08T18:16:59
3210863,لفور,2026-09-27,بسته (مشاهده‌شده - دلیل نامشخص),5900000,,,,2026-09-08T18:16:59
3210863,لفور,2026-09-28,بسته (مشاهده‌شده - دلیل نامشخص),5900000,,,,2026-09-08T18:16:59
3210863,لفور,2026-09-29,بسته (مشاهده‌شده - دلیل نامشخص),5900000,,,,2026-09-08T18:16:59
3210863,لفور,2026-09-30,بسته (مشاهده‌شده - دلیل نامشخص),6800000,,,بله,2026-09-08T18:16:59
3210863,لفور,2026-10-01,بسته (مشاهده‌شده - دلیل نامشخص),6800000,,,بله,2026-09-08T18:16:59
3210863,لفور,2026-10-02,بسته (مشاهده‌شده - دلیل نامشخص),5900000,,,,2026-09-08T18:16:59
3210863,لفور,2026-10-03,بسته (مشاهده‌شده - دلیل نامشخص),5900000,,,,2026-09-08T18:16:59
3210863,لفور,2026-10-04,بسته (مشاهده‌شده - دلیل نامشخص),5900000,,,,2026-09-08T18:16:59
3210863,لفور,2026-10-05,بسته (مشاهده‌شده - دلیل نامشخص),5900000,,,,2026-09-08T18:16:59
3210863,لفور,2026-10-06,بسته (مشاهده‌شده - دلیل نامشخص),5900000,,,,2026-09-08T18:16:59
3210863,لفور,2026-10-07,بسته (مشاهده‌شده - دلیل نامشخص),6800000,,,بله,2026-09-08T18:16:59
3210863,لفور,2026-10-08,بسته (مشاهده‌شده - دلیل نامشخص),6800000,,,بله,2026-09-08T18:16:59
3212136,قرآن تالار,2026-09-08,بسته (مشاهده‌شده - دلیل نامشخص),3200000,,,,2026-09-08T18:17:26
3212136,قرآن تالار,2026-09-09,باز,2800000,,,بله,2026-09-08T18:17:26
3212136,قرآن تالار,2026-09-10,بسته (مشاهده‌شده - دلیل نامشخص),3700000,,,بله,2026-09-08T18:17:26
3212136,قرآن تالار,2026-09-11,باز,2800000,,,,2026-09-08T18:17:26
3212136,قرآن تالار,2026-09-12,باز,2800000,,,,2026-09-08T18:17:26
3212136,قرآن تالار,2026-09-13,باز,2800000,,,,2026-09-08T18:17:26
3212136,قرآن تالار,2026-09-14,باز,2800000,,,,2026-09-08T18:17:26
3212136,قرآن تالار,2026-09-15,باز,2800000,,,,2026-09-08T18:17:26
3212136,قرآن تالار,2026-09-16,باز,3200000,,,بله,2026-09-08T18:17:26
3212136,قرآن تالار,2026-09-17,باز,3200000,,,بله,2026-09-08T18:17:26
3212136,قرآن تالار,2026-09-18,باز,2800000,,,,2026-09-08T18:17:26
3212136,قرآن تالار,2026-09-19,باز,2800000,,,,2026-09-08T18:17:26
3212136,قرآن تالار,2026-09-20,باز,2800000,,,,2026-09-08T18:17:26
3212136,قرآن تالار,2026-09-21,باز,2800000,,,,2026-09-08T18:17:26
3212136,قرآن تالار,2026-09-22,بسته (مشاهده‌شده - دلیل نامشخص),2800000,,,,2026-09-08T18:17:26
3212136,قرآن تالار,2026-09-23,باز,2700000,,,بله,2026-09-08T18:17:26
3212136,قرآن تالار,2026-09-24,باز,2700000,,,بله,2026-09-08T18:17:26
3212136,قرآن تالار,2026-09-25,باز,2200000,,,,2026-09-08T18:17:26
3212136,قرآن تالار,2026-09-26,باز,2200000,,,,2026-09-08T18:17:26
3212136,قرآن تالار,2026-09-27,باز,2200000,,,,2026-09-08T18:17:26
3212136,قرآن تالار,2026-09-28,باز,2200000,,,,2026-09-08T18:17:26
3212136,قرآن تالار,2026-09-29,باز,2200000,,,,2026-09-08T18:17:26
3212136,قرآن تالار,2026-09-30,باز,2700000,,,بله,2026-09-08T18:17:26
3212136,قرآن تالار,2026-10-01,باز,2700000,,,بله,2026-09-08T18:17:26
3212136,قرآن تالار,2026-10-02,باز,2200000,,,,2026-09-08T18:17:26
3212136,قرآن تالار,2026-10-03,باز,2200000,,,,2026-09-08T18:17:26
3212136,قرآن تالار,2026-10-04,باز,2200000,,,,2026-09-08T18:17:26
3212136,قرآن تالار,2026-10-05,باز,2200000,,,,2026-09-08T18:17:26
3212136,قرآن تالار,2026-10-06,باز,2200000,,,,2026-09-08T18:17:26
3212136,قرآن تالار,2026-10-07,باز,2700000,,,بله,2026-09-08T18:17:26
3212136,قرآن تالار,2026-10-08,باز,2700000,,,بله,2026-09-08T18:17:26
3212511,قرآن تالار,2026-09-08,بسته (مشاهده‌شده - دلیل نامشخص),2000000,,,,2026-09-08T18:17:28
3212511,قرآن تالار,2026-09-09,بسته (مشاهده‌شده - دلیل نامشخص),2200000,,,بله,2026-09-08T18:17:28
3212511,قرآن تالار,2026-09-10,باز,3000000,,,بله,2026-09-08T18:17:28
3212511,قرآن تالار,2026-09-11,باز,2000000,,,,2026-09-08T18:17:28
3212511,قرآن تالار,2026-09-12,بسته (مشاهده‌شده - دلیل نامشخص),2000000,,,,2026-09-08T18:17:28
3212511,قرآن تالار,2026-09-13,بسته (مشاهده‌شده - دلیل نامشخص),2000000,,,,2026-09-08T18:17:28
3212511,قرآن تالار,2026-09-14,بسته (مشاهده‌شده - دلیل نامشخص),2000000,,,,2026-09-08T18:17:28
3212511,قرآن تالار,2026-09-15,بسته (مشاهده‌شده - دلیل نامشخص),2000000,,,,2026-09-08T18:17:28
3212511,قرآن تالار,2026-09-16,باز,3000000,,,بله,2026-09-08T18:17:28
3212511,قرآن تالار,2026-09-17,باز,3000000,,,بله,2026-09-08T18:17:28
3212511,قرآن تالار,2026-09-18,باز,2000000,,,,2026-09-08T18:17:28
3212511,قرآن تالار,2026-09-19,باز,2000000,,,,2026-09-08T18:17:28
3212511,قرآن تالار,2026-09-20,باز,2000000,,,,2026-09-08T18:17:28
3212511,قرآن تالار,2026-09-21,باز,2000000,,,,2026-09-08T18:17:28
3212511,قرآن تالار,2026-09-22,باز,2000000,,,,2026-09-08T18:17:28
3212511,قرآن تالار,2026-09-23,باز,2800000,,,بله,2026-09-08T18:17:28
3212511,قرآن تالار,2026-09-24,باز,2800000,,,بله,2026-09-08T18:17:28
3212511,قرآن تالار,2026-09-25,باز,1750000,,,,2026-09-08T18:17:28
3212511,قرآن تالار,2026-09-26,باز,1750000,,,,2026-09-08T18:17:28
3212511,قرآن تالار,2026-09-27,باز,1750000,,,,2026-09-08T18:17:28
3212511,قرآن تالار,2026-09-28,باز,1750000,,,,2026-09-08T18:17:28
3212511,قرآن تالار,2026-09-29,باز,1750000,,,,2026-09-08T18:17:28
3212511,قرآن تالار,2026-09-30,باز,2800000,,,بله,2026-09-08T18:17:28
3212511,قرآن تالار,2026-10-01,باز,2800000,,,بله,2026-09-08T18:17:28
3212511,قرآن تالار,2026-10-02,باز,1750000,,,,2026-09-08T18:17:28
3212511,قرآن تالار,2026-10-03,باز,1750000,,,,2026-09-08T18:17:28
3212511,قرآن تالار,2026-10-04,باز,1750000,,,,2026-09-08T18:17:28
3212511,قرآن تالار,2026-10-05,باز,1750000,,,,2026-09-08T18:17:28
3212511,قرآن تالار,2026-10-06,باز,1750000,,,,2026-09-08T18:17:28
3212511,قرآن تالار,2026-10-07,باز,2800000,,,بله,2026-09-08T18:17:28
3212511,قرآن تالار,2026-10-08,باز,2800000,,,بله,2026-09-08T18:17:28
3212564,لفور,2026-09-08,بسته (مشاهده‌شده - دلیل نامشخص),5600000,,,,2026-09-08T18:17:55
3212564,لفور,2026-09-09,باز,6300000,,,بله,2026-09-08T18:17:55
3212564,لفور,2026-09-10,بسته (مشاهده‌شده - دلیل نامشخص),6300000,,,بله,2026-09-08T18:17:55
3212564,لفور,2026-09-11,بسته (مشاهده‌شده - دلیل نامشخص),6300000,,,,2026-09-08T18:17:55
3212564,لفور,2026-09-12,بسته (مشاهده‌شده - دلیل نامشخص),6800000,,,,2026-09-08T18:17:55
3212564,لفور,2026-09-13,باز,6800000,,,,2026-09-08T18:17:55
3212564,لفور,2026-09-14,باز,6800000,,,,2026-09-08T18:17:55
3212564,لفور,2026-09-15,باز,6800000,,,,2026-09-08T18:17:55
3212564,لفور,2026-09-16,باز,6800000,,,بله,2026-09-08T18:17:55
3212564,لفور,2026-09-17,باز,6800000,,,بله,2026-09-08T18:17:55
3212564,لفور,2026-09-18,باز,6800000,,,,2026-09-08T18:17:55
3212564,لفور,2026-09-19,باز,6800000,,,,2026-09-08T18:17:55
3212564,لفور,2026-09-20,باز,6800000,,,,2026-09-08T18:17:55
3212564,لفور,2026-09-21,باز,6800000,,,,2026-09-08T18:17:55
3212564,لفور,2026-09-22,باز,6800000,,,,2026-09-08T18:17:55
3212564,لفور,2026-09-23,باز,5500000,,,بله,2026-09-08T18:17:55
3212564,لفور,2026-09-24,باز,5500000,,,بله,2026-09-08T18:17:55
3212564,لفور,2026-09-25,باز,3200000,,,,2026-09-08T18:17:55
3212564,لفور,2026-09-26,بسته (مشاهده‌شده - دلیل نامشخص),3200000,,,,2026-09-08T18:17:55
3212564,لفور,2026-09-27,باز,3200000,,,,2026-09-08T18:17:55
3212564,لفور,2026-09-28,باز,3200000,,,,2026-09-08T18:17:55
3212564,لفور,2026-09-29,باز,3200000,,,,2026-09-08T18:17:55
3212564,لفور,2026-09-30,باز,3800000,,,بله,2026-09-08T18:17:55
3212564,لفور,2026-10-01,باز,3800000,,,بله,2026-09-08T18:17:55
3212564,لفور,2026-10-02,باز,3200000,,,,2026-09-08T18:17:55
3212564,لفور,2026-10-03,باز,3200000,,,,2026-09-08T18:17:55
3212564,لفور,2026-10-04,باز,3200000,,,,2026-09-08T18:17:55
3212564,لفور,2026-10-05,باز,3200000,,,,2026-09-08T18:17:55
3212564,لفور,2026-10-06,باز,3200000,,,,2026-09-08T18:17:55
3212564,لفور,2026-10-07,باز,3800000,,,بله,2026-09-08T18:17:55
3212564,لفور,2026-10-08,باز,3800000,,,بله,2026-09-08T18:17:55
3212575,گونه کلا,2026-09-08,باز,3500000,,,,2026-09-08T18:17:57
3212575,گونه کلا,2026-09-09,بسته (مشاهده‌شده - دلیل نامشخص),3500000,,,بله,2026-09-08T18:17:57
3212575,گونه کلا,2026-09-10,بسته (مشاهده‌شده - دلیل نامشخص),3500000,,,بله,2026-09-08T18:17:57
3212575,گونه کلا,2026-09-11,باز,3500000,,,,2026-09-08T18:17:57
3212575,گونه کلا,2026-09-12,باز,3500000,,,,2026-09-08T18:17:57
3212575,گونه کلا,2026-09-13,باز,3500000,,,,2026-09-08T18:17:57
3212575,گونه کلا,2026-09-14,باز,3500000,,,,2026-09-08T18:17:57
3212575,گونه کلا,2026-09-15,باز,3500000,,,,2026-09-08T18:17:57
3212575,گونه کلا,2026-09-16,باز,3500000,,,بله,2026-09-08T18:17:57
3212575,گونه کلا,2026-09-17,باز,3500000,,,بله,2026-09-08T18:17:57
3212575,گونه کلا,2026-09-18,باز,3500000,,,,2026-09-08T18:17:57
3212575,گونه کلا,2026-09-19,باز,3500000,,,,2026-09-08T18:17:57
3212575,گونه کلا,2026-09-20,باز,3500000,,,,2026-09-08T18:17:57
3212575,گونه کلا,2026-09-21,باز,3500000,,,,2026-09-08T18:17:57
3212575,گونه کلا,2026-09-22,باز,3500000,,,,2026-09-08T18:17:57
3212575,گونه کلا,2026-09-23,باز,1500000,,,بله,2026-09-08T18:17:57
3212575,گونه کلا,2026-09-24,باز,1500000,,,بله,2026-09-08T18:17:57
3212575,گونه کلا,2026-09-25,باز,1000000,,,,2026-09-08T18:17:57
3212575,گونه کلا,2026-09-26,باز,1000000,,,,2026-09-08T18:17:57
3212575,گونه کلا,2026-09-27,باز,1000000,,,,2026-09-08T18:17:57
3212575,گونه کلا,2026-09-28,باز,1000000,,,,2026-09-08T18:17:57
3212575,گونه کلا,2026-09-29,باز,1000000,,,,2026-09-08T18:17:57
3212575,گونه کلا,2026-09-30,باز,1500000,,,بله,2026-09-08T18:17:57
3212575,گونه کلا,2026-10-01,باز,1500000,,,بله,2026-09-08T18:17:57
3212575,گونه کلا,2026-10-02,باز,1000000,,,,2026-09-08T18:17:57
3212575,گونه کلا,2026-10-03,باز,1000000,,,,2026-09-08T18:17:57
3212575,گونه کلا,2026-10-04,باز,1000000,,,,2026-09-08T18:17:57
3212575,گونه کلا,2026-10-05,باز,1000000,,,,2026-09-08T18:17:57
3212575,گونه کلا,2026-10-06,باز,1000000,,,,2026-09-08T18:17:57
3212575,گونه کلا,2026-10-07,باز,1500000,,,بله,2026-09-08T18:17:57
3212575,گونه کلا,2026-10-08,باز,1500000,,,بله,2026-09-08T18:17:57
3213707,درازکلا,2026-09-08,بسته (مشاهده‌شده - دلیل نامشخص),3900000,,,,2026-09-08T18:17:59
3213707,درازکلا,2026-09-09,بسته (مشاهده‌شده - دلیل نامشخص),4900000,,,بله,2026-09-08T18:17:59
3213707,درازکلا,2026-09-10,باز,6900000,,,بله,2026-09-08T18:17:59
3213707,درازکلا,2026-09-11,باز,4500000,,,,2026-09-08T18:17:59
3213707,درازکلا,2026-09-12,باز,4500000,,,,2026-09-08T18:17:59
3213707,درازکلا,2026-09-13,باز,4500000,,,,2026-09-08T18:17:59
3213707,درازکلا,2026-09-14,باز,4500000,,,,2026-09-08T18:17:59
3213707,درازکلا,2026-09-15,باز,4500000,,,,2026-09-08T18:17:59
3213707,درازکلا,2026-09-16,باز,5500000,,,بله,2026-09-08T18:17:59
3213707,درازکلا,2026-09-17,باز,6900000,,,بله,2026-09-08T18:17:59
3213707,درازکلا,2026-09-18,باز,4500000,,,,2026-09-08T18:17:59
3213707,درازکلا,2026-09-19,باز,4900000,,,,2026-09-08T18:17:59
3213707,درازکلا,2026-09-20,باز,4900000,,,,2026-09-08T18:17:59
3213707,درازکلا,2026-09-21,باز,4900000,,,,2026-09-08T18:17:59
3213707,درازکلا,2026-09-22,باز,4900000,,,,2026-09-08T18:17:59
3213707,درازکلا,2026-09-23,باز,5000000,,,بله,2026-09-08T18:17:59
3213707,درازکلا,2026-09-24,باز,5000000,,,بله,2026-09-08T18:17:59
3213707,درازکلا,2026-09-25,باز,5000000,,,,2026-09-08T18:17:59
3213707,درازکلا,2026-09-26,باز,5000000,,,,2026-09-08T18:17:59
3213707,درازکلا,2026-09-27,باز,5000000,,,,2026-09-08T18:17:59
3213707,درازکلا,2026-09-28,باز,5000000,,,,2026-09-08T18:17:59
3213707,درازکلا,2026-09-29,باز,5000000,,,,2026-09-08T18:17:59
3213707,درازکلا,2026-09-30,باز,5000000,,,بله,2026-09-08T18:17:59
3213707,درازکلا,2026-10-01,باز,5000000,,,بله,2026-09-08T18:17:59
3213707,درازکلا,2026-10-02,باز,5000000,,,,2026-09-08T18:17:59
3213707,درازکلا,2026-10-03,باز,5000000,,,,2026-09-08T18:17:59
3213707,درازکلا,2026-10-04,باز,5000000,,,,2026-09-08T18:17:59
3213707,درازکلا,2026-10-05,باز,5000000,,,,2026-09-08T18:17:59
3213707,درازکلا,2026-10-06,باز,5000000,,,,2026-09-08T18:17:59
3213707,درازکلا,2026-10-07,باز,5000000,,,بله,2026-09-08T18:17:59
3213707,درازکلا,2026-10-08,باز,5000000,,,بله,2026-09-08T18:17:59
3214155,رئیسکلا,2026-09-08,بسته (مشاهده‌شده - دلیل نامشخص),4000000,,,,2026-09-08T18:18:00
3214155,رئیسکلا,2026-09-09,باز,4500000,,,بله,2026-09-08T18:18:00
3214155,رئیسکلا,2026-09-10,باز,4500000,,,بله,2026-09-08T18:18:00
3214155,رئیسکلا,2026-09-11,بسته (مشاهده‌شده - دلیل نامشخص),3800000,,,,2026-09-08T18:18:00
3214155,رئیسکلا,2026-09-12,بسته (مشاهده‌شده - دلیل نامشخص),3800000,,,,2026-09-08T18:18:00
3214155,رئیسکلا,2026-09-13,بسته (مشاهده‌شده - دلیل نامشخص),3800000,,,,2026-09-08T18:18:00
3214155,رئیسکلا,2026-09-14,باز,3800000,,,,2026-09-08T18:18:00
3214155,رئیسکلا,2026-09-15,باز,3800000,,,,2026-09-08T18:18:00
3214155,رئیسکلا,2026-09-16,باز,4500000,,,بله,2026-09-08T18:18:00
3214155,رئیسکلا,2026-09-17,باز,4500000,,,بله,2026-09-08T18:18:00
3214155,رئیسکلا,2026-09-18,باز,3800000,,,,2026-09-08T18:18:00
3214155,رئیسکلا,2026-09-19,باز,3800000,,,,2026-09-08T18:18:00
3214155,رئیسکلا,2026-09-20,باز,3800000,,,,2026-09-08T18:18:00
3214155,رئیسکلا,2026-09-21,باز,3800000,,,,2026-09-08T18:18:00
3214155,رئیسکلا,2026-09-22,باز,3800000,,,,2026-09-08T18:18:00
3214155,رئیسکلا,2026-09-23,باز,3700000,,,بله,2026-09-08T18:18:00
3214155,رئیسکلا,2026-09-24,باز,3700000,,,بله,2026-09-08T18:18:00
3214155,رئیسکلا,2026-09-25,باز,3000000,,,,2026-09-08T18:18:00
3214155,رئیسکلا,2026-09-26,باز,3000000,,,,2026-09-08T18:18:00
3214155,رئیسکلا,2026-09-27,باز,3000000,,,,2026-09-08T18:18:00
3214155,رئیسکلا,2026-09-28,باز,3000000,,,,2026-09-08T18:18:00
3214155,رئیسکلا,2026-09-29,باز,3000000,,,,2026-09-08T18:18:00
3214155,رئیسکلا,2026-09-30,باز,3700000,,,بله,2026-09-08T18:18:00
3214155,رئیسکلا,2026-10-01,باز,3700000,,,بله,2026-09-08T18:18:00
3214155,رئیسکلا,2026-10-02,باز,3000000,,,,2026-09-08T18:18:00
3214155,رئیسکلا,2026-10-03,باز,3000000,,,,2026-09-08T18:18:00
3214155,رئیسکلا,2026-10-04,باز,3000000,,,,2026-09-08T18:18:00
3214155,رئیسکلا,2026-10-05,باز,3000000,,,,2026-09-08T18:18:00
3214155,رئیسکلا,2026-10-06,باز,3000000,,,,2026-09-08T18:18:00
3214155,رئیسکلا,2026-10-07,باز,3700000,,,بله,2026-09-08T18:18:00
3214155,رئیسکلا,2026-10-08,باز,3700000,,,بله,2026-09-08T18:18:00
3214205,بابلکنار,2026-09-08,بسته (مشاهده‌شده - دلیل نامشخص),2200000,,,,2026-09-08T18:18:02
3214205,بابلکنار,2026-09-09,بسته (مشاهده‌شده - دلیل نامشخص),2500000,,,بله,2026-09-08T18:18:02
3214205,بابلکنار,2026-09-10,باز,4800000,,,بله,2026-09-08T18:18:02
3214205,بابلکنار,2026-09-11,باز,2500000,,,,2026-09-08T18:18:02
3214205,بابلکنار,2026-09-12,باز,2400000,,,,2026-09-08T18:18:02
3214205,بابلکنار,2026-09-13,باز,2400000,,,,2026-09-08T18:18:02
3214205,بابلکنار,2026-09-14,باز,2400000,,,,2026-09-08T18:18:02
3214205,بابلکنار,2026-09-15,باز,2400000,,,,2026-09-08T18:18:02
3214205,بابلکنار,2026-09-16,باز,2500000,,,بله,2026-09-08T18:18:02
3214205,بابلکنار,2026-09-17,باز,4800000,,,بله,2026-09-08T18:18:02
3214205,بابلکنار,2026-09-18,باز,2500000,,,,2026-09-08T18:18:02
3214205,بابلکنار,2026-09-19,باز,2400000,,,,2026-09-08T18:18:02
3214205,بابلکنار,2026-09-20,باز,2400000,,,,2026-09-08T18:18:02
3214205,بابلکنار,2026-09-21,باز,2400000,,,,2026-09-08T18:18:02
3214205,بابلکنار,2026-09-22,باز,2400000,,,,2026-09-08T18:18:02
3214205,بابلکنار,2026-09-23,باز,2500000,,,بله,2026-09-08T18:18:02
3214205,بابلکنار,2026-09-24,باز,3900000,,,بله,2026-09-08T18:18:02
3214205,بابلکنار,2026-09-25,باز,2000000,,,,2026-09-08T18:18:02
3214205,بابلکنار,2026-09-26,باز,2000000,,,,2026-09-08T18:18:02
3214205,بابلکنار,2026-09-27,باز,2000000,,,,2026-09-08T18:18:02
3214205,بابلکنار,2026-09-28,باز,2000000,,,,2026-09-08T18:18:02
3214205,بابلکنار,2026-09-29,باز,2000000,,,,2026-09-08T18:18:02
3214205,بابلکنار,2026-09-30,باز,2500000,,,بله,2026-09-08T18:18:02
3214205,بابلکنار,2026-10-01,باز,3900000,,,بله,2026-09-08T18:18:02
3214205,بابلکنار,2026-10-02,باز,2000000,,,,2026-09-08T18:18:02
3214205,بابلکنار,2026-10-03,باز,2000000,,,,2026-09-08T18:18:02
3214205,بابلکنار,2026-10-04,باز,2000000,,,,2026-09-08T18:18:02
3214205,بابلکنار,2026-10-05,باز,2000000,,,,2026-09-08T18:18:02
3214205,بابلکنار,2026-10-06,باز,2000000,,,,2026-09-08T18:18:02
3214205,بابلکنار,2026-10-07,باز,2500000,,,بله,2026-09-08T18:18:02
3214205,بابلکنار,2026-10-08,باز,3900000,,,بله,2026-09-08T18:18:02
3215006,لفور,2026-09-08,بسته (مشاهده‌شده - دلیل نامشخص),2750000,,,,2026-09-08T18:18:58
3215006,لفور,2026-09-09,باز,4500000,,,بله,2026-09-08T18:18:58
3215006,لفور,2026-09-10,باز,6000000,,,بله,2026-09-08T18:18:58
3215006,لفور,2026-09-11,باز,2750000,,,,2026-09-08T18:18:58
3215006,لفور,2026-09-12,باز,2750000,,,,2026-09-08T18:18:58
3215006,لفور,2026-09-13,باز,2750000,,,,2026-09-08T18:18:58
3215006,لفور,2026-09-14,باز,2750000,,,,2026-09-08T18:18:58
3215006,لفور,2026-09-15,باز,2750000,,,,2026-09-08T18:18:58
3215006,لفور,2026-09-16,باز,4500000,,,بله,2026-09-08T18:18:58
3215006,لفور,2026-09-17,باز,6000000,,,بله,2026-09-08T18:18:58
3215006,لفور,2026-09-18,باز,2750000,,,,2026-09-08T18:18:58
3215006,لفور,2026-09-19,باز,2750000,,,,2026-09-08T18:18:58
3215006,لفور,2026-09-20,باز,2750000,,,,2026-09-08T18:18:58
3215006,لفور,2026-09-21,باز,2750000,,,,2026-09-08T18:18:58
3215006,لفور,2026-09-22,باز,2750000,,,,2026-09-08T18:18:58
3215006,لفور,2026-09-23,باز,2500000,,,بله,2026-09-08T18:18:58
3215006,لفور,2026-09-24,باز,2500000,,,بله,2026-09-08T18:18:58
3215006,لفور,2026-09-25,باز,2000000,,,,2026-09-08T18:18:58
3215006,لفور,2026-09-26,باز,2000000,,,,2026-09-08T18:18:58
3215006,لفور,2026-09-27,باز,2000000,,,,2026-09-08T18:18:58
3215006,لفور,2026-09-28,باز,2000000,,,,2026-09-08T18:18:58
3215006,لفور,2026-09-29,باز,2000000,,,,2026-09-08T18:18:58
3215006,لفور,2026-09-30,باز,2500000,,,بله,2026-09-08T18:18:58
3215006,لفور,2026-10-01,باز,2500000,,,بله,2026-09-08T18:18:58
3215006,لفور,2026-10-02,باز,2000000,,,,2026-09-08T18:18:58
3215006,لفور,2026-10-03,باز,2000000,,,,2026-09-08T18:18:58
3215006,لفور,2026-10-04,باز,2000000,,,,2026-09-08T18:18:58
3215006,لفور,2026-10-05,باز,2000000,,,,2026-09-08T18:18:58
3215006,لفور,2026-10-06,باز,2000000,,,,2026-09-08T18:18:58
3215006,لفور,2026-10-07,باز,2500000,,,بله,2026-09-08T18:18:58
3215006,لفور,2026-10-08,باز,2500000,,,بله,2026-09-08T18:18:58
3215235,درازکلا,2026-09-08,بسته (مشاهده‌شده - دلیل نامشخص),3400000,,,,2026-09-08T18:19:02
3215235,درازکلا,2026-09-09,باز,3500000,,,بله,2026-09-08T18:19:02
3215235,درازکلا,2026-09-10,باز,6000000,,,بله,2026-09-08T18:19:02
3215235,درازکلا,2026-09-11,باز,3400000,,,,2026-09-08T18:19:02
3215235,درازکلا,2026-09-12,باز,3400000,,,,2026-09-08T18:19:02
3215235,درازکلا,2026-09-13,باز,3400000,,,,2026-09-08T18:19:02
3215235,درازکلا,2026-09-14,باز,3400000,,,,2026-09-08T18:19:02
3215235,درازکلا,2026-09-15,باز,3400000,,,,2026-09-08T18:19:02
3215235,درازکلا,2026-09-16,باز,5700000,,,بله,2026-09-08T18:19:02
3215235,درازکلا,2026-09-17,باز,7500000,,,بله,2026-09-08T18:19:02
3215235,درازکلا,2026-09-18,باز,3400000,,,,2026-09-08T18:19:02
3215235,درازکلا,2026-09-19,باز,3400000,,,,2026-09-08T18:19:02
3215235,درازکلا,2026-09-20,باز,3400000,,,,2026-09-08T18:19:02
3215235,درازکلا,2026-09-21,باز,3400000,,,,2026-09-08T18:19:02
3215235,درازکلا,2026-09-22,باز,3400000,,,,2026-09-08T18:19:02
3215235,درازکلا,2026-09-23,باز,3400000,,,بله,2026-09-08T18:19:02
3215235,درازکلا,2026-09-24,باز,5000000,,,بله,2026-09-08T18:19:02
3215235,درازکلا,2026-09-25,باز,3000000,,,,2026-09-08T18:19:02
3215235,درازکلا,2026-09-26,باز,3000000,,,,2026-09-08T18:19:02
3215235,درازکلا,2026-09-27,باز,3000000,,,,2026-09-08T18:19:02
3215235,درازکلا,2026-09-28,باز,3000000,,,,2026-09-08T18:19:02
3215235,درازکلا,2026-09-29,باز,3000000,,,,2026-09-08T18:19:02
3215235,درازکلا,2026-09-30,باز,3400000,,,بله,2026-09-08T18:19:02
3215235,درازکلا,2026-10-01,باز,5000000,,,بله,2026-09-08T18:19:02
3215235,درازکلا,2026-10-02,باز,3000000,,,,2026-09-08T18:19:02
3215235,درازکلا,2026-10-03,باز,3000000,,,,2026-09-08T18:19:02
3215235,درازکلا,2026-10-04,باز,3000000,,,,2026-09-08T18:19:02
3215235,درازکلا,2026-10-05,باز,3000000,,,,2026-09-08T18:19:02
3215235,درازکلا,2026-10-06,باز,3000000,,,,2026-09-08T18:19:02
3215235,درازکلا,2026-10-07,باز,3400000,,,بله,2026-09-08T18:19:02
3215235,درازکلا,2026-10-08,باز,5000000,,,بله,2026-09-08T18:19:02
3215808,سیدکلا,2026-09-08,بسته (مشاهده‌شده - دلیل نامشخص),6000000,,,,2026-09-08T18:19:03
3215808,سیدکلا,2026-09-09,بسته (مشاهده‌شده - دلیل نامشخص),8000000,,,بله,2026-09-08T18:19:03
3215808,سیدکلا,2026-09-10,بسته (مشاهده‌شده - دلیل نامشخص),10000000,,,بله,2026-09-08T18:19:03
3215808,سیدکلا,2026-09-11,بسته (مشاهده‌شده - دلیل نامشخص),2500000,,,,2026-09-08T18:19:03
3215808,سیدکلا,2026-09-12,بسته (مشاهده‌شده - دلیل نامشخص),2500000,,,,2026-09-08T18:19:03
3215808,سیدکلا,2026-09-13,بسته (مشاهده‌شده - دلیل نامشخص),7500000,,,,2026-09-08T18:19:03
3215808,سیدکلا,2026-09-14,باز,7500000,,,,2026-09-08T18:19:03
3215808,سیدکلا,2026-09-15,بسته (مشاهده‌شده - دلیل نامشخص),7500000,,,,2026-09-08T18:19:03
3215808,سیدکلا,2026-09-16,بسته (مشاهده‌شده - دلیل نامشخص),8000000,,,بله,2026-09-08T18:19:03
3215808,سیدکلا,2026-09-17,بسته (مشاهده‌شده - دلیل نامشخص),10000000,,,بله,2026-09-08T18:19:03
3215808,سیدکلا,2026-09-18,باز,7500000,,,,2026-09-08T18:19:03
3215808,سیدکلا,2026-09-19,باز,7500000,,,,2026-09-08T18:19:03
3215808,سیدکلا,2026-09-20,باز,7500000,,,,2026-09-08T18:19:03
3215808,سیدکلا,2026-09-21,باز,7500000,,,,2026-09-08T18:19:03
3215808,سیدکلا,2026-09-22,باز,7500000,,,,2026-09-08T18:19:03
3215808,سیدکلا,2026-09-23,باز,7500000,,,بله,2026-09-08T18:19:03
3215808,سیدکلا,2026-09-24,باز,8500000,,,بله,2026-09-08T18:19:03
3215808,سیدکلا,2026-09-25,باز,6500000,,,,2026-09-08T18:19:03
3215808,سیدکلا,2026-09-26,باز,6500000,,,,2026-09-08T18:19:03
3215808,سیدکلا,2026-09-27,باز,6500000,,,,2026-09-08T18:19:03
3215808,سیدکلا,2026-09-28,باز,6500000,,,,2026-09-08T18:19:03
3215808,سیدکلا,2026-09-29,باز,6500000,,,,2026-09-08T18:19:03
3215808,سیدکلا,2026-09-30,باز,7500000,,,بله,2026-09-08T18:19:03
3215808,سیدکلا,2026-10-01,بسته (مشاهده‌شده - دلیل نامشخص),8500000,,,بله,2026-09-08T18:19:03
3215808,سیدکلا,2026-10-02,بسته (مشاهده‌شده - دلیل نامشخص),6500000,,,,2026-09-08T18:19:03
3215808,سیدکلا,2026-10-03,باز,6500000,,,,2026-09-08T18:19:03
3215808,سیدکلا,2026-10-04,باز,6500000,,,,2026-09-08T18:19:03
3215808,سیدکلا,2026-10-05,باز,6500000,,,,2026-09-08T18:19:03
3215808,سیدکلا,2026-10-06,باز,6500000,,,,2026-09-08T18:19:03
3215808,سیدکلا,2026-10-07,باز,7500000,,,بله,2026-09-08T18:19:03
3215808,سیدکلا,2026-10-08,باز,8500000,,,بله,2026-09-08T18:19:03
3216368,مرزیکلا,2026-09-08,بسته (مشاهده‌شده - دلیل نامشخص),5000000,,,,2026-09-08T18:19:07
3216368,مرزیکلا,2026-09-09,بسته (مشاهده‌شده - دلیل نامشخص),7000000,,,بله,2026-09-08T18:19:07
3216368,مرزیکلا,2026-09-10,بسته (مشاهده‌شده - دلیل نامشخص),7000000,,,بله,2026-09-08T18:19:07
3216368,مرزیکلا,2026-09-11,باز,5500000,,,,2026-09-08T18:19:07
3216368,مرزیکلا,2026-09-12,بسته (مشاهده‌شده - دلیل نامشخص),5000000,,,,2026-09-08T18:19:07
3216368,مرزیکلا,2026-09-13,باز,5500000,,,,2026-09-08T18:19:07
3216368,مرزیکلا,2026-09-14,باز,5500000,,,,2026-09-08T18:19:07
3216368,مرزیکلا,2026-09-15,باز,5500000,,,,2026-09-08T18:19:07
3216368,مرزیکلا,2026-09-16,باز,7500000,,,بله,2026-09-08T18:19:07
3216368,مرزیکلا,2026-09-17,باز,7500000,,,بله,2026-09-08T18:19:07
3216368,مرزیکلا,2026-09-18,باز,5500000,,,,2026-09-08T18:19:07
3216368,مرزیکلا,2026-09-19,باز,5500000,,,,2026-09-08T18:19:07
3216368,مرزیکلا,2026-09-20,باز,5500000,,,,2026-09-08T18:19:07
3216368,مرزیکلا,2026-09-21,باز,5500000,,,,2026-09-08T18:19:07
3216368,مرزیکلا,2026-09-22,باز,5500000,,,,2026-09-08T18:19:07
3216368,مرزیکلا,2026-09-23,باز,6500000,,,بله,2026-09-08T18:19:07
3216368,مرزیکلا,2026-09-24,باز,6500000,,,بله,2026-09-08T18:19:07
3216368,مرزیکلا,2026-09-25,باز,4500000,,,,2026-09-08T18:19:07
3216368,مرزیکلا,2026-09-26,باز,4500000,,,,2026-09-08T18:19:07
3216368,مرزیکلا,2026-09-27,باز,4500000,,,,2026-09-08T18:19:07
3216368,مرزیکلا,2026-09-28,باز,4500000,,,,2026-09-08T18:19:07
3216368,مرزیکلا,2026-09-29,باز,4500000,,,,2026-09-08T18:19:07
3216368,مرزیکلا,2026-09-30,باز,6500000,,,بله,2026-09-08T18:19:07
3216368,مرزیکلا,2026-10-01,باز,6500000,,,بله,2026-09-08T18:19:07
3216368,مرزیکلا,2026-10-02,باز,4500000,,,,2026-09-08T18:19:07
3216368,مرزیکلا,2026-10-03,باز,4500000,,,,2026-09-08T18:19:07
3216368,مرزیکلا,2026-10-04,باز,4500000,,,,2026-09-08T18:19:07
3216368,مرزیکلا,2026-10-05,باز,4500000,,,,2026-09-08T18:19:07
3216368,مرزیکلا,2026-10-06,باز,4500000,,,,2026-09-08T18:19:07
3216368,مرزیکلا,2026-10-07,باز,6500000,,,بله,2026-09-08T18:19:07
3216368,مرزیکلا,2026-10-08,باز,6500000,,,بله,2026-09-08T18:19:07
3216857,لفور,2026-09-08,بسته (مشاهده‌شده - دلیل نامشخص),3000000,,,,2026-09-08T18:19:09
3216857,لفور,2026-09-09,بسته (مشاهده‌شده - دلیل نامشخص),3000000,,,بله,2026-09-08T18:19:09
3216857,لفور,2026-09-10,بسته (مشاهده‌شده - دلیل نامشخص),4800000,,,بله,2026-09-08T18:19:09
3216857,لفور,2026-09-11,باز,2500000,,,,2026-09-08T18:19:09
3216857,لفور,2026-09-12,باز,2500000,,,,2026-09-08T18:19:09
3216857,لفور,2026-09-13,باز,2500000,,,,2026-09-08T18:19:09
3216857,لفور,2026-09-14,باز,2500000,,,,2026-09-08T18:19:09
3216857,لفور,2026-09-15,باز,2500000,,,,2026-09-08T18:19:09
3216857,لفور,2026-09-16,باز,3500000,,,بله,2026-09-08T18:19:09
3216857,لفور,2026-09-17,باز,5000000,,,بله,2026-09-08T18:19:09
3216857,لفور,2026-09-18,باز,3500000,,,,2026-09-08T18:19:09
3216857,لفور,2026-09-19,باز,2500000,,,,2026-09-08T18:19:09
3216857,لفور,2026-09-20,باز,2500000,,,,2026-09-08T18:19:09
3216857,لفور,2026-09-21,باز,2500000,,,,2026-09-08T18:19:09
3216857,لفور,2026-09-22,باز,2500000,,,,2026-09-08T18:19:09
3216857,لفور,2026-09-23,باز,1500000,,,بله,2026-09-08T18:19:09
3216857,لفور,2026-09-24,باز,2500000,,,بله,2026-09-08T18:19:09
3216857,لفور,2026-09-25,باز,1500000,,,,2026-09-08T18:19:09
3216857,لفور,2026-09-26,باز,1500000,,,,2026-09-08T18:19:09
3216857,لفور,2026-09-27,باز,1500000,,,,2026-09-08T18:19:09
3216857,لفور,2026-09-28,باز,1500000,,,,2026-09-08T18:19:09
3216857,لفور,2026-09-29,باز,1500000,,,,2026-09-08T18:19:09
3216857,لفور,2026-09-30,باز,1500000,,,بله,2026-09-08T18:19:09
3216857,لفور,2026-10-01,باز,2500000,,,بله,2026-09-08T18:19:09
3216857,لفور,2026-10-02,باز,1500000,,,,2026-09-08T18:19:09
3216857,لفور,2026-10-03,باز,1500000,,,,2026-09-08T18:19:09
3216857,لفور,2026-10-04,باز,1500000,,,,2026-09-08T18:19:09
3216857,لفور,2026-10-05,باز,1500000,,,,2026-09-08T18:19:09
3216857,لفور,2026-10-06,باز,1500000,,,,2026-09-08T18:19:09
3216857,لفور,2026-10-07,باز,1500000,,,بله,2026-09-08T18:19:09
3216857,لفور,2026-10-08,باز,2500000,,,بله,2026-09-08T18:19:09
3216934,بابلکنار,2026-09-08,بسته (مشاهده‌شده - دلیل نامشخص),1500000,,,,2026-09-08T18:19:11
3216934,بابلکنار,2026-09-09,بسته (مشاهده‌شده - دلیل نامشخص),1700000,,,بله,2026-09-08T18:19:11
3216934,بابلکنار,2026-09-10,بسته (مشاهده‌شده - دلیل نامشخص),2000000,,,بله,2026-09-08T18:19:11
3216934,بابلکنار,2026-09-11,بسته (مشاهده‌شده - دلیل نامشخص),1500000,,,,2026-09-08T18:19:11
3216934,بابلکنار,2026-09-12,بسته (مشاهده‌شده - دلیل نامشخص),1400000,,,,2026-09-08T18:19:11
3216934,بابلکنار,2026-09-13,بسته (مشاهده‌شده - دلیل نامشخص),1500000,,,,2026-09-08T18:19:11
3216934,بابلکنار,2026-09-14,باز,1500000,,,,2026-09-08T18:19:11
3216934,بابلکنار,2026-09-15,باز,1500000,,,,2026-09-08T18:19:11
3216934,بابلکنار,2026-09-16,باز,1700000,,,بله,2026-09-08T18:19:11
3216934,بابلکنار,2026-09-17,بسته (مشاهده‌شده - دلیل نامشخص),2000000,,,بله,2026-09-08T18:19:11
3216934,بابلکنار,2026-09-18,بسته (مشاهده‌شده - دلیل نامشخص),1500000,,,,2026-09-08T18:19:11
3216934,بابلکنار,2026-09-19,بسته (مشاهده‌شده - دلیل نامشخص),1400000,,,,2026-09-08T18:19:11
3216934,بابلکنار,2026-09-20,بسته (مشاهده‌شده - دلیل نامشخص),1500000,,,,2026-09-08T18:19:11
3216934,بابلکنار,2026-09-21,بسته (مشاهده‌شده - دلیل نامشخص),1500000,,,,2026-09-08T18:19:11
3216934,بابلکنار,2026-09-22,بسته (مشاهده‌شده - دلیل نامشخص),1500000,,,,2026-09-08T18:19:11
3216934,بابلکنار,2026-09-23,بسته (مشاهده‌شده - دلیل نامشخص),1450000,,,بله,2026-09-08T18:19:11
3216934,بابلکنار,2026-09-24,باز,1700000,,,بله,2026-09-08T18:19:11
3216934,بابلکنار,2026-09-25,باز,1350000,,,,2026-09-08T18:19:11
3216934,بابلکنار,2026-09-26,باز,1350000,,,,2026-09-08T18:19:11
3216934,بابلکنار,2026-09-27,باز,1350000,,,,2026-09-08T18:19:11
3216934,بابلکنار,2026-09-28,باز,1350000,,,,2026-09-08T18:19:11
3216934,بابلکنار,2026-09-29,باز,1450000,,,,2026-09-08T18:19:11
3216934,بابلکنار,2026-09-30,باز,1450000,,,بله,2026-09-08T18:19:11
3216934,بابلکنار,2026-10-01,باز,1700000,,,بله,2026-09-08T18:19:11
3216934,بابلکنار,2026-10-02,باز,1350000,,,,2026-09-08T18:19:11
3216934,بابلکنار,2026-10-03,باز,1350000,,,,2026-09-08T18:19:11
3216934,بابلکنار,2026-10-04,باز,1350000,,,,2026-09-08T18:19:11
3216934,بابلکنار,2026-10-05,باز,1350000,,,,2026-09-08T18:19:11
3216934,بابلکنار,2026-10-06,باز,1450000,,,,2026-09-08T18:19:11
3216934,بابلکنار,2026-10-07,باز,1450000,,,بله,2026-09-08T18:19:11
3216934,بابلکنار,2026-10-08,باز,1700000,,,بله,2026-09-08T18:19:11
3217663,,2026-09-08,بسته (مشاهده‌شده - دلیل نامشخص),2500000,,,,2026-09-08T18:19:12
3217663,,2026-09-09,باز,3000000,10,,بله,2026-09-08T18:19:12
3217663,,2026-09-10,بسته (مشاهده‌شده - دلیل نامشخص),3400000,,,بله,2026-09-08T18:19:12
3217663,,2026-09-11,باز,2500000,,,,2026-09-08T18:19:12
3217663,,2026-09-12,باز,2500000,,,,2026-09-08T18:19:12
3217663,,2026-09-13,باز,2500000,,,,2026-09-08T18:19:12
3217663,,2026-09-14,باز,2500000,,,,2026-09-08T18:19:12
3217663,,2026-09-15,باز,2500000,,,,2026-09-08T18:19:12
3217663,,2026-09-16,باز,3000000,,,بله,2026-09-08T18:19:12
3217663,,2026-09-17,باز,3400000,,,بله,2026-09-08T18:19:12
3217663,,2026-09-18,باز,2500000,,,,2026-09-08T18:19:12
3217663,,2026-09-19,باز,2500000,,,,2026-09-08T18:19:12
3217663,,2026-09-20,باز,2500000,,,,2026-09-08T18:19:12
3217663,,2026-09-21,باز,2500000,,,,2026-09-08T18:19:12
3217663,,2026-09-22,باز,2500000,,,,2026-09-08T18:19:12
3217663,,2026-09-23,باز,3500000,,,بله,2026-09-08T18:19:12
3217663,,2026-09-24,باز,3500000,,,بله,2026-09-08T18:19:12
3217663,,2026-09-25,باز,2300000,,,,2026-09-08T18:19:12
3217663,,2026-09-26,بسته (مشاهده‌شده - دلیل نامشخص),1100000,,,,2026-09-08T18:19:12
3217663,,2026-09-27,بسته (مشاهده‌شده - دلیل نامشخص),1100000,,,,2026-09-08T18:19:12
3217663,,2026-09-28,بسته (مشاهده‌شده - دلیل نامشخص),1100000,,,,2026-09-08T18:19:12
3217663,,2026-09-29,بسته (مشاهده‌شده - دلیل نامشخص),1100000,,,,2026-09-08T18:19:12
3217663,,2026-09-30,باز,3500000,,,بله,2026-09-08T18:19:12
3217663,,2026-10-01,باز,3500000,,,بله,2026-09-08T18:19:12
3217663,,2026-10-02,باز,2300000,,,,2026-09-08T18:19:12
3217663,,2026-10-03,باز,2300000,,,,2026-09-08T18:19:12
3217663,,2026-10-04,باز,2300000,,,,2026-09-08T18:19:12
3217663,,2026-10-05,باز,2300000,,,,2026-09-08T18:19:12
3217663,,2026-10-06,باز,2300000,,,,2026-09-08T18:19:12
3217663,,2026-10-07,باز,3500000,,,بله,2026-09-08T18:19:12
3217663,,2026-10-08,باز,3500000,,,بله,2026-09-08T18:19:12
3218074,درازکلا,2026-09-08,بسته (مشاهده‌شده - دلیل نامشخص),2000000,,,,2026-09-08T18:19:14
3218074,درازکلا,2026-09-09,باز,3500000,,,بله,2026-09-08T18:19:14
3218074,درازکلا,2026-09-10,باز,3500000,,,بله,2026-09-08T18:19:14
3218074,درازکلا,2026-09-11,باز,2000000,,,,2026-09-08T18:19:14
3218074,درازکلا,2026-09-12,باز,2000000,,,,2026-09-08T18:19:14
3218074,درازکلا,2026-09-13,باز,2000000,,,,2026-09-08T18:19:14
3218074,درازکلا,2026-09-14,باز,2000000,,,,2026-09-08T18:19:14
3218074,درازکلا,2026-09-15,باز,2000000,,,,2026-09-08T18:19:14
3218074,درازکلا,2026-09-16,باز,3500000,,,بله,2026-09-08T18:19:14
3218074,درازکلا,2026-09-17,باز,3500000,,,بله,2026-09-08T18:19:14
3218074,درازکلا,2026-09-18,باز,2000000,,,,2026-09-08T18:19:14
3218074,درازکلا,2026-09-19,باز,2000000,,,,2026-09-08T18:19:14
3218074,درازکلا,2026-09-20,باز,2000000,,,,2026-09-08T18:19:14
3218074,درازکلا,2026-09-21,باز,2000000,,,,2026-09-08T18:19:14
3218074,درازکلا,2026-09-22,باز,2000000,,,,2026-09-08T18:19:14
3218074,درازکلا,2026-09-23,باز,2500000,,,بله,2026-09-08T18:19:14
3218074,درازکلا,2026-09-24,باز,2500000,,,بله,2026-09-08T18:19:14
3218074,درازکلا,2026-09-25,باز,1750000,,,,2026-09-08T18:19:14
3218074,درازکلا,2026-09-26,باز,1750000,,,,2026-09-08T18:19:14
3218074,درازکلا,2026-09-27,باز,1750000,,,,2026-09-08T18:19:14
3218074,درازکلا,2026-09-28,باز,1750000,,,,2026-09-08T18:19:14
3218074,درازکلا,2026-09-29,باز,1750000,,,,2026-09-08T18:19:14
3218074,درازکلا,2026-09-30,باز,2500000,,,بله,2026-09-08T18:19:14
3218074,درازکلا,2026-10-01,باز,2500000,,,بله,2026-09-08T18:19:14
3218074,درازکلا,2026-10-02,باز,1750000,,,,2026-09-08T18:19:14
3218074,درازکلا,2026-10-03,باز,1750000,,,,2026-09-08T18:19:14
3218074,درازکلا,2026-10-04,باز,1750000,,,,2026-09-08T18:19:14
3218074,درازکلا,2026-10-05,باز,1750000,,,,2026-09-08T18:19:14
3218074,درازکلا,2026-10-06,باز,1750000,,,,2026-09-08T18:19:14
3218074,درازکلا,2026-10-07,باز,2500000,,,بله,2026-09-08T18:19:14
3218074,درازکلا,2026-10-08,باز,2500000,,,بله,2026-09-08T18:19:14
3218424,کاردرکلا,2026-09-08,بسته (مشاهده‌شده - دلیل نامشخص),3500000,,,,2026-09-08T18:19:16
3218424,کاردرکلا,2026-09-09,بسته (مشاهده‌شده - دلیل نامشخص),9500000,,,بله,2026-09-08T18:19:16
3218424,کاردرکلا,2026-09-10,باز,12000000,,,بله,2026-09-08T18:19:16
3218424,کاردرکلا,2026-09-11,باز,3550000,,,,2026-09-08T18:19:16
3218424,کاردرکلا,2026-09-12,باز,3550000,,,,2026-09-08T18:19:16
3218424,کاردرکلا,2026-09-13,باز,3550000,,,,2026-09-08T18:19:16
3218424,کاردرکلا,2026-09-14,باز,3550000,,,,2026-09-08T18:19:16
3218424,کاردرکلا,2026-09-15,باز,3550000,,,,2026-09-08T18:19:16
3218424,کاردرکلا,2026-09-16,باز,10000000,,,بله,2026-09-08T18:19:16
3218424,کاردرکلا,2026-09-17,باز,10000000,,,بله,2026-09-08T18:19:16
3218424,کاردرکلا,2026-09-18,باز,4000000,,,,2026-09-08T18:19:16
3218424,کاردرکلا,2026-09-19,باز,3550000,,,,2026-09-08T18:19:16
3218424,کاردرکلا,2026-09-20,باز,3550000,,,,2026-09-08T18:19:16
3218424,کاردرکلا,2026-09-21,باز,3550000,,,,2026-09-08T18:19:16
3218424,کاردرکلا,2026-09-22,باز,3550000,,,,2026-09-08T18:19:16
3218424,کاردرکلا,2026-09-23,باز,5500000,,,بله,2026-09-08T18:19:16
3218424,کاردرکلا,2026-09-24,باز,5500000,,,بله,2026-09-08T18:19:16
3218424,کاردرکلا,2026-09-25,باز,3000000,,,,2026-09-08T18:19:16
3218424,کاردرکلا,2026-09-26,باز,3000000,,,,2026-09-08T18:19:16
3218424,کاردرکلا,2026-09-27,باز,3000000,,,,2026-09-08T18:19:16
3218424,کاردرکلا,2026-09-28,باز,3000000,,,,2026-09-08T18:19:16
3218424,کاردرکلا,2026-09-29,باز,3000000,,,,2026-09-08T18:19:16
3218424,کاردرکلا,2026-09-30,باز,5500000,,,بله,2026-09-08T18:19:16
3218424,کاردرکلا,2026-10-01,باز,5500000,,,بله,2026-09-08T18:19:16
3218424,کاردرکلا,2026-10-02,باز,3000000,,,,2026-09-08T18:19:16
3218424,کاردرکلا,2026-10-03,باز,3000000,,,,2026-09-08T18:19:16
3218424,کاردرکلا,2026-10-04,باز,3000000,,,,2026-09-08T18:19:16
3218424,کاردرکلا,2026-10-05,باز,3000000,,,,2026-09-08T18:19:16
3218424,کاردرکلا,2026-10-06,باز,3000000,,,,2026-09-08T18:19:16
3218424,کاردرکلا,2026-10-07,باز,5500000,,,بله,2026-09-08T18:19:16
3218424,کاردرکلا,2026-10-08,باز,5500000,,,بله,2026-09-08T18:19:16
3218462,سیادرکا,2026-09-08,باز,1890000,,,,2026-09-08T18:19:18
3218462,سیادرکا,2026-09-09,باز,1890000,,,بله,2026-09-08T18:19:18
3218462,سیادرکا,2026-09-10,باز,2400000,,,بله,2026-09-08T18:19:18
3218462,سیادرکا,2026-09-11,باز,1890000,,,,2026-09-08T18:19:18
3218462,سیادرکا,2026-09-12,بسته (مشاهده‌شده - دلیل نامشخص),1560000,,,,2026-09-08T18:19:18
3218462,سیادرکا,2026-09-13,بسته (مشاهده‌شده - دلیل نامشخص),1560000,,,,2026-09-08T18:19:18
3218462,سیادرکا,2026-09-14,بسته (مشاهده‌شده - دلیل نامشخص),1560000,,,,2026-09-08T18:19:18
3218462,سیادرکا,2026-09-15,باز,1890000,,,,2026-09-08T18:19:18
3218462,سیادرکا,2026-09-16,باز,1890000,,,بله,2026-09-08T18:19:18
3218462,سیادرکا,2026-09-17,باز,2400000,,,بله,2026-09-08T18:19:18
3218462,سیادرکا,2026-09-18,باز,1890000,,,,2026-09-08T18:19:18
3218462,سیادرکا,2026-09-19,باز,1890000,,,,2026-09-08T18:19:18
3218462,سیادرکا,2026-09-20,باز,1890000,,,,2026-09-08T18:19:18
3218462,سیادرکا,2026-09-21,باز,1890000,,,,2026-09-08T18:19:18
3218462,سیادرکا,2026-09-22,باز,1890000,,,,2026-09-08T18:19:18
3218462,سیادرکا,2026-09-23,باز,1700000,,,بله,2026-09-08T18:19:18
3218462,سیادرکا,2026-09-24,باز,2200000,,,بله,2026-09-08T18:19:18
3218462,سیادرکا,2026-09-25,باز,1590000,,,,2026-09-08T18:19:18
3218462,سیادرکا,2026-09-26,باز,1590000,,,,2026-09-08T18:19:18
3218462,سیادرکا,2026-09-27,باز,1590000,,,,2026-09-08T18:19:18
3218462,سیادرکا,2026-09-28,باز,1590000,,,,2026-09-08T18:19:18
3218462,سیادرکا,2026-09-29,باز,1590000,,,,2026-09-08T18:19:18
3218462,سیادرکا,2026-09-30,باز,1700000,,,بله,2026-09-08T18:19:18
3218462,سیادرکا,2026-10-01,باز,2200000,,,بله,2026-09-08T18:19:18
3218462,سیادرکا,2026-10-02,باز,1590000,,,,2026-09-08T18:19:18
3218462,سیادرکا,2026-10-03,باز,1590000,,,,2026-09-08T18:19:18
3218462,سیادرکا,2026-10-04,باز,1590000,,,,2026-09-08T18:19:18
3218462,سیادرکا,2026-10-05,باز,1590000,,,,2026-09-08T18:19:18
3218462,سیادرکا,2026-10-06,باز,1590000,,,,2026-09-08T18:19:18
3218462,سیادرکا,2026-10-07,باز,1700000,,,بله,2026-09-08T18:19:18
3218462,سیادرکا,2026-10-08,باز,2200000,,,بله,2026-09-08T18:19:18
3219335,درازکش,2026-09-08,باز,2600000,,,,2026-09-08T18:19:20
3219335,درازکش,2026-09-09,باز,3500000,,,بله,2026-09-08T18:19:20
3219335,درازکش,2026-09-10,بسته (مشاهده‌شده - دلیل نامشخص),3500000,,,بله,2026-09-08T18:19:20
3219335,درازکش,2026-09-11,باز,2600000,,,,2026-09-08T18:19:20
3219335,درازکش,2026-09-12,باز,2600000,,,,2026-09-08T18:19:20
3219335,درازکش,2026-09-13,باز,2600000,,,,2026-09-08T18:19:20
3219335,درازکش,2026-09-14,باز,2600000,,,,2026-09-08T18:19:20
3219335,درازکش,2026-09-15,باز,2600000,,,,2026-09-08T18:19:20
3219335,درازکش,2026-09-16,باز,3500000,,,بله,2026-09-08T18:19:20
3219335,درازکش,2026-09-17,باز,3500000,,,بله,2026-09-08T18:19:20
3219335,درازکش,2026-09-18,باز,2600000,,,,2026-09-08T18:19:20
3219335,درازکش,2026-09-19,باز,2600000,,,,2026-09-08T18:19:20
3219335,درازکش,2026-09-20,باز,2600000,,,,2026-09-08T18:19:20
3219335,درازکش,2026-09-21,باز,2600000,,,,2026-09-08T18:19:20
3219335,درازکش,2026-09-22,باز,2600000,,,,2026-09-08T18:19:20
3219335,درازکش,2026-09-23,باز,2200000,,,بله,2026-09-08T18:19:20
3219335,درازکش,2026-09-24,باز,2200000,,,بله,2026-09-08T18:19:20
3219335,درازکش,2026-09-25,باز,1050000,,,,2026-09-08T18:19:20
3219335,درازکش,2026-09-26,باز,1050000,,,,2026-09-08T18:19:20
3219335,درازکش,2026-09-27,باز,1050000,,,,2026-09-08T18:19:20
3219335,درازکش,2026-09-28,باز,1050000,,,,2026-09-08T18:19:20
3219335,درازکش,2026-09-29,باز,1050000,,,,2026-09-08T18:19:20
3219335,درازکش,2026-09-30,باز,2200000,,,بله,2026-09-08T18:19:20
3219335,درازکش,2026-10-01,باز,2200000,,,بله,2026-09-08T18:19:20
3219335,درازکش,2026-10-02,باز,1050000,,,,2026-09-08T18:19:20
3219335,درازکش,2026-10-03,باز,1050000,,,,2026-09-08T18:19:20
3219335,درازکش,2026-10-04,باز,1050000,,,,2026-09-08T18:19:20
3219335,درازکش,2026-10-05,باز,1050000,,,,2026-09-08T18:19:20
3219335,درازکش,2026-10-06,باز,1050000,,,,2026-09-08T18:19:20
3219335,درازکش,2026-10-07,باز,2200000,,,بله,2026-09-08T18:19:20
3219335,درازکش,2026-10-08,باز,2200000,,,بله,2026-09-08T18:19:20
3220619,لفور,2026-09-08,بسته (مشاهده‌شده - دلیل نامشخص),6250000,,,,2026-09-08T18:19:24
3220619,لفور,2026-09-09,باز,7500000,10,,بله,2026-09-08T18:19:24
3220619,لفور,2026-09-10,باز,8500000,,,بله,2026-09-08T18:19:24
3220619,لفور,2026-09-11,باز,5900000,,,,2026-09-08T18:19:24
3220619,لفور,2026-09-12,باز,8500000,,,,2026-09-08T18:19:24
3220619,لفور,2026-09-13,باز,8500000,,,,2026-09-08T18:19:24
3220619,لفور,2026-09-14,باز,8500000,,,,2026-09-08T18:19:24
3220619,لفور,2026-09-15,باز,8500000,,,,2026-09-08T18:19:24
3220619,لفور,2026-09-16,باز,8500000,,,بله,2026-09-08T18:19:24
3220619,لفور,2026-09-17,باز,8500000,,,بله,2026-09-08T18:19:24
3220619,لفور,2026-09-18,باز,8500000,,,,2026-09-08T18:19:24
3220619,لفور,2026-09-19,باز,8500000,,,,2026-09-08T18:19:24
3220619,لفور,2026-09-20,باز,8500000,,,,2026-09-08T18:19:24
3220619,لفور,2026-09-21,بسته (مشاهده‌شده - دلیل نامشخص),8500000,,,,2026-09-08T18:19:24
3220619,لفور,2026-09-22,بسته (مشاهده‌شده - دلیل نامشخص),8500000,,,,2026-09-08T18:19:24
3220619,لفور,2026-09-23,باز,3500000,,,بله,2026-09-08T18:19:24
3220619,لفور,2026-09-24,باز,3500000,,,بله,2026-09-08T18:19:24
3220619,لفور,2026-09-25,باز,2350000,,,,2026-09-08T18:19:24
3220619,لفور,2026-09-26,باز,2350000,,,,2026-09-08T18:19:24
3220619,لفور,2026-09-27,باز,2350000,,,,2026-09-08T18:19:24
3220619,لفور,2026-09-28,باز,2350000,,,,2026-09-08T18:19:24
3220619,لفور,2026-09-29,باز,2350000,,,,2026-09-08T18:19:24
3220619,لفور,2026-09-30,باز,3500000,,,بله,2026-09-08T18:19:24
3220619,لفور,2026-10-01,باز,3500000,,,بله,2026-09-08T18:19:24
3220619,لفور,2026-10-02,باز,2350000,,,,2026-09-08T18:19:24
3220619,لفور,2026-10-03,باز,2350000,,,,2026-09-08T18:19:24
3220619,لفور,2026-10-04,باز,2350000,,,,2026-09-08T18:19:24
3220619,لفور,2026-10-05,باز,2350000,,,,2026-09-08T18:19:24
3220619,لفور,2026-10-06,باز,2350000,,,,2026-09-08T18:19:24
3220619,لفور,2026-10-07,باز,3500000,,,بله,2026-09-08T18:19:24
3220619,لفور,2026-10-08,باز,3500000,,,بله,2026-09-08T18:19:24
3220977,بالفکلا,2026-09-08,بسته (مشاهده‌شده - دلیل نامشخص),2150000,,,,2026-09-08T18:19:25
3220977,بالفکلا,2026-09-09,بسته (مشاهده‌شده - دلیل نامشخص),2550000,,,بله,2026-09-08T18:19:25
3220977,بالفکلا,2026-09-10,بسته (مشاهده‌شده - دلیل نامشخص),2550000,,,بله,2026-09-08T18:19:25
3220977,بالفکلا,2026-09-11,بسته (مشاهده‌شده - دلیل نامشخص),2550000,,,,2026-09-08T18:19:25
3220977,بالفکلا,2026-09-12,بسته (مشاهده‌شده - دلیل نامشخص),2150000,,,,2026-09-08T18:19:25
3220977,بالفکلا,2026-09-13,بسته (مشاهده‌شده - دلیل نامشخص),2150000,,,,2026-09-08T18:19:25
3220977,بالفکلا,2026-09-14,بسته (مشاهده‌شده - دلیل نامشخص),2150000,,,,2026-09-08T18:19:25
3220977,بالفکلا,2026-09-15,بسته (مشاهده‌شده - دلیل نامشخص),2150000,,,,2026-09-08T18:19:25
3220977,بالفکلا,2026-09-16,باز,2550000,,,بله,2026-09-08T18:19:25
3220977,بالفکلا,2026-09-17,باز,2550000,,,بله,2026-09-08T18:19:25
3220977,بالفکلا,2026-09-18,بسته (مشاهده‌شده - دلیل نامشخص),2550000,,,,2026-09-08T18:19:25
3220977,بالفکلا,2026-09-19,باز,2150000,,,,2026-09-08T18:19:25
3220977,بالفکلا,2026-09-20,بسته (مشاهده‌شده - دلیل نامشخص),2150000,,,,2026-09-08T18:19:25
3220977,بالفکلا,2026-09-21,بسته (مشاهده‌شده - دلیل نامشخص),2150000,,,,2026-09-08T18:19:25
3220977,بالفکلا,2026-09-22,بسته (مشاهده‌شده - دلیل نامشخص),2150000,,,,2026-09-08T18:19:25
3220977,بالفکلا,2026-09-23,باز,2550000,,,بله,2026-09-08T18:19:25
3220977,بالفکلا,2026-09-24,باز,2550000,,,بله,2026-09-08T18:19:25
3220977,بالفکلا,2026-09-25,باز,2550000,,,,2026-09-08T18:19:25
3220977,بالفکلا,2026-09-26,باز,2150000,,,,2026-09-08T18:19:25
3220977,بالفکلا,2026-09-27,باز,2150000,,,,2026-09-08T18:19:25
3220977,بالفکلا,2026-09-28,باز,2150000,,,,2026-09-08T18:19:25
3220977,بالفکلا,2026-09-29,باز,2150000,,,,2026-09-08T18:19:25
3220977,بالفکلا,2026-09-30,باز,2550000,,,بله,2026-09-08T18:19:25
3220977,بالفکلا,2026-10-01,باز,2550000,,,بله,2026-09-08T18:19:25
3220977,بالفکلا,2026-10-02,باز,2550000,,,,2026-09-08T18:19:25
3220977,بالفکلا,2026-10-03,باز,2150000,,,,2026-09-08T18:19:25
3220977,بالفکلا,2026-10-04,باز,2150000,,,,2026-09-08T18:19:25
3220977,بالفکلا,2026-10-05,باز,2150000,,,,2026-09-08T18:19:25
3220977,بالفکلا,2026-10-06,باز,2150000,,,,2026-09-08T18:19:25
3220977,بالفکلا,2026-10-07,باز,2550000,,,بله,2026-09-08T18:19:25
3220977,بالفکلا,2026-10-08,باز,2550000,,,بله,2026-09-08T18:19:25
3221027,کاردرکلا,2026-09-08,بسته (مشاهده‌شده - دلیل نامشخص),3300000,,,,2026-09-08T18:19:51
3221027,کاردرکلا,2026-09-09,بسته (مشاهده‌شده - دلیل نامشخص),5900000,,,بله,2026-09-08T18:19:51
3221027,کاردرکلا,2026-09-10,باز,6900000,,,بله,2026-09-08T18:19:51
3221027,کاردرکلا,2026-09-11,بسته (مشاهده‌شده - دلیل نامشخص),3999000,,,,2026-09-08T18:19:51
3221027,کاردرکلا,2026-09-12,باز,4500000,,,,2026-09-08T18:19:51
3221027,کاردرکلا,2026-09-13,باز,4500000,,,,2026-09-08T18:19:51
3221027,کاردرکلا,2026-09-14,باز,4500000,,,,2026-09-08T18:19:51
3221027,کاردرکلا,2026-09-15,باز,4500000,,,,2026-09-08T18:19:51
3221027,کاردرکلا,2026-09-16,باز,5900000,,,بله,2026-09-08T18:19:51
3221027,کاردرکلا,2026-09-17,باز,6900000,,,بله,2026-09-08T18:19:51
3221027,کاردرکلا,2026-09-18,باز,3999999,,,,2026-09-08T18:19:51
3221027,کاردرکلا,2026-09-19,باز,4500000,,,,2026-09-08T18:19:51
3221027,کاردرکلا,2026-09-20,باز,4500000,,,,2026-09-08T18:19:51
3221027,کاردرکلا,2026-09-21,باز,4500000,,,,2026-09-08T18:19:51
3221027,کاردرکلا,2026-09-22,باز,4500000,,,,2026-09-08T18:19:51
3221027,کاردرکلا,2026-09-23,باز,3500000,,,بله,2026-09-08T18:19:51
3221027,کاردرکلا,2026-09-24,باز,3500000,,,بله,2026-09-08T18:19:51
3221027,کاردرکلا,2026-09-25,باز,2500000,,,,2026-09-08T18:19:51
3221027,کاردرکلا,2026-09-26,باز,2500000,,,,2026-09-08T18:19:51
3221027,کاردرکلا,2026-09-27,باز,2500000,,,,2026-09-08T18:19:51
3221027,کاردرکلا,2026-09-28,باز,2500000,,,,2026-09-08T18:19:51
3221027,کاردرکلا,2026-09-29,باز,2500000,,,,2026-09-08T18:19:51
3221027,کاردرکلا,2026-09-30,باز,3500000,,,بله,2026-09-08T18:19:51
3221027,کاردرکلا,2026-10-01,باز,3500000,,,بله,2026-09-08T18:19:51
3221027,کاردرکلا,2026-10-02,باز,2500000,,,,2026-09-08T18:19:51
3221027,کاردرکلا,2026-10-03,باز,2500000,,,,2026-09-08T18:19:51
3221027,کاردرکلا,2026-10-04,باز,2500000,,,,2026-09-08T18:19:51
3221027,کاردرکلا,2026-10-05,باز,2500000,,,,2026-09-08T18:19:51
3221027,کاردرکلا,2026-10-06,باز,2500000,,,,2026-09-08T18:19:51
3221027,کاردرکلا,2026-10-07,باز,3500000,,,بله,2026-09-08T18:19:51
3221027,کاردرکلا,2026-10-08,باز,3500000,,,بله,2026-09-08T18:19:51
3221180,رئیسکلا,2026-09-08,بسته (مشاهده‌شده - دلیل نامشخص),1600000,,,,2026-09-08T18:19:53
3221180,رئیسکلا,2026-09-09,بسته (مشاهده‌شده - دلیل نامشخص),1700000,,,بله,2026-09-08T18:19:53
3221180,رئیسکلا,2026-09-10,باز,4000000,,,بله,2026-09-08T18:19:53
3221180,رئیسکلا,2026-09-11,باز,2000000,,,,2026-09-08T18:19:53
3221180,رئیسکلا,2026-09-12,باز,2500000,,,,2026-09-08T18:19:53
3221180,رئیسکلا,2026-09-13,باز,2500000,,,,2026-09-08T18:19:53
3221180,رئیسکلا,2026-09-14,باز,2500000,,,,2026-09-08T18:19:53
3221180,رئیسکلا,2026-09-15,باز,2500000,,,,2026-09-08T18:19:53
3221180,رئیسکلا,2026-09-16,باز,3000000,,,بله,2026-09-08T18:19:53
3221180,رئیسکلا,2026-09-17,باز,4000000,,,بله,2026-09-08T18:19:53
3221180,رئیسکلا,2026-09-18,باز,2000000,,,,2026-09-08T18:19:53
3221180,رئیسکلا,2026-09-19,باز,2500000,,,,2026-09-08T18:19:53
3221180,رئیسکلا,2026-09-20,باز,2500000,,,,2026-09-08T18:19:53
3221180,رئیسکلا,2026-09-21,باز,2500000,,,,2026-09-08T18:19:53
3221180,رئیسکلا,2026-09-22,باز,2500000,,,,2026-09-08T18:19:53
3221180,رئیسکلا,2026-09-23,باز,2500000,,,بله,2026-09-08T18:19:53
3221180,رئیسکلا,2026-09-24,باز,3000000,,,بله,2026-09-08T18:19:53
3221180,رئیسکلا,2026-09-25,باز,2000000,,,,2026-09-08T18:19:53
3221180,رئیسکلا,2026-09-26,باز,2000000,,,,2026-09-08T18:19:53
3221180,رئیسکلا,2026-09-27,باز,2000000,,,,2026-09-08T18:19:53
3221180,رئیسکلا,2026-09-28,باز,2000000,,,,2026-09-08T18:19:53
3221180,رئیسکلا,2026-09-29,باز,2000000,,,,2026-09-08T18:19:53
3221180,رئیسکلا,2026-09-30,باز,2500000,,,بله,2026-09-08T18:19:53
3221180,رئیسکلا,2026-10-01,باز,3000000,,,بله,2026-09-08T18:19:53
3221180,رئیسکلا,2026-10-02,باز,2000000,,,,2026-09-08T18:19:53
3221180,رئیسکلا,2026-10-03,باز,2000000,,,,2026-09-08T18:19:53
3221180,رئیسکلا,2026-10-04,باز,2000000,,,,2026-09-08T18:19:53
3221180,رئیسکلا,2026-10-05,باز,2000000,,,,2026-09-08T18:19:53
3221180,رئیسکلا,2026-10-06,باز,2000000,,,,2026-09-08T18:19:53
3221180,رئیسکلا,2026-10-07,باز,2500000,,,بله,2026-09-08T18:19:53
3221180,رئیسکلا,2026-10-08,باز,3000000,,,بله,2026-09-08T18:19:53
3222129,بابلکنار,2026-09-08,بسته (مشاهده‌شده - دلیل نامشخص),2200000,,,,2026-09-08T18:19:56
3222129,بابلکنار,2026-09-09,بسته (مشاهده‌شده - دلیل نامشخص),2200000,,,بله,2026-09-08T18:19:56
3222129,بابلکنار,2026-09-10,بسته (مشاهده‌شده - دلیل نامشخص),3000000,,,بله,2026-09-08T18:19:56
3222129,بابلکنار,2026-09-11,بسته (مشاهده‌شده - دلیل نامشخص),2200000,,,,2026-09-08T18:19:56
3222129,بابلکنار,2026-09-12,بسته (مشاهده‌شده - دلیل نامشخص),2200000,,,,2026-09-08T18:19:56
3222129,بابلکنار,2026-09-13,بسته (مشاهده‌شده - دلیل نامشخص),2200000,,,,2026-09-08T18:19:56
3222129,بابلکنار,2026-09-14,بسته (مشاهده‌شده - دلیل نامشخص),2200000,,,,2026-09-08T18:19:56
3222129,بابلکنار,2026-09-15,بسته (مشاهده‌شده - دلیل نامشخص),2200000,,,,2026-09-08T18:19:56
3222129,بابلکنار,2026-09-16,بسته (مشاهده‌شده - دلیل نامشخص),2200000,,,بله,2026-09-08T18:19:56
3222129,بابلکنار,2026-09-17,بسته (مشاهده‌شده - دلیل نامشخص),3000000,,,بله,2026-09-08T18:19:56
3222129,بابلکنار,2026-09-18,بسته (مشاهده‌شده - دلیل نامشخص),2200000,,,,2026-09-08T18:19:56
3222129,بابلکنار,2026-09-19,بسته (مشاهده‌شده - دلیل نامشخص),2200000,,,,2026-09-08T18:19:56
3222129,بابلکنار,2026-09-20,بسته (مشاهده‌شده - دلیل نامشخص),2200000,,,,2026-09-08T18:19:56
3222129,بابلکنار,2026-09-21,بسته (مشاهده‌شده - دلیل نامشخص),2200000,,,,2026-09-08T18:19:56
3222129,بابلکنار,2026-09-22,بسته (مشاهده‌شده - دلیل نامشخص),2200000,,,,2026-09-08T18:19:56
3222129,بابلکنار,2026-09-23,بسته (مشاهده‌شده - دلیل نامشخص),2000000,,,بله,2026-09-08T18:19:56
3222129,بابلکنار,2026-09-24,بسته (مشاهده‌شده - دلیل نامشخص),2000000,,,بله,2026-09-08T18:19:56
3222129,بابلکنار,2026-09-25,بسته (مشاهده‌شده - دلیل نامشخص),1500000,,,,2026-09-08T18:19:56
3222129,بابلکنار,2026-09-26,بسته (مشاهده‌شده - دلیل نامشخص),1800000,,,,2026-09-08T18:19:56
3222129,بابلکنار,2026-09-27,بسته (مشاهده‌شده - دلیل نامشخص),1800000,,,,2026-09-08T18:19:56
3222129,بابلکنار,2026-09-28,بسته (مشاهده‌شده - دلیل نامشخص),1800000,,,,2026-09-08T18:19:56
3222129,بابلکنار,2026-09-29,بسته (مشاهده‌شده - دلیل نامشخص),1800000,,,,2026-09-08T18:19:56
3222129,بابلکنار,2026-09-30,بسته (مشاهده‌شده - دلیل نامشخص),2000000,,,بله,2026-09-08T18:19:56
3222129,بابلکنار,2026-10-01,بسته (مشاهده‌شده - دلیل نامشخص),2000000,,,بله,2026-09-08T18:19:56
3222129,بابلکنار,2026-10-02,بسته (مشاهده‌شده - دلیل نامشخص),1500000,,,,2026-09-08T18:19:56
3222129,بابلکنار,2026-10-03,بسته (مشاهده‌شده - دلیل نامشخص),1800000,,,,2026-09-08T18:19:56
3222129,بابلکنار,2026-10-04,بسته (مشاهده‌شده - دلیل نامشخص),1800000,,,,2026-09-08T18:19:56
3222129,بابلکنار,2026-10-05,بسته (مشاهده‌شده - دلیل نامشخص),1800000,,,,2026-09-08T18:19:56
3222129,بابلکنار,2026-10-06,بسته (مشاهده‌شده - دلیل نامشخص),1800000,,,,2026-09-08T18:19:56
3222129,بابلکنار,2026-10-07,بسته (مشاهده‌شده - دلیل نامشخص),2000000,,,بله,2026-09-08T18:19:56
3222129,بابلکنار,2026-10-08,بسته (مشاهده‌شده - دلیل نامشخص),2000000,,,بله,2026-09-08T18:19:56
3222143,لفور,2026-09-08,باز,3500000,,,,2026-09-08T18:20:46
3222143,لفور,2026-09-09,بسته (مشاهده‌شده - دلیل نامشخص),3500000,,,بله,2026-09-08T18:20:46
3222143,لفور,2026-09-10,بسته (مشاهده‌شده - دلیل نامشخص),4000000,,,بله,2026-09-08T18:20:46
3222143,لفور,2026-09-11,باز,3500000,,,,2026-09-08T18:20:46
3222143,لفور,2026-09-12,بسته (مشاهده‌شده - دلیل نامشخص),3500000,,,,2026-09-08T18:20:46
3222143,لفور,2026-09-13,باز,3500000,,,,2026-09-08T18:20:46
3222143,لفور,2026-09-14,باز,3500000,,,,2026-09-08T18:20:46
3222143,لفور,2026-09-15,باز,3500000,,,,2026-09-08T18:20:46
3222143,لفور,2026-09-16,باز,3500000,,,بله,2026-09-08T18:20:46
3222143,لفور,2026-09-17,بسته (مشاهده‌شده - دلیل نامشخص),4000000,,,بله,2026-09-08T18:20:46
3222143,لفور,2026-09-18,بسته (مشاهده‌شده - دلیل نامشخص),3500000,,,,2026-09-08T18:20:46
3222143,لفور,2026-09-19,باز,3500000,,,,2026-09-08T18:20:46
3222143,لفور,2026-09-20,باز,3500000,,,,2026-09-08T18:20:46
3222143,لفور,2026-09-21,باز,3500000,,,,2026-09-08T18:20:46
3222143,لفور,2026-09-22,باز,3500000,,,,2026-09-08T18:20:46
3222143,لفور,2026-09-23,باز,3000000,,,بله,2026-09-08T18:20:46
3222143,لفور,2026-09-24,باز,3000000,,,بله,2026-09-08T18:20:46
3222143,لفور,2026-09-25,باز,3000000,,,,2026-09-08T18:20:46
3222143,لفور,2026-09-26,باز,3000000,,,,2026-09-08T18:20:46
3222143,لفور,2026-09-27,باز,3000000,,,,2026-09-08T18:20:46
3222143,لفور,2026-09-28,باز,3000000,,,,2026-09-08T18:20:46
3222143,لفور,2026-09-29,باز,3000000,,,,2026-09-08T18:20:46
3222143,لفور,2026-09-30,باز,3000000,,,بله,2026-09-08T18:20:46
3222143,لفور,2026-10-01,باز,3000000,,,بله,2026-09-08T18:20:46
3222143,لفور,2026-10-02,باز,3000000,,,,2026-09-08T18:20:46
3222143,لفور,2026-10-03,باز,3000000,,,,2026-09-08T18:20:46
3222143,لفور,2026-10-04,باز,3000000,,,,2026-09-08T18:20:46
3222143,لفور,2026-10-05,باز,3000000,,,,2026-09-08T18:20:46
3222143,لفور,2026-10-06,باز,3000000,,,,2026-09-08T18:20:46
3222143,لفور,2026-10-07,باز,3000000,,,بله,2026-09-08T18:20:46
3222143,لفور,2026-10-08,باز,3000000,,,بله,2026-09-08T18:20:46
3222177,لفور,2026-09-08,بسته (مشاهده‌شده - دلیل نامشخص),3500000,,,,2026-09-08T18:20:48
3222177,لفور,2026-09-09,بسته (مشاهده‌شده - دلیل نامشخص),4500000,,,بله,2026-09-08T18:20:48
3222177,لفور,2026-09-10,باز,4500000,,,بله,2026-09-08T18:20:48
3222177,لفور,2026-09-11,باز,4500000,,,,2026-09-08T18:20:48
3222177,لفور,2026-09-12,باز,3500000,,,,2026-09-08T18:20:48
3222177,لفور,2026-09-13,باز,3500000,,,,2026-09-08T18:20:48
3222177,لفور,2026-09-14,باز,4000000,,,,2026-09-08T18:20:48
3222177,لفور,2026-09-15,باز,4000000,,,,2026-09-08T18:20:48
3222177,لفور,2026-09-16,باز,4500000,,,بله,2026-09-08T18:20:48
3222177,لفور,2026-09-17,باز,5000000,,,بله,2026-09-08T18:20:48
3222177,لفور,2026-09-18,باز,5000000,,,,2026-09-08T18:20:48
3222177,لفور,2026-09-19,باز,5000000,,,,2026-09-08T18:20:48
3222177,لفور,2026-09-20,باز,5000000,,,,2026-09-08T18:20:48
3222177,لفور,2026-09-21,باز,5000000,,,,2026-09-08T18:20:48
3222177,لفور,2026-09-22,باز,5000000,,,,2026-09-08T18:20:48
3222177,لفور,2026-09-23,باز,4500000,,,بله,2026-09-08T18:20:48
3222177,لفور,2026-09-24,باز,4500000,,,بله,2026-09-08T18:20:48
3222177,لفور,2026-09-25,باز,4500000,,,,2026-09-08T18:20:48
3222177,لفور,2026-09-26,باز,2500000,,,,2026-09-08T18:20:48
3222177,لفور,2026-09-27,باز,2500000,,,,2026-09-08T18:20:48
3222177,لفور,2026-09-28,باز,2500000,,,,2026-09-08T18:20:48
3222177,لفور,2026-09-29,باز,2500000,,,,2026-09-08T18:20:48
3222177,لفور,2026-09-30,باز,3500000,,,بله,2026-09-08T18:20:48
3222177,لفور,2026-10-01,باز,3500000,,,بله,2026-09-08T18:20:48
3222177,لفور,2026-10-02,باز,3500000,,,,2026-09-08T18:20:48
3222177,لفور,2026-10-03,باز,2500000,,,,2026-09-08T18:20:48
3222177,لفور,2026-10-04,باز,2500000,,,,2026-09-08T18:20:48
3222177,لفور,2026-10-05,باز,2500000,,,,2026-09-08T18:20:48
3222177,لفور,2026-10-06,باز,2500000,,,,2026-09-08T18:20:48
3222177,لفور,2026-10-07,باز,3500000,,,بله,2026-09-08T18:20:48
3222177,لفور,2026-10-08,باز,3500000,,,بله,2026-09-08T18:20:48
3222284,درازکلا,2026-09-08,بسته (مشاهده‌شده - دلیل نامشخص),2300000,,,,2026-09-08T18:20:50
3222284,درازکلا,2026-09-09,بسته (مشاهده‌شده - دلیل نامشخص),2400000,,,بله,2026-09-08T18:20:50
3222284,درازکلا,2026-09-10,بسته (مشاهده‌شده - دلیل نامشخص),2650000,,,بله,2026-09-08T18:20:50
3222284,درازکلا,2026-09-11,باز,2400000,,,,2026-09-08T18:20:50
3222284,درازکلا,2026-09-12,باز,2300000,,,,2026-09-08T18:20:50
3222284,درازکلا,2026-09-13,باز,2300000,,,,2026-09-08T18:20:50
3222284,درازکلا,2026-09-14,باز,2300000,,,,2026-09-08T18:20:50
3222284,درازکلا,2026-09-15,باز,2300000,,,,2026-09-08T18:20:50
3222284,درازکلا,2026-09-16,باز,2400000,,,بله,2026-09-08T18:20:50
3222284,درازکلا,2026-09-17,باز,2650000,,,بله,2026-09-08T18:20:50
3222284,درازکلا,2026-09-18,باز,2400000,,,,2026-09-08T18:20:50
3222284,درازکلا,2026-09-19,باز,2300000,,,,2026-09-08T18:20:50
3222284,درازکلا,2026-09-20,باز,2300000,,,,2026-09-08T18:20:50
3222284,درازکلا,2026-09-21,باز,2300000,,,,2026-09-08T18:20:50
3222284,درازکلا,2026-09-22,باز,2300000,,,,2026-09-08T18:20:50
3222284,درازکلا,2026-09-23,باز,2200000,,,بله,2026-09-08T18:20:50
3222284,درازکلا,2026-09-24,باز,2400000,,,بله,2026-09-08T18:20:50
3222284,درازکلا,2026-09-25,باز,2200000,,,,2026-09-08T18:20:50
3222284,درازکلا,2026-09-26,باز,1950000,,,,2026-09-08T18:20:50
3222284,درازکلا,2026-09-27,باز,1950000,,,,2026-09-08T18:20:50
3222284,درازکلا,2026-09-28,باز,1950000,,,,2026-09-08T18:20:50
3222284,درازکلا,2026-09-29,باز,1950000,,,,2026-09-08T18:20:50
3222284,درازکلا,2026-09-30,باز,2200000,,,بله,2026-09-08T18:20:50
3222284,درازکلا,2026-10-01,باز,2400000,,,بله,2026-09-08T18:20:50
3222284,درازکلا,2026-10-02,باز,2200000,,,,2026-09-08T18:20:50
3222284,درازکلا,2026-10-03,باز,1950000,,,,2026-09-08T18:20:50
3222284,درازکلا,2026-10-04,باز,1950000,,,,2026-09-08T18:20:50
3222284,درازکلا,2026-10-05,باز,1950000,,,,2026-09-08T18:20:50
3222284,درازکلا,2026-10-06,باز,1950000,,,,2026-09-08T18:20:50
3222284,درازکلا,2026-10-07,باز,2200000,,,بله,2026-09-08T18:20:50
3222284,درازکلا,2026-10-08,باز,2400000,,,بله,2026-09-08T18:20:50
3222336,لفور,2026-09-08,بسته (مشاهده‌شده - دلیل نامشخص),3000000,,,,2026-09-08T18:20:52
3222336,لفور,2026-09-09,بسته (مشاهده‌شده - دلیل نامشخص),3000000,,,بله,2026-09-08T18:20:52
3222336,لفور,2026-09-10,باز,4000000,,,بله,2026-09-08T18:20:52
3222336,لفور,2026-09-11,بسته (مشاهده‌شده - دلیل نامشخص),3500000,,,,2026-09-08T18:20:52
3222336,لفور,2026-09-12,باز,3500000,,,,2026-09-08T18:20:52
3222336,لفور,2026-09-13,باز,3500000,,,,2026-09-08T18:20:52
3222336,لفور,2026-09-14,باز,3500000,,,,2026-09-08T18:20:52
3222336,لفور,2026-09-15,باز,3500000,,,,2026-09-08T18:20:52
3222336,لفور,2026-09-16,باز,6000000,,,بله,2026-09-08T18:20:52
3222336,لفور,2026-09-17,باز,6000000,,,بله,2026-09-08T18:20:52
3222336,لفور,2026-09-18,باز,6000000,,,,2026-09-08T18:20:52
3222336,لفور,2026-09-19,باز,6000000,,,,2026-09-08T18:20:52
3222336,لفور,2026-09-20,باز,6000000,,,,2026-09-08T18:20:52
3222336,لفور,2026-09-21,باز,6000000,,,,2026-09-08T18:20:52
3222336,لفور,2026-09-22,باز,6000000,,,,2026-09-08T18:20:52
3222336,لفور,2026-09-23,باز,5880000,,,بله,2026-09-08T18:20:52
3222336,لفور,2026-09-24,باز,5880000,,,بله,2026-09-08T18:20:52
3222336,لفور,2026-09-25,باز,2300000,,,,2026-09-08T18:20:52
3222336,لفور,2026-09-26,باز,2300000,,,,2026-09-08T18:20:52
3222336,لفور,2026-09-27,باز,2300000,,,,2026-09-08T18:20:52
3222336,لفور,2026-09-28,باز,2300000,,,,2026-09-08T18:20:52
3222336,لفور,2026-09-29,باز,2300000,,,,2026-09-08T18:20:52
3222336,لفور,2026-09-30,باز,3000000,,,بله,2026-09-08T18:20:52
3222336,لفور,2026-10-01,باز,3000000,,,بله,2026-09-08T18:20:52
3222336,لفور,2026-10-02,باز,2300000,,,,2026-09-08T18:20:52
3222336,لفور,2026-10-03,باز,2300000,,,,2026-09-08T18:20:52
3222336,لفور,2026-10-04,باز,2300000,,,,2026-09-08T18:20:52
3222336,لفور,2026-10-05,باز,2300000,,,,2026-09-08T18:20:52
3222336,لفور,2026-10-06,باز,2300000,,,,2026-09-08T18:20:52
3222336,لفور,2026-10-07,باز,3000000,,,بله,2026-09-08T18:20:52
3222336,لفور,2026-10-08,باز,3000000,,,بله,2026-09-08T18:20:52
3222490,لفور,2026-09-08,بسته (مشاهده‌شده - دلیل نامشخص),5000000,,,,2026-09-08T18:20:54
3222490,لفور,2026-09-09,بسته (مشاهده‌شده - دلیل نامشخص),6500000,,,بله,2026-09-08T18:20:54
3222490,لفور,2026-09-10,باز,6500000,,,بله,2026-09-08T18:20:54
3222490,لفور,2026-09-11,بسته (مشاهده‌شده - دلیل نامشخص),5000000,,,,2026-09-08T18:20:54
3222490,لفور,2026-09-12,بسته (مشاهده‌شده - دلیل نامشخص),5000000,,,,2026-09-08T18:20:54
3222490,لفور,2026-09-13,باز,5000000,,,,2026-09-08T18:20:54
3222490,لفور,2026-09-14,باز,5000000,,,,2026-09-08T18:20:54
3222490,لفور,2026-09-15,باز,5000000,,,,2026-09-08T18:20:54
3222490,لفور,2026-09-16,باز,6500000,,,بله,2026-09-08T18:20:54
3222490,لفور,2026-09-17,باز,6500000,,,بله,2026-09-08T18:20:54
3222490,لفور,2026-09-18,باز,5000000,,,,2026-09-08T18:20:54
3222490,لفور,2026-09-19,باز,5000000,,,,2026-09-08T18:20:54
3222490,لفور,2026-09-20,باز,5000000,,,,2026-09-08T18:20:54
3222490,لفور,2026-09-21,باز,5000000,,,,2026-09-08T18:20:54
3222490,لفور,2026-09-22,باز,5000000,,,,2026-09-08T18:20:54
3222490,لفور,2026-09-23,باز,4000000,,,بله,2026-09-08T18:20:54
3222490,لفور,2026-09-24,باز,4000000,,,بله,2026-09-08T18:20:54
3222490,لفور,2026-09-25,باز,3000000,,,,2026-09-08T18:20:54
3222490,لفور,2026-09-26,باز,3000000,,,,2026-09-08T18:20:54
3222490,لفور,2026-09-27,باز,3000000,,,,2026-09-08T18:20:54
3222490,لفور,2026-09-28,باز,3000000,,,,2026-09-08T18:20:54
3222490,لفور,2026-09-29,باز,3000000,,,,2026-09-08T18:20:54
3222490,لفور,2026-09-30,باز,4000000,,,بله,2026-09-08T18:20:54
3222490,لفور,2026-10-01,باز,4000000,,,بله,2026-09-08T18:20:54
3222490,لفور,2026-10-02,باز,3000000,,,,2026-09-08T18:20:54
3222490,لفور,2026-10-03,باز,3000000,,,,2026-09-08T18:20:54
3222490,لفور,2026-10-04,باز,3000000,,,,2026-09-08T18:20:54
3222490,لفور,2026-10-05,باز,3000000,,,,2026-09-08T18:20:54
3222490,لفور,2026-10-06,باز,3000000,,,,2026-09-08T18:20:54
3222490,لفور,2026-10-07,باز,4000000,,,بله,2026-09-08T18:20:54
3222490,لفور,2026-10-08,باز,4000000,,,بله,2026-09-08T18:20:54
3222812,شیردارکلا,2026-09-08,بسته (مشاهده‌شده - دلیل نامشخص),6490000,,,,2026-09-08T18:20:57
3222812,شیردارکلا,2026-09-09,بسته (مشاهده‌شده - دلیل نامشخص),6490000,,,بله,2026-09-08T18:20:57
3222812,شیردارکلا,2026-09-10,بسته (مشاهده‌شده - دلیل نامشخص),6450000,,,بله,2026-09-08T18:20:57
3222812,شیردارکلا,2026-09-11,بسته (مشاهده‌شده - دلیل نامشخص),5690000,,,,2026-09-08T18:20:57
3222812,شیردارکلا,2026-09-12,بسته (مشاهده‌شده - دلیل نامشخص),6490000,,,,2026-09-08T18:20:57
3222812,شیردارکلا,2026-09-13,بسته (مشاهده‌شده - دلیل نامشخص),6490000,,,,2026-09-08T18:20:57
3222812,شیردارکلا,2026-09-14,بسته (مشاهده‌شده - دلیل نامشخص),6490000,,,,2026-09-08T18:20:57
3222812,شیردارکلا,2026-09-15,بسته (مشاهده‌شده - دلیل نامشخص),6490000,,,,2026-09-08T18:20:57
3222812,شیردارکلا,2026-09-16,بسته (مشاهده‌شده - دلیل نامشخص),6490000,,,بله,2026-09-08T18:20:57
3222812,شیردارکلا,2026-09-17,بسته (مشاهده‌شده - دلیل نامشخص),6450000,,,بله,2026-09-08T18:20:57
3222812,شیردارکلا,2026-09-18,بسته (مشاهده‌شده - دلیل نامشخص),5690000,,,,2026-09-08T18:20:57
3222812,شیردارکلا,2026-09-19,باز,6490000,,,,2026-09-08T18:20:57
3222812,شیردارکلا,2026-09-20,باز,6490000,,,,2026-09-08T18:20:57
3222812,شیردارکلا,2026-09-21,باز,6490000,,,,2026-09-08T18:20:57
3222812,شیردارکلا,2026-09-22,باز,6490000,,,,2026-09-08T18:20:57
3222812,شیردارکلا,2026-09-23,بسته (مشاهده‌شده - دلیل نامشخص),6790000,,,بله,2026-09-08T18:20:57
3222812,شیردارکلا,2026-09-24,بسته (مشاهده‌شده - دلیل نامشخص),6790000,,,بله,2026-09-08T18:20:57
3222812,شیردارکلا,2026-09-25,باز,5860000,,,,2026-09-08T18:20:57
3222812,شیردارکلا,2026-09-26,باز,5860000,,,,2026-09-08T18:20:57
3222812,شیردارکلا,2026-09-27,باز,5860000,,,,2026-09-08T18:20:57
3222812,شیردارکلا,2026-09-28,باز,5860000,,,,2026-09-08T18:20:57
3222812,شیردارکلا,2026-09-29,باز,5860000,,,,2026-09-08T18:20:57
3222812,شیردارکلا,2026-09-30,باز,6790000,,,بله,2026-09-08T18:20:57
3222812,شیردارکلا,2026-10-01,باز,6790000,,,بله,2026-09-08T18:20:57
3222812,شیردارکلا,2026-10-02,باز,5860000,,,,2026-09-08T18:20:57
3222812,شیردارکلا,2026-10-03,باز,5860000,,,,2026-09-08T18:20:57
3222812,شیردارکلا,2026-10-04,باز,5860000,,,,2026-09-08T18:20:57
3222812,شیردارکلا,2026-10-05,باز,5860000,,,,2026-09-08T18:20:57
3222812,شیردارکلا,2026-10-06,باز,5860000,,,,2026-09-08T18:20:57
3222812,شیردارکلا,2026-10-07,باز,6790000,,,بله,2026-09-08T18:20:57
3222812,شیردارکلا,2026-10-08,باز,6790000,,,بله,2026-09-08T18:20:57
3223206,کبریاکلا,2026-09-08,بسته (مشاهده‌شده - دلیل نامشخص),3500000,,,,2026-09-08T18:21:00
3223206,کبریاکلا,2026-09-09,باز,3500000,,,بله,2026-09-08T18:21:00
3223206,کبریاکلا,2026-09-10,باز,4500000,,,بله,2026-09-08T18:21:00
3223206,کبریاکلا,2026-09-11,بسته (مشاهده‌شده - دلیل نامشخص),3500000,,,,2026-09-08T18:21:00
3223206,کبریاکلا,2026-09-12,باز,3500000,,,,2026-09-08T18:21:00
3223206,کبریاکلا,2026-09-13,باز,3500000,,,,2026-09-08T18:21:00
3223206,کبریاکلا,2026-09-14,باز,3500000,,,,2026-09-08T18:21:00
3223206,کبریاکلا,2026-09-15,باز,3500000,,,,2026-09-08T18:21:00
3223206,کبریاکلا,2026-09-16,باز,3500000,,,بله,2026-09-08T18:21:00
3223206,کبریاکلا,2026-09-17,باز,4500000,,,بله,2026-09-08T18:21:00
3223206,کبریاکلا,2026-09-18,باز,3500000,,,,2026-09-08T18:21:00
3223206,کبریاکلا,2026-09-19,باز,3500000,,,,2026-09-08T18:21:00
3223206,کبریاکلا,2026-09-20,باز,3500000,,,,2026-09-08T18:21:00
3223206,کبریاکلا,2026-09-21,باز,3500000,,,,2026-09-08T18:21:00
3223206,کبریاکلا,2026-09-22,باز,3500000,,,,2026-09-08T18:21:00
3223206,کبریاکلا,2026-09-23,باز,2000000,,,بله,2026-09-08T18:21:00
3223206,کبریاکلا,2026-09-24,باز,2000000,,,بله,2026-09-08T18:21:00
3223206,کبریاکلا,2026-09-25,باز,900000,,,,2026-09-08T18:21:00
3223206,کبریاکلا,2026-09-26,باز,900000,,,,2026-09-08T18:21:00
3223206,کبریاکلا,2026-09-27,باز,900000,,,,2026-09-08T18:21:00
3223206,کبریاکلا,2026-09-28,باز,900000,,,,2026-09-08T18:21:00
3223206,کبریاکلا,2026-09-29,باز,900000,,,,2026-09-08T18:21:00
3223206,کبریاکلا,2026-09-30,باز,2000000,,,بله,2026-09-08T18:21:00
3223206,کبریاکلا,2026-10-01,باز,2000000,,,بله,2026-09-08T18:21:00
3223206,کبریاکلا,2026-10-02,باز,900000,,,,2026-09-08T18:21:00
3223206,کبریاکلا,2026-10-03,باز,900000,,,,2026-09-08T18:21:00
3223206,کبریاکلا,2026-10-04,باز,900000,,,,2026-09-08T18:21:00
3223206,کبریاکلا,2026-10-05,باز,900000,,,,2026-09-08T18:21:00
3223206,کبریاکلا,2026-10-06,باز,900000,,,,2026-09-08T18:21:00
3223206,کبریاکلا,2026-10-07,باز,2000000,,,بله,2026-09-08T18:21:00
3223206,کبریاکلا,2026-10-08,باز,2000000,,,بله,2026-09-08T18:21:00
3223541,درازکلا,2026-09-08,بسته (مشاهده‌شده - دلیل نامشخص),2500000,,,,2026-09-08T18:21:02
3223541,درازکلا,2026-09-09,بسته (مشاهده‌شده - دلیل نامشخص),3500000,,,بله,2026-09-08T18:21:02
3223541,درازکلا,2026-09-10,بسته (مشاهده‌شده - دلیل نامشخص),3500000,,,بله,2026-09-08T18:21:02
3223541,درازکلا,2026-09-11,باز,2500000,,,,2026-09-08T18:21:02
3223541,درازکلا,2026-09-12,بسته (مشاهده‌شده - دلیل نامشخص),2500000,,,,2026-09-08T18:21:02
3223541,درازکلا,2026-09-13,باز,2500000,,,,2026-09-08T18:21:02
3223541,درازکلا,2026-09-14,بسته (مشاهده‌شده - دلیل نامشخص),2500000,,,,2026-09-08T18:21:02
3223541,درازکلا,2026-09-15,بسته (مشاهده‌شده - دلیل نامشخص),2500000,,,,2026-09-08T18:21:02
3223541,درازکلا,2026-09-16,بسته (مشاهده‌شده - دلیل نامشخص),3500000,,,بله,2026-09-08T18:21:02
3223541,درازکلا,2026-09-17,بسته (مشاهده‌شده - دلیل نامشخص),3500000,,,بله,2026-09-08T18:21:02
3223541,درازکلا,2026-09-18,باز,2500000,,,,2026-09-08T18:21:02
3223541,درازکلا,2026-09-19,باز,2500000,,,,2026-09-08T18:21:02
3223541,درازکلا,2026-09-20,باز,2500000,,,,2026-09-08T18:21:02
3223541,درازکلا,2026-09-21,باز,2500000,,,,2026-09-08T18:21:02
3223541,درازکلا,2026-09-22,باز,2500000,,,,2026-09-08T18:21:02
3223541,درازکلا,2026-09-23,باز,3500000,,,بله,2026-09-08T18:21:02
3223541,درازکلا,2026-09-24,باز,3500000,,,بله,2026-09-08T18:21:02
3223541,درازکلا,2026-09-25,باز,2500000,,,,2026-09-08T18:21:02
3223541,درازکلا,2026-09-26,باز,2500000,,,,2026-09-08T18:21:02
3223541,درازکلا,2026-09-27,باز,2500000,,,,2026-09-08T18:21:02
3223541,درازکلا,2026-09-28,باز,2500000,,,,2026-09-08T18:21:02
3223541,درازکلا,2026-09-29,باز,2500000,,,,2026-09-08T18:21:02
3223541,درازکلا,2026-09-30,باز,3500000,,,بله,2026-09-08T18:21:02
3223541,درازکلا,2026-10-01,باز,3500000,,,بله,2026-09-08T18:21:02
3223541,درازکلا,2026-10-02,باز,2500000,,,,2026-09-08T18:21:02
3223541,درازکلا,2026-10-03,باز,2500000,,,,2026-09-08T18:21:02
3223541,درازکلا,2026-10-04,باز,2500000,,,,2026-09-08T18:21:02
3223541,درازکلا,2026-10-05,باز,2500000,,,,2026-09-08T18:21:02
3223541,درازکلا,2026-10-06,باز,2500000,,,,2026-09-08T18:21:02
3223541,درازکلا,2026-10-07,باز,3500000,,,بله,2026-09-08T18:21:02
3223541,درازکلا,2026-10-08,باز,3500000,,,بله,2026-09-08T18:21:02
3223855,سیادرکا,2026-09-08,بسته (مشاهده‌شده - دلیل نامشخص),2500000,,,,2026-09-08T18:21:03
3223855,سیادرکا,2026-09-09,باز,3000000,,,بله,2026-09-08T18:21:03
3223855,سیادرکا,2026-09-10,باز,3000000,,,بله,2026-09-08T18:21:03
3223855,سیادرکا,2026-09-11,باز,3000000,,,,2026-09-08T18:21:03
3223855,سیادرکا,2026-09-12,باز,3000000,,,,2026-09-08T18:21:03
3223855,سیادرکا,2026-09-13,باز,3000000,,,,2026-09-08T18:21:03
3223855,سیادرکا,2026-09-14,باز,3000000,,,,2026-09-08T18:21:03
3223855,سیادرکا,2026-09-15,باز,3000000,,,,2026-09-08T18:21:03
3223855,سیادرکا,2026-09-16,باز,3000000,,,بله,2026-09-08T18:21:03
3223855,سیادرکا,2026-09-17,باز,3000000,,,بله,2026-09-08T18:21:03
3223855,سیادرکا,2026-09-18,باز,3000000,,,,2026-09-08T18:21:03
3223855,سیادرکا,2026-09-19,باز,3000000,,,,2026-09-08T18:21:03
3223855,سیادرکا,2026-09-20,باز,3000000,,,,2026-09-08T18:21:03
3223855,سیادرکا,2026-09-21,باز,3000000,,,,2026-09-08T18:21:03
3223855,سیادرکا,2026-09-22,باز,3000000,,,,2026-09-08T18:21:03
3223855,سیادرکا,2026-09-23,باز,2500000,,,بله,2026-09-08T18:21:03
3223855,سیادرکا,2026-09-24,باز,2500000,,,بله,2026-09-08T18:21:03
3223855,سیادرکا,2026-09-25,باز,2000000,,,,2026-09-08T18:21:03
3223855,سیادرکا,2026-09-26,باز,2000000,,,,2026-09-08T18:21:03
3223855,سیادرکا,2026-09-27,باز,2000000,,,,2026-09-08T18:21:03
3223855,سیادرکا,2026-09-28,باز,2000000,,,,2026-09-08T18:21:03
3223855,سیادرکا,2026-09-29,باز,2000000,,,,2026-09-08T18:21:03
3223855,سیادرکا,2026-09-30,باز,2500000,,,بله,2026-09-08T18:21:03
3223855,سیادرکا,2026-10-01,باز,2500000,,,بله,2026-09-08T18:21:03
3223855,سیادرکا,2026-10-02,باز,2000000,,,,2026-09-08T18:21:03
3223855,سیادرکا,2026-10-03,باز,2000000,,,,2026-09-08T18:21:03
3223855,سیادرکا,2026-10-04,باز,2000000,,,,2026-09-08T18:21:03
3223855,سیادرکا,2026-10-05,باز,2000000,,,,2026-09-08T18:21:03
3223855,سیادرکا,2026-10-06,باز,2000000,,,,2026-09-08T18:21:03
3223855,سیادرکا,2026-10-07,باز,2500000,,,بله,2026-09-08T18:21:03
3223855,سیادرکا,2026-10-08,باز,2500000,,,بله,2026-09-08T18:21:03
3223870,گونه کلا,2026-09-08,باز,5000000,,,,2026-09-08T18:21:07
3223870,گونه کلا,2026-09-09,باز,6000000,,,بله,2026-09-08T18:21:07
3223870,گونه کلا,2026-09-10,باز,6000000,,,بله,2026-09-08T18:21:07
3223870,گونه کلا,2026-09-11,باز,5000000,,,,2026-09-08T18:21:07
3223870,گونه کلا,2026-09-12,باز,5000000,,,,2026-09-08T18:21:07
3223870,گونه کلا,2026-09-13,باز,5000000,,,,2026-09-08T18:21:07
3223870,گونه کلا,2026-09-14,باز,5000000,,,,2026-09-08T18:21:07
3223870,گونه کلا,2026-09-15,باز,5000000,,,,2026-09-08T18:21:07
3223870,گونه کلا,2026-09-16,باز,6000000,,,بله,2026-09-08T18:21:07
3223870,گونه کلا,2026-09-17,باز,6000000,,,بله,2026-09-08T18:21:07
3223870,گونه کلا,2026-09-18,باز,5000000,,,,2026-09-08T18:21:07
3223870,گونه کلا,2026-09-19,باز,5000000,,,,2026-09-08T18:21:07
3223870,گونه کلا,2026-09-20,باز,5000000,,,,2026-09-08T18:21:07
3223870,گونه کلا,2026-09-21,باز,5000000,,,,2026-09-08T18:21:07
3223870,گونه کلا,2026-09-22,باز,5000000,,,,2026-09-08T18:21:07
3223870,گونه کلا,2026-09-23,باز,6000000,,,بله,2026-09-08T18:21:07
3223870,گونه کلا,2026-09-24,باز,6000000,,,بله,2026-09-08T18:21:07
3223870,گونه کلا,2026-09-25,باز,5000000,,,,2026-09-08T18:21:07
3223870,گونه کلا,2026-09-26,باز,5000000,,,,2026-09-08T18:21:07
3223870,گونه کلا,2026-09-27,باز,5000000,,,,2026-09-08T18:21:07
3223870,گونه کلا,2026-09-28,باز,5000000,,,,2026-09-08T18:21:07
3223870,گونه کلا,2026-09-29,باز,5000000,,,,2026-09-08T18:21:07
3223870,گونه کلا,2026-09-30,باز,6000000,,,بله,2026-09-08T18:21:07
3223870,گونه کلا,2026-10-01,باز,6000000,,,بله,2026-09-08T18:21:07
3223870,گونه کلا,2026-10-02,باز,5000000,,,,2026-09-08T18:21:07
3223870,گونه کلا,2026-10-03,باز,5000000,,,,2026-09-08T18:21:07
3223870,گونه کلا,2026-10-04,باز,5000000,,,,2026-09-08T18:21:07
3223870,گونه کلا,2026-10-05,باز,5000000,,,,2026-09-08T18:21:07
3223870,گونه کلا,2026-10-06,باز,5000000,,,,2026-09-08T18:21:07
3223870,گونه کلا,2026-10-07,باز,6000000,,,بله,2026-09-08T18:21:07
3223870,گونه کلا,2026-10-08,باز,6000000,,,بله,2026-09-08T18:21:07
3224141,بالفکلا,2026-09-08,بسته (مشاهده‌شده - دلیل نامشخص),5999000,,,,2026-09-08T18:21:11
3224141,بالفکلا,2026-09-09,بسته (مشاهده‌شده - دلیل نامشخص),7999000,,,بله,2026-09-08T18:21:11
3224141,بالفکلا,2026-09-10,بسته (مشاهده‌شده - دلیل نامشخص),9999000,,,بله,2026-09-08T18:21:11
3224141,بالفکلا,2026-09-11,بسته (مشاهده‌شده - دلیل نامشخص),5999000,,,,2026-09-08T18:21:11
3224141,بالفکلا,2026-09-12,بسته (مشاهده‌شده - دلیل نامشخص),5999000,,,,2026-09-08T18:21:11
3224141,بالفکلا,2026-09-13,بسته (مشاهده‌شده - دلیل نامشخص),5999000,,,,2026-09-08T18:21:11
3224141,بالفکلا,2026-09-14,بسته (مشاهده‌شده - دلیل نامشخص),5999000,,,,2026-09-08T18:21:11
3224141,بالفکلا,2026-09-15,باز,5999000,,,,2026-09-08T18:21:11
3224141,بالفکلا,2026-09-16,باز,7999000,,,بله,2026-09-08T18:21:11
3224141,بالفکلا,2026-09-17,باز,9999000,,,بله,2026-09-08T18:21:11
3224141,بالفکلا,2026-09-18,باز,5999000,,,,2026-09-08T18:21:11
3224141,بالفکلا,2026-09-19,باز,5999000,,,,2026-09-08T18:21:11
3224141,بالفکلا,2026-09-20,باز,5999000,,,,2026-09-08T18:21:11
3224141,بالفکلا,2026-09-21,باز,5999000,,,,2026-09-08T18:21:11
3224141,بالفکلا,2026-09-22,باز,5999000,,,,2026-09-08T18:21:11
3224141,بالفکلا,2026-09-23,باز,7999000,,,بله,2026-09-08T18:21:11
3224141,بالفکلا,2026-09-24,باز,9999000,,,بله,2026-09-08T18:21:11
3224141,بالفکلا,2026-09-25,باز,5999000,,,,2026-09-08T18:21:11
3224141,بالفکلا,2026-09-26,باز,5999000,,,,2026-09-08T18:21:11
3224141,بالفکلا,2026-09-27,باز,5999000,,,,2026-09-08T18:21:11
3224141,بالفکلا,2026-09-28,باز,5999000,,,,2026-09-08T18:21:11
3224141,بالفکلا,2026-09-29,باز,5999000,,,,2026-09-08T18:21:11
3224141,بالفکلا,2026-09-30,باز,7999000,,,بله,2026-09-08T18:21:11
3224141,بالفکلا,2026-10-01,باز,9999000,,,بله,2026-09-08T18:21:11
3224141,بالفکلا,2026-10-02,باز,5999000,,,,2026-09-08T18:21:11
3224141,بالفکلا,2026-10-03,باز,5999000,,,,2026-09-08T18:21:11
3224141,بالفکلا,2026-10-04,باز,5999000,,,,2026-09-08T18:21:11
3224141,بالفکلا,2026-10-05,باز,5999000,,,,2026-09-08T18:21:11
3224141,بالفکلا,2026-10-06,باز,5999000,,,,2026-09-08T18:21:11
3224141,بالفکلا,2026-10-07,باز,7999000,,,بله,2026-09-08T18:21:11
3224141,بالفکلا,2026-10-08,باز,9999000,,,بله,2026-09-08T18:21:11
3224334,گونه کلا,2026-09-08,باز,6000000,,,,2026-09-08T18:21:13
3224334,گونه کلا,2026-09-09,باز,6000000,,,بله,2026-09-08T18:21:13
3224334,گونه کلا,2026-09-10,باز,6000000,,,بله,2026-09-08T18:21:13
3224334,گونه کلا,2026-09-11,باز,6000000,,,,2026-09-08T18:21:13
3224334,گونه کلا,2026-09-12,باز,6000000,,,,2026-09-08T18:21:13
3224334,گونه کلا,2026-09-13,بسته (مشاهده‌شده - دلیل نامشخص),6000000,,,,2026-09-08T18:21:13
3224334,گونه کلا,2026-09-14,بسته (مشاهده‌شده - دلیل نامشخص),6000000,,,,2026-09-08T18:21:13
3224334,گونه کلا,2026-09-15,بسته (مشاهده‌شده - دلیل نامشخص),6000000,,,,2026-09-08T18:21:13
3224334,گونه کلا,2026-09-16,باز,6000000,,,بله,2026-09-08T18:21:13
3224334,گونه کلا,2026-09-17,باز,6000000,,,بله,2026-09-08T18:21:13
3224334,گونه کلا,2026-09-18,باز,6000000,,,,2026-09-08T18:21:13
3224334,گونه کلا,2026-09-19,باز,6000000,,,,2026-09-08T18:21:13
3224334,گونه کلا,2026-09-20,باز,6000000,,,,2026-09-08T18:21:13
3224334,گونه کلا,2026-09-21,باز,6000000,,,,2026-09-08T18:21:13
3224334,گونه کلا,2026-09-22,باز,6000000,,,,2026-09-08T18:21:13
3224334,گونه کلا,2026-09-23,باز,3500000,,,بله,2026-09-08T18:21:13
3224334,گونه کلا,2026-09-24,باز,5000000,,,بله,2026-09-08T18:21:13
3224334,گونه کلا,2026-09-25,باز,3500000,,,,2026-09-08T18:21:13
3224334,گونه کلا,2026-09-26,باز,3500000,,,,2026-09-08T18:21:13
3224334,گونه کلا,2026-09-27,باز,3500000,,,,2026-09-08T18:21:13
3224334,گونه کلا,2026-09-28,باز,3500000,,,,2026-09-08T18:21:13
3224334,گونه کلا,2026-09-29,باز,3500000,,,,2026-09-08T18:21:13
3224334,گونه کلا,2026-09-30,باز,3500000,,,بله,2026-09-08T18:21:13
3224334,گونه کلا,2026-10-01,باز,5000000,,,بله,2026-09-08T18:21:13
3224334,گونه کلا,2026-10-02,باز,3500000,,,,2026-09-08T18:21:13
3224334,گونه کلا,2026-10-03,باز,3500000,,,,2026-09-08T18:21:13
3224334,گونه کلا,2026-10-04,باز,3500000,,,,2026-09-08T18:21:13
3224334,گونه کلا,2026-10-05,باز,3500000,,,,2026-09-08T18:21:13
3224334,گونه کلا,2026-10-06,باز,3500000,,,,2026-09-08T18:21:13
3224334,گونه کلا,2026-10-07,باز,3500000,,,بله,2026-09-08T18:21:13
3224334,گونه کلا,2026-10-08,باز,5000000,,,بله,2026-09-08T18:21:13
3224492,شیردارکلا,2026-09-08,بسته (مشاهده‌شده - دلیل نامشخص),6480000,,,,2026-09-08T18:21:14
3224492,شیردارکلا,2026-09-09,بسته (مشاهده‌شده - دلیل نامشخص),8980000,,,بله,2026-09-08T18:21:14
3224492,شیردارکلا,2026-09-10,بسته (مشاهده‌شده - دلیل نامشخص),9980000,,,بله,2026-09-08T18:21:14
3224492,شیردارکلا,2026-09-11,بسته (مشاهده‌شده - دلیل نامشخص),7880000,,,,2026-09-08T18:21:14
3224492,شیردارکلا,2026-09-12,بسته (مشاهده‌شده - دلیل نامشخص),6480000,,,,2026-09-08T18:21:14
3224492,شیردارکلا,2026-09-13,بسته (مشاهده‌شده - دلیل نامشخص),7890000,,,,2026-09-08T18:21:14
3224492,شیردارکلا,2026-09-14,بسته (مشاهده‌شده - دلیل نامشخص),7890000,,,,2026-09-08T18:21:14
3224492,شیردارکلا,2026-09-15,بسته (مشاهده‌شده - دلیل نامشخص),6480000,,,,2026-09-08T18:21:14
3224492,شیردارکلا,2026-09-16,بسته (مشاهده‌شده - دلیل نامشخص),8980000,,,بله,2026-09-08T18:21:14
3224492,شیردارکلا,2026-09-17,بسته (مشاهده‌شده - دلیل نامشخص),9980000,,,بله,2026-09-08T18:21:14
3224492,شیردارکلا,2026-09-18,بسته (مشاهده‌شده - دلیل نامشخص),8880000,,,,2026-09-08T18:21:14
3224492,شیردارکلا,2026-09-19,بسته (مشاهده‌شده - دلیل نامشخص),7890000,,,,2026-09-08T18:21:14
3224492,شیردارکلا,2026-09-20,بسته (مشاهده‌شده - دلیل نامشخص),7890000,,,,2026-09-08T18:21:14
3224492,شیردارکلا,2026-09-21,بسته (مشاهده‌شده - دلیل نامشخص),7890000,,,,2026-09-08T18:21:14
3224492,شیردارکلا,2026-09-22,بسته (مشاهده‌شده - دلیل نامشخص),7890000,,,,2026-09-08T18:21:14
3224492,شیردارکلا,2026-09-23,بسته (مشاهده‌شده - دلیل نامشخص),9450000,,,بله,2026-09-08T18:21:14
3224492,شیردارکلا,2026-09-24,بسته (مشاهده‌شده - دلیل نامشخص),9450000,,,بله,2026-09-08T18:21:14
3224492,شیردارکلا,2026-09-25,باز,7480000,,,,2026-09-08T18:21:14
3224492,شیردارکلا,2026-09-26,باز,6980000,,,,2026-09-08T18:21:14
3224492,شیردارکلا,2026-09-27,باز,6980000,,,,2026-09-08T18:21:14
3224492,شیردارکلا,2026-09-28,باز,6980000,,,,2026-09-08T18:21:14
3224492,شیردارکلا,2026-09-29,باز,6980000,,,,2026-09-08T18:21:14
3224492,شیردارکلا,2026-09-30,باز,9450000,,,بله,2026-09-08T18:21:14
3224492,شیردارکلا,2026-10-01,باز,9450000,,,بله,2026-09-08T18:21:14
3224492,شیردارکلا,2026-10-02,باز,7480000,,,,2026-09-08T18:21:14
3224492,شیردارکلا,2026-10-03,باز,6980000,,,,2026-09-08T18:21:14
3224492,شیردارکلا,2026-10-04,باز,6980000,,,,2026-09-08T18:21:14
3224492,شیردارکلا,2026-10-05,باز,6980000,,,,2026-09-08T18:21:14
3224492,شیردارکلا,2026-10-06,بسته (مشاهده‌شده - دلیل نامشخص),6980000,,,,2026-09-08T18:21:14
3224492,شیردارکلا,2026-10-07,بسته (مشاهده‌شده - دلیل نامشخص),9450000,,,بله,2026-09-08T18:21:14
3224492,شیردارکلا,2026-10-08,باز,9450000,,,بله,2026-09-08T18:21:14
3224789,سیادرکلا,2026-09-08,باز,2920000,10,,,2026-09-08T18:21:17
3224789,سیادرکلا,2026-09-09,باز,3120000,10,,بله,2026-09-08T18:21:17
3224789,سیادرکلا,2026-09-10,بسته (مشاهده‌شده - دلیل نامشخص),3950000,,,بله,2026-09-08T18:21:17
3224789,سیادرکلا,2026-09-11,باز,3250000,,,,2026-09-08T18:21:17
3224789,سیادرکلا,2026-09-12,بسته (مشاهده‌شده - دلیل نامشخص),3250000,,,,2026-09-08T18:21:17
3224789,سیادرکلا,2026-09-13,باز,3250000,,,,2026-09-08T18:21:17
3224789,سیادرکلا,2026-09-14,باز,3250000,,,,2026-09-08T18:21:17
3224789,سیادرکلا,2026-09-15,باز,3250000,,,,2026-09-08T18:21:17
3224789,سیادرکلا,2026-09-16,باز,3500000,,,بله,2026-09-08T18:21:17
3224789,سیادرکلا,2026-09-17,باز,3950000,,,بله,2026-09-08T18:21:17
3224789,سیادرکلا,2026-09-18,باز,3250000,,,,2026-09-08T18:21:17
3224789,سیادرکلا,2026-09-19,باز,3250000,,,,2026-09-08T18:21:17
3224789,سیادرکلا,2026-09-20,باز,3250000,,,,2026-09-08T18:21:17
3224789,سیادرکلا,2026-09-21,باز,3250000,,,,2026-09-08T18:21:17
3224789,سیادرکلا,2026-09-22,باز,3250000,,,,2026-09-08T18:21:17
3224789,سیادرکلا,2026-09-23,باز,2850000,,,بله,2026-09-08T18:21:17
3224789,سیادرکلا,2026-09-24,باز,2850000,,,بله,2026-09-08T18:21:17
3224789,سیادرکلا,2026-09-25,باز,1620000,,,,2026-09-08T18:21:17
3224789,سیادرکلا,2026-09-26,باز,1620000,,,,2026-09-08T18:21:17
3224789,سیادرکلا,2026-09-27,باز,1620000,,,,2026-09-08T18:21:17
3224789,سیادرکلا,2026-09-28,باز,1620000,,,,2026-09-08T18:21:17
3224789,سیادرکلا,2026-09-29,باز,1620000,,,,2026-09-08T18:21:17
3224789,سیادرکلا,2026-09-30,باز,2850000,,,بله,2026-09-08T18:21:17
3224789,سیادرکلا,2026-10-01,باز,2850000,,,بله,2026-09-08T18:21:17
3224789,سیادرکلا,2026-10-02,باز,1620000,,,,2026-09-08T18:21:17
3224789,سیادرکلا,2026-10-03,باز,1620000,,,,2026-09-08T18:21:17
3224789,سیادرکلا,2026-10-04,باز,1620000,,,,2026-09-08T18:21:17
3224789,سیادرکلا,2026-10-05,باز,1620000,,,,2026-09-08T18:21:17
3224789,سیادرکلا,2026-10-06,باز,1620000,,,,2026-09-08T18:21:17
3224789,سیادرکلا,2026-10-07,باز,2850000,,,بله,2026-09-08T18:21:17
3224789,سیادرکلا,2026-10-08,باز,2850000,,,بله,2026-09-08T18:21:17
3224799,بزچفت,2026-09-08,بسته (مشاهده‌شده - دلیل نامشخص),2500000,,,,2026-09-08T18:21:19
3224799,بزچفت,2026-09-09,بسته (مشاهده‌شده - دلیل نامشخص),3500000,,,بله,2026-09-08T18:21:19
3224799,بزچفت,2026-09-10,باز,3500000,,,بله,2026-09-08T18:21:19
3224799,بزچفت,2026-09-11,باز,2500000,,,,2026-09-08T18:21:19
3224799,بزچفت,2026-09-12,باز,2500000,,,,2026-09-08T18:21:19
3224799,بزچفت,2026-09-13,باز,2500000,,,,2026-09-08T18:21:19
3224799,بزچفت,2026-09-14,باز,2500000,,,,2026-09-08T18:21:19
3224799,بزچفت,2026-09-15,باز,2500000,,,,2026-09-08T18:21:19
3224799,بزچفت,2026-09-16,باز,3500000,,,بله,2026-09-08T18:21:19
3224799,بزچفت,2026-09-17,باز,3500000,,,بله,2026-09-08T18:21:19
3224799,بزچفت,2026-09-18,باز,2500000,,,,2026-09-08T18:21:19
3224799,بزچفت,2026-09-19,باز,2500000,,,,2026-09-08T18:21:19
3224799,بزچفت,2026-09-20,باز,2500000,,,,2026-09-08T18:21:19
3224799,بزچفت,2026-09-21,باز,2500000,,,,2026-09-08T18:21:19
3224799,بزچفت,2026-09-22,باز,2500000,,,,2026-09-08T18:21:19
3224799,بزچفت,2026-09-23,باز,2000000,,,بله,2026-09-08T18:21:19
3224799,بزچفت,2026-09-24,باز,2000000,,,بله,2026-09-08T18:21:19
3224799,بزچفت,2026-09-25,باز,1400000,,,,2026-09-08T18:21:19
3224799,بزچفت,2026-09-26,باز,1400000,,,,2026-09-08T18:21:19
3224799,بزچفت,2026-09-27,باز,1400000,,,,2026-09-08T18:21:19
3224799,بزچفت,2026-09-28,باز,1400000,,,,2026-09-08T18:21:19
3224799,بزچفت,2026-09-29,باز,1400000,,,,2026-09-08T18:21:19
3224799,بزچفت,2026-09-30,باز,2000000,,,بله,2026-09-08T18:21:19
3224799,بزچفت,2026-10-01,باز,2000000,,,بله,2026-09-08T18:21:19
3224799,بزچفت,2026-10-02,باز,1400000,,,,2026-09-08T18:21:19
3224799,بزچفت,2026-10-03,باز,1400000,,,,2026-09-08T18:21:19
3224799,بزچفت,2026-10-04,باز,1400000,,,,2026-09-08T18:21:19
3224799,بزچفت,2026-10-05,باز,1400000,,,,2026-09-08T18:21:19
3224799,بزچفت,2026-10-06,باز,1400000,,,,2026-09-08T18:21:19
3224799,بزچفت,2026-10-07,باز,2000000,,,بله,2026-09-08T18:21:19
3224799,بزچفت,2026-10-08,باز,2000000,,,بله,2026-09-08T18:21:19
3224873,کاردرکلا,2026-09-08,بسته (مشاهده‌شده - دلیل نامشخص),2000000,,,,2026-09-08T18:21:22
3224873,کاردرکلا,2026-09-09,بسته (مشاهده‌شده - دلیل نامشخص),2400000,,,بله,2026-09-08T18:21:22
3224873,کاردرکلا,2026-09-10,بسته (مشاهده‌شده - دلیل نامشخص),2600000,,,بله,2026-09-08T18:21:22
3224873,کاردرکلا,2026-09-11,بسته (مشاهده‌شده - دلیل نامشخص),1800000,,,,2026-09-08T18:21:22
3224873,کاردرکلا,2026-09-12,بسته (مشاهده‌شده - دلیل نامشخص),1800000,,,,2026-09-08T18:21:22
3224873,کاردرکلا,2026-09-13,بسته (مشاهده‌شده - دلیل نامشخص),2000000,,,,2026-09-08T18:21:22
3224873,کاردرکلا,2026-09-14,بسته (مشاهده‌شده - دلیل نامشخص),2000000,,,,2026-09-08T18:21:22
3224873,کاردرکلا,2026-09-15,بسته (مشاهده‌شده - دلیل نامشخص),2000000,,,,2026-09-08T18:21:22
3224873,کاردرکلا,2026-09-16,باز,2000000,,,بله,2026-09-08T18:21:22
3224873,کاردرکلا,2026-09-17,بسته (مشاهده‌شده - دلیل نامشخص),2600000,,,بله,2026-09-08T18:21:22
3224873,کاردرکلا,2026-09-18,بسته (مشاهده‌شده - دلیل نامشخص),2000000,,,,2026-09-08T18:21:22
3224873,کاردرکلا,2026-09-19,بسته (مشاهده‌شده - دلیل نامشخص),2000000,,,,2026-09-08T18:21:22
3224873,کاردرکلا,2026-09-20,بسته (مشاهده‌شده - دلیل نامشخص),2000000,,,,2026-09-08T18:21:22
3224873,کاردرکلا,2026-09-21,باز,2000000,,,,2026-09-08T18:21:22
3224873,کاردرکلا,2026-09-22,باز,2000000,,,,2026-09-08T18:21:22
3224873,کاردرکلا,2026-09-23,باز,2500000,,,بله,2026-09-08T18:21:22
3224873,کاردرکلا,2026-09-24,باز,2600000,,,بله,2026-09-08T18:21:22
3224873,کاردرکلا,2026-09-25,بسته (مشاهده‌شده - دلیل نامشخص),1800000,,,,2026-09-08T18:21:22
3224873,کاردرکلا,2026-09-26,باز,1800000,,,,2026-09-08T18:21:22
3224873,کاردرکلا,2026-09-27,باز,1800000,,,,2026-09-08T18:21:22
3224873,کاردرکلا,2026-09-28,باز,1800000,,,,2026-09-08T18:21:22
3224873,کاردرکلا,2026-09-29,باز,1800000,,,,2026-09-08T18:21:22
3224873,کاردرکلا,2026-09-30,باز,2500000,,,بله,2026-09-08T18:21:22
3224873,کاردرکلا,2026-10-01,باز,2600000,,,بله,2026-09-08T18:21:22
3224873,کاردرکلا,2026-10-02,باز,1800000,,,,2026-09-08T18:21:22
3224873,کاردرکلا,2026-10-03,باز,1800000,,,,2026-09-08T18:21:22
3224873,کاردرکلا,2026-10-04,باز,1800000,,,,2026-09-08T18:21:22
3224873,کاردرکلا,2026-10-05,باز,1800000,,,,2026-09-08T18:21:22
3224873,کاردرکلا,2026-10-06,باز,1800000,,,,2026-09-08T18:21:22
3224873,کاردرکلا,2026-10-07,باز,2500000,,,بله,2026-09-08T18:21:22
3224873,کاردرکلا,2026-10-08,باز,2600000,,,بله,2026-09-08T18:21:22
3225284,لفور,2026-09-08,بسته (مشاهده‌شده - دلیل نامشخص),3700000,,,,2026-09-08T18:21:24
3225284,لفور,2026-09-09,بسته (مشاهده‌شده - دلیل نامشخص),3700000,,,بله,2026-09-08T18:21:24
3225284,لفور,2026-09-10,بسته (مشاهده‌شده - دلیل نامشخص),4000000,,,بله,2026-09-08T18:21:24
3225284,لفور,2026-09-11,باز,3700000,,,,2026-09-08T18:21:24
3225284,لفور,2026-09-12,باز,3700000,,,,2026-09-08T18:21:24
3225284,لفور,2026-09-13,باز,3700000,,,,2026-09-08T18:21:24
3225284,لفور,2026-09-14,بسته (مشاهده‌شده - دلیل نامشخص),3700000,,,,2026-09-08T18:21:24
3225284,لفور,2026-09-15,باز,3700000,,,,2026-09-08T18:21:24
3225284,لفور,2026-09-16,باز,3700000,,,بله,2026-09-08T18:21:24
3225284,لفور,2026-09-17,باز,4000000,,,بله,2026-09-08T18:21:24
3225284,لفور,2026-09-18,باز,3700000,,,,2026-09-08T18:21:24
3225284,لفور,2026-09-19,باز,3700000,,,,2026-09-08T18:21:24
3225284,لفور,2026-09-20,بسته (مشاهده‌شده - دلیل نامشخص),3000000,,,,2026-09-08T18:21:24
3225284,لفور,2026-09-21,بسته (مشاهده‌شده - دلیل نامشخص),3000000,,,,2026-09-08T18:21:24
3225284,لفور,2026-09-22,باز,3000000,,,,2026-09-08T18:21:24
3225284,لفور,2026-09-23,باز,4000000,,,بله,2026-09-08T18:21:24
3225284,لفور,2026-09-24,باز,4000000,,,بله,2026-09-08T18:21:24
3225284,لفور,2026-09-25,باز,4000000,,,,2026-09-08T18:21:24
3225284,لفور,2026-09-26,باز,3000000,,,,2026-09-08T18:21:24
3225284,لفور,2026-09-27,باز,3000000,,,,2026-09-08T18:21:24
3225284,لفور,2026-09-28,باز,3000000,,,,2026-09-08T18:21:24
3225284,لفور,2026-09-29,باز,3000000,,,,2026-09-08T18:21:24
3225284,لفور,2026-09-30,باز,4000000,,,بله,2026-09-08T18:21:24
3225284,لفور,2026-10-01,باز,4000000,,,بله,2026-09-08T18:21:24
3225284,لفور,2026-10-02,باز,4000000,,,,2026-09-08T18:21:24
3225284,لفور,2026-10-03,باز,3000000,,,,2026-09-08T18:21:24
3225284,لفور,2026-10-04,باز,3000000,,,,2026-09-08T18:21:24
3225284,لفور,2026-10-05,باز,3000000,,,,2026-09-08T18:21:24
3225284,لفور,2026-10-06,باز,3000000,,,,2026-09-08T18:21:24
3225284,لفور,2026-10-07,باز,4000000,,,بله,2026-09-08T18:21:24
3225284,لفور,2026-10-08,باز,4000000,,,بله,2026-09-08T18:21:24
3225446,سیدکلا,2026-09-08,بسته (مشاهده‌شده - دلیل نامشخص),3980000,10,,,2026-09-08T18:21:27
3225446,سیدکلا,2026-09-09,بسته (مشاهده‌شده - دلیل نامشخص),4700000,10,,بله,2026-09-08T18:21:27
3225446,سیدکلا,2026-09-10,بسته (مشاهده‌شده - دلیل نامشخص),5700000,,,بله,2026-09-08T18:21:27
3225446,سیدکلا,2026-09-11,باز,3980000,10,,,2026-09-08T18:21:27
3225446,سیدکلا,2026-09-12,بسته (مشاهده‌شده - دلیل نامشخص),3980000,10,,,2026-09-08T18:21:27
3225446,سیدکلا,2026-09-13,بسته (مشاهده‌شده - دلیل نامشخص),3980000,,,,2026-09-08T18:21:27
3225446,سیدکلا,2026-09-14,بسته (مشاهده‌شده - دلیل نامشخص),3980000,,,,2026-09-08T18:21:27
3225446,سیدکلا,2026-09-15,باز,3980000,,,,2026-09-08T18:21:27
3225446,سیدکلا,2026-09-16,باز,4700000,,,بله,2026-09-08T18:21:27
3225446,سیدکلا,2026-09-17,بسته (مشاهده‌شده - دلیل نامشخص),5700000,,,بله,2026-09-08T18:21:27
3225446,سیدکلا,2026-09-18,باز,3980000,,,,2026-09-08T18:21:27
3225446,سیدکلا,2026-09-19,باز,3980000,,,,2026-09-08T18:21:27
3225446,سیدکلا,2026-09-20,باز,3980000,,,,2026-09-08T18:21:27
3225446,سیدکلا,2026-09-21,بسته (مشاهده‌شده - دلیل نامشخص),3980000,,,,2026-09-08T18:21:27
3225446,سیدکلا,2026-09-22,بسته (مشاهده‌شده - دلیل نامشخص),3980000,,,,2026-09-08T18:21:27
3225446,سیدکلا,2026-09-23,بسته (مشاهده‌شده - دلیل نامشخص),4980000,,,بله,2026-09-08T18:21:27
3225446,سیدکلا,2026-09-24,باز,4980000,,,بله,2026-09-08T18:21:27
3225446,سیدکلا,2026-09-25,باز,2980000,,,,2026-09-08T18:21:27
3225446,سیدکلا,2026-09-26,باز,2980000,,,,2026-09-08T18:21:27
3225446,سیدکلا,2026-09-27,باز,2980000,,,,2026-09-08T18:21:27
3225446,سیدکلا,2026-09-28,باز,2980000,,,,2026-09-08T18:21:27
3225446,سیدکلا,2026-09-29,باز,2980000,,,,2026-09-08T18:21:27
3225446,سیدکلا,2026-09-30,باز,4980000,,,بله,2026-09-08T18:21:27
3225446,سیدکلا,2026-10-01,باز,4980000,,,بله,2026-09-08T18:21:27
3225446,سیدکلا,2026-10-02,باز,2980000,,,,2026-09-08T18:21:27
3225446,سیدکلا,2026-10-03,باز,2980000,,,,2026-09-08T18:21:27
3225446,سیدکلا,2026-10-04,باز,2980000,,,,2026-09-08T18:21:27
3225446,سیدکلا,2026-10-05,باز,2980000,,,,2026-09-08T18:21:27
3225446,سیدکلا,2026-10-06,باز,2980000,,,,2026-09-08T18:21:27
3225446,سیدکلا,2026-10-07,باز,4980000,,,بله,2026-09-08T18:21:27
3225446,سیدکلا,2026-10-08,باز,4980000,,,بله,2026-09-08T18:21:27
3225771,لفور,2026-09-08,بسته (مشاهده‌شده - دلیل نامشخص),7000000,,,,2026-09-08T18:21:28
3225771,لفور,2026-09-09,بسته (مشاهده‌شده - دلیل نامشخص),8000000,,,بله,2026-09-08T18:21:28
3225771,لفور,2026-09-10,باز,13000000,,,بله,2026-09-08T18:21:28
3225771,لفور,2026-09-11,بسته (مشاهده‌شده - دلیل نامشخص),8000000,,,,2026-09-08T18:21:28
3225771,لفور,2026-09-12,بسته (مشاهده‌شده - دلیل نامشخص),8000000,,,,2026-09-08T18:21:28
3225771,لفور,2026-09-13,بسته (مشاهده‌شده - دلیل نامشخص),8000000,,,,2026-09-08T18:21:28
3225771,لفور,2026-09-14,بسته (مشاهده‌شده - دلیل نامشخص),8000000,,,,2026-09-08T18:21:28
3225771,لفور,2026-09-15,باز,8000000,,,,2026-09-08T18:21:28
3225771,لفور,2026-09-16,بسته (مشاهده‌شده - دلیل نامشخص),8000000,,,بله,2026-09-08T18:21:28
3225771,لفور,2026-09-17,باز,13000000,,,بله,2026-09-08T18:21:28
3225771,لفور,2026-09-18,باز,8000000,,,,2026-09-08T18:21:28
3225771,لفور,2026-09-19,بسته (مشاهده‌شده - دلیل نامشخص),8000000,,,,2026-09-08T18:21:28
3225771,لفور,2026-09-20,باز,8000000,,,,2026-09-08T18:21:28
3225771,لفور,2026-09-21,باز,8000000,,,,2026-09-08T18:21:28
3225771,لفور,2026-09-22,باز,8000000,,,,2026-09-08T18:21:28
3225771,لفور,2026-09-23,باز,12000000,,,بله,2026-09-08T18:21:28
3225771,لفور,2026-09-24,بسته (مشاهده‌شده - دلیل نامشخص),10000000,,,بله,2026-09-08T18:21:28
3225771,لفور,2026-09-25,بسته (مشاهده‌شده - دلیل نامشخص),6000000,,,,2026-09-08T18:21:28
3225771,لفور,2026-09-26,باز,4500000,,,,2026-09-08T18:21:28
3225771,لفور,2026-09-27,باز,4500000,,,,2026-09-08T18:21:28
3225771,لفور,2026-09-28,باز,4500000,,,,2026-09-08T18:21:28
3225771,لفور,2026-09-29,باز,4500000,,,,2026-09-08T18:21:28
3225771,لفور,2026-09-30,باز,6000000,,,بله,2026-09-08T18:21:28
3225771,لفور,2026-10-01,باز,10000000,,,بله,2026-09-08T18:21:28
3225771,لفور,2026-10-02,باز,6000000,,,,2026-09-08T18:21:28
3225771,لفور,2026-10-03,باز,4500000,,,,2026-09-08T18:21:28
3225771,لفور,2026-10-04,باز,4500000,,,,2026-09-08T18:21:28
3225771,لفور,2026-10-05,باز,4500000,,,,2026-09-08T18:21:28
3225771,لفور,2026-10-06,باز,4500000,,,,2026-09-08T18:21:28
3225771,لفور,2026-10-07,باز,6000000,,,بله,2026-09-08T18:21:28
3225771,لفور,2026-10-08,باز,10000000,,,بله,2026-09-08T18:21:28
3225787,درازکش,2026-09-08,بسته (مشاهده‌شده - دلیل نامشخص),3500000,,,,2026-09-08T18:21:30
3225787,درازکش,2026-09-09,بسته (مشاهده‌شده - دلیل نامشخص),4500000,,,بله,2026-09-08T18:21:30
3225787,درازکش,2026-09-10,بسته (مشاهده‌شده - دلیل نامشخص),4500000,,,بله,2026-09-08T18:21:30
3225787,درازکش,2026-09-11,بسته (مشاهده‌شده - دلیل نامشخص),3500000,,,,2026-09-08T18:21:30
3225787,درازکش,2026-09-12,باز,3500000,,,,2026-09-08T18:21:30
3225787,درازکش,2026-09-13,باز,3500000,,,,2026-09-08T18:21:30
3225787,درازکش,2026-09-14,بسته (مشاهده‌شده - دلیل نامشخص),3500000,,,,2026-09-08T18:21:30
3225787,درازکش,2026-09-15,بسته (مشاهده‌شده - دلیل نامشخص),3500000,,,,2026-09-08T18:21:30
3225787,درازکش,2026-09-16,باز,4500000,,,بله,2026-09-08T18:21:30
3225787,درازکش,2026-09-17,بسته (مشاهده‌شده - دلیل نامشخص),4500000,,,بله,2026-09-08T18:21:30
3225787,درازکش,2026-09-18,بسته (مشاهده‌شده - دلیل نامشخص),3500000,,,,2026-09-08T18:21:30
3225787,درازکش,2026-09-19,باز,3500000,,,,2026-09-08T18:21:30
3225787,درازکش,2026-09-20,باز,3500000,,,,2026-09-08T18:21:30
3225787,درازکش,2026-09-21,باز,3500000,,,,2026-09-08T18:21:30
3225787,درازکش,2026-09-22,باز,3500000,,,,2026-09-08T18:21:30
3225787,درازکش,2026-09-23,باز,3500000,,,بله,2026-09-08T18:21:30
3225787,درازکش,2026-09-24,باز,3500000,,,بله,2026-09-08T18:21:30
3225787,درازکش,2026-09-25,بسته (مشاهده‌شده - دلیل نامشخص),2850000,,,,2026-09-08T18:21:30
3225787,درازکش,2026-09-26,بسته (مشاهده‌شده - دلیل نامشخص),2850000,,,,2026-09-08T18:21:30
3225787,درازکش,2026-09-27,باز,2850000,,,,2026-09-08T18:21:30
3225787,درازکش,2026-09-28,بسته (مشاهده‌شده - دلیل نامشخص),2850000,,,,2026-09-08T18:21:30
3225787,درازکش,2026-09-29,بسته (مشاهده‌شده - دلیل نامشخص),2850000,,,,2026-09-08T18:21:30
3225787,درازکش,2026-09-30,بسته (مشاهده‌شده - دلیل نامشخص),3500000,,,بله,2026-09-08T18:21:30
3225787,درازکش,2026-10-01,باز,3500000,,,بله,2026-09-08T18:21:30
3225787,درازکش,2026-10-02,بسته (مشاهده‌شده - دلیل نامشخص),2850000,,,,2026-09-08T18:21:30
3225787,درازکش,2026-10-03,باز,2850000,,,,2026-09-08T18:21:30
3225787,درازکش,2026-10-04,باز,2850000,,,,2026-09-08T18:21:30
3225787,درازکش,2026-10-05,باز,2850000,,,,2026-09-08T18:21:30
3225787,درازکش,2026-10-06,باز,2850000,,,,2026-09-08T18:21:30
3225787,درازکش,2026-10-07,باز,3500000,,,بله,2026-09-08T18:21:30
3225787,درازکش,2026-10-08,باز,3500000,,,بله,2026-09-08T18:21:30
3225855,کاردرکلا,2026-09-08,بسته (مشاهده‌شده - دلیل نامشخص),5000000,,,,2026-09-08T18:21:31
3225855,کاردرکلا,2026-09-09,بسته (مشاهده‌شده - دلیل نامشخص),6800000,,,بله,2026-09-08T18:21:31
3225855,کاردرکلا,2026-09-10,بسته (مشاهده‌شده - دلیل نامشخص),6800000,,,بله,2026-09-08T18:21:31
3225855,کاردرکلا,2026-09-11,بسته (مشاهده‌شده - دلیل نامشخص),5350000,,,,2026-09-08T18:21:31
3225855,کاردرکلا,2026-09-12,بسته (مشاهده‌شده - دلیل نامشخص),5000000,,,,2026-09-08T18:21:31
3225855,کاردرکلا,2026-09-13,بسته (مشاهده‌شده - دلیل نامشخص),6700000,,,,2026-09-08T18:21:31
3225855,کاردرکلا,2026-09-14,بسته (مشاهده‌شده - دلیل نامشخص),6700000,,,,2026-09-08T18:21:31
3225855,کاردرکلا,2026-09-15,باز,6700000,,,,2026-09-08T18:21:31
3225855,کاردرکلا,2026-09-16,بسته (مشاهده‌شده - دلیل نامشخص),6800000,,,بله,2026-09-08T18:21:31
3225855,کاردرکلا,2026-09-17,بسته (مشاهده‌شده - دلیل نامشخص),6800000,,,بله,2026-09-08T18:21:31
3225855,کاردرکلا,2026-09-18,بسته (مشاهده‌شده - دلیل نامشخص),6700000,,,,2026-09-08T18:21:31
3225855,کاردرکلا,2026-09-19,بسته (مشاهده‌شده - دلیل نامشخص),6700000,,,,2026-09-08T18:21:31
3225855,کاردرکلا,2026-09-20,بسته (مشاهده‌شده - دلیل نامشخص),6700000,,,,2026-09-08T18:21:31
3225855,کاردرکلا,2026-09-21,باز,6700000,,,,2026-09-08T18:21:31
3225855,کاردرکلا,2026-09-22,بسته (مشاهده‌شده - دلیل نامشخص),5350000,,,,2026-09-08T18:21:31
3225855,کاردرکلا,2026-09-23,بسته (مشاهده‌شده - دلیل نامشخص),7500000,,,بله,2026-09-08T18:21:31
3225855,کاردرکلا,2026-09-24,باز,7500000,,,بله,2026-09-08T18:21:31
3225855,کاردرکلا,2026-09-25,باز,3900000,,,,2026-09-08T18:21:31
3225855,کاردرکلا,2026-09-26,بسته (مشاهده‌شده - دلیل نامشخص),3900000,,,,2026-09-08T18:21:31
3225855,کاردرکلا,2026-09-27,بسته (مشاهده‌شده - دلیل نامشخص),3900000,,,,2026-09-08T18:21:31
3225855,کاردرکلا,2026-09-28,باز,3900000,,,,2026-09-08T18:21:31
3225855,کاردرکلا,2026-09-29,باز,3900000,,,,2026-09-08T18:21:31
3225855,کاردرکلا,2026-09-30,باز,5000000,,,بله,2026-09-08T18:21:31
3225855,کاردرکلا,2026-10-01,باز,5000000,,,بله,2026-09-08T18:21:31
3225855,کاردرکلا,2026-10-02,باز,3900000,,,,2026-09-08T18:21:31
3225855,کاردرکلا,2026-10-03,باز,3900000,,,,2026-09-08T18:21:31
3225855,کاردرکلا,2026-10-04,باز,3900000,,,,2026-09-08T18:21:31
3225855,کاردرکلا,2026-10-05,باز,3900000,,,,2026-09-08T18:21:31
3225855,کاردرکلا,2026-10-06,باز,3900000,,,,2026-09-08T18:21:31
3225855,کاردرکلا,2026-10-07,باز,5000000,,,بله,2026-09-08T18:21:31
3225855,کاردرکلا,2026-10-08,باز,5000000,,,بله,2026-09-08T18:21:31
3228098,لفور,2026-09-08,بسته (مشاهده‌شده - دلیل نامشخص),4990000,,,,2026-09-08T18:21:40
3228098,لفور,2026-09-09,باز,5990000,,,بله,2026-09-08T18:21:40
3228098,لفور,2026-09-10,بسته (مشاهده‌شده - دلیل نامشخص),5990000,,,بله,2026-09-08T18:21:40
3228098,لفور,2026-09-11,باز,4990000,,,,2026-09-08T18:21:40
3228098,لفور,2026-09-12,باز,4990000,,,,2026-09-08T18:21:40
3228098,لفور,2026-09-13,باز,4990000,,,,2026-09-08T18:21:40
3228098,لفور,2026-09-14,باز,4990000,,,,2026-09-08T18:21:40
3228098,لفور,2026-09-15,باز,4990000,,,,2026-09-08T18:21:40
3228098,لفور,2026-09-16,باز,5990000,,,بله,2026-09-08T18:21:40
3228098,لفور,2026-09-17,باز,5990000,,,بله,2026-09-08T18:21:40
3228098,لفور,2026-09-18,باز,4990000,,,,2026-09-08T18:21:40
3228098,لفور,2026-09-19,باز,4990000,,,,2026-09-08T18:21:40
3228098,لفور,2026-09-20,باز,4990000,,,,2026-09-08T18:21:40
3228098,لفور,2026-09-21,باز,4990000,,,,2026-09-08T18:21:40
3228098,لفور,2026-09-22,باز,4990000,,,,2026-09-08T18:21:40
3228098,لفور,2026-09-23,باز,2500000,,,بله,2026-09-08T18:21:40
3228098,لفور,2026-09-24,باز,2500000,,,بله,2026-09-08T18:21:40
3228098,لفور,2026-09-25,باز,1500000,,,,2026-09-08T18:21:40
3228098,لفور,2026-09-26,باز,1500000,,,,2026-09-08T18:21:40
3228098,لفور,2026-09-27,باز,1500000,,,,2026-09-08T18:21:40
3228098,لفور,2026-09-28,باز,1500000,,,,2026-09-08T18:21:40
3228098,لفور,2026-09-29,باز,1500000,,,,2026-09-08T18:21:40
3228098,لفور,2026-09-30,باز,2500000,,,بله,2026-09-08T18:21:40
3228098,لفور,2026-10-01,باز,2500000,,,بله,2026-09-08T18:21:40
3228098,لفور,2026-10-02,باز,1500000,,,,2026-09-08T18:21:40
3228098,لفور,2026-10-03,باز,1500000,,,,2026-09-08T18:21:40
3228098,لفور,2026-10-04,باز,1500000,,,,2026-09-08T18:21:40
3228098,لفور,2026-10-05,باز,1500000,,,,2026-09-08T18:21:40
3228098,لفور,2026-10-06,باز,1500000,,,,2026-09-08T18:21:40
3228098,لفور,2026-10-07,باز,2500000,,,بله,2026-09-08T18:21:40
3228098,لفور,2026-10-08,باز,2500000,,,بله,2026-09-08T18:21:40
3228116,لفور,2026-09-08,بسته (مشاهده‌شده - دلیل نامشخص),5000000,10,,,2026-09-08T18:22:05
3228116,لفور,2026-09-09,بسته (مشاهده‌شده - دلیل نامشخص),6000000,,,بله,2026-09-08T18:22:05
3228116,لفور,2026-09-10,بسته (مشاهده‌شده - دلیل نامشخص),6000000,,,بله,2026-09-08T18:22:05
3228116,لفور,2026-09-11,بسته (مشاهده‌شده - دلیل نامشخص),5000000,,,,2026-09-08T18:22:05
3228116,لفور,2026-09-12,باز,5000000,,,,2026-09-08T18:22:05
3228116,لفور,2026-09-13,بسته (مشاهده‌شده - دلیل نامشخص),5000000,,,,2026-09-08T18:22:05
3228116,لفور,2026-09-14,بسته (مشاهده‌شده - دلیل نامشخص),5000000,,,,2026-09-08T18:22:05
3228116,لفور,2026-09-15,باز,5000000,,,,2026-09-08T18:22:05
3228116,لفور,2026-09-16,باز,6000000,,,بله,2026-09-08T18:22:05
3228116,لفور,2026-09-17,باز,6000000,,,بله,2026-09-08T18:22:05
3228116,لفور,2026-09-18,باز,5000000,,,,2026-09-08T18:22:05
3228116,لفور,2026-09-19,بسته (مشاهده‌شده - دلیل نامشخص),5000000,,,,2026-09-08T18:22:05
3228116,لفور,2026-09-20,باز,5000000,,,,2026-09-08T18:22:05
3228116,لفور,2026-09-21,باز,5000000,,,,2026-09-08T18:22:05
3228116,لفور,2026-09-22,باز,5000000,,,,2026-09-08T18:22:05
3228116,لفور,2026-09-23,باز,4500000,,,بله,2026-09-08T18:22:05
3228116,لفور,2026-09-24,باز,4500000,,,بله,2026-09-08T18:22:05
3228116,لفور,2026-09-25,باز,3500000,,,,2026-09-08T18:22:05
3228116,لفور,2026-09-26,باز,3500000,,,,2026-09-08T18:22:05
3228116,لفور,2026-09-27,باز,3500000,,,,2026-09-08T18:22:05
3228116,لفور,2026-09-28,باز,3500000,,,,2026-09-08T18:22:05
3228116,لفور,2026-09-29,باز,3500000,,,,2026-09-08T18:22:05
3228116,لفور,2026-09-30,باز,4500000,,,بله,2026-09-08T18:22:05
3228116,لفور,2026-10-01,باز,4500000,,,بله,2026-09-08T18:22:05
3228116,لفور,2026-10-02,باز,3500000,,,,2026-09-08T18:22:05
3228116,لفور,2026-10-03,باز,3500000,,,,2026-09-08T18:22:05
3228116,لفور,2026-10-04,باز,3500000,,,,2026-09-08T18:22:05
3228116,لفور,2026-10-05,باز,3500000,,,,2026-09-08T18:22:05
3228116,لفور,2026-10-06,باز,3500000,,,,2026-09-08T18:22:05
3228116,لفور,2026-10-07,باز,4500000,,,بله,2026-09-08T18:22:05
3228116,لفور,2026-10-08,باز,4500000,,,بله,2026-09-08T18:22:05
3228266,رئیسکلا,2026-09-08,بسته (مشاهده‌شده - دلیل نامشخص),1300000,,,,2026-09-08T18:22:09
3228266,رئیسکلا,2026-09-09,بسته (مشاهده‌شده - دلیل نامشخص),3000000,,,بله,2026-09-08T18:22:09
3228266,رئیسکلا,2026-09-10,بسته (مشاهده‌شده - دلیل نامشخص),3000000,,,بله,2026-09-08T18:22:09
3228266,رئیسکلا,2026-09-11,باز,1500000,,,,2026-09-08T18:22:09
3228266,رئیسکلا,2026-09-12,باز,1500000,,,,2026-09-08T18:22:09
3228266,رئیسکلا,2026-09-13,باز,1500000,,,,2026-09-08T18:22:09
3228266,رئیسکلا,2026-09-14,باز,1500000,,,,2026-09-08T18:22:09
3228266,رئیسکلا,2026-09-15,باز,1500000,,,,2026-09-08T18:22:09
3228266,رئیسکلا,2026-09-16,باز,3000000,,,بله,2026-09-08T18:22:09
3228266,رئیسکلا,2026-09-17,باز,3000000,,,بله,2026-09-08T18:22:09
3228266,رئیسکلا,2026-09-18,باز,1500000,,,,2026-09-08T18:22:09
3228266,رئیسکلا,2026-09-19,باز,1500000,,,,2026-09-08T18:22:09
3228266,رئیسکلا,2026-09-20,باز,1500000,,,,2026-09-08T18:22:09
3228266,رئیسکلا,2026-09-21,باز,1500000,,,,2026-09-08T18:22:09
3228266,رئیسکلا,2026-09-22,باز,1500000,,,,2026-09-08T18:22:09
3228266,رئیسکلا,2026-09-23,باز,1500000,,,بله,2026-09-08T18:22:09
3228266,رئیسکلا,2026-09-24,باز,1500000,,,بله,2026-09-08T18:22:09
3228266,رئیسکلا,2026-09-25,باز,1000000,,,,2026-09-08T18:22:09
3228266,رئیسکلا,2026-09-26,باز,1000000,,,,2026-09-08T18:22:09
3228266,رئیسکلا,2026-09-27,باز,1000000,,,,2026-09-08T18:22:09
3228266,رئیسکلا,2026-09-28,باز,1000000,,,,2026-09-08T18:22:09
3228266,رئیسکلا,2026-09-29,باز,1000000,,,,2026-09-08T18:22:09
3228266,رئیسکلا,2026-09-30,باز,1500000,,,بله,2026-09-08T18:22:09
3228266,رئیسکلا,2026-10-01,باز,1500000,,,بله,2026-09-08T18:22:09
3228266,رئیسکلا,2026-10-02,باز,1000000,,,,2026-09-08T18:22:09
3228266,رئیسکلا,2026-10-03,باز,1000000,,,,2026-09-08T18:22:09
3228266,رئیسکلا,2026-10-04,باز,1000000,,,,2026-09-08T18:22:09
3228266,رئیسکلا,2026-10-05,باز,1000000,,,,2026-09-08T18:22:09
3228266,رئیسکلا,2026-10-06,باز,1000000,,,,2026-09-08T18:22:09
3228266,رئیسکلا,2026-10-07,باز,1500000,,,بله,2026-09-08T18:22:09
3228266,رئیسکلا,2026-10-08,باز,1500000,,,بله,2026-09-08T18:22:09
3228478,گونه کلا,2026-09-08,بسته (مشاهده‌شده - دلیل نامشخص),9000000,,,,2026-09-08T18:22:15
3228478,گونه کلا,2026-09-09,بسته (مشاهده‌شده - دلیل نامشخص),13000000,,,بله,2026-09-08T18:22:15
3228478,گونه کلا,2026-09-10,بسته (مشاهده‌شده - دلیل نامشخص),13000000,,,بله,2026-09-08T18:22:15
3228478,گونه کلا,2026-09-11,باز,9000000,,,,2026-09-08T18:22:15
3228478,گونه کلا,2026-09-12,بسته (مشاهده‌شده - دلیل نامشخص),9000000,,,,2026-09-08T18:22:15
3228478,گونه کلا,2026-09-13,بسته (مشاهده‌شده - دلیل نامشخص),9000000,,,,2026-09-08T18:22:15
3228478,گونه کلا,2026-09-14,بسته (مشاهده‌شده - دلیل نامشخص),9000000,,,,2026-09-08T18:22:15
3228478,گونه کلا,2026-09-15,بسته (مشاهده‌شده - دلیل نامشخص),9000000,,,,2026-09-08T18:22:15
3228478,گونه کلا,2026-09-16,بسته (مشاهده‌شده - دلیل نامشخص),13000000,,,بله,2026-09-08T18:22:15
3228478,گونه کلا,2026-09-17,بسته (مشاهده‌شده - دلیل نامشخص),13000000,,,بله,2026-09-08T18:22:15
3228478,گونه کلا,2026-09-18,بسته (مشاهده‌شده - دلیل نامشخص),9000000,,,,2026-09-08T18:22:15
3228478,گونه کلا,2026-09-19,بسته (مشاهده‌شده - دلیل نامشخص),9000000,,,,2026-09-08T18:22:15
3228478,گونه کلا,2026-09-20,بسته (مشاهده‌شده - دلیل نامشخص),9000000,,,,2026-09-08T18:22:15
3228478,گونه کلا,2026-09-21,بسته (مشاهده‌شده - دلیل نامشخص),9000000,,,,2026-09-08T18:22:15
3228478,گونه کلا,2026-09-22,باز,9000000,,,,2026-09-08T18:22:15
3228478,گونه کلا,2026-09-23,باز,14000000,,,بله,2026-09-08T18:22:15
3228478,گونه کلا,2026-09-24,باز,14000000,,,بله,2026-09-08T18:22:15
3228478,گونه کلا,2026-09-25,باز,9000000,,,,2026-09-08T18:22:15
3228478,گونه کلا,2026-09-26,بسته (مشاهده‌شده - دلیل نامشخص),9000000,,,,2026-09-08T18:22:15
3228478,گونه کلا,2026-09-27,باز,9000000,,,,2026-09-08T18:22:15
3228478,گونه کلا,2026-09-28,باز,9000000,,,,2026-09-08T18:22:15
3228478,گونه کلا,2026-09-29,بسته (مشاهده‌شده - دلیل نامشخص),9000000,,,,2026-09-08T18:22:15
3228478,گونه کلا,2026-09-30,بسته (مشاهده‌شده - دلیل نامشخص),13000000,,,بله,2026-09-08T18:22:15
3228478,گونه کلا,2026-10-01,بسته (مشاهده‌شده - دلیل نامشخص),13000000,,,بله,2026-09-08T18:22:15
3228478,گونه کلا,2026-10-02,باز,9000000,,,,2026-09-08T18:22:15
3228478,گونه کلا,2026-10-03,باز,9000000,,,,2026-09-08T18:22:15
3228478,گونه کلا,2026-10-04,باز,9000000,,,,2026-09-08T18:22:15
3228478,گونه کلا,2026-10-05,باز,9000000,,,,2026-09-08T18:22:15
3228478,گونه کلا,2026-10-06,باز,9000000,,,,2026-09-08T18:22:15
3228478,گونه کلا,2026-10-07,باز,13000000,,,بله,2026-09-08T18:22:15
3228478,گونه کلا,2026-10-08,باز,13000000,,,بله,2026-09-08T18:22:15
3228846,لفور,2026-09-08,بسته (مشاهده‌شده - دلیل نامشخص),4000000,,,,2026-09-08T18:22:16
3228846,لفور,2026-09-09,بسته (مشاهده‌شده - دلیل نامشخص),4500000,,,بله,2026-09-08T18:22:16
3228846,لفور,2026-09-10,بسته (مشاهده‌شده - دلیل نامشخص),6000000,,,بله,2026-09-08T18:22:16
3228846,لفور,2026-09-11,بسته (مشاهده‌شده - دلیل نامشخص),4000000,,,,2026-09-08T18:22:16
3228846,لفور,2026-09-12,بسته (مشاهده‌شده - دلیل نامشخص),4000000,,,,2026-09-08T18:22:16
3228846,لفور,2026-09-13,باز,4000000,,,,2026-09-08T18:22:16
3228846,لفور,2026-09-14,بسته (مشاهده‌شده - دلیل نامشخص),4000000,,,,2026-09-08T18:22:16
3228846,لفور,2026-09-15,بسته (مشاهده‌شده - دلیل نامشخص),4000000,,,,2026-09-08T18:22:16
3228846,لفور,2026-09-16,بسته (مشاهده‌شده - دلیل نامشخص),4500000,,,بله,2026-09-08T18:22:16
3228846,لفور,2026-09-17,بسته (مشاهده‌شده - دلیل نامشخص),6000000,,,بله,2026-09-08T18:22:16
3228846,لفور,2026-09-18,باز,4000000,,,,2026-09-08T18:22:16
3228846,لفور,2026-09-19,بسته (مشاهده‌شده - دلیل نامشخص),4000000,,,,2026-09-08T18:22:16
3228846,لفور,2026-09-20,بسته (مشاهده‌شده - دلیل نامشخص),4000000,,,,2026-09-08T18:22:16
3228846,لفور,2026-09-21,باز,4000000,,,,2026-09-08T18:22:16
3228846,لفور,2026-09-22,باز,4000000,,,,2026-09-08T18:22:16
3228846,لفور,2026-09-23,باز,4500000,,,بله,2026-09-08T18:22:16
3228846,لفور,2026-09-24,باز,4500000,,,بله,2026-09-08T18:22:16
3228846,لفور,2026-09-25,باز,3500000,,,,2026-09-08T18:22:16
3228846,لفور,2026-09-26,باز,3500000,,,,2026-09-08T18:22:16
3228846,لفور,2026-09-27,باز,3500000,,,,2026-09-08T18:22:16
3228846,لفور,2026-09-28,باز,3500000,,,,2026-09-08T18:22:16
3228846,لفور,2026-09-29,باز,3500000,,,,2026-09-08T18:22:16
3228846,لفور,2026-09-30,باز,4500000,,,بله,2026-09-08T18:22:16
3228846,لفور,2026-10-01,باز,4500000,,,بله,2026-09-08T18:22:16
3228846,لفور,2026-10-02,باز,3500000,,,,2026-09-08T18:22:16
3228846,لفور,2026-10-03,باز,3500000,,,,2026-09-08T18:22:16
3228846,لفور,2026-10-04,باز,3500000,,,,2026-09-08T18:22:16
3228846,لفور,2026-10-05,باز,3500000,,,,2026-09-08T18:22:16
3228846,لفور,2026-10-06,باز,3500000,,,,2026-09-08T18:22:16
3228846,لفور,2026-10-07,باز,4500000,,,بله,2026-09-08T18:22:16
3228846,لفور,2026-10-08,باز,4500000,,,بله,2026-09-08T18:22:16
3228941,گونه کلا,2026-09-08,بسته (مشاهده‌شده - دلیل نامشخص),2400000,,,,2026-09-08T18:22:18
3228941,گونه کلا,2026-09-09,بسته (مشاهده‌شده - دلیل نامشخص),3000000,,,بله,2026-09-08T18:22:18
3228941,گونه کلا,2026-09-10,بسته (مشاهده‌شده - دلیل نامشخص),4500000,,,بله,2026-09-08T18:22:18
3228941,گونه کلا,2026-09-11,باز,2950000,,,,2026-09-08T18:22:18
3228941,گونه کلا,2026-09-12,باز,2950000,,,,2026-09-08T18:22:18
3228941,گونه کلا,2026-09-13,باز,2950000,,,,2026-09-08T18:22:18
3228941,گونه کلا,2026-09-14,باز,2950000,,,,2026-09-08T18:22:18
3228941,گونه کلا,2026-09-15,باز,3100000,,,,2026-09-08T18:22:18
3228941,گونه کلا,2026-09-16,باز,2850000,,,بله,2026-09-08T18:22:18
3228941,گونه کلا,2026-09-17,باز,4500000,,,بله,2026-09-08T18:22:18
3228941,گونه کلا,2026-09-18,باز,3500000,,,,2026-09-08T18:22:18
3228941,گونه کلا,2026-09-19,باز,3500000,,,,2026-09-08T18:22:18
3228941,گونه کلا,2026-09-20,باز,3500000,,,,2026-09-08T18:22:18
3228941,گونه کلا,2026-09-21,باز,2800000,,,,2026-09-08T18:22:18
3228941,گونه کلا,2026-09-22,باز,2800000,,,,2026-09-08T18:22:18
3228941,گونه کلا,2026-09-23,باز,1600000,,,بله,2026-09-08T18:22:18
3228941,گونه کلا,2026-09-24,باز,3000000,,,بله,2026-09-08T18:22:18
3228941,گونه کلا,2026-09-25,باز,1500000,,,,2026-09-08T18:22:18
3228941,گونه کلا,2026-09-26,باز,1500000,,,,2026-09-08T18:22:18
3228941,گونه کلا,2026-09-27,باز,1500000,,,,2026-09-08T18:22:18
3228941,گونه کلا,2026-09-28,باز,1500000,,,,2026-09-08T18:22:18
3228941,گونه کلا,2026-09-29,باز,1500000,,,,2026-09-08T18:22:18
3228941,گونه کلا,2026-09-30,باز,1500000,,,بله,2026-09-08T18:22:18
3228941,گونه کلا,2026-10-01,باز,3000000,,,بله,2026-09-08T18:22:18
3228941,گونه کلا,2026-10-02,باز,1500000,,,,2026-09-08T18:22:18
3228941,گونه کلا,2026-10-03,باز,1500000,,,,2026-09-08T18:22:18
3228941,گونه کلا,2026-10-04,باز,1500000,,,,2026-09-08T18:22:18
3228941,گونه کلا,2026-10-05,باز,1500000,,,,2026-09-08T18:22:18
3228941,گونه کلا,2026-10-06,باز,1500000,,,,2026-09-08T18:22:18
3228941,گونه کلا,2026-10-07,باز,1500000,,,بله,2026-09-08T18:22:18
3228941,گونه کلا,2026-10-08,باز,3000000,,,بله,2026-09-08T18:22:18
3229028,چهره,2026-09-08,باز,1900000,,,,2026-09-08T18:22:43
3229028,چهره,2026-09-09,باز,3800000,,,بله,2026-09-08T18:22:43
3229028,چهره,2026-09-10,باز,3800000,,,بله,2026-09-08T18:22:43
3229028,چهره,2026-09-11,باز,1900000,,,,2026-09-08T18:22:43
3229028,چهره,2026-09-12,باز,1900000,,,,2026-09-08T18:22:43
3229028,چهره,2026-09-13,باز,1900000,,,,2026-09-08T18:22:43
3229028,چهره,2026-09-14,باز,1900000,,,,2026-09-08T18:22:43
3229028,چهره,2026-09-15,باز,1900000,,,,2026-09-08T18:22:43
3229028,چهره,2026-09-16,باز,3800000,,,بله,2026-09-08T18:22:43
3229028,چهره,2026-09-17,باز,3800000,,,بله,2026-09-08T18:22:43
3229028,چهره,2026-09-18,باز,1900000,,,,2026-09-08T18:22:43
3229028,چهره,2026-09-19,باز,1900000,,,,2026-09-08T18:22:43
3229028,چهره,2026-09-20,باز,1900000,,,,2026-09-08T18:22:43
3229028,چهره,2026-09-21,باز,1900000,,,,2026-09-08T18:22:43
3229028,چهره,2026-09-22,باز,1900000,,,,2026-09-08T18:22:43
3229028,چهره,2026-09-23,باز,1500000,,,بله,2026-09-08T18:22:43
3229028,چهره,2026-09-24,باز,1500000,,,بله,2026-09-08T18:22:43
3229028,چهره,2026-09-25,باز,1200000,,,,2026-09-08T18:22:43
3229028,چهره,2026-09-26,باز,1200000,,,,2026-09-08T18:22:43
3229028,چهره,2026-09-27,باز,1200000,,,,2026-09-08T18:22:43
3229028,چهره,2026-09-28,باز,1200000,,,,2026-09-08T18:22:43
3229028,چهره,2026-09-29,باز,1200000,,,,2026-09-08T18:22:43
3229028,چهره,2026-09-30,باز,1500000,,,بله,2026-09-08T18:22:43
3229028,چهره,2026-10-01,باز,1500000,,,بله,2026-09-08T18:22:43
3229028,چهره,2026-10-02,باز,1200000,,,,2026-09-08T18:22:43
3229028,چهره,2026-10-03,باز,1200000,,,,2026-09-08T18:22:43
3229028,چهره,2026-10-04,باز,1200000,,,,2026-09-08T18:22:43
3229028,چهره,2026-10-05,باز,1200000,,,,2026-09-08T18:22:43
3229028,چهره,2026-10-06,باز,1200000,,,,2026-09-08T18:22:43
3229028,چهره,2026-10-07,باز,1500000,,,بله,2026-09-08T18:22:43
3229028,چهره,2026-10-08,باز,1500000,,,بله,2026-09-08T18:22:43
3229175,لفور,2026-09-08,بسته (مشاهده‌شده - دلیل نامشخص),4893000,,,,2026-09-08T18:22:45
3229175,لفور,2026-09-09,بسته (مشاهده‌شده - دلیل نامشخص),5242500,,,بله,2026-09-08T18:22:45
3229175,لفور,2026-09-10,بسته (مشاهده‌شده - دلیل نامشخص),7572500,,,بله,2026-09-08T18:22:45
3229175,لفور,2026-09-11,بسته (مشاهده‌شده - دلیل نامشخص),5126000,,,,2026-09-08T18:22:45
3229175,لفور,2026-09-12,بسته (مشاهده‌شده - دلیل نامشخص),4893000,,,,2026-09-08T18:22:45
3229175,لفور,2026-09-13,بسته (مشاهده‌شده - دلیل نامشخص),4893000,,,,2026-09-08T18:22:45
3229175,لفور,2026-09-14,باز,6410000,,,,2026-09-08T18:22:45
3229175,لفور,2026-09-15,باز,6410000,,,,2026-09-08T18:22:45
3229175,لفور,2026-09-16,باز,8740000,,,بله,2026-09-08T18:22:45
3229175,لفور,2026-09-17,باز,8740000,,,بله,2026-09-08T18:22:45
3229175,لفور,2026-09-18,باز,6410000,,,,2026-09-08T18:22:45
3229175,لفور,2026-09-19,باز,6410000,,,,2026-09-08T18:22:45
3229175,لفور,2026-09-20,باز,6410000,,,,2026-09-08T18:22:45
3229175,لفور,2026-09-21,باز,6410000,,,,2026-09-08T18:22:45
3229175,لفور,2026-09-22,باز,6410000,,,,2026-09-08T18:22:45
3229175,لفور,2026-09-23,بسته (مشاهده‌شده - دلیل نامشخص),5240000,,,بله,2026-09-08T18:22:45
3229175,لفور,2026-09-24,بسته (مشاهده‌شده - دلیل نامشخص),7572500,,,بله,2026-09-08T18:22:45
3229175,لفور,2026-09-25,باز,4890000,,,,2026-09-08T18:22:45
3229175,لفور,2026-09-26,باز,11650000,,,,2026-09-08T18:22:45
3229175,لفور,2026-09-27,باز,11650000,,,,2026-09-08T18:22:45
3229175,لفور,2026-09-28,باز,11650000,,,,2026-09-08T18:22:45
3229175,لفور,2026-09-29,باز,11650000,,,,2026-09-08T18:22:45
3229175,لفور,2026-09-30,باز,11650000,,,بله,2026-09-08T18:22:45
3229175,لفور,2026-10-01,باز,11650000,,,بله,2026-09-08T18:22:45
3229175,لفور,2026-10-02,باز,11650000,,,,2026-09-08T18:22:45
3229175,لفور,2026-10-03,باز,11650000,,,,2026-09-08T18:22:45
3229175,لفور,2026-10-04,باز,11650000,,,,2026-09-08T18:22:45
3229175,لفور,2026-10-05,باز,11650000,,,,2026-09-08T18:22:45
3229175,لفور,2026-10-06,باز,11650000,,,,2026-09-08T18:22:45
3229175,لفور,2026-10-07,باز,11650000,,,بله,2026-09-08T18:22:45
3229175,لفور,2026-10-08,باز,11650000,,,بله,2026-09-08T18:22:45
3229810,گونه کلا,2026-09-08,بسته (مشاهده‌شده - دلیل نامشخص),4000000,,,,2026-09-08T18:22:49
3229810,گونه کلا,2026-09-09,بسته (مشاهده‌شده - دلیل نامشخص),4500000,,,بله,2026-09-08T18:22:49
3229810,گونه کلا,2026-09-10,بسته (مشاهده‌شده - دلیل نامشخص),6000000,,,بله,2026-09-08T18:22:49
3229810,گونه کلا,2026-09-11,بسته (مشاهده‌شده - دلیل نامشخص),4500000,,,,2026-09-08T18:22:49
3229810,گونه کلا,2026-09-12,بسته (مشاهده‌شده - دلیل نامشخص),4000000,,,,2026-09-08T18:22:49
3229810,گونه کلا,2026-09-13,بسته (مشاهده‌شده - دلیل نامشخص),4000000,,,,2026-09-08T18:22:49
3229810,گونه کلا,2026-09-14,بسته (مشاهده‌شده - دلیل نامشخص),4000000,,,,2026-09-08T18:22:49
3229810,گونه کلا,2026-09-15,بسته (مشاهده‌شده - دلیل نامشخص),4000000,,,,2026-09-08T18:22:49
3229810,گونه کلا,2026-09-16,باز,4500000,,,بله,2026-09-08T18:22:49
3229810,گونه کلا,2026-09-17,باز,8000000,,,بله,2026-09-08T18:22:49
3229810,گونه کلا,2026-09-18,باز,4500000,,,,2026-09-08T18:22:49
3229810,گونه کلا,2026-09-19,باز,4000000,,,,2026-09-08T18:22:49
3229810,گونه کلا,2026-09-20,بسته (مشاهده‌شده - دلیل نامشخص),4000000,,,,2026-09-08T18:22:49
3229810,گونه کلا,2026-09-21,بسته (مشاهده‌شده - دلیل نامشخص),4000000,,,,2026-09-08T18:22:49
3229810,گونه کلا,2026-09-22,بسته (مشاهده‌شده - دلیل نامشخص),4000000,,,,2026-09-08T18:22:49
3229810,گونه کلا,2026-09-23,باز,3700000,,,بله,2026-09-08T18:22:49
3229810,گونه کلا,2026-09-24,باز,5500000,,,بله,2026-09-08T18:22:49
3229810,گونه کلا,2026-09-25,باز,3000000,,,,2026-09-08T18:22:49
3229810,گونه کلا,2026-09-26,باز,3000000,,,,2026-09-08T18:22:49
3229810,گونه کلا,2026-09-27,باز,3000000,,,,2026-09-08T18:22:49
3229810,گونه کلا,2026-09-28,باز,3000000,,,,2026-09-08T18:22:49
3229810,گونه کلا,2026-09-29,باز,3000000,,,,2026-09-08T18:22:49
3229810,گونه کلا,2026-09-30,باز,3700000,,,بله,2026-09-08T18:22:49
3229810,گونه کلا,2026-10-01,باز,5500000,,,بله,2026-09-08T18:22:49
3229810,گونه کلا,2026-10-02,باز,3000000,,,,2026-09-08T18:22:49
3229810,گونه کلا,2026-10-03,باز,3000000,,,,2026-09-08T18:22:49
3229810,گونه کلا,2026-10-04,باز,3000000,,,,2026-09-08T18:22:49
3229810,گونه کلا,2026-10-05,باز,3000000,,,,2026-09-08T18:22:49
3229810,گونه کلا,2026-10-06,باز,3000000,,,,2026-09-08T18:22:49
3229810,گونه کلا,2026-10-07,باز,3700000,,,بله,2026-09-08T18:22:49
3229810,گونه کلا,2026-10-08,باز,5500000,,,بله,2026-09-08T18:22:49
3229822,درازکلا,2026-09-08,بسته (مشاهده‌شده - دلیل نامشخص),2750000,,,,2026-09-08T18:22:51
3229822,درازکلا,2026-09-09,باز,3750000,,,بله,2026-09-08T18:22:51
3229822,درازکلا,2026-09-10,بسته (مشاهده‌شده - دلیل نامشخص),3750000,,,بله,2026-09-08T18:22:51
3229822,درازکلا,2026-09-11,بسته (مشاهده‌شده - دلیل نامشخص),2450000,,,,2026-09-08T18:22:51
3229822,درازکلا,2026-09-12,باز,2750000,,,,2026-09-08T18:22:51
3229822,درازکلا,2026-09-13,باز,2750000,,,,2026-09-08T18:22:51
3229822,درازکلا,2026-09-14,باز,2750000,,,,2026-09-08T18:22:51
3229822,درازکلا,2026-09-15,باز,2750000,,,,2026-09-08T18:22:51
3229822,درازکلا,2026-09-16,باز,3750000,,,بله,2026-09-08T18:22:51
3229822,درازکلا,2026-09-17,باز,3750000,,,بله,2026-09-08T18:22:51
3229822,درازکلا,2026-09-18,باز,2750000,,,,2026-09-08T18:22:51
3229822,درازکلا,2026-09-19,باز,2750000,,,,2026-09-08T18:22:51
3229822,درازکلا,2026-09-20,باز,2750000,,,,2026-09-08T18:22:51
3229822,درازکلا,2026-09-21,باز,2750000,,,,2026-09-08T18:22:51
3229822,درازکلا,2026-09-22,باز,2750000,,,,2026-09-08T18:22:51
3229822,درازکلا,2026-09-23,باز,2000000,,,بله,2026-09-08T18:22:51
3229822,درازکلا,2026-09-24,باز,2000000,,,بله,2026-09-08T18:22:51
3229822,درازکلا,2026-09-25,باز,1500000,,,,2026-09-08T18:22:51
3229822,درازکلا,2026-09-26,باز,1500000,,,,2026-09-08T18:22:51
3229822,درازکلا,2026-09-27,باز,1500000,,,,2026-09-08T18:22:51
3229822,درازکلا,2026-09-28,باز,1500000,,,,2026-09-08T18:22:51
3229822,درازکلا,2026-09-29,باز,1500000,,,,2026-09-08T18:22:51
3229822,درازکلا,2026-09-30,باز,2000000,,,بله,2026-09-08T18:22:51
3229822,درازکلا,2026-10-01,باز,2000000,,,بله,2026-09-08T18:22:51
3229822,درازکلا,2026-10-02,باز,1500000,,,,2026-09-08T18:22:51
3229822,درازکلا,2026-10-03,باز,1500000,,,,2026-09-08T18:22:51
3229822,درازکلا,2026-10-04,باز,1500000,,,,2026-09-08T18:22:51
3229822,درازکلا,2026-10-05,باز,1500000,,,,2026-09-08T18:22:51
3229822,درازکلا,2026-10-06,باز,1500000,,,,2026-09-08T18:22:51
3229822,درازکلا,2026-10-07,باز,2000000,,,بله,2026-09-08T18:22:51
3229822,درازکلا,2026-10-08,باز,2000000,,,بله,2026-09-08T18:22:51
3229848,لفور,2026-09-08,بسته (مشاهده‌شده - دلیل نامشخص),4000000,,,,2026-09-08T18:22:52
3229848,لفور,2026-09-09,باز,5000000,,,بله,2026-09-08T18:22:52
3229848,لفور,2026-09-10,بسته (مشاهده‌شده - دلیل نامشخص),5000000,,,بله,2026-09-08T18:22:52
3229848,لفور,2026-09-11,بسته (مشاهده‌شده - دلیل نامشخص),4000000,,,,2026-09-08T18:22:52
3229848,لفور,2026-09-12,باز,4000000,,,,2026-09-08T18:22:52
3229848,لفور,2026-09-13,باز,4000000,,,,2026-09-08T18:22:52
3229848,لفور,2026-09-14,باز,4000000,,,,2026-09-08T18:22:52
3229848,لفور,2026-09-15,بسته (مشاهده‌شده - دلیل نامشخص),4000000,,,,2026-09-08T18:22:52
3229848,لفور,2026-09-16,بسته (مشاهده‌شده - دلیل نامشخص),5000000,,,بله,2026-09-08T18:22:52
3229848,لفور,2026-09-17,بسته (مشاهده‌شده - دلیل نامشخص),5000000,,,بله,2026-09-08T18:22:52
3229848,لفور,2026-09-18,باز,4000000,,,,2026-09-08T18:22:52
3229848,لفور,2026-09-19,باز,4000000,,,,2026-09-08T18:22:52
3229848,لفور,2026-09-20,باز,4000000,,,,2026-09-08T18:22:52
3229848,لفور,2026-09-21,باز,4000000,,,,2026-09-08T18:22:52
3229848,لفور,2026-09-22,باز,4000000,,,,2026-09-08T18:22:52
3229848,لفور,2026-09-23,باز,4300000,,,بله,2026-09-08T18:22:52
3229848,لفور,2026-09-24,بسته (مشاهده‌شده - دلیل نامشخص),4300000,,,بله,2026-09-08T18:22:52
3229848,لفور,2026-09-25,بسته (مشاهده‌شده - دلیل نامشخص),3500000,,,,2026-09-08T18:22:52
3229848,لفور,2026-09-26,باز,3500000,,,,2026-09-08T18:22:52
3229848,لفور,2026-09-27,باز,3500000,,,,2026-09-08T18:22:52
3229848,لفور,2026-09-28,باز,3500000,,,,2026-09-08T18:22:52
3229848,لفور,2026-09-29,باز,3500000,,,,2026-09-08T18:22:52
3229848,لفور,2026-09-30,باز,4300000,,,بله,2026-09-08T18:22:52
3229848,لفور,2026-10-01,باز,4300000,,,بله,2026-09-08T18:22:52
3229848,لفور,2026-10-02,باز,3500000,,,,2026-09-08T18:22:52
3229848,لفور,2026-10-03,باز,3500000,,,,2026-09-08T18:22:52
3229848,لفور,2026-10-04,باز,3500000,,,,2026-09-08T18:22:52
3229848,لفور,2026-10-05,باز,3500000,,,,2026-09-08T18:22:52
3229848,لفور,2026-10-06,باز,3500000,,,,2026-09-08T18:22:52
3229848,لفور,2026-10-07,باز,4300000,,,بله,2026-09-08T18:22:52
3229848,لفور,2026-10-08,باز,4300000,,,بله,2026-09-08T18:22:52
3230009,کاردرکلا,2026-09-08,بسته (مشاهده‌شده - دلیل نامشخص),4200000,10,,,2026-09-08T18:22:55
3230009,کاردرکلا,2026-09-09,بسته (مشاهده‌شده - دلیل نامشخص),5200000,,,بله,2026-09-08T18:22:55
3230009,کاردرکلا,2026-09-10,بسته (مشاهده‌شده - دلیل نامشخص),5200000,,,بله,2026-09-08T18:22:55
3230009,کاردرکلا,2026-09-11,باز,4000000,,,,2026-09-08T18:22:55
3230009,کاردرکلا,2026-09-12,بسته (مشاهده‌شده - دلیل نامشخص),4200000,,,,2026-09-08T18:22:55
3230009,کاردرکلا,2026-09-13,باز,4200000,,,,2026-09-08T18:22:55
3230009,کاردرکلا,2026-09-14,باز,4200000,,,,2026-09-08T18:22:55
3230009,کاردرکلا,2026-09-15,باز,4200000,,,,2026-09-08T18:22:55
3230009,کاردرکلا,2026-09-16,باز,5200000,,,بله,2026-09-08T18:22:55
3230009,کاردرکلا,2026-09-17,بسته (مشاهده‌شده - دلیل نامشخص),5200000,,,بله,2026-09-08T18:22:55
3230009,کاردرکلا,2026-09-18,بسته (مشاهده‌شده - دلیل نامشخص),4000000,,,,2026-09-08T18:22:55
3230009,کاردرکلا,2026-09-19,بسته (مشاهده‌شده - دلیل نامشخص),4200000,,,,2026-09-08T18:22:55
3230009,کاردرکلا,2026-09-20,باز,4200000,,,,2026-09-08T18:22:55
3230009,کاردرکلا,2026-09-21,باز,4200000,,,,2026-09-08T18:22:55
3230009,کاردرکلا,2026-09-22,باز,4200000,,,,2026-09-08T18:22:55
3230009,کاردرکلا,2026-09-23,باز,5500000,,,بله,2026-09-08T18:22:55
3230009,کاردرکلا,2026-09-24,باز,5500000,,,بله,2026-09-08T18:22:55
3230009,کاردرکلا,2026-09-25,باز,4200000,,,,2026-09-08T18:22:55
3230009,کاردرکلا,2026-09-26,باز,4200000,,,,2026-09-08T18:22:55
3230009,کاردرکلا,2026-09-27,باز,4200000,,,,2026-09-08T18:22:55
3230009,کاردرکلا,2026-09-28,باز,4200000,,,,2026-09-08T18:22:55
3230009,کاردرکلا,2026-09-29,باز,4200000,,,,2026-09-08T18:22:55
3230009,کاردرکلا,2026-09-30,باز,5500000,,,بله,2026-09-08T18:22:55
3230009,کاردرکلا,2026-10-01,باز,5500000,,,بله,2026-09-08T18:22:55
3230009,کاردرکلا,2026-10-02,باز,4200000,,,,2026-09-08T18:22:55
3230009,کاردرکلا,2026-10-03,باز,4200000,,,,2026-09-08T18:22:55
3230009,کاردرکلا,2026-10-04,باز,4200000,,,,2026-09-08T18:22:55
3230009,کاردرکلا,2026-10-05,باز,4200000,,,,2026-09-08T18:22:55
3230009,کاردرکلا,2026-10-06,باز,4200000,,,,2026-09-08T18:22:55
3230009,کاردرکلا,2026-10-07,باز,5500000,,,بله,2026-09-08T18:22:55
3230009,کاردرکلا,2026-10-08,باز,5500000,,,بله,2026-09-08T18:22:55
3230201,چهره,2026-09-08,بسته (مشاهده‌شده - دلیل نامشخص),1700000,,,,2026-09-08T18:22:58
3230201,چهره,2026-09-09,بسته (مشاهده‌شده - دلیل نامشخص),2600000,,,بله,2026-09-08T18:22:58
3230201,چهره,2026-09-10,بسته (مشاهده‌شده - دلیل نامشخص),2600000,,,بله,2026-09-08T18:22:58
3230201,چهره,2026-09-11,بسته (مشاهده‌شده - دلیل نامشخص),1700000,,,,2026-09-08T18:22:58
3230201,چهره,2026-09-12,بسته (مشاهده‌شده - دلیل نامشخص),1700000,,,,2026-09-08T18:22:58
3230201,چهره,2026-09-13,باز,1700000,,,,2026-09-08T18:22:58
3230201,چهره,2026-09-14,باز,1700000,,,,2026-09-08T18:22:58
3230201,چهره,2026-09-15,باز,1700000,,,,2026-09-08T18:22:58
3230201,چهره,2026-09-16,باز,2600000,,,بله,2026-09-08T18:22:58
3230201,چهره,2026-09-17,باز,2600000,,,بله,2026-09-08T18:22:58
3230201,چهره,2026-09-18,باز,1700000,,,,2026-09-08T18:22:58
3230201,چهره,2026-09-19,باز,1700000,,,,2026-09-08T18:22:58
3230201,چهره,2026-09-20,باز,1700000,,,,2026-09-08T18:22:58
3230201,چهره,2026-09-21,باز,1700000,,,,2026-09-08T18:22:58
3230201,چهره,2026-09-22,باز,1700000,,,,2026-09-08T18:22:58
3230201,چهره,2026-09-23,باز,1750000,,,بله,2026-09-08T18:22:58
3230201,چهره,2026-09-24,باز,1750000,,,بله,2026-09-08T18:22:58
3230201,چهره,2026-09-25,باز,1000000,,,,2026-09-08T18:22:58
3230201,چهره,2026-09-26,باز,1000000,,,,2026-09-08T18:22:58
3230201,چهره,2026-09-27,باز,1000000,,,,2026-09-08T18:22:58
3230201,چهره,2026-09-28,باز,1000000,,,,2026-09-08T18:22:58
3230201,چهره,2026-09-29,باز,1000000,,,,2026-09-08T18:22:58
3230201,چهره,2026-09-30,باز,1750000,,,بله,2026-09-08T18:22:58
3230201,چهره,2026-10-01,باز,1750000,,,بله,2026-09-08T18:22:58
3230201,چهره,2026-10-02,باز,1000000,,,,2026-09-08T18:22:58
3230201,چهره,2026-10-03,باز,1000000,,,,2026-09-08T18:22:58
3230201,چهره,2026-10-04,باز,1000000,,,,2026-09-08T18:22:58
3230201,چهره,2026-10-05,باز,1000000,,,,2026-09-08T18:22:58
3230201,چهره,2026-10-06,باز,1000000,,,,2026-09-08T18:22:58
3230201,چهره,2026-10-07,باز,1750000,,,بله,2026-09-08T18:22:58
3230201,چهره,2026-10-08,باز,1750000,,,بله,2026-09-08T18:22:58
3230204,چهره,2026-09-08,بسته (مشاهده‌شده - دلیل نامشخص),1800000,,,,2026-09-08T18:23:23
3230204,چهره,2026-09-09,بسته (مشاهده‌شده - دلیل نامشخص),2600000,,,,2026-09-08T18:23:23
3230204,چهره,2026-09-10,بسته (مشاهده‌شده - دلیل نامشخص),2800000,,,بله,2026-09-08T18:23:23
3230204,چهره,2026-09-11,بسته (مشاهده‌شده - دلیل نامشخص),1800000,,,بله,2026-09-08T18:23:23
3230204,چهره,2026-09-12,بسته (مشاهده‌شده - دلیل نامشخص),1800000,,,,2026-09-08T18:23:23
3230204,چهره,2026-09-13,باز,1800000,,,,2026-09-08T18:23:23
3230204,چهره,2026-09-14,بسته (مشاهده‌شده - دلیل نامشخص),1800000,,,,2026-09-08T18:23:23
3230204,چهره,2026-09-15,باز,1800000,,,,2026-09-08T18:23:23
3230204,چهره,2026-09-16,باز,2600000,,,,2026-09-08T18:23:23
3230204,چهره,2026-09-17,باز,2800000,,,بله,2026-09-08T18:23:23
3230204,چهره,2026-09-18,باز,1800000,,,بله,2026-09-08T18:23:23
3230204,چهره,2026-09-19,باز,1800000,,,,2026-09-08T18:23:23
3230204,چهره,2026-09-20,باز,1800000,,,,2026-09-08T18:23:23
3230204,چهره,2026-09-21,باز,1800000,,,,2026-09-08T18:23:23
3230204,چهره,2026-09-22,باز,1800000,,,,2026-09-08T18:23:23
3230204,چهره,2026-09-23,باز,1000000,,,,2026-09-08T18:23:23
3230204,چهره,2026-09-24,باز,1750000,,,بله,2026-09-08T18:23:23
3230204,چهره,2026-09-25,باز,1750000,,,بله,2026-09-08T18:23:23
3230204,چهره,2026-09-26,باز,1000000,,,,2026-09-08T18:23:23
3230204,چهره,2026-09-27,باز,1000000,,,,2026-09-08T18:23:23
3230204,چهره,2026-09-28,باز,1000000,,,,2026-09-08T18:23:23
3230204,چهره,2026-09-29,باز,1000000,,,,2026-09-08T18:23:23
3230204,چهره,2026-09-30,باز,1000000,,,,2026-09-08T18:23:23
3230204,چهره,2026-10-01,باز,1750000,,,بله,2026-09-08T18:23:23
3230204,چهره,2026-10-02,باز,1750000,,,بله,2026-09-08T18:23:23
3230204,چهره,2026-10-03,باز,1000000,,,,2026-09-08T18:23:23
3230204,چهره,2026-10-04,باز,1000000,,,,2026-09-08T18:23:23
3230204,چهره,2026-10-05,باز,1000000,,,,2026-09-08T18:23:23
3230204,چهره,2026-10-06,باز,1000000,,,,2026-09-08T18:23:23
3230204,چهره,2026-10-07,باز,1000000,,,,2026-09-08T18:23:23
3230204,چهره,2026-10-08,باز,1750000,,,بله,2026-09-08T18:23:23
3230419,رئیس کلا,2026-09-08,بسته (مشاهده‌شده - دلیل نامشخص),2150000,,,,2026-09-08T18:23:35
3230419,رئیس کلا,2026-09-09,بسته (مشاهده‌شده - دلیل نامشخص),2550000,,,بله,2026-09-08T18:23:35
3230419,رئیس کلا,2026-09-10,بسته (مشاهده‌شده - دلیل نامشخص),2550000,,,بله,2026-09-08T18:23:35
3230419,رئیس کلا,2026-09-11,بسته (مشاهده‌شده - دلیل نامشخص),2150000,,,,2026-09-08T18:23:35
3230419,رئیس کلا,2026-09-12,باز,2150000,,,,2026-09-08T18:23:35
3230419,رئیس کلا,2026-09-13,باز,2150000,,,,2026-09-08T18:23:35
3230419,رئیس کلا,2026-09-14,باز,2150000,,,,2026-09-08T18:23:35
3230419,رئیس کلا,2026-09-15,باز,2150000,,,,2026-09-08T18:23:35
3230419,رئیس کلا,2026-09-16,باز,2550000,,,بله,2026-09-08T18:23:35
3230419,رئیس کلا,2026-09-17,بسته (مشاهده‌شده - دلیل نامشخص),2600000,,,بله,2026-09-08T18:23:35
3230419,رئیس کلا,2026-09-18,بسته (مشاهده‌شده - دلیل نامشخص),2150000,,,,2026-09-08T18:23:35
3230419,رئیس کلا,2026-09-19,بسته (مشاهده‌شده - دلیل نامشخص),2150000,,,,2026-09-08T18:23:35
3230419,رئیس کلا,2026-09-20,باز,2150000,,,,2026-09-08T18:23:35
3230419,رئیس کلا,2026-09-21,باز,2150000,,,,2026-09-08T18:23:35
3230419,رئیس کلا,2026-09-22,باز,2150000,,,,2026-09-08T18:23:35
3230419,رئیس کلا,2026-09-23,باز,2400000,,,بله,2026-09-08T18:23:35
3230419,رئیس کلا,2026-09-24,باز,2400000,,,بله,2026-09-08T18:23:35
3230419,رئیس کلا,2026-09-25,باز,2000000,,,,2026-09-08T18:23:35
3230419,رئیس کلا,2026-09-26,باز,2000000,,,,2026-09-08T18:23:35
3230419,رئیس کلا,2026-09-27,باز,2000000,,,,2026-09-08T18:23:35
3230419,رئیس کلا,2026-09-28,باز,2000000,,,,2026-09-08T18:23:35
3230419,رئیس کلا,2026-09-29,باز,2000000,,,,2026-09-08T18:23:35
3230419,رئیس کلا,2026-09-30,باز,2400000,,,بله,2026-09-08T18:23:35
3230419,رئیس کلا,2026-10-01,باز,2400000,,,بله,2026-09-08T18:23:35
3230419,رئیس کلا,2026-10-02,باز,2000000,,,,2026-09-08T18:23:35
3230419,رئیس کلا,2026-10-03,باز,2000000,,,,2026-09-08T18:23:35
3230419,رئیس کلا,2026-10-04,باز,2000000,,,,2026-09-08T18:23:35
3230419,رئیس کلا,2026-10-05,باز,2000000,,,,2026-09-08T18:23:35
3230419,رئیس کلا,2026-10-06,باز,2000000,,,,2026-09-08T18:23:35
3230419,رئیس کلا,2026-10-07,باز,2400000,,,بله,2026-09-08T18:23:35
3230419,رئیس کلا,2026-10-08,باز,2400000,,,بله,2026-09-08T18:23:35
3232243,بابلکنار,2026-09-08,باز,1200000,,,,2026-09-08T18:23:40
3232243,بابلکنار,2026-09-09,بسته (مشاهده‌شده - دلیل نامشخص),1300000,,,بله,2026-09-08T18:23:40
3232243,بابلکنار,2026-09-10,بسته (مشاهده‌شده - دلیل نامشخص),1800000,,,بله,2026-09-08T18:23:40
3232243,بابلکنار,2026-09-11,بسته (مشاهده‌شده - دلیل نامشخص),1600000,,,,2026-09-08T18:23:40
3232243,بابلکنار,2026-09-12,بسته (مشاهده‌شده - دلیل نامشخص),1600000,,,,2026-09-08T18:23:40
3232243,بابلکنار,2026-09-13,بسته (مشاهده‌شده - دلیل نامشخص),1600000,,,,2026-09-08T18:23:40
3232243,بابلکنار,2026-09-14,بسته (مشاهده‌شده - دلیل نامشخص),1600000,,,,2026-09-08T18:23:40
3232243,بابلکنار,2026-09-15,بسته (مشاهده‌شده - دلیل نامشخص),1600000,,,,2026-09-08T18:23:40
3232243,بابلکنار,2026-09-16,باز,1800000,,,بله,2026-09-08T18:23:40
3232243,بابلکنار,2026-09-17,باز,1800000,,,بله,2026-09-08T18:23:40
3232243,بابلکنار,2026-09-18,باز,1600000,,,,2026-09-08T18:23:40
3232243,بابلکنار,2026-09-19,باز,1600000,,,,2026-09-08T18:23:40
3232243,بابلکنار,2026-09-20,باز,1600000,,,,2026-09-08T18:23:40
3232243,بابلکنار,2026-09-21,باز,1600000,,,,2026-09-08T18:23:40
3232243,بابلکنار,2026-09-22,باز,1600000,,,,2026-09-08T18:23:40
3232243,بابلکنار,2026-09-23,باز,1800000,,,بله,2026-09-08T18:23:40
3232243,بابلکنار,2026-09-24,بسته (مشاهده‌شده - دلیل نامشخص),1400000,,,بله,2026-09-08T18:23:40
3232243,بابلکنار,2026-09-25,بسته (مشاهده‌شده - دلیل نامشخص),1200000,,,,2026-09-08T18:23:40
3232243,بابلکنار,2026-09-26,بسته (مشاهده‌شده - دلیل نامشخص),1200000,,,,2026-09-08T18:23:40
3232243,بابلکنار,2026-09-27,باز,1600000,,,,2026-09-08T18:23:40
3232243,بابلکنار,2026-09-28,باز,1600000,,,,2026-09-08T18:23:40
3232243,بابلکنار,2026-09-29,باز,1600000,,,,2026-09-08T18:23:40
3232243,بابلکنار,2026-09-30,باز,1800000,,,بله,2026-09-08T18:23:40
3232243,بابلکنار,2026-10-01,باز,1800000,,,بله,2026-09-08T18:23:40
3232243,بابلکنار,2026-10-02,باز,1600000,,,,2026-09-08T18:23:40
3232243,بابلکنار,2026-10-03,باز,1600000,,,,2026-09-08T18:23:40
3232243,بابلکنار,2026-10-04,باز,1600000,,,,2026-09-08T18:23:40
3232243,بابلکنار,2026-10-05,باز,1600000,,,,2026-09-08T18:23:40
3232243,بابلکنار,2026-10-06,باز,1600000,,,,2026-09-08T18:23:40
3232243,بابلکنار,2026-10-07,باز,1800000,,,بله,2026-09-08T18:23:40
3232243,بابلکنار,2026-10-08,باز,1800000,,,بله,2026-09-08T18:23:40
3232417,کاردرکلا,2026-09-08,باز,3000000,,,,2026-09-08T18:23:43
3232417,کاردرکلا,2026-09-09,باز,3000000,,,بله,2026-09-08T18:23:43
3232417,کاردرکلا,2026-09-10,باز,4000000,,,بله,2026-09-08T18:23:43
3232417,کاردرکلا,2026-09-11,باز,3000000,,,,2026-09-08T18:23:43
3232417,کاردرکلا,2026-09-12,باز,3000000,,,,2026-09-08T18:23:43
3232417,کاردرکلا,2026-09-13,باز,3000000,,,,2026-09-08T18:23:43
3232417,کاردرکلا,2026-09-14,باز,3000000,,,,2026-09-08T18:23:43
3232417,کاردرکلا,2026-09-15,باز,3000000,,,,2026-09-08T18:23:43
3232417,کاردرکلا,2026-09-16,باز,3500000,,,بله,2026-09-08T18:23:43
3232417,کاردرکلا,2026-09-17,باز,4000000,,,بله,2026-09-08T18:23:43
3232417,کاردرکلا,2026-09-18,باز,3000000,,,,2026-09-08T18:23:43
3232417,کاردرکلا,2026-09-19,باز,3000000,,,,2026-09-08T18:23:43
3232417,کاردرکلا,2026-09-20,باز,3000000,,,,2026-09-08T18:23:43
3232417,کاردرکلا,2026-09-21,باز,3000000,,,,2026-09-08T18:23:43
3232417,کاردرکلا,2026-09-22,باز,3000000,,,,2026-09-08T18:23:43
3232417,کاردرکلا,2026-09-23,باز,2500000,,,بله,2026-09-08T18:23:43
3232417,کاردرکلا,2026-09-24,باز,2500000,,,بله,2026-09-08T18:23:43
3232417,کاردرکلا,2026-09-25,باز,2000000,,,,2026-09-08T18:23:43
3232417,کاردرکلا,2026-09-26,باز,2000000,,,,2026-09-08T18:23:43
3232417,کاردرکلا,2026-09-27,باز,2000000,,,,2026-09-08T18:23:43
3232417,کاردرکلا,2026-09-28,باز,2000000,,,,2026-09-08T18:23:43
3232417,کاردرکلا,2026-09-29,باز,2000000,,,,2026-09-08T18:23:43
3232417,کاردرکلا,2026-09-30,باز,2500000,,,بله,2026-09-08T18:23:43
3232417,کاردرکلا,2026-10-01,باز,2500000,,,بله,2026-09-08T18:23:43
3232417,کاردرکلا,2026-10-02,باز,2000000,,,,2026-09-08T18:23:43
3232417,کاردرکلا,2026-10-03,باز,2000000,,,,2026-09-08T18:23:43
3232417,کاردرکلا,2026-10-04,باز,2000000,,,,2026-09-08T18:23:43
3232417,کاردرکلا,2026-10-05,باز,2000000,,,,2026-09-08T18:23:43
3232417,کاردرکلا,2026-10-06,باز,2000000,,,,2026-09-08T18:23:43
3232417,کاردرکلا,2026-10-07,باز,2500000,,,بله,2026-09-08T18:23:43
3232417,کاردرکلا,2026-10-08,باز,2500000,,,بله,2026-09-08T18:23:43
3232477,لفور,2026-09-08,بسته (مشاهده‌شده - دلیل نامشخص),2990000,,,,2026-09-08T18:23:47
3232477,لفور,2026-09-09,باز,4500000,,,بله,2026-09-08T18:23:47
3232477,لفور,2026-09-10,باز,5500000,,,بله,2026-09-08T18:23:47
3232477,لفور,2026-09-11,بسته (مشاهده‌شده - دلیل نامشخص),2990000,,,,2026-09-08T18:23:47
3232477,لفور,2026-09-12,بسته (مشاهده‌شده - دلیل نامشخص),2990000,,,,2026-09-08T18:23:47
3232477,لفور,2026-09-13,بسته (مشاهده‌شده - دلیل نامشخص),2990000,,,,2026-09-08T18:23:47
3232477,لفور,2026-09-14,بسته (مشاهده‌شده - دلیل نامشخص),2990000,,,,2026-09-08T18:23:47
3232477,لفور,2026-09-15,باز,2990000,,,,2026-09-08T18:23:47
3232477,لفور,2026-09-16,باز,4500000,,,بله,2026-09-08T18:23:47
3232477,لفور,2026-09-17,باز,5500000,,,بله,2026-09-08T18:23:47
3232477,لفور,2026-09-18,باز,2990000,,,,2026-09-08T18:23:47
3232477,لفور,2026-09-19,باز,2990000,,,,2026-09-08T18:23:47
3232477,لفور,2026-09-20,باز,2990000,,,,2026-09-08T18:23:47
3232477,لفور,2026-09-21,باز,2990000,,,,2026-09-08T18:23:47
3232477,لفور,2026-09-22,باز,2990000,,,,2026-09-08T18:23:47
3232477,لفور,2026-09-23,باز,4500000,,,بله,2026-09-08T18:23:47
3232477,لفور,2026-09-24,باز,4500000,,,بله,2026-09-08T18:23:47
3232477,لفور,2026-09-25,باز,2500000,,,,2026-09-08T18:23:47
3232477,لفور,2026-09-26,بسته (مشاهده‌شده - دلیل نامشخص),2500000,,,,2026-09-08T18:23:47
3232477,لفور,2026-09-27,بسته (مشاهده‌شده - دلیل نامشخص),2500000,,,,2026-09-08T18:23:47
3232477,لفور,2026-09-28,بسته (مشاهده‌شده - دلیل نامشخص),2500000,,,,2026-09-08T18:23:47
3232477,لفور,2026-09-29,باز,2500000,,,,2026-09-08T18:23:47
3232477,لفور,2026-09-30,باز,4500000,,,بله,2026-09-08T18:23:47
3232477,لفور,2026-10-01,باز,4500000,,,بله,2026-09-08T18:23:47
3232477,لفور,2026-10-02,باز,2500000,,,,2026-09-08T18:23:47
3232477,لفور,2026-10-03,باز,2500000,,,,2026-09-08T18:23:47
3232477,لفور,2026-10-04,باز,2500000,,,,2026-09-08T18:23:47
3232477,لفور,2026-10-05,باز,2500000,,,,2026-09-08T18:23:47
3232477,لفور,2026-10-06,باز,2500000,,,,2026-09-08T18:23:47
3232477,لفور,2026-10-07,باز,4500000,,,بله,2026-09-08T18:23:47
3232477,لفور,2026-10-08,باز,4500000,,,بله,2026-09-08T18:23:47
3232686,لفور,2026-09-08,بسته (مشاهده‌شده - دلیل نامشخص),4999000,,,,2026-09-08T18:24:11
3232686,لفور,2026-09-09,بسته (مشاهده‌شده - دلیل نامشخص),5799000,,,بله,2026-09-08T18:24:11
3232686,لفور,2026-09-10,بسته (مشاهده‌شده - دلیل نامشخص),7750000,,,بله,2026-09-08T18:24:11
3232686,لفور,2026-09-11,بسته (مشاهده‌شده - دلیل نامشخص),4999000,,,,2026-09-08T18:24:11
3232686,لفور,2026-09-12,باز,4999000,,,,2026-09-08T18:24:11
3232686,لفور,2026-09-13,باز,4999000,,,,2026-09-08T18:24:11
3232686,لفور,2026-09-14,باز,4999000,,,,2026-09-08T18:24:11
3232686,لفور,2026-09-15,باز,4999000,,,,2026-09-08T18:24:11
3232686,لفور,2026-09-16,باز,5799000,,,بله,2026-09-08T18:24:11
3232686,لفور,2026-09-17,باز,7790000,,,بله,2026-09-08T18:24:11
3232686,لفور,2026-09-18,باز,4999000,,,,2026-09-08T18:24:11
3232686,لفور,2026-09-19,بسته (مشاهده‌شده - دلیل نامشخص),4999000,,,,2026-09-08T18:24:11
3232686,لفور,2026-09-20,بسته (مشاهده‌شده - دلیل نامشخص),4999000,,,,2026-09-08T18:24:11
3232686,لفور,2026-09-21,باز,5355000,,,,2026-09-08T18:24:11
3232686,لفور,2026-09-22,باز,5355000,,,,2026-09-08T18:24:11
3232686,لفور,2026-09-23,باز,5799000,,,بله,2026-09-08T18:24:11
3232686,لفور,2026-09-24,باز,7790000,,,بله,2026-09-08T18:24:11
3232686,لفور,2026-09-25,باز,4999000,,,,2026-09-08T18:24:11
3232686,لفور,2026-09-26,باز,4999000,,,,2026-09-08T18:24:11
3232686,لفور,2026-09-27,باز,4999000,,,,2026-09-08T18:24:11
3232686,لفور,2026-09-28,باز,4999000,,,,2026-09-08T18:24:11
3232686,لفور,2026-09-29,باز,5299000,,,,2026-09-08T18:24:11
3232686,لفور,2026-09-30,باز,5599000,,,بله,2026-09-08T18:24:11
3232686,لفور,2026-10-01,باز,6299000,,,بله,2026-09-08T18:24:11
3232686,لفور,2026-10-02,باز,4999000,,,,2026-09-08T18:24:11
3232686,لفور,2026-10-03,باز,4999000,,,,2026-09-08T18:24:11
3232686,لفور,2026-10-04,باز,4999000,,,,2026-09-08T18:24:11
3232686,لفور,2026-10-05,باز,4999000,,,,2026-09-08T18:24:11
3232686,لفور,2026-10-06,باز,5299000,,,,2026-09-08T18:24:11
3232686,لفور,2026-10-07,باز,5599000,,,بله,2026-09-08T18:24:11
3232686,لفور,2026-10-08,باز,5990000,,,بله,2026-09-08T18:24:11
3232777,لفور,2026-09-08,بسته (مشاهده‌شده - دلیل نامشخص),3990000,,,,2026-09-08T18:24:13
3232777,لفور,2026-09-09,بسته (مشاهده‌شده - دلیل نامشخص),4390000,,,بله,2026-09-08T18:24:13
3232777,لفور,2026-09-10,بسته (مشاهده‌شده - دلیل نامشخص),5390000,,,بله,2026-09-08T18:24:13
3232777,لفور,2026-09-11,بسته (مشاهده‌شده - دلیل نامشخص),3990000,,,,2026-09-08T18:24:13
3232777,لفور,2026-09-12,بسته (مشاهده‌شده - دلیل نامشخص),3990000,,,,2026-09-08T18:24:13
3232777,لفور,2026-09-13,بسته (مشاهده‌شده - دلیل نامشخص),3990000,,,,2026-09-08T18:24:13
3232777,لفور,2026-09-14,بسته (مشاهده‌شده - دلیل نامشخص),3990000,,,,2026-09-08T18:24:13
3232777,لفور,2026-09-15,بسته (مشاهده‌شده - دلیل نامشخص),3990000,,,,2026-09-08T18:24:13
3232777,لفور,2026-09-16,بسته (مشاهده‌شده - دلیل نامشخص),4390000,,,بله,2026-09-08T18:24:13
3232777,لفور,2026-09-17,باز,5390000,,,بله,2026-09-08T18:24:13
3232777,لفور,2026-09-18,بسته (مشاهده‌شده - دلیل نامشخص),3990000,,,,2026-09-08T18:24:13
3232777,لفور,2026-09-19,بسته (مشاهده‌شده - دلیل نامشخص),3990000,,,,2026-09-08T18:24:13
3232777,لفور,2026-09-20,باز,3990000,,,,2026-09-08T18:24:13
3232777,لفور,2026-09-21,باز,3990000,,,,2026-09-08T18:24:13
3232777,لفور,2026-09-22,بسته (مشاهده‌شده - دلیل نامشخص),3990000,,,,2026-09-08T18:24:13
3232777,لفور,2026-09-23,باز,4390000,,,بله,2026-09-08T18:24:13
3232777,لفور,2026-09-24,باز,5390000,,,بله,2026-09-08T18:24:13
3232777,لفور,2026-09-25,باز,3990000,,,,2026-09-08T18:24:13
3232777,لفور,2026-09-26,باز,3990000,,,,2026-09-08T18:24:13
3232777,لفور,2026-09-27,باز,3990000,,,,2026-09-08T18:24:13
3232777,لفور,2026-09-28,بسته (مشاهده‌شده - دلیل نامشخص),3990000,,,,2026-09-08T18:24:13
3232777,لفور,2026-09-29,بسته (مشاهده‌شده - دلیل نامشخص),3990000,,,,2026-09-08T18:24:13
3232777,لفور,2026-09-30,بسته (مشاهده‌شده - دلیل نامشخص),4390000,,,بله,2026-09-08T18:24:13
3232777,لفور,2026-10-01,بسته (مشاهده‌شده - دلیل نامشخص),5390000,,,بله,2026-09-08T18:24:13
3232777,لفور,2026-10-02,باز,3990000,,,,2026-09-08T18:24:13
3232777,لفور,2026-10-03,باز,3990000,,,,2026-09-08T18:24:13
3232777,لفور,2026-10-04,باز,3990000,,,,2026-09-08T18:24:13
3232777,لفور,2026-10-05,باز,3990000,,,,2026-09-08T18:24:13
3232777,لفور,2026-10-06,باز,3990000,,,,2026-09-08T18:24:13
3232777,لفور,2026-10-07,باز,4390000,,,بله,2026-09-08T18:24:13
3232777,لفور,2026-10-08,باز,5390000,,,بله,2026-09-08T18:24:13
3232801,لفور,2026-09-08,بسته (مشاهده‌شده - دلیل نامشخص),2950000,,,,2026-09-08T18:24:15
3232801,لفور,2026-09-09,بسته (مشاهده‌شده - دلیل نامشخص),4150000,,,بله,2026-09-08T18:24:15
3232801,لفور,2026-09-10,باز,5150000,,,بله,2026-09-08T18:24:15
3232801,لفور,2026-09-11,باز,3250000,10,,,2026-09-08T18:24:15
3232801,لفور,2026-09-12,باز,3250000,10,,,2026-09-08T18:24:15
3232801,لفور,2026-09-13,بسته (مشاهده‌شده - دلیل نامشخص),3250000,,,,2026-09-08T18:24:15
3232801,لفور,2026-09-14,بسته (مشاهده‌شده - دلیل نامشخص),3250000,,,,2026-09-08T18:24:15
3232801,لفور,2026-09-15,بسته (مشاهده‌شده - دلیل نامشخص),3250000,,,,2026-09-08T18:24:15
3232801,لفور,2026-09-16,باز,4150000,,,بله,2026-09-08T18:24:15
3232801,لفور,2026-09-17,باز,5550000,,,بله,2026-09-08T18:24:15
3232801,لفور,2026-09-18,باز,3250000,,,,2026-09-08T18:24:15
3232801,لفور,2026-09-19,باز,3250000,,,,2026-09-08T18:24:15
3232801,لفور,2026-09-20,باز,3250000,,,,2026-09-08T18:24:15
3232801,لفور,2026-09-21,باز,3250000,,,,2026-09-08T18:24:15
3232801,لفور,2026-09-22,باز,3250000,,,,2026-09-08T18:24:15
3232801,لفور,2026-09-23,باز,3150000,,,بله,2026-09-08T18:24:15
3232801,لفور,2026-09-24,باز,4150000,,,بله,2026-09-08T18:24:15
3232801,لفور,2026-09-25,باز,2550000,,,,2026-09-08T18:24:15
3232801,لفور,2026-09-26,باز,2550000,,,,2026-09-08T18:24:15
3232801,لفور,2026-09-27,باز,2550000,,,,2026-09-08T18:24:15
3232801,لفور,2026-09-28,باز,2550000,,,,2026-09-08T18:24:15
3232801,لفور,2026-09-29,باز,2550000,,,,2026-09-08T18:24:15
3232801,لفور,2026-09-30,باز,3150000,,,بله,2026-09-08T18:24:15
3232801,لفور,2026-10-01,باز,4150000,,,بله,2026-09-08T18:24:15
3232801,لفور,2026-10-02,باز,2550000,,,,2026-09-08T18:24:15
3232801,لفور,2026-10-03,باز,2550000,,,,2026-09-08T18:24:15
3232801,لفور,2026-10-04,باز,2550000,,,,2026-09-08T18:24:15
3232801,لفور,2026-10-05,باز,2550000,,,,2026-09-08T18:24:15
3232801,لفور,2026-10-06,باز,2550000,,,,2026-09-08T18:24:15
3232801,لفور,2026-10-07,باز,3150000,,,بله,2026-09-08T18:24:15
3232801,لفور,2026-10-08,باز,4150000,,,بله,2026-09-08T18:24:15
3232910,لفور,2026-09-08,بسته (مشاهده‌شده - دلیل نامشخص),3890000,,,,2026-09-08T18:24:18
3232910,لفور,2026-09-09,بسته (مشاهده‌شده - دلیل نامشخص),3990000,,,بله,2026-09-08T18:24:18
3232910,لفور,2026-09-10,بسته (مشاهده‌شده - دلیل نامشخص),4990000,,,بله,2026-09-08T18:24:18
3232910,لفور,2026-09-11,بسته (مشاهده‌شده - دلیل نامشخص),3890000,,,,2026-09-08T18:24:18
3232910,لفور,2026-09-12,بسته (مشاهده‌شده - دلیل نامشخص),3890000,,,,2026-09-08T18:24:18
3232910,لفور,2026-09-13,بسته (مشاهده‌شده - دلیل نامشخص),3890000,,,,2026-09-08T18:24:18
3232910,لفور,2026-09-14,بسته (مشاهده‌شده - دلیل نامشخص),3890000,,,,2026-09-08T18:24:18
3232910,لفور,2026-09-15,بسته (مشاهده‌شده - دلیل نامشخص),3890000,,,,2026-09-08T18:24:18
3232910,لفور,2026-09-16,بسته (مشاهده‌شده - دلیل نامشخص),3990000,,,بله,2026-09-08T18:24:18
3232910,لفور,2026-09-17,بسته (مشاهده‌شده - دلیل نامشخص),4990000,,,بله,2026-09-08T18:24:18
3232910,لفور,2026-09-18,بسته (مشاهده‌شده - دلیل نامشخص),3890000,,,,2026-09-08T18:24:18
3232910,لفور,2026-09-19,باز,3890000,,,,2026-09-08T18:24:18
3232910,لفور,2026-09-20,باز,3890000,,,,2026-09-08T18:24:18
3232910,لفور,2026-09-21,باز,3890000,,,,2026-09-08T18:24:18
3232910,لفور,2026-09-22,باز,3890000,,,,2026-09-08T18:24:18
3232910,لفور,2026-09-23,بسته (مشاهده‌شده - دلیل نامشخص),3990000,,,بله,2026-09-08T18:24:18
3232910,لفور,2026-09-24,بسته (مشاهده‌شده - دلیل نامشخص),4990000,,,بله,2026-09-08T18:24:18
3232910,لفور,2026-09-25,باز,3890000,,,,2026-09-08T18:24:18
3232910,لفور,2026-09-26,باز,3890000,,,,2026-09-08T18:24:18
3232910,لفور,2026-09-27,باز,3890000,,,,2026-09-08T18:24:18
3232910,لفور,2026-09-28,باز,3890000,,,,2026-09-08T18:24:18
3232910,لفور,2026-09-29,باز,3890000,,,,2026-09-08T18:24:18
3232910,لفور,2026-09-30,باز,3990000,,,بله,2026-09-08T18:24:18
3232910,لفور,2026-10-01,باز,4990000,,,بله,2026-09-08T18:24:18
3232910,لفور,2026-10-02,باز,3890000,,,,2026-09-08T18:24:18
3232910,لفور,2026-10-03,باز,3890000,,,,2026-09-08T18:24:18
3232910,لفور,2026-10-04,باز,3890000,,,,2026-09-08T18:24:18
3232910,لفور,2026-10-05,باز,3890000,,,,2026-09-08T18:24:18
3232910,لفور,2026-10-06,باز,3890000,,,,2026-09-08T18:24:18
3232910,لفور,2026-10-07,باز,3990000,,,بله,2026-09-08T18:24:18
3232910,لفور,2026-10-08,باز,4990000,,,بله,2026-09-08T18:24:18
3234218,بابلکنار,2026-09-08,بسته (مشاهده‌شده - دلیل نامشخص),2150000,,,,2026-09-08T18:24:53
3234218,بابلکنار,2026-09-09,بسته (مشاهده‌شده - دلیل نامشخص),2450000,,,بله,2026-09-08T18:24:53
3234218,بابلکنار,2026-09-10,بسته (مشاهده‌شده - دلیل نامشخص),2450000,,,بله,2026-09-08T18:24:53
3234218,بابلکنار,2026-09-11,بسته (مشاهده‌شده - دلیل نامشخص),2150000,,,,2026-09-08T18:24:53
3234218,بابلکنار,2026-09-12,بسته (مشاهده‌شده - دلیل نامشخص),2150000,,,,2026-09-08T18:24:53
3234218,بابلکنار,2026-09-13,بسته (مشاهده‌شده - دلیل نامشخص),2150000,,,,2026-09-08T18:24:53
3234218,بابلکنار,2026-09-14,بسته (مشاهده‌شده - دلیل نامشخص),2150000,,,,2026-09-08T18:24:53
3234218,بابلکنار,2026-09-15,بسته (مشاهده‌شده - دلیل نامشخص),2150000,,,,2026-09-08T18:24:53
3234218,بابلکنار,2026-09-16,بسته (مشاهده‌شده - دلیل نامشخص),2450000,,,بله,2026-09-08T18:24:53
3234218,بابلکنار,2026-09-17,بسته (مشاهده‌شده - دلیل نامشخص),2450000,,,بله,2026-09-08T18:24:53
3234218,بابلکنار,2026-09-18,بسته (مشاهده‌شده - دلیل نامشخص),2150000,,,,2026-09-08T18:24:53
3234218,بابلکنار,2026-09-19,بسته (مشاهده‌شده - دلیل نامشخص),2150000,,,,2026-09-08T18:24:53
3234218,بابلکنار,2026-09-20,بسته (مشاهده‌شده - دلیل نامشخص),2150000,,,,2026-09-08T18:24:53
3234218,بابلکنار,2026-09-21,بسته (مشاهده‌شده - دلیل نامشخص),2150000,,,,2026-09-08T18:24:53
3234218,بابلکنار,2026-09-22,بسته (مشاهده‌شده - دلیل نامشخص),2150000,,,,2026-09-08T18:24:53
3234218,بابلکنار,2026-09-23,باز,1800000,,,بله,2026-09-08T18:24:53
3234218,بابلکنار,2026-09-24,باز,1800000,,,بله,2026-09-08T18:24:53
3234218,بابلکنار,2026-09-25,باز,1250000,,,,2026-09-08T18:24:53
3234218,بابلکنار,2026-09-26,باز,1250000,,,,2026-09-08T18:24:53
3234218,بابلکنار,2026-09-27,باز,1250000,,,,2026-09-08T18:24:53
3234218,بابلکنار,2026-09-28,باز,1250000,,,,2026-09-08T18:24:53
3234218,بابلکنار,2026-09-29,باز,1250000,,,,2026-09-08T18:24:53
3234218,بابلکنار,2026-09-30,باز,1800000,,,بله,2026-09-08T18:24:53
3234218,بابلکنار,2026-10-01,باز,1800000,,,بله,2026-09-08T18:24:53
3234218,بابلکنار,2026-10-02,باز,1250000,,,,2026-09-08T18:24:53
3234218,بابلکنار,2026-10-03,باز,1250000,,,,2026-09-08T18:24:53
3234218,بابلکنار,2026-10-04,باز,1250000,,,,2026-09-08T18:24:53
3234218,بابلکنار,2026-10-05,باز,1250000,,,,2026-09-08T18:24:53
3234218,بابلکنار,2026-10-06,باز,1250000,,,,2026-09-08T18:24:53
3234218,بابلکنار,2026-10-07,باز,1800000,,,بله,2026-09-08T18:24:53
3234218,بابلکنار,2026-10-08,باز,1800000,,,بله,2026-09-08T18:24:53
3234324,لفور,2026-09-08,بسته (مشاهده‌شده - دلیل نامشخص),4700000,,,,2026-09-08T18:24:54
3234324,لفور,2026-09-09,بسته (مشاهده‌شده - دلیل نامشخص),5000000,,,بله,2026-09-08T18:24:54
3234324,لفور,2026-09-10,بسته (مشاهده‌شده - دلیل نامشخص),10000000,,,بله,2026-09-08T18:24:54
3234324,لفور,2026-09-11,باز,4700000,,,,2026-09-08T18:24:54
3234324,لفور,2026-09-12,باز,4700000,,,,2026-09-08T18:24:54
3234324,لفور,2026-09-13,باز,4700000,,,,2026-09-08T18:24:54
3234324,لفور,2026-09-14,بسته (مشاهده‌شده - دلیل نامشخص),4700000,,,,2026-09-08T18:24:54
3234324,لفور,2026-09-15,بسته (مشاهده‌شده - دلیل نامشخص),4700000,,,,2026-09-08T18:24:54
3234324,لفور,2026-09-16,بسته (مشاهده‌شده - دلیل نامشخص),8000000,,,بله,2026-09-08T18:24:54
3234324,لفور,2026-09-17,باز,10000000,,,بله,2026-09-08T18:24:54
3234324,لفور,2026-09-18,باز,4700000,,,,2026-09-08T18:24:54
3234324,لفور,2026-09-19,باز,4700000,,,,2026-09-08T18:24:54
3234324,لفور,2026-09-20,باز,4700000,,,,2026-09-08T18:24:54
3234324,لفور,2026-09-21,باز,4700000,,,,2026-09-08T18:24:54
3234324,لفور,2026-09-22,باز,4700000,,,,2026-09-08T18:24:54
3234324,لفور,2026-09-23,باز,4000000,,,بله,2026-09-08T18:24:54
3234324,لفور,2026-09-24,باز,6000000,,,بله,2026-09-08T18:24:54
3234324,لفور,2026-09-25,باز,3300000,,,,2026-09-08T18:24:54
3234324,لفور,2026-09-26,باز,3300000,,,,2026-09-08T18:24:54
3234324,لفور,2026-09-27,باز,3300000,,,,2026-09-08T18:24:54
3234324,لفور,2026-09-28,باز,3300000,,,,2026-09-08T18:24:54
3234324,لفور,2026-09-29,باز,3300000,,,,2026-09-08T18:24:54
3234324,لفور,2026-09-30,باز,4000000,,,بله,2026-09-08T18:24:54
3234324,لفور,2026-10-01,باز,6000000,,,بله,2026-09-08T18:24:54
3234324,لفور,2026-10-02,باز,3300000,,,,2026-09-08T18:24:54
3234324,لفور,2026-10-03,باز,3300000,,,,2026-09-08T18:24:54
3234324,لفور,2026-10-04,باز,3300000,,,,2026-09-08T18:24:54
3234324,لفور,2026-10-05,باز,3300000,,,,2026-09-08T18:24:54
3234324,لفور,2026-10-06,باز,3300000,,,,2026-09-08T18:24:54
3234324,لفور,2026-10-07,باز,4000000,,,بله,2026-09-08T18:24:54
3234324,لفور,2026-10-08,باز,6000000,,,بله,2026-09-08T18:24:54
3234782,شیردارکلا,2026-09-08,باز,6500000,,,,2026-09-08T18:24:56
3234782,شیردارکلا,2026-09-09,باز,8500000,,,بله,2026-09-08T18:24:56
3234782,شیردارکلا,2026-09-10,باز,8500000,,,بله,2026-09-08T18:24:56
3234782,شیردارکلا,2026-09-11,باز,6500000,,,,2026-09-08T18:24:56
3234782,شیردارکلا,2026-09-12,باز,6500000,,,,2026-09-08T18:24:56
3234782,شیردارکلا,2026-09-13,باز,6500000,,,,2026-09-08T18:24:56
3234782,شیردارکلا,2026-09-14,باز,6500000,,,,2026-09-08T18:24:56
3234782,شیردارکلا,2026-09-15,باز,6500000,,,,2026-09-08T18:24:56
3234782,شیردارکلا,2026-09-16,باز,8500000,,,بله,2026-09-08T18:24:56
3234782,شیردارکلا,2026-09-17,باز,8500000,,,بله,2026-09-08T18:24:56
3234782,شیردارکلا,2026-09-18,باز,6500000,,,,2026-09-08T18:24:56
3234782,شیردارکلا,2026-09-19,باز,6500000,,,,2026-09-08T18:24:56
3234782,شیردارکلا,2026-09-20,باز,6500000,,,,2026-09-08T18:24:56
3234782,شیردارکلا,2026-09-21,باز,6500000,,,,2026-09-08T18:24:56
3234782,شیردارکلا,2026-09-22,باز,6500000,,,,2026-09-08T18:24:56
3234782,شیردارکلا,2026-09-23,باز,5500000,,,بله,2026-09-08T18:24:56
3234782,شیردارکلا,2026-09-24,باز,5500000,,,بله,2026-09-08T18:24:56
3234782,شیردارکلا,2026-09-25,باز,4500000,,,,2026-09-08T18:24:56
3234782,شیردارکلا,2026-09-26,باز,4500000,,,,2026-09-08T18:24:56
3234782,شیردارکلا,2026-09-27,باز,4500000,,,,2026-09-08T18:24:56
3234782,شیردارکلا,2026-09-28,باز,4500000,,,,2026-09-08T18:24:56
3234782,شیردارکلا,2026-09-29,باز,4500000,,,,2026-09-08T18:24:56
3234782,شیردارکلا,2026-09-30,باز,5500000,,,بله,2026-09-08T18:24:56
3234782,شیردارکلا,2026-10-01,باز,5500000,,,بله,2026-09-08T18:24:56
3234782,شیردارکلا,2026-10-02,باز,4500000,,,,2026-09-08T18:24:56
3234782,شیردارکلا,2026-10-03,باز,4500000,,,,2026-09-08T18:24:56
3234782,شیردارکلا,2026-10-04,باز,4500000,,,,2026-09-08T18:24:56
3234782,شیردارکلا,2026-10-05,باز,4500000,,,,2026-09-08T18:24:56
3234782,شیردارکلا,2026-10-06,باز,4500000,,,,2026-09-08T18:24:56
3234782,شیردارکلا,2026-10-07,باز,5500000,,,بله,2026-09-08T18:24:56
3234782,شیردارکلا,2026-10-08,باز,5500000,,,بله,2026-09-08T18:24:56
3234857,مرزیکلا,2026-09-08,بسته (مشاهده‌شده - دلیل نامشخص),6000000,,,,2026-09-08T18:24:58
3234857,مرزیکلا,2026-09-09,بسته (مشاهده‌شده - دلیل نامشخص),6000000,,,بله,2026-09-08T18:24:58
3234857,مرزیکلا,2026-09-10,بسته (مشاهده‌شده - دلیل نامشخص),6000000,,,بله,2026-09-08T18:24:58
3234857,مرزیکلا,2026-09-11,بسته (مشاهده‌شده - دلیل نامشخص),6000000,,,,2026-09-08T18:24:58
3234857,مرزیکلا,2026-09-12,بسته (مشاهده‌شده - دلیل نامشخص),6000000,,,,2026-09-08T18:24:58
3234857,مرزیکلا,2026-09-13,بسته (مشاهده‌شده - دلیل نامشخص),6000000,,,,2026-09-08T18:24:58
3234857,مرزیکلا,2026-09-14,بسته (مشاهده‌شده - دلیل نامشخص),6000000,,,,2026-09-08T18:24:58
3234857,مرزیکلا,2026-09-15,بسته (مشاهده‌شده - دلیل نامشخص),6000000,,,,2026-09-08T18:24:58
3234857,مرزیکلا,2026-09-16,باز,6000000,,,بله,2026-09-08T18:24:58
3234857,مرزیکلا,2026-09-17,بسته (مشاهده‌شده - دلیل نامشخص),6000000,,,بله,2026-09-08T18:24:58
3234857,مرزیکلا,2026-09-18,باز,6000000,,,,2026-09-08T18:24:58
3234857,مرزیکلا,2026-09-19,باز,6000000,,,,2026-09-08T18:24:58
3234857,مرزیکلا,2026-09-20,باز,6000000,,,,2026-09-08T18:24:58
3234857,مرزیکلا,2026-09-21,باز,6000000,,,,2026-09-08T18:24:58
3234857,مرزیکلا,2026-09-22,بسته (مشاهده‌شده - دلیل نامشخص),6000000,,,,2026-09-08T18:24:58
3234857,مرزیکلا,2026-09-23,بسته (مشاهده‌شده - دلیل نامشخص),6000000,,,بله,2026-09-08T18:24:58
3234857,مرزیکلا,2026-09-24,بسته (مشاهده‌شده - دلیل نامشخص),6000000,,,بله,2026-09-08T18:24:58
3234857,مرزیکلا,2026-09-25,بسته (مشاهده‌شده - دلیل نامشخص),6000000,,,,2026-09-08T18:24:58
3234857,مرزیکلا,2026-09-26,بسته (مشاهده‌شده - دلیل نامشخص),6000000,,,,2026-09-08T18:24:58
3234857,مرزیکلا,2026-09-27,بسته (مشاهده‌شده - دلیل نامشخص),6000000,,,,2026-09-08T18:24:58
3234857,مرزیکلا,2026-09-28,باز,6000000,,,,2026-09-08T18:24:58
3234857,مرزیکلا,2026-09-29,باز,6000000,,,,2026-09-08T18:24:58
3234857,مرزیکلا,2026-09-30,باز,6000000,,,بله,2026-09-08T18:24:58
3234857,مرزیکلا,2026-10-01,باز,6000000,,,بله,2026-09-08T18:24:58
3234857,مرزیکلا,2026-10-02,بسته (مشاهده‌شده - دلیل نامشخص),6000000,,,,2026-09-08T18:24:58
3234857,مرزیکلا,2026-10-03,بسته (مشاهده‌شده - دلیل نامشخص),6000000,,,,2026-09-08T18:24:58
3234857,مرزیکلا,2026-10-04,بسته (مشاهده‌شده - دلیل نامشخص),6000000,,,,2026-09-08T18:24:58
3234857,مرزیکلا,2026-10-05,بسته (مشاهده‌شده - دلیل نامشخص),6000000,,,,2026-09-08T18:24:58
3234857,مرزیکلا,2026-10-06,باز,6000000,,,,2026-09-08T18:24:58
3234857,مرزیکلا,2026-10-07,بسته (مشاهده‌شده - دلیل نامشخص),6000000,,,بله,2026-09-08T18:24:58
3234857,مرزیکلا,2026-10-08,بسته (مشاهده‌شده - دلیل نامشخص),6000000,,,بله,2026-09-08T18:24:58
3235121,بزچفت,2026-09-08,بسته (مشاهده‌شده - دلیل نامشخص),1800000,,,,2026-09-08T18:24:59
3235121,بزچفت,2026-09-09,بسته (مشاهده‌شده - دلیل نامشخص),1800000,,,بله,2026-09-08T18:24:59
3235121,بزچفت,2026-09-10,بسته (مشاهده‌شده - دلیل نامشخص),2000000,,,بله,2026-09-08T18:24:59
3235121,بزچفت,2026-09-11,بسته (مشاهده‌شده - دلیل نامشخص),1800000,,,,2026-09-08T18:24:59
3235121,بزچفت,2026-09-12,بسته (مشاهده‌شده - دلیل نامشخص),1800000,,,,2026-09-08T18:24:59
3235121,بزچفت,2026-09-13,باز,1800000,,,,2026-09-08T18:24:59
3235121,بزچفت,2026-09-14,باز,1800000,,,,2026-09-08T18:24:59
3235121,بزچفت,2026-09-15,باز,1800000,,,,2026-09-08T18:24:59
3235121,بزچفت,2026-09-16,باز,1800000,,,بله,2026-09-08T18:24:59
3235121,بزچفت,2026-09-17,باز,2000000,,,بله,2026-09-08T18:24:59
3235121,بزچفت,2026-09-18,باز,1800000,,,,2026-09-08T18:24:59
3235121,بزچفت,2026-09-19,باز,1800000,,,,2026-09-08T18:24:59
3235121,بزچفت,2026-09-20,باز,1800000,,,,2026-09-08T18:24:59
3235121,بزچفت,2026-09-21,باز,1800000,,,,2026-09-08T18:24:59
3235121,بزچفت,2026-09-22,باز,1800000,,,,2026-09-08T18:24:59
3235121,بزچفت,2026-09-23,باز,1600000,,,بله,2026-09-08T18:24:59
3235121,بزچفت,2026-09-24,باز,1600000,,,بله,2026-09-08T18:24:59
3235121,بزچفت,2026-09-25,باز,900000,,,,2026-09-08T18:24:59
3235121,بزچفت,2026-09-26,باز,900000,,,,2026-09-08T18:24:59
3235121,بزچفت,2026-09-27,باز,900000,,,,2026-09-08T18:24:59
3235121,بزچفت,2026-09-28,باز,900000,,,,2026-09-08T18:24:59
3235121,بزچفت,2026-09-29,باز,900000,,,,2026-09-08T18:24:59
3235121,بزچفت,2026-09-30,باز,1600000,,,بله,2026-09-08T18:24:59
3235121,بزچفت,2026-10-01,باز,1600000,,,بله,2026-09-08T18:24:59
3235121,بزچفت,2026-10-02,باز,900000,,,,2026-09-08T18:24:59
3235121,بزچفت,2026-10-03,باز,900000,,,,2026-09-08T18:24:59
3235121,بزچفت,2026-10-04,باز,900000,,,,2026-09-08T18:24:59
3235121,بزچفت,2026-10-05,باز,900000,,,,2026-09-08T18:24:59
3235121,بزچفت,2026-10-06,باز,900000,,,,2026-09-08T18:24:59
3235121,بزچفت,2026-10-07,باز,1600000,,,بله,2026-09-08T18:24:59
3235121,بزچفت,2026-10-08,باز,1600000,,,بله,2026-09-08T18:24:59
3235299,گونه کلا,2026-09-08,بسته (مشاهده‌شده - دلیل نامشخص),2300000,,,,2026-09-08T18:25:33
3235299,گونه کلا,2026-09-09,بسته (مشاهده‌شده - دلیل نامشخص),2600000,,,بله,2026-09-08T18:25:33
3235299,گونه کلا,2026-09-10,بسته (مشاهده‌شده - دلیل نامشخص),2600000,,,بله,2026-09-08T18:25:33
3235299,گونه کلا,2026-09-11,باز,2300000,,,,2026-09-08T18:25:33
3235299,گونه کلا,2026-09-12,باز,2300000,,,,2026-09-08T18:25:33
3235299,گونه کلا,2026-09-13,بسته (مشاهده‌شده - دلیل نامشخص),2300000,,,,2026-09-08T18:25:33
3235299,گونه کلا,2026-09-14,بسته (مشاهده‌شده - دلیل نامشخص),2300000,,,,2026-09-08T18:25:33
3235299,گونه کلا,2026-09-15,بسته (مشاهده‌شده - دلیل نامشخص),2300000,,,,2026-09-08T18:25:33
3235299,گونه کلا,2026-09-16,بسته (مشاهده‌شده - دلیل نامشخص),2600000,,,بله,2026-09-08T18:25:33
3235299,گونه کلا,2026-09-17,باز,2600000,,,بله,2026-09-08T18:25:33
3235299,گونه کلا,2026-09-18,باز,2300000,,,,2026-09-08T18:25:33
3235299,گونه کلا,2026-09-19,باز,2300000,,,,2026-09-08T18:25:33
3235299,گونه کلا,2026-09-20,باز,2300000,,,,2026-09-08T18:25:33
3235299,گونه کلا,2026-09-21,باز,2300000,,,,2026-09-08T18:25:33
3235299,گونه کلا,2026-09-22,بسته (مشاهده‌شده - دلیل نامشخص),2300000,,,,2026-09-08T18:25:33
3235299,گونه کلا,2026-09-23,بسته (مشاهده‌شده - دلیل نامشخص),2600000,,,بله,2026-09-08T18:25:33
3235299,گونه کلا,2026-09-24,باز,2600000,,,بله,2026-09-08T18:25:33
3235299,گونه کلا,2026-09-25,باز,2200000,,,,2026-09-08T18:25:33
3235299,گونه کلا,2026-09-26,باز,2200000,,,,2026-09-08T18:25:33
3235299,گونه کلا,2026-09-27,باز,2200000,,,,2026-09-08T18:25:33
3235299,گونه کلا,2026-09-28,باز,2200000,,,,2026-09-08T18:25:33
3235299,گونه کلا,2026-09-29,باز,2200000,,,,2026-09-08T18:25:33
3235299,گونه کلا,2026-09-30,باز,2600000,,,بله,2026-09-08T18:25:33
3235299,گونه کلا,2026-10-01,باز,2600000,,,بله,2026-09-08T18:25:33
3235299,گونه کلا,2026-10-02,باز,2200000,,,,2026-09-08T18:25:33
3235299,گونه کلا,2026-10-03,باز,2200000,,,,2026-09-08T18:25:33
3235299,گونه کلا,2026-10-04,باز,2200000,,,,2026-09-08T18:25:33
3235299,گونه کلا,2026-10-05,باز,2200000,,,,2026-09-08T18:25:33
3235299,گونه کلا,2026-10-06,باز,2200000,,,,2026-09-08T18:25:33
3235299,گونه کلا,2026-10-07,باز,2600000,,,بله,2026-09-08T18:25:33
3235299,گونه کلا,2026-10-08,باز,2600000,,,بله,2026-09-08T18:25:33
3235515,کبریاکلا,2026-09-08,بسته (مشاهده‌شده - دلیل نامشخص),4700000,,,,2026-09-08T18:25:35
3235515,کبریاکلا,2026-09-09,باز,7500000,,,بله,2026-09-08T18:25:35
3235515,کبریاکلا,2026-09-10,باز,7500000,,,بله,2026-09-08T18:25:35
3235515,کبریاکلا,2026-09-11,باز,5200000,,,,2026-09-08T18:25:35
3235515,کبریاکلا,2026-09-12,بسته (مشاهده‌شده - دلیل نامشخص),4700000,,,,2026-09-08T18:25:35
3235515,کبریاکلا,2026-09-13,بسته (مشاهده‌شده - دلیل نامشخص),4700000,,,,2026-09-08T18:25:35
3235515,کبریاکلا,2026-09-14,بسته (مشاهده‌شده - دلیل نامشخص),4700000,,,,2026-09-08T18:25:35
3235515,کبریاکلا,2026-09-15,باز,5200000,,,,2026-09-08T18:25:35
3235515,کبریاکلا,2026-09-16,باز,7500000,,,بله,2026-09-08T18:25:35
3235515,کبریاکلا,2026-09-17,باز,7500000,,,بله,2026-09-08T18:25:35
3235515,کبریاکلا,2026-09-18,باز,5200000,,,,2026-09-08T18:25:35
3235515,کبریاکلا,2026-09-19,باز,5200000,,,,2026-09-08T18:25:35
3235515,کبریاکلا,2026-09-20,باز,5200000,,,,2026-09-08T18:25:35
3235515,کبریاکلا,2026-09-21,باز,5200000,,,,2026-09-08T18:25:35
3235515,کبریاکلا,2026-09-22,باز,5200000,,,,2026-09-08T18:25:35
3235515,کبریاکلا,2026-09-23,باز,3900000,,,بله,2026-09-08T18:25:35
3235515,کبریاکلا,2026-09-24,باز,3900000,,,بله,2026-09-08T18:25:35
3235515,کبریاکلا,2026-09-25,باز,2900000,,,,2026-09-08T18:25:35
3235515,کبریاکلا,2026-09-26,باز,2900000,,,,2026-09-08T18:25:35
3235515,کبریاکلا,2026-09-27,باز,2900000,,,,2026-09-08T18:25:35
3235515,کبریاکلا,2026-09-28,باز,2900000,,,,2026-09-08T18:25:35
3235515,کبریاکلا,2026-09-29,باز,2900000,,,,2026-09-08T18:25:35
3235515,کبریاکلا,2026-09-30,باز,3900000,,,بله,2026-09-08T18:25:35
3235515,کبریاکلا,2026-10-01,باز,3900000,,,بله,2026-09-08T18:25:35
3235515,کبریاکلا,2026-10-02,باز,2900000,,,,2026-09-08T18:25:35
3235515,کبریاکلا,2026-10-03,باز,2900000,,,,2026-09-08T18:25:35
3235515,کبریاکلا,2026-10-04,باز,2900000,,,,2026-09-08T18:25:35
3235515,کبریاکلا,2026-10-05,باز,2900000,,,,2026-09-08T18:25:35
3235515,کبریاکلا,2026-10-06,باز,2900000,,,,2026-09-08T18:25:35
3235515,کبریاکلا,2026-10-07,باز,3900000,,,بله,2026-09-08T18:25:35
3235515,کبریاکلا,2026-10-08,باز,3900000,,,بله,2026-09-08T18:25:35
3235525,کبریاکلا,2026-09-08,باز,5200000,,,,2026-09-08T18:25:37
3235525,کبریاکلا,2026-09-09,باز,7500000,,,,2026-09-08T18:25:37
3235525,کبریاکلا,2026-09-10,باز,7500000,,,بله,2026-09-08T18:25:37
3235525,کبریاکلا,2026-09-11,باز,6500000,,,بله,2026-09-08T18:25:37
3235525,کبریاکلا,2026-09-12,باز,5200000,,,,2026-09-08T18:25:37
3235525,کبریاکلا,2026-09-13,بسته (مشاهده‌شده - دلیل نامشخص),4700000,,,,2026-09-08T18:25:37
3235525,کبریاکلا,2026-09-14,باز,5200000,,,,2026-09-08T18:25:37
3235525,کبریاکلا,2026-09-15,باز,5200000,,,,2026-09-08T18:25:37
3235525,کبریاکلا,2026-09-16,باز,7500000,,,,2026-09-08T18:25:37
3235525,کبریاکلا,2026-09-17,باز,7500000,,,بله,2026-09-08T18:25:37
3235525,کبریاکلا,2026-09-18,باز,6500000,,,بله,2026-09-08T18:25:37
3235525,کبریاکلا,2026-09-19,باز,5200000,,,,2026-09-08T18:25:37
3235525,کبریاکلا,2026-09-20,باز,5200000,,,,2026-09-08T18:25:37
3235525,کبریاکلا,2026-09-21,باز,5200000,,,,2026-09-08T18:25:37
3235525,کبریاکلا,2026-09-22,باز,5200000,,,,2026-09-08T18:25:37
3235525,کبریاکلا,2026-09-23,باز,1900000,,,,2026-09-08T18:25:37
3235525,کبریاکلا,2026-09-24,باز,3000000,,,بله,2026-09-08T18:25:37
3235525,کبریاکلا,2026-09-25,باز,3000000,,,بله,2026-09-08T18:25:37
3235525,کبریاکلا,2026-09-26,باز,1900000,,,,2026-09-08T18:25:37
3235525,کبریاکلا,2026-09-27,باز,1900000,,,,2026-09-08T18:25:37
3235525,کبریاکلا,2026-09-28,باز,1900000,,,,2026-09-08T18:25:37
3235525,کبریاکلا,2026-09-29,باز,1900000,,,,2026-09-08T18:25:37
3235525,کبریاکلا,2026-09-30,باز,1900000,,,,2026-09-08T18:25:37
3235525,کبریاکلا,2026-10-01,باز,3000000,,,بله,2026-09-08T18:25:37
3235525,کبریاکلا,2026-10-02,باز,3000000,,,بله,2026-09-08T18:25:37
3235525,کبریاکلا,2026-10-03,باز,1900000,,,,2026-09-08T18:25:37
3235525,کبریاکلا,2026-10-04,باز,1900000,,,,2026-09-08T18:25:37
3235525,کبریاکلا,2026-10-05,باز,1900000,,,,2026-09-08T18:25:37
3235525,کبریاکلا,2026-10-06,باز,1900000,,,,2026-09-08T18:25:37
3235525,کبریاکلا,2026-10-07,باز,1900000,,,,2026-09-08T18:25:37
3235525,کبریاکلا,2026-10-08,باز,3000000,,,بله,2026-09-08T18:25:37
3235621,سیادرکا,2026-09-08,بسته (مشاهده‌شده - دلیل نامشخص),3980000,,,,2026-09-08T18:25:40
3235621,سیادرکا,2026-09-09,بسته (مشاهده‌شده - دلیل نامشخص),4250000,,,,2026-09-08T18:25:40
3235621,سیادرکا,2026-09-10,بسته (مشاهده‌شده - دلیل نامشخص),4250000,,,بله,2026-09-08T18:25:40
3235621,سیادرکا,2026-09-11,باز,3980000,,,بله,2026-09-08T18:25:40
3235621,سیادرکا,2026-09-12,باز,3980000,,,,2026-09-08T18:25:40
3235621,سیادرکا,2026-09-13,باز,3980000,,,,2026-09-08T18:25:40
3235621,سیادرکا,2026-09-14,باز,3980000,,,,2026-09-08T18:25:40
3235621,سیادرکا,2026-09-15,باز,3980000,,,,2026-09-08T18:25:40
3235621,سیادرکا,2026-09-16,باز,4250000,,,,2026-09-08T18:25:40
3235621,سیادرکا,2026-09-17,باز,4250000,,,بله,2026-09-08T18:25:40
3235621,سیادرکا,2026-09-18,باز,4280000,,,بله,2026-09-08T18:25:40
3235621,سیادرکا,2026-09-19,باز,4250000,,,,2026-09-08T18:25:40
3235621,سیادرکا,2026-09-20,باز,4250000,,,,2026-09-08T18:25:40
3235621,سیادرکا,2026-09-21,باز,4250000,,,,2026-09-08T18:25:40
3235621,سیادرکا,2026-09-22,باز,4250000,,,,2026-09-08T18:25:40
3235621,سیادرکا,2026-09-23,باز,4250000,,,,2026-09-08T18:25:40
3235621,سیادرکا,2026-09-24,باز,4250000,,,بله,2026-09-08T18:25:40
3235621,سیادرکا,2026-09-25,باز,4250000,,,بله,2026-09-08T18:25:40
3235621,سیادرکا,2026-09-26,باز,2980000,,,,2026-09-08T18:25:40
3235621,سیادرکا,2026-09-27,باز,2980000,,,,2026-09-08T18:25:40
3235621,سیادرکا,2026-09-28,باز,2980000,,,,2026-09-08T18:25:40
3235621,سیادرکا,2026-09-29,باز,2980000,,,,2026-09-08T18:25:40
3235621,سیادرکا,2026-09-30,باز,3500000,,,,2026-09-08T18:25:40
3235621,سیادرکا,2026-10-01,باز,3500000,,,بله,2026-09-08T18:25:40
3235621,سیادرکا,2026-10-02,باز,2950000,,,بله,2026-09-08T18:25:40
3235621,سیادرکا,2026-10-03,باز,2980000,,,,2026-09-08T18:25:40
3235621,سیادرکا,2026-10-04,باز,2980000,,,,2026-09-08T18:25:40
3235621,سیادرکا,2026-10-05,باز,2980000,,,,2026-09-08T18:25:40
3235621,سیادرکا,2026-10-06,باز,2980000,,,,2026-09-08T18:25:40
3235621,سیادرکا,2026-10-07,باز,3500000,,,,2026-09-08T18:25:40
3235621,سیادرکا,2026-10-08,باز,3500000,,,بله,2026-09-08T18:25:40
3236158,گونه کلا,2026-09-08,باز,2590000,,,,2026-09-08T18:25:42
3236158,گونه کلا,2026-09-09,باز,3690000,,,بله,2026-09-08T18:25:42
3236158,گونه کلا,2026-09-10,باز,3690000,,,بله,2026-09-08T18:25:42
3236158,گونه کلا,2026-09-11,باز,2590000,,,,2026-09-08T18:25:42
3236158,گونه کلا,2026-09-12,باز,2590000,,,,2026-09-08T18:25:42
3236158,گونه کلا,2026-09-13,باز,2590000,,,,2026-09-08T18:25:42
3236158,گونه کلا,2026-09-14,باز,2590000,,,,2026-09-08T18:25:42
3236158,گونه کلا,2026-09-15,باز,2590000,,,,2026-09-08T18:25:42
3236158,گونه کلا,2026-09-16,باز,3690000,,,بله,2026-09-08T18:25:42
3236158,گونه کلا,2026-09-17,باز,3690000,,,بله,2026-09-08T18:25:42
3236158,گونه کلا,2026-09-18,باز,2590000,,,,2026-09-08T18:25:42
3236158,گونه کلا,2026-09-19,باز,2590000,,,,2026-09-08T18:25:42
3236158,گونه کلا,2026-09-20,باز,2590000,,,,2026-09-08T18:25:42
3236158,گونه کلا,2026-09-21,باز,2590000,,,,2026-09-08T18:25:42
3236158,گونه کلا,2026-09-22,باز,2590000,,,,2026-09-08T18:25:42
3236158,گونه کلا,2026-09-23,باز,2750000,,,بله,2026-09-08T18:25:42
3236158,گونه کلا,2026-09-24,باز,2750000,,,بله,2026-09-08T18:25:42
3236158,گونه کلا,2026-09-25,باز,1950000,,,,2026-09-08T18:25:42
3236158,گونه کلا,2026-09-26,باز,1950000,,,,2026-09-08T18:25:42
3236158,گونه کلا,2026-09-27,باز,1950000,,,,2026-09-08T18:25:42
3236158,گونه کلا,2026-09-28,باز,1950000,,,,2026-09-08T18:25:42
3236158,گونه کلا,2026-09-29,باز,1950000,,,,2026-09-08T18:25:42
3236158,گونه کلا,2026-09-30,باز,2750000,,,بله,2026-09-08T18:25:42
3236158,گونه کلا,2026-10-01,باز,2750000,,,بله,2026-09-08T18:25:42
3236158,گونه کلا,2026-10-02,باز,1950000,,,,2026-09-08T18:25:42
3236158,گونه کلا,2026-10-03,باز,1950000,,,,2026-09-08T18:25:42
3236158,گونه کلا,2026-10-04,باز,1950000,,,,2026-09-08T18:25:42
3236158,گونه کلا,2026-10-05,باز,1950000,,,,2026-09-08T18:25:42
3236158,گونه کلا,2026-10-06,باز,1950000,,,,2026-09-08T18:25:42
3236158,گونه کلا,2026-10-07,باز,2750000,,,بله,2026-09-08T18:25:42
3236158,گونه کلا,2026-10-08,باز,2750000,,,بله,2026-09-08T18:25:42
3236345,لفور,2026-09-08,بسته (مشاهده‌شده - دلیل نامشخص),4300000,,,,2026-09-08T18:25:44
3236345,لفور,2026-09-09,بسته (مشاهده‌شده - دلیل نامشخص),4550000,,,بله,2026-09-08T18:25:44
3236345,لفور,2026-09-10,بسته (مشاهده‌شده - دلیل نامشخص),4550000,,,بله,2026-09-08T18:25:44
3236345,لفور,2026-09-11,باز,4300000,,,,2026-09-08T18:25:44
3236345,لفور,2026-09-12,بسته (مشاهده‌شده - دلیل نامشخص),4300000,,,,2026-09-08T18:25:44
3236345,لفور,2026-09-13,بسته (مشاهده‌شده - دلیل نامشخص),4300000,,,,2026-09-08T18:25:44
3236345,لفور,2026-09-14,بسته (مشاهده‌شده - دلیل نامشخص),4300000,,,,2026-09-08T18:25:44
3236345,لفور,2026-09-15,بسته (مشاهده‌شده - دلیل نامشخص),4300000,,,,2026-09-08T18:25:44
3236345,لفور,2026-09-16,بسته (مشاهده‌شده - دلیل نامشخص),4550000,,,بله,2026-09-08T18:25:44
3236345,لفور,2026-09-17,بسته (مشاهده‌شده - دلیل نامشخص),4550000,,,بله,2026-09-08T18:25:44
3236345,لفور,2026-09-18,بسته (مشاهده‌شده - دلیل نامشخص),4300000,,,,2026-09-08T18:25:44
3236345,لفور,2026-09-19,بسته (مشاهده‌شده - دلیل نامشخص),4300000,,,,2026-09-08T18:25:44
3236345,لفور,2026-09-20,باز,4300000,,,,2026-09-08T18:25:44
3236345,لفور,2026-09-21,باز,4300000,,,,2026-09-08T18:25:44
3236345,لفور,2026-09-22,باز,4300000,,,,2026-09-08T18:25:44
3236345,لفور,2026-09-23,باز,4500000,,,بله,2026-09-08T18:25:44
3236345,لفور,2026-09-24,باز,4500000,,,بله,2026-09-08T18:25:44
3236345,لفور,2026-09-25,باز,4350000,,,,2026-09-08T18:25:44
3236345,لفور,2026-09-26,باز,4350000,,,,2026-09-08T18:25:44
3236345,لفور,2026-09-27,باز,4350000,,,,2026-09-08T18:25:44
3236345,لفور,2026-09-28,باز,4350000,,,,2026-09-08T18:25:44
3236345,لفور,2026-09-29,باز,4350000,,,,2026-09-08T18:25:44
3236345,لفور,2026-09-30,باز,4500000,,,بله,2026-09-08T18:25:44
3236345,لفور,2026-10-01,باز,4500000,,,بله,2026-09-08T18:25:44
3236345,لفور,2026-10-02,باز,4350000,,,,2026-09-08T18:25:44
3236345,لفور,2026-10-03,باز,4350000,,,,2026-09-08T18:25:44
3236345,لفور,2026-10-04,باز,4350000,,,,2026-09-08T18:25:44
3236345,لفور,2026-10-05,باز,4350000,,,,2026-09-08T18:25:44
3236345,لفور,2026-10-06,باز,4350000,,,,2026-09-08T18:25:44
3236345,لفور,2026-10-07,باز,4500000,,,بله,2026-09-08T18:25:44
3236345,لفور,2026-10-08,باز,4500000,,,بله,2026-09-08T18:25:44
3237859,سیدکلا,2026-09-08,بسته (مشاهده‌شده - دلیل نامشخص),2500000,,,,2026-09-08T18:25:45
3237859,سیدکلا,2026-09-09,بسته (مشاهده‌شده - دلیل نامشخص),4000000,,,بله,2026-09-08T18:25:45
3237859,سیدکلا,2026-09-10,بسته (مشاهده‌شده - دلیل نامشخص),3000000,,,بله,2026-09-08T18:25:45
3237859,سیدکلا,2026-09-11,بسته (مشاهده‌شده - دلیل نامشخص),3000000,,,,2026-09-08T18:25:45
3237859,سیدکلا,2026-09-12,بسته (مشاهده‌شده - دلیل نامشخص),2500000,,,,2026-09-08T18:25:45
3237859,سیدکلا,2026-09-13,بسته (مشاهده‌شده - دلیل نامشخص),2500000,,,,2026-09-08T18:25:45
3237859,سیدکلا,2026-09-14,بسته (مشاهده‌شده - دلیل نامشخص),2500000,,,,2026-09-08T18:25:45
3237859,سیدکلا,2026-09-15,بسته (مشاهده‌شده - دلیل نامشخص),2500000,,,,2026-09-08T18:25:45
3237859,سیدکلا,2026-09-16,بسته (مشاهده‌شده - دلیل نامشخص),4000000,,,بله,2026-09-08T18:25:45
3237859,سیدکلا,2026-09-17,بسته (مشاهده‌شده - دلیل نامشخص),3000000,,,بله,2026-09-08T18:25:45
3237859,سیدکلا,2026-09-18,بسته (مشاهده‌شده - دلیل نامشخص),3000000,,,,2026-09-08T18:25:45
3237859,سیدکلا,2026-09-19,بسته (مشاهده‌شده - دلیل نامشخص),2500000,,,,2026-09-08T18:25:45
3237859,سیدکلا,2026-09-20,بسته (مشاهده‌شده - دلیل نامشخص),2500000,,,,2026-09-08T18:25:45
3237859,سیدکلا,2026-09-21,بسته (مشاهده‌شده - دلیل نامشخص),2500000,,,,2026-09-08T18:25:45
3237859,سیدکلا,2026-09-22,بسته (مشاهده‌شده - دلیل نامشخص),2500000,,,,2026-09-08T18:25:45
3237859,سیدکلا,2026-09-23,باز,2200000,,,بله,2026-09-08T18:25:45
3237859,سیدکلا,2026-09-24,باز,2200000,,,بله,2026-09-08T18:25:45
3237859,سیدکلا,2026-09-25,باز,1500000,,,,2026-09-08T18:25:45
3237859,سیدکلا,2026-09-26,باز,1500000,,,,2026-09-08T18:25:45
3237859,سیدکلا,2026-09-27,باز,1500000,,,,2026-09-08T18:25:45
3237859,سیدکلا,2026-09-28,باز,1500000,,,,2026-09-08T18:25:45
3237859,سیدکلا,2026-09-29,باز,1500000,,,,2026-09-08T18:25:45
3237859,سیدکلا,2026-09-30,باز,2200000,,,بله,2026-09-08T18:25:45
3237859,سیدکلا,2026-10-01,باز,2200000,,,بله,2026-09-08T18:25:45
3237859,سیدکلا,2026-10-02,باز,1500000,,,,2026-09-08T18:25:45
3237859,سیدکلا,2026-10-03,باز,1500000,,,,2026-09-08T18:25:45
3237859,سیدکلا,2026-10-04,باز,1500000,,,,2026-09-08T18:25:45
3237859,سیدکلا,2026-10-05,باز,1500000,,,,2026-09-08T18:25:45
3237859,سیدکلا,2026-10-06,باز,1500000,,,,2026-09-08T18:25:45
3237859,سیدکلا,2026-10-07,باز,2200000,,,بله,2026-09-08T18:25:45
3237859,سیدکلا,2026-10-08,باز,2200000,,,بله,2026-09-08T18:25:45
3237885,درازکلا,2026-09-08,بسته (مشاهده‌شده - دلیل نامشخص),3800000,,,,2026-09-08T18:25:47
3237885,درازکلا,2026-09-09,بسته (مشاهده‌شده - دلیل نامشخص),4200000,,,,2026-09-08T18:25:47
3237885,درازکلا,2026-09-10,باز,5990000,,,بله,2026-09-08T18:25:47
3237885,درازکلا,2026-09-11,بسته (مشاهده‌شده - دلیل نامشخص),4800000,,,بله,2026-09-08T18:25:47
3237885,درازکلا,2026-09-12,بسته (مشاهده‌شده - دلیل نامشخص),3800000,,,,2026-09-08T18:25:47
3237885,درازکلا,2026-09-13,باز,3800000,,,,2026-09-08T18:25:47
3237885,درازکلا,2026-09-14,باز,3800000,,,,2026-09-08T18:25:47
3237885,درازکلا,2026-09-15,باز,3800000,,,,2026-09-08T18:25:47
3237885,درازکلا,2026-09-16,باز,4200000,,,,2026-09-08T18:25:47
3237885,درازکلا,2026-09-17,باز,5990000,,,بله,2026-09-08T18:25:47
3237885,درازکلا,2026-09-18,باز,4800000,,,بله,2026-09-08T18:25:47
3237885,درازکلا,2026-09-19,باز,3800000,,,,2026-09-08T18:25:47
3237885,درازکلا,2026-09-20,باز,3800000,,,,2026-09-08T18:25:47
3237885,درازکلا,2026-09-21,باز,3800000,,,,2026-09-08T18:25:47
3237885,درازکلا,2026-09-22,باز,3800000,,,,2026-09-08T18:25:47
3237885,درازکلا,2026-09-23,باز,2500000,,,,2026-09-08T18:25:47
3237885,درازکلا,2026-09-24,باز,3800000,,,بله,2026-09-08T18:25:47
3237885,درازکلا,2026-09-25,باز,3800000,,,بله,2026-09-08T18:25:47
3237885,درازکلا,2026-09-26,باز,2500000,,,,2026-09-08T18:25:47
3237885,درازکلا,2026-09-27,باز,2500000,,,,2026-09-08T18:25:47
3237885,درازکلا,2026-09-28,باز,2500000,,,,2026-09-08T18:25:47
3237885,درازکلا,2026-09-29,باز,2500000,,,,2026-09-08T18:25:47
3237885,درازکلا,2026-09-30,باز,2500000,,,,2026-09-08T18:25:47
3237885,درازکلا,2026-10-01,باز,3800000,,,بله,2026-09-08T18:25:47
3237885,درازکلا,2026-10-02,باز,3800000,,,بله,2026-09-08T18:25:47
3237885,درازکلا,2026-10-03,باز,2500000,,,,2026-09-08T18:25:47
3237885,درازکلا,2026-10-04,باز,2500000,,,,2026-09-08T18:25:47
3237885,درازکلا,2026-10-05,باز,2500000,,,,2026-09-08T18:25:47
3237885,درازکلا,2026-10-06,باز,2500000,,,,2026-09-08T18:25:47
3237885,درازکلا,2026-10-07,باز,2500000,,,,2026-09-08T18:25:47
3237885,درازکلا,2026-10-08,باز,3800000,,,بله,2026-09-08T18:25:47
3238785,بابلکنار,2026-09-08,بسته (مشاهده‌شده - دلیل نامشخص),3850000,,,,2026-09-08T18:25:49
3238785,بابلکنار,2026-09-09,بسته (مشاهده‌شده - دلیل نامشخص),4250000,,,بله,2026-09-08T18:25:49
3238785,بابلکنار,2026-09-10,بسته (مشاهده‌شده - دلیل نامشخص),6900000,,,بله,2026-09-08T18:25:49
3238785,بابلکنار,2026-09-11,باز,4500000,,,,2026-09-08T18:25:49
3238785,بابلکنار,2026-09-12,بسته (مشاهده‌شده - دلیل نامشخص),3850000,,,,2026-09-08T18:25:49
3238785,بابلکنار,2026-09-13,بسته (مشاهده‌شده - دلیل نامشخص),3850000,,,,2026-09-08T18:25:49
3238785,بابلکنار,2026-09-14,بسته (مشاهده‌شده - دلیل نامشخص),3850000,,,,2026-09-08T18:25:49
3238785,بابلکنار,2026-09-15,باز,3500000,,,,2026-09-08T18:25:49
3238785,بابلکنار,2026-09-16,باز,5500000,,,بله,2026-09-08T18:25:49
3238785,بابلکنار,2026-09-17,بسته (مشاهده‌شده - دلیل نامشخص),4500000,,,بله,2026-09-08T18:25:49
3238785,بابلکنار,2026-09-18,بسته (مشاهده‌شده - دلیل نامشخص),3850000,,,,2026-09-08T18:25:49
3238785,بابلکنار,2026-09-19,بسته (مشاهده‌شده - دلیل نامشخص),4500000,,,,2026-09-08T18:25:49
3238785,بابلکنار,2026-09-20,بسته (مشاهده‌شده - دلیل نامشخص),4500000,,,,2026-09-08T18:25:49
3238785,بابلکنار,2026-09-21,باز,4500000,,,,2026-09-08T18:25:49
3238785,بابلکنار,2026-09-22,باز,4500000,,,,2026-09-08T18:25:49
3238785,بابلکنار,2026-09-23,باز,8000000,,,بله,2026-09-08T18:25:49
3238785,بابلکنار,2026-09-24,باز,8000000,,,بله,2026-09-08T18:25:49
3238785,بابلکنار,2026-09-25,باز,8000000,,,,2026-09-08T18:25:49
3238785,بابلکنار,2026-09-26,باز,8000000,,,,2026-09-08T18:25:49
3238785,بابلکنار,2026-09-27,باز,8000000,,,,2026-09-08T18:25:49
3238785,بابلکنار,2026-09-28,باز,8000000,,,,2026-09-08T18:25:49
3238785,بابلکنار,2026-09-29,باز,8000000,,,,2026-09-08T18:25:49
3238785,بابلکنار,2026-09-30,باز,8000000,,,بله,2026-09-08T18:25:49
3238785,بابلکنار,2026-10-01,باز,8000000,,,بله,2026-09-08T18:25:49
3238785,بابلکنار,2026-10-02,باز,8000000,,,,2026-09-08T18:25:49
3238785,بابلکنار,2026-10-03,باز,8000000,,,,2026-09-08T18:25:49
3238785,بابلکنار,2026-10-04,باز,8000000,,,,2026-09-08T18:25:49
3238785,بابلکنار,2026-10-05,باز,8000000,,,,2026-09-08T18:25:49
3238785,بابلکنار,2026-10-06,باز,8000000,,,,2026-09-08T18:25:49
3238785,بابلکنار,2026-10-07,باز,8000000,,,بله,2026-09-08T18:25:49
3238785,بابلکنار,2026-10-08,باز,8000000,,,بله,2026-09-08T18:25:49
3239170,مرزیکلا,2026-09-08,بسته (مشاهده‌شده - دلیل نامشخص),2880000,,,,2026-09-08T18:25:50
3239170,مرزیکلا,2026-09-09,بسته (مشاهده‌شده - دلیل نامشخص),4200000,20,,بله,2026-09-08T18:25:50
3239170,مرزیکلا,2026-09-10,بسته (مشاهده‌شده - دلیل نامشخص),4200000,,,بله,2026-09-08T18:25:50
3239170,مرزیکلا,2026-09-11,بسته (مشاهده‌شده - دلیل نامشخص),3000000,,,,2026-09-08T18:25:50
3239170,مرزیکلا,2026-09-12,بسته (مشاهده‌شده - دلیل نامشخص),3000000,,,,2026-09-08T18:25:50
3239170,مرزیکلا,2026-09-13,بسته (مشاهده‌شده - دلیل نامشخص),3000000,,,,2026-09-08T18:25:50
3239170,مرزیکلا,2026-09-14,باز,3000000,10,,,2026-09-08T18:25:50
3239170,مرزیکلا,2026-09-15,باز,3000000,10,,,2026-09-08T18:25:50
3239170,مرزیکلا,2026-09-16,باز,4200000,,,بله,2026-09-08T18:25:50
3239170,مرزیکلا,2026-09-17,باز,4200000,,,بله,2026-09-08T18:25:50
3239170,مرزیکلا,2026-09-18,باز,3000000,,,,2026-09-08T18:25:50
3239170,مرزیکلا,2026-09-19,باز,3000000,,,,2026-09-08T18:25:50
3239170,مرزیکلا,2026-09-20,باز,3000000,,,,2026-09-08T18:25:50
3239170,مرزیکلا,2026-09-21,باز,3000000,,,,2026-09-08T18:25:50
3239170,مرزیکلا,2026-09-22,باز,3000000,,,,2026-09-08T18:25:50
3239170,مرزیکلا,2026-09-23,باز,4100000,,,بله,2026-09-08T18:25:50
3239170,مرزیکلا,2026-09-24,باز,4100000,,,بله,2026-09-08T18:25:50
3239170,مرزیکلا,2026-09-25,باز,2500000,,,,2026-09-08T18:25:50
3239170,مرزیکلا,2026-09-26,باز,2500000,,,,2026-09-08T18:25:50
3239170,مرزیکلا,2026-09-27,باز,2500000,,,,2026-09-08T18:25:50
3239170,مرزیکلا,2026-09-28,باز,2500000,,,,2026-09-08T18:25:50
3239170,مرزیکلا,2026-09-29,باز,2500000,,,,2026-09-08T18:25:50
3239170,مرزیکلا,2026-09-30,باز,4100000,,,بله,2026-09-08T18:25:50
3239170,مرزیکلا,2026-10-01,باز,4100000,,,بله,2026-09-08T18:25:50
3239170,مرزیکلا,2026-10-02,باز,2500000,,,,2026-09-08T18:25:50
3239170,مرزیکلا,2026-10-03,باز,2500000,,,,2026-09-08T18:25:50
3239170,مرزیکلا,2026-10-04,باز,2500000,,,,2026-09-08T18:25:50
3239170,مرزیکلا,2026-10-05,باز,2500000,,,,2026-09-08T18:25:50
3239170,مرزیکلا,2026-10-06,باز,2500000,,,,2026-09-08T18:25:50
3239170,مرزیکلا,2026-10-07,باز,4100000,,,بله,2026-09-08T18:25:50
3239170,مرزیکلا,2026-10-08,باز,4100000,,,بله,2026-09-08T18:25:50
3239562,بابلکنار,2026-09-08,بسته (مشاهده‌شده - دلیل نامشخص),5000000,,,,2026-09-08T18:26:15
3239562,بابلکنار,2026-09-09,باز,4500000,,,بله,2026-09-08T18:26:15
3239562,بابلکنار,2026-09-10,باز,6000000,,,بله,2026-09-08T18:26:15
3239562,بابلکنار,2026-09-11,باز,6000000,,,,2026-09-08T18:26:15
3239562,بابلکنار,2026-09-12,باز,9000000,,,,2026-09-08T18:26:15
3239562,بابلکنار,2026-09-13,باز,9000000,,,,2026-09-08T18:26:15
3239562,بابلکنار,2026-09-14,باز,9000000,,,,2026-09-08T18:26:15
3239562,بابلکنار,2026-09-15,باز,10000000,,,,2026-09-08T18:26:15
3239562,بابلکنار,2026-09-16,باز,10000000,,,بله,2026-09-08T18:26:15
3239562,بابلکنار,2026-09-17,باز,10000000,,,بله,2026-09-08T18:26:15
3239562,بابلکنار,2026-09-18,باز,10000000,,,,2026-09-08T18:26:15
3239562,بابلکنار,2026-09-19,باز,10000000,,,,2026-09-08T18:26:15
3239562,بابلکنار,2026-09-20,باز,10000000,,,,2026-09-08T18:26:15
3239562,بابلکنار,2026-09-21,باز,10000000,,,,2026-09-08T18:26:15
3239562,بابلکنار,2026-09-22,باز,10000000,,,,2026-09-08T18:26:15
3239562,بابلکنار,2026-09-23,باز,8000000,,,بله,2026-09-08T18:26:15
3239562,بابلکنار,2026-09-24,باز,8000000,,,بله,2026-09-08T18:26:15
3239562,بابلکنار,2026-09-25,باز,5000000,,,,2026-09-08T18:26:15
3239562,بابلکنار,2026-09-26,باز,5000000,,,,2026-09-08T18:26:15
3239562,بابلکنار,2026-09-27,باز,5000000,,,,2026-09-08T18:26:15
3239562,بابلکنار,2026-09-28,باز,5000000,,,,2026-09-08T18:26:15
3239562,بابلکنار,2026-09-29,باز,5000000,,,,2026-09-08T18:26:15
3239562,بابلکنار,2026-09-30,باز,4000000,,,بله,2026-09-08T18:26:15
3239562,بابلکنار,2026-10-01,باز,5000000,,,بله,2026-09-08T18:26:15
3239562,بابلکنار,2026-10-02,بسته (مشاهده‌شده - دلیل نامشخص),2500000,,,,2026-09-08T18:26:15
3239562,بابلکنار,2026-10-03,باز,2500000,,,,2026-09-08T18:26:15
3239562,بابلکنار,2026-10-04,باز,2500000,,,,2026-09-08T18:26:15
3239562,بابلکنار,2026-10-05,باز,2500000,,,,2026-09-08T18:26:15
3239562,بابلکنار,2026-10-06,باز,2500000,,,,2026-09-08T18:26:15
3239562,بابلکنار,2026-10-07,باز,3000000,,,بله,2026-09-08T18:26:15
3239562,بابلکنار,2026-10-08,باز,5000000,,,بله,2026-09-08T18:26:15
3239829,مرزیکلا,2026-09-08,بسته (مشاهده‌شده - دلیل نامشخص),4500000,,,,2026-09-08T18:26:19
3239829,مرزیکلا,2026-09-09,بسته (مشاهده‌شده - دلیل نامشخص),5000000,,,بله,2026-09-08T18:26:19
3239829,مرزیکلا,2026-09-10,بسته (مشاهده‌شده - دلیل نامشخص),5000000,,,بله,2026-09-08T18:26:19
3239829,مرزیکلا,2026-09-11,باز,4500000,20,,,2026-09-08T18:26:19
3239829,مرزیکلا,2026-09-12,باز,4500000,20,,,2026-09-08T18:26:19
3239829,مرزیکلا,2026-09-13,باز,4500000,20,,,2026-09-08T18:26:19
3239829,مرزیکلا,2026-09-14,باز,4500000,20,,,2026-09-08T18:26:19
3239829,مرزیکلا,2026-09-15,باز,4500000,20,,,2026-09-08T18:26:19
3239829,مرزیکلا,2026-09-16,باز,5000000,20,,بله,2026-09-08T18:26:19
3239829,مرزیکلا,2026-09-17,باز,5000000,,,بله,2026-09-08T18:26:19
3239829,مرزیکلا,2026-09-18,باز,4500000,,,,2026-09-08T18:26:19
3239829,مرزیکلا,2026-09-19,باز,4500000,,,,2026-09-08T18:26:19
3239829,مرزیکلا,2026-09-20,باز,4500000,,,,2026-09-08T18:26:19
3239829,مرزیکلا,2026-09-21,باز,4500000,,,,2026-09-08T18:26:19
3239829,مرزیکلا,2026-09-22,باز,4500000,,,,2026-09-08T18:26:19
3239829,مرزیکلا,2026-09-23,باز,4000000,,,بله,2026-09-08T18:26:19
3239829,مرزیکلا,2026-09-24,باز,4000000,,,بله,2026-09-08T18:26:19
3239829,مرزیکلا,2026-09-25,باز,3500000,,,,2026-09-08T18:26:19
3239829,مرزیکلا,2026-09-26,باز,3500000,,,,2026-09-08T18:26:19
3239829,مرزیکلا,2026-09-27,باز,3500000,,,,2026-09-08T18:26:19
3239829,مرزیکلا,2026-09-28,باز,3500000,,,,2026-09-08T18:26:19
3239829,مرزیکلا,2026-09-29,باز,3500000,,,,2026-09-08T18:26:19
3239829,مرزیکلا,2026-09-30,باز,4000000,,,بله,2026-09-08T18:26:19
3239829,مرزیکلا,2026-10-01,باز,4000000,,,بله,2026-09-08T18:26:19
3239829,مرزیکلا,2026-10-02,باز,3500000,,,,2026-09-08T18:26:19
3239829,مرزیکلا,2026-10-03,باز,3500000,,,,2026-09-08T18:26:19
3239829,مرزیکلا,2026-10-04,باز,3500000,,,,2026-09-08T18:26:19
3239829,مرزیکلا,2026-10-05,باز,3500000,,,,2026-09-08T18:26:19
3239829,مرزیکلا,2026-10-06,باز,3500000,,,,2026-09-08T18:26:19
3239829,مرزیکلا,2026-10-07,باز,4000000,,,بله,2026-09-08T18:26:19
3239829,مرزیکلا,2026-10-08,باز,4000000,,,بله,2026-09-08T18:26:19
3239918,کاردرکلا,2026-09-08,بسته (مشاهده‌شده - دلیل نامشخص),4800000,,,,2026-09-08T18:26:22
3239918,کاردرکلا,2026-09-09,بسته (مشاهده‌شده - دلیل نامشخص),5000000,,,بله,2026-09-08T18:26:22
3239918,کاردرکلا,2026-09-10,بسته (مشاهده‌شده - دلیل نامشخص),6000000,,,بله,2026-09-08T18:26:22
3239918,کاردرکلا,2026-09-11,بسته (مشاهده‌شده - دلیل نامشخص),4800000,,,,2026-09-08T18:26:22
3239918,کاردرکلا,2026-09-12,باز,4800000,,,,2026-09-08T18:26:22
3239918,کاردرکلا,2026-09-13,باز,4800000,,,,2026-09-08T18:26:22
3239918,کاردرکلا,2026-09-14,باز,4800000,,,,2026-09-08T18:26:22
3239918,کاردرکلا,2026-09-15,باز,4800000,,,,2026-09-08T18:26:22
3239918,کاردرکلا,2026-09-16,باز,5000000,,,بله,2026-09-08T18:26:22
3239918,کاردرکلا,2026-09-17,باز,6000000,,,بله,2026-09-08T18:26:22
3239918,کاردرکلا,2026-09-18,باز,4800000,,,,2026-09-08T18:26:22
3239918,کاردرکلا,2026-09-19,باز,4800000,,,,2026-09-08T18:26:22
3239918,کاردرکلا,2026-09-20,باز,4800000,,,,2026-09-08T18:26:22
3239918,کاردرکلا,2026-09-21,باز,4800000,,,,2026-09-08T18:26:22
3239918,کاردرکلا,2026-09-22,باز,4800000,,,,2026-09-08T18:26:22
3239918,کاردرکلا,2026-09-23,باز,4500000,,,بله,2026-09-08T18:26:22
3239918,کاردرکلا,2026-09-24,باز,4500000,,,بله,2026-09-08T18:26:22
3239918,کاردرکلا,2026-09-25,باز,3500000,,,,2026-09-08T18:26:22
3239918,کاردرکلا,2026-09-26,باز,3500000,,,,2026-09-08T18:26:22
3239918,کاردرکلا,2026-09-27,باز,3500000,,,,2026-09-08T18:26:22
3239918,کاردرکلا,2026-09-28,باز,3500000,,,,2026-09-08T18:26:22
3239918,کاردرکلا,2026-09-29,باز,3500000,,,,2026-09-08T18:26:22
3239918,کاردرکلا,2026-09-30,باز,4500000,,,بله,2026-09-08T18:26:22
3239918,کاردرکلا,2026-10-01,باز,4500000,,,بله,2026-09-08T18:26:22
3239918,کاردرکلا,2026-10-02,باز,3500000,,,,2026-09-08T18:26:22
3239918,کاردرکلا,2026-10-03,باز,3500000,,,,2026-09-08T18:26:22
3239918,کاردرکلا,2026-10-04,باز,3500000,,,,2026-09-08T18:26:22
3239918,کاردرکلا,2026-10-05,باز,3500000,,,,2026-09-08T18:26:22
3239918,کاردرکلا,2026-10-06,باز,3500000,,,,2026-09-08T18:26:22
3239918,کاردرکلا,2026-10-07,باز,4500000,,,بله,2026-09-08T18:26:22
3239918,کاردرکلا,2026-10-08,باز,4500000,,,بله,2026-09-08T18:26:22
3240255,گونه کلا,2026-09-08,بسته (مشاهده‌شده - دلیل نامشخص),9900000,,,,2026-09-08T18:26:28
3240255,گونه کلا,2026-09-09,بسته (مشاهده‌شده - دلیل نامشخص),14600000,,,بله,2026-09-08T18:26:28
3240255,گونه کلا,2026-09-10,بسته (مشاهده‌شده - دلیل نامشخص),14850000,,,بله,2026-09-08T18:26:28
3240255,گونه کلا,2026-09-11,باز,10990000,,,,2026-09-08T18:26:28
3240255,گونه کلا,2026-09-12,بسته (مشاهده‌شده - دلیل نامشخص),9990000,,,,2026-09-08T18:26:28
3240255,گونه کلا,2026-09-13,بسته (مشاهده‌شده - دلیل نامشخص),9990000,,,,2026-09-08T18:26:28
3240255,گونه کلا,2026-09-14,بسته (مشاهده‌شده - دلیل نامشخص),9990000,,,,2026-09-08T18:26:28
3240255,گونه کلا,2026-09-15,باز,10990000,,,,2026-09-08T18:26:28
3240255,گونه کلا,2026-09-16,باز,15000000,,,بله,2026-09-08T18:26:28
3240255,گونه کلا,2026-09-17,باز,15500000,,,بله,2026-09-08T18:26:28
3240255,گونه کلا,2026-09-18,بسته (مشاهده‌شده - دلیل نامشخص),9990000,,,,2026-09-08T18:26:28
3240255,گونه کلا,2026-09-19,بسته (مشاهده‌شده - دلیل نامشخص),9990000,,,,2026-09-08T18:26:28
3240255,گونه کلا,2026-09-20,باز,10990000,,,,2026-09-08T18:26:28
3240255,گونه کلا,2026-09-21,باز,10990000,,,,2026-09-08T18:26:28
3240255,گونه کلا,2026-09-22,باز,10990000,,,,2026-09-08T18:26:28
3240255,گونه کلا,2026-09-23,باز,10500000,,,بله,2026-09-08T18:26:28
3240255,گونه کلا,2026-09-24,بسته (مشاهده‌شده - دلیل نامشخص),11500000,,,بله,2026-09-08T18:26:28
3240255,گونه کلا,2026-09-25,باز,9500000,,,,2026-09-08T18:26:28
3240255,گونه کلا,2026-09-26,باز,9500000,,,,2026-09-08T18:26:28
3240255,گونه کلا,2026-09-27,باز,9500000,,,,2026-09-08T18:26:28
3240255,گونه کلا,2026-09-28,باز,9500000,,,,2026-09-08T18:26:28
3240255,گونه کلا,2026-09-29,باز,9500000,,,,2026-09-08T18:26:28
3240255,گونه کلا,2026-09-30,باز,10500000,,,بله,2026-09-08T18:26:28
3240255,گونه کلا,2026-10-01,باز,12000000,,,بله,2026-09-08T18:26:28
3240255,گونه کلا,2026-10-02,باز,9500000,,,,2026-09-08T18:26:28
3240255,گونه کلا,2026-10-03,باز,9500000,,,,2026-09-08T18:26:28
3240255,گونه کلا,2026-10-04,باز,9500000,,,,2026-09-08T18:26:28
3240255,گونه کلا,2026-10-05,باز,9500000,,,,2026-09-08T18:26:28
3240255,گونه کلا,2026-10-06,باز,9500000,,,,2026-09-08T18:26:28
3240255,گونه کلا,2026-10-07,باز,10500000,,,بله,2026-09-08T18:26:28
3240255,گونه کلا,2026-10-08,باز,12000000,,,بله,2026-09-08T18:26:28
3240445,سیدکلا,2026-09-08,بسته (مشاهده‌شده - دلیل نامشخص),2500000,,,,2026-09-08T18:26:30
3240445,سیدکلا,2026-09-09,بسته (مشاهده‌شده - دلیل نامشخص),2980000,,,بله,2026-09-08T18:26:30
3240445,سیدکلا,2026-09-10,باز,4980000,,,بله,2026-09-08T18:26:30
3240445,سیدکلا,2026-09-11,بسته (مشاهده‌شده - دلیل نامشخص),2500000,,,,2026-09-08T18:26:30
3240445,سیدکلا,2026-09-12,بسته (مشاهده‌شده - دلیل نامشخص),2500000,,,,2026-09-08T18:26:30
3240445,سیدکلا,2026-09-13,باز,2500000,,,,2026-09-08T18:26:30
3240445,سیدکلا,2026-09-14,باز,2500000,,,,2026-09-08T18:26:30
3240445,سیدکلا,2026-09-15,باز,2500000,,,,2026-09-08T18:26:30
3240445,سیدکلا,2026-09-16,باز,2980000,,,بله,2026-09-08T18:26:30
3240445,سیدکلا,2026-09-17,باز,4980000,,,بله,2026-09-08T18:26:30
3240445,سیدکلا,2026-09-18,باز,2500000,,,,2026-09-08T18:26:30
3240445,سیدکلا,2026-09-19,باز,2500000,,,,2026-09-08T18:26:30
3240445,سیدکلا,2026-09-20,باز,2500000,,,,2026-09-08T18:26:30
3240445,سیدکلا,2026-09-21,باز,2500000,,,,2026-09-08T18:26:30
3240445,سیدکلا,2026-09-22,باز,2500000,,,,2026-09-08T18:26:30
3240445,سیدکلا,2026-09-23,بسته (مشاهده‌شده - دلیل نامشخص),4000000,,,بله,2026-09-08T18:26:30
3240445,سیدکلا,2026-09-24,بسته (مشاهده‌شده - دلیل نامشخص),4000000,,,بله,2026-09-08T18:26:30
3240445,سیدکلا,2026-09-25,بسته (مشاهده‌شده - دلیل نامشخص),2000000,,,,2026-09-08T18:26:30
3240445,سیدکلا,2026-09-26,بسته (مشاهده‌شده - دلیل نامشخص),2000000,,,,2026-09-08T18:26:30
3240445,سیدکلا,2026-09-27,باز,1990000,,,,2026-09-08T18:26:30
3240445,سیدکلا,2026-09-28,باز,1990000,,,,2026-09-08T18:26:30
3240445,سیدکلا,2026-09-29,باز,1990000,,,,2026-09-08T18:26:30
3240445,سیدکلا,2026-09-30,باز,3980000,,,بله,2026-09-08T18:26:30
3240445,سیدکلا,2026-10-01,باز,3980000,,,بله,2026-09-08T18:26:30
3240445,سیدکلا,2026-10-02,باز,1990000,,,,2026-09-08T18:26:30
3240445,سیدکلا,2026-10-03,باز,1990000,,,,2026-09-08T18:26:30
3240445,سیدکلا,2026-10-04,باز,1990000,,,,2026-09-08T18:26:30
3240445,سیدکلا,2026-10-05,باز,1990000,,,,2026-09-08T18:26:30
3240445,سیدکلا,2026-10-06,باز,1990000,,,,2026-09-08T18:26:30
3240445,سیدکلا,2026-10-07,باز,3980000,,,بله,2026-09-08T18:26:30
3240445,سیدکلا,2026-10-08,باز,3980000,,,بله,2026-09-08T18:26:30
3240541,رئیس کلا,2026-09-08,بسته (مشاهده‌شده - دلیل نامشخص),2400000,,,,2026-09-08T18:26:32
3240541,رئیس کلا,2026-09-09,بسته (مشاهده‌شده - دلیل نامشخص),3500000,,,بله,2026-09-08T18:26:32
3240541,رئیس کلا,2026-09-10,بسته (مشاهده‌شده - دلیل نامشخص),3500000,,,بله,2026-09-08T18:26:32
3240541,رئیس کلا,2026-09-11,بسته (مشاهده‌شده - دلیل نامشخص),2400000,,,,2026-09-08T18:26:32
3240541,رئیس کلا,2026-09-12,باز,2600000,,,,2026-09-08T18:26:32
3240541,رئیس کلا,2026-09-13,باز,2600000,,,,2026-09-08T18:26:32
3240541,رئیس کلا,2026-09-14,باز,2600000,,,,2026-09-08T18:26:32
3240541,رئیس کلا,2026-09-15,باز,2600000,,,,2026-09-08T18:26:32
3240541,رئیس کلا,2026-09-16,باز,3500000,,,بله,2026-09-08T18:26:32
3240541,رئیس کلا,2026-09-17,باز,3500000,,,بله,2026-09-08T18:26:32
3240541,رئیس کلا,2026-09-18,باز,2600000,,,,2026-09-08T18:26:32
3240541,رئیس کلا,2026-09-19,باز,2600000,,,,2026-09-08T18:26:32
3240541,رئیس کلا,2026-09-20,باز,2600000,,,,2026-09-08T18:26:32
3240541,رئیس کلا,2026-09-21,باز,2600000,,,,2026-09-08T18:26:32
3240541,رئیس کلا,2026-09-22,باز,2600000,,,,2026-09-08T18:26:32
3240541,رئیس کلا,2026-09-23,باز,2500000,,,بله,2026-09-08T18:26:32
3240541,رئیس کلا,2026-09-24,باز,2500000,,,بله,2026-09-08T18:26:32
3240541,رئیس کلا,2026-09-25,باز,1700000,,,,2026-09-08T18:26:32
3240541,رئیس کلا,2026-09-26,باز,1700000,,,,2026-09-08T18:26:32
3240541,رئیس کلا,2026-09-27,باز,1700000,,,,2026-09-08T18:26:32
3240541,رئیس کلا,2026-09-28,باز,1700000,,,,2026-09-08T18:26:32
3240541,رئیس کلا,2026-09-29,باز,1700000,,,,2026-09-08T18:26:32
3240541,رئیس کلا,2026-09-30,باز,2500000,,,بله,2026-09-08T18:26:32
3240541,رئیس کلا,2026-10-01,باز,2500000,,,بله,2026-09-08T18:26:32
3240541,رئیس کلا,2026-10-02,باز,1700000,,,,2026-09-08T18:26:32
3240541,رئیس کلا,2026-10-03,باز,1700000,,,,2026-09-08T18:26:32
3240541,رئیس کلا,2026-10-04,باز,1700000,,,,2026-09-08T18:26:32
3240541,رئیس کلا,2026-10-05,باز,1700000,,,,2026-09-08T18:26:32
3240541,رئیس کلا,2026-10-06,باز,1700000,,,,2026-09-08T18:26:32
3240541,رئیس کلا,2026-10-07,باز,2500000,,,بله,2026-09-08T18:26:32
3240541,رئیس کلا,2026-10-08,باز,2500000,,,بله,2026-09-08T18:26:32
3240912,کلاریکلا,2026-09-08,باز,2000000,10,,,2026-09-08T18:26:33
3240912,کلاریکلا,2026-09-09,بسته (مشاهده‌شده - دلیل نامشخص),2000000,,,بله,2026-09-08T18:26:33
3240912,کلاریکلا,2026-09-10,بسته (مشاهده‌شده - دلیل نامشخص),3000000,,,بله,2026-09-08T18:26:33
3240912,کلاریکلا,2026-09-11,بسته (مشاهده‌شده - دلیل نامشخص),2000000,,,,2026-09-08T18:26:33
3240912,کلاریکلا,2026-09-12,باز,2000000,,,,2026-09-08T18:26:33
3240912,کلاریکلا,2026-09-13,باز,2000000,,,,2026-09-08T18:26:33
3240912,کلاریکلا,2026-09-14,باز,2000000,,,,2026-09-08T18:26:33
3240912,کلاریکلا,2026-09-15,باز,2000000,,,,2026-09-08T18:26:33
3240912,کلاریکلا,2026-09-16,باز,2000000,,,بله,2026-09-08T18:26:33
3240912,کلاریکلا,2026-09-17,باز,3000000,,,بله,2026-09-08T18:26:33
3240912,کلاریکلا,2026-09-18,باز,2000000,,,,2026-09-08T18:26:33
3240912,کلاریکلا,2026-09-19,باز,2000000,,,,2026-09-08T18:26:33
3240912,کلاریکلا,2026-09-20,باز,2000000,,,,2026-09-08T18:26:33
3240912,کلاریکلا,2026-09-21,باز,2000000,,,,2026-09-08T18:26:33
3240912,کلاریکلا,2026-09-22,باز,2000000,,,,2026-09-08T18:26:33
3240912,کلاریکلا,2026-09-23,باز,2000000,,,بله,2026-09-08T18:26:33
3240912,کلاریکلا,2026-09-24,باز,3000000,,,بله,2026-09-08T18:26:33
3240912,کلاریکلا,2026-09-25,باز,2000000,,,,2026-09-08T18:26:33
3240912,کلاریکلا,2026-09-26,باز,2000000,,,,2026-09-08T18:26:33
3240912,کلاریکلا,2026-09-27,باز,2000000,,,,2026-09-08T18:26:33
3240912,کلاریکلا,2026-09-28,باز,2000000,,,,2026-09-08T18:26:33
3240912,کلاریکلا,2026-09-29,باز,2000000,,,,2026-09-08T18:26:33
3240912,کلاریکلا,2026-09-30,باز,2000000,,,بله,2026-09-08T18:26:33
3240912,کلاریکلا,2026-10-01,باز,3000000,,,بله,2026-09-08T18:26:33
3240912,کلاریکلا,2026-10-02,باز,2000000,,,,2026-09-08T18:26:33
3240912,کلاریکلا,2026-10-03,باز,2000000,,,,2026-09-08T18:26:33
3240912,کلاریکلا,2026-10-04,باز,2000000,,,,2026-09-08T18:26:33
3240912,کلاریکلا,2026-10-05,باز,2000000,,,,2026-09-08T18:26:33
3240912,کلاریکلا,2026-10-06,باز,2000000,,,,2026-09-08T18:26:33
3240912,کلاریکلا,2026-10-07,باز,2000000,,,بله,2026-09-08T18:26:33
3240912,کلاریکلا,2026-10-08,باز,3000000,,,بله,2026-09-08T18:26:33
3240990,گونه کلا,2026-09-08,بسته (مشاهده‌شده - دلیل نامشخص),6500000,,,,2026-09-08T18:26:35
3240990,گونه کلا,2026-09-09,باز,8500000,,,بله,2026-09-08T18:26:35
3240990,گونه کلا,2026-09-10,بسته (مشاهده‌شده - دلیل نامشخص),10500000,,,بله,2026-09-08T18:26:35
3240990,گونه کلا,2026-09-11,بسته (مشاهده‌شده - دلیل نامشخص),7500000,,,,2026-09-08T18:26:35
3240990,گونه کلا,2026-09-12,باز,6500000,,,,2026-09-08T18:26:35
3240990,گونه کلا,2026-09-13,بسته (مشاهده‌شده - دلیل نامشخص),6500000,,,,2026-09-08T18:26:35
3240990,گونه کلا,2026-09-14,بسته (مشاهده‌شده - دلیل نامشخص),6500000,,,,2026-09-08T18:26:35
3240990,گونه کلا,2026-09-15,باز,6500000,,,,2026-09-08T18:26:35
3240990,گونه کلا,2026-09-16,باز,8500000,,,بله,2026-09-08T18:26:35
3240990,گونه کلا,2026-09-17,باز,10500000,,,بله,2026-09-08T18:26:35
3240990,گونه کلا,2026-09-18,باز,7500000,,,,2026-09-08T18:26:35
3240990,گونه کلا,2026-09-19,باز,6500000,,,,2026-09-08T18:26:35
3240990,گونه کلا,2026-09-20,بسته (مشاهده‌شده - دلیل نامشخص),6500000,,,,2026-09-08T18:26:35
3240990,گونه کلا,2026-09-21,باز,6500000,,,,2026-09-08T18:26:35
3240990,گونه کلا,2026-09-22,باز,6500000,,,,2026-09-08T18:26:35
3240990,گونه کلا,2026-09-23,باز,6000000,,,بله,2026-09-08T18:26:35
3240990,گونه کلا,2026-09-24,باز,8000000,,,بله,2026-09-08T18:26:35
3240990,گونه کلا,2026-09-25,باز,5500000,,,,2026-09-08T18:26:35
3240990,گونه کلا,2026-09-26,باز,5000000,,,,2026-09-08T18:26:35
3240990,گونه کلا,2026-09-27,باز,5000000,,,,2026-09-08T18:26:35
3240990,گونه کلا,2026-09-28,باز,5000000,,,,2026-09-08T18:26:35
3240990,گونه کلا,2026-09-29,باز,5000000,,,,2026-09-08T18:26:35
3240990,گونه کلا,2026-09-30,باز,6000000,,,بله,2026-09-08T18:26:35
3240990,گونه کلا,2026-10-01,باز,8000000,,,بله,2026-09-08T18:26:35
3240990,گونه کلا,2026-10-02,باز,5500000,,,,2026-09-08T18:26:35
3240990,گونه کلا,2026-10-03,باز,5000000,,,,2026-09-08T18:26:35
3240990,گونه کلا,2026-10-04,باز,5000000,,,,2026-09-08T18:26:35
3240990,گونه کلا,2026-10-05,باز,5000000,,,,2026-09-08T18:26:35
3240990,گونه کلا,2026-10-06,باز,5000000,,,,2026-09-08T18:26:35
3240990,گونه کلا,2026-10-07,باز,6000000,,,بله,2026-09-08T18:26:35
3240990,گونه کلا,2026-10-08,باز,8000000,,,بله,2026-09-08T18:26:35
3241054,بابلکنار,2026-09-08,بسته (مشاهده‌شده - دلیل نامشخص),4870000,,,,2026-09-08T18:26:37
3241054,بابلکنار,2026-09-09,بسته (مشاهده‌شده - دلیل نامشخص),7500000,,,بله,2026-09-08T18:26:37
3241054,بابلکنار,2026-09-10,بسته (مشاهده‌شده - دلیل نامشخص),7500000,,,بله,2026-09-08T18:26:37
3241054,بابلکنار,2026-09-11,بسته (مشاهده‌شده - دلیل نامشخص),4870000,,,,2026-09-08T18:26:37
3241054,بابلکنار,2026-09-12,بسته (مشاهده‌شده - دلیل نامشخص),4870000,,,,2026-09-08T18:26:37
3241054,بابلکنار,2026-09-13,باز,4870000,,,,2026-09-08T18:26:37
3241054,بابلکنار,2026-09-14,باز,4870000,,,,2026-09-08T18:26:37
3241054,بابلکنار,2026-09-15,باز,4870000,,,,2026-09-08T18:26:37
3241054,بابلکنار,2026-09-16,باز,7500000,,,بله,2026-09-08T18:26:37
3241054,بابلکنار,2026-09-17,باز,7500000,,,بله,2026-09-08T18:26:37
3241054,بابلکنار,2026-09-18,باز,4870000,,,,2026-09-08T18:26:37
3241054,بابلکنار,2026-09-19,باز,4870000,,,,2026-09-08T18:26:37
3241054,بابلکنار,2026-09-20,باز,4870000,,,,2026-09-08T18:26:37
3241054,بابلکنار,2026-09-21,باز,4870000,,,,2026-09-08T18:26:37
3241054,بابلکنار,2026-09-22,باز,4870000,,,,2026-09-08T18:26:37
3241054,بابلکنار,2026-09-23,باز,6000000,,,بله,2026-09-08T18:26:37
3241054,بابلکنار,2026-09-24,باز,6000000,,,بله,2026-09-08T18:26:37
3241054,بابلکنار,2026-09-25,باز,4500000,,,,2026-09-08T18:26:37
3241054,بابلکنار,2026-09-26,باز,4500000,,,,2026-09-08T18:26:37
3241054,بابلکنار,2026-09-27,باز,4500000,,,,2026-09-08T18:26:37
3241054,بابلکنار,2026-09-28,باز,4500000,,,,2026-09-08T18:26:37
3241054,بابلکنار,2026-09-29,باز,4500000,,,,2026-09-08T18:26:37
3241054,بابلکنار,2026-09-30,باز,6000000,,,بله,2026-09-08T18:26:37
3241054,بابلکنار,2026-10-01,باز,6000000,,,بله,2026-09-08T18:26:37
3241054,بابلکنار,2026-10-02,باز,4500000,,,,2026-09-08T18:26:37
3241054,بابلکنار,2026-10-03,باز,4500000,,,,2026-09-08T18:26:37
3241054,بابلکنار,2026-10-04,باز,4500000,,,,2026-09-08T18:26:37
3241054,بابلکنار,2026-10-05,باز,4500000,,,,2026-09-08T18:26:37
3241054,بابلکنار,2026-10-06,باز,4500000,,,,2026-09-08T18:26:37
3241054,بابلکنار,2026-10-07,باز,6000000,,,بله,2026-09-08T18:26:37
3241054,بابلکنار,2026-10-08,باز,6000000,,,بله,2026-09-08T18:26:37
3241360,بالفکلا,2026-09-08,بسته (مشاهده‌شده - دلیل نامشخص),3999000,,,,2026-09-08T18:26:39
3241360,بالفکلا,2026-09-09,بسته (مشاهده‌شده - دلیل نامشخص),6000000,,,بله,2026-09-08T18:26:39
3241360,بالفکلا,2026-09-10,بسته (مشاهده‌شده - دلیل نامشخص),6000000,,,بله,2026-09-08T18:26:39
3241360,بالفکلا,2026-09-11,بسته (مشاهده‌شده - دلیل نامشخص),3500000,,,,2026-09-08T18:26:39
3241360,بالفکلا,2026-09-12,بسته (مشاهده‌شده - دلیل نامشخص),3999000,,,,2026-09-08T18:26:39
3241360,بالفکلا,2026-09-13,باز,3999000,,,,2026-09-08T18:26:39
3241360,بالفکلا,2026-09-14,باز,3999000,,,,2026-09-08T18:26:39
3241360,بالفکلا,2026-09-15,باز,3999000,,,,2026-09-08T18:26:39
3241360,بالفکلا,2026-09-16,بسته (مشاهده‌شده - دلیل نامشخص),6000000,,,بله,2026-09-08T18:26:39
3241360,بالفکلا,2026-09-17,بسته (مشاهده‌شده - دلیل نامشخص),6000000,,,بله,2026-09-08T18:26:39
3241360,بالفکلا,2026-09-18,باز,6000000,,,,2026-09-08T18:26:39
3241360,بالفکلا,2026-09-19,باز,3999000,,,,2026-09-08T18:26:39
3241360,بالفکلا,2026-09-20,باز,3999000,,,,2026-09-08T18:26:39
3241360,بالفکلا,2026-09-21,باز,3999000,,,,2026-09-08T18:26:39
3241360,بالفکلا,2026-09-22,باز,3999000,,,,2026-09-08T18:26:39
3241360,بالفکلا,2026-09-23,باز,5500000,,,بله,2026-09-08T18:26:39
3241360,بالفکلا,2026-09-24,باز,5500000,,,بله,2026-09-08T18:26:39
3241360,بالفکلا,2026-09-25,باز,4000000,,,,2026-09-08T18:26:39
3241360,بالفکلا,2026-09-26,باز,3500000,,,,2026-09-08T18:26:39
3241360,بالفکلا,2026-09-27,باز,3500000,,,,2026-09-08T18:26:39
3241360,بالفکلا,2026-09-28,باز,3500000,,,,2026-09-08T18:26:39
3241360,بالفکلا,2026-09-29,باز,3500000,,,,2026-09-08T18:26:39
3241360,بالفکلا,2026-09-30,باز,5500000,,,بله,2026-09-08T18:26:39
3241360,بالفکلا,2026-10-01,باز,5500000,,,بله,2026-09-08T18:26:39
3241360,بالفکلا,2026-10-02,باز,4000000,,,,2026-09-08T18:26:39
3241360,بالفکلا,2026-10-03,باز,3500000,,,,2026-09-08T18:26:39
3241360,بالفکلا,2026-10-04,باز,3500000,,,,2026-09-08T18:26:39
3241360,بالفکلا,2026-10-05,باز,3500000,,,,2026-09-08T18:26:39
3241360,بالفکلا,2026-10-06,باز,3500000,,,,2026-09-08T18:26:39
3241360,بالفکلا,2026-10-07,باز,5500000,,,بله,2026-09-08T18:26:39
3241360,بالفکلا,2026-10-08,باز,5500000,,,بله,2026-09-08T18:26:39
3241499,درازکلا,2026-09-08,بسته (مشاهده‌شده - دلیل نامشخص),2300000,,,,2026-09-08T18:26:41
3241499,درازکلا,2026-09-09,بسته (مشاهده‌شده - دلیل نامشخص),3000000,,,بله,2026-09-08T18:26:41
3241499,درازکلا,2026-09-10,بسته (مشاهده‌شده - دلیل نامشخص),4500000,,,بله,2026-09-08T18:26:41
3241499,درازکلا,2026-09-11,بسته (مشاهده‌شده - دلیل نامشخص),2350000,,,,2026-09-08T18:26:41
3241499,درازکلا,2026-09-12,بسته (مشاهده‌شده - دلیل نامشخص),2500000,,,,2026-09-08T18:26:41
3241499,درازکلا,2026-09-13,بسته (مشاهده‌شده - دلیل نامشخص),2500000,,,,2026-09-08T18:26:41
3241499,درازکلا,2026-09-14,بسته (مشاهده‌شده - دلیل نامشخص),2350000,,,,2026-09-08T18:26:41
3241499,درازکلا,2026-09-15,بسته (مشاهده‌شده - دلیل نامشخص),2350000,,,,2026-09-08T18:26:41
3241499,درازکلا,2026-09-16,بسته (مشاهده‌شده - دلیل نامشخص),3000000,,,بله,2026-09-08T18:26:41
3241499,درازکلا,2026-09-17,باز,4500000,,,بله,2026-09-08T18:26:41
3241499,درازکلا,2026-09-18,بسته (مشاهده‌شده - دلیل نامشخص),2350000,,,,2026-09-08T18:26:41
3241499,درازکلا,2026-09-19,بسته (مشاهده‌شده - دلیل نامشخص),2350000,,,,2026-09-08T18:26:41
3241499,درازکلا,2026-09-20,باز,2400000,,,,2026-09-08T18:26:41
3241499,درازکلا,2026-09-21,باز,2400000,,,,2026-09-08T18:26:41
3241499,درازکلا,2026-09-22,باز,2400000,,,,2026-09-08T18:26:41
3241499,درازکلا,2026-09-23,باز,3000000,,,بله,2026-09-08T18:26:41
3241499,درازکلا,2026-09-24,بسته (مشاهده‌شده - دلیل نامشخص),4000000,,,بله,2026-09-08T18:26:41
3241499,درازکلا,2026-09-25,بسته (مشاهده‌شده - دلیل نامشخص),2400000,,,,2026-09-08T18:26:41
3241499,درازکلا,2026-09-26,بسته (مشاهده‌شده - دلیل نامشخص),2400000,,,,2026-09-08T18:26:41
3241499,درازکلا,2026-09-27,باز,2400000,,,,2026-09-08T18:26:41
3241499,درازکلا,2026-09-28,باز,2400000,,,,2026-09-08T18:26:41
3241499,درازکلا,2026-09-29,باز,2400000,,,,2026-09-08T18:26:41
3241499,درازکلا,2026-09-30,باز,3000000,,,بله,2026-09-08T18:26:41
3241499,درازکلا,2026-10-01,باز,4200000,,,بله,2026-09-08T18:26:41
3241499,درازکلا,2026-10-02,باز,2400000,,,,2026-09-08T18:26:41
3241499,درازکلا,2026-10-03,باز,2400000,,,,2026-09-08T18:26:41
3241499,درازکلا,2026-10-04,باز,2400000,,,,2026-09-08T18:26:41
3241499,درازکلا,2026-10-05,باز,2400000,,,,2026-09-08T18:26:41
3241499,درازکلا,2026-10-06,باز,2400000,,,,2026-09-08T18:26:41
3241499,درازکلا,2026-10-07,باز,3000000,,,بله,2026-09-08T18:26:41
3241499,درازکلا,2026-10-08,باز,4200000,,,بله,2026-09-08T18:26:41
3242162,مرزیکلا,2026-09-08,بسته (مشاهده‌شده - دلیل نامشخص),3500000,,,,2026-09-08T18:26:44
3242162,مرزیکلا,2026-09-09,بسته (مشاهده‌شده - دلیل نامشخص),5000000,,,بله,2026-09-08T18:26:44
3242162,مرزیکلا,2026-09-10,بسته (مشاهده‌شده - دلیل نامشخص),5000000,,,بله,2026-09-08T18:26:44
3242162,مرزیکلا,2026-09-11,باز,3500000,,,,2026-09-08T18:26:44
3242162,مرزیکلا,2026-09-12,باز,3500000,,,,2026-09-08T18:26:44
3242162,مرزیکلا,2026-09-13,باز,3500000,,,,2026-09-08T18:26:44
3242162,مرزیکلا,2026-09-14,باز,3500000,,,,2026-09-08T18:26:44
3242162,مرزیکلا,2026-09-15,باز,3500000,,,,2026-09-08T18:26:44
3242162,مرزیکلا,2026-09-16,باز,5000000,,,بله,2026-09-08T18:26:44
3242162,مرزیکلا,2026-09-17,باز,5000000,,,بله,2026-09-08T18:26:44
3242162,مرزیکلا,2026-09-18,باز,3500000,,,,2026-09-08T18:26:44
3242162,مرزیکلا,2026-09-19,باز,3500000,,,,2026-09-08T18:26:44
3242162,مرزیکلا,2026-09-20,باز,3500000,,,,2026-09-08T18:26:44
3242162,مرزیکلا,2026-09-21,باز,3500000,,,,2026-09-08T18:26:44
3242162,مرزیکلا,2026-09-22,باز,3500000,,,,2026-09-08T18:26:44
3242162,مرزیکلا,2026-09-23,باز,2500000,,,بله,2026-09-08T18:26:44
3242162,مرزیکلا,2026-09-24,باز,2500000,,,بله,2026-09-08T18:26:44
3242162,مرزیکلا,2026-09-25,باز,1500000,,,,2026-09-08T18:26:44
3242162,مرزیکلا,2026-09-26,باز,1500000,,,,2026-09-08T18:26:44
3242162,مرزیکلا,2026-09-27,باز,1500000,,,,2026-09-08T18:26:44
3242162,مرزیکلا,2026-09-28,باز,1500000,,,,2026-09-08T18:26:44
3242162,مرزیکلا,2026-09-29,باز,1500000,,,,2026-09-08T18:26:44
3242162,مرزیکلا,2026-09-30,باز,2500000,,,بله,2026-09-08T18:26:44
3242162,مرزیکلا,2026-10-01,باز,2500000,,,بله,2026-09-08T18:26:44
3242162,مرزیکلا,2026-10-02,باز,1500000,,,,2026-09-08T18:26:44
3242162,مرزیکلا,2026-10-03,باز,1500000,,,,2026-09-08T18:26:44
3242162,مرزیکلا,2026-10-04,باز,1500000,,,,2026-09-08T18:26:44
3242162,مرزیکلا,2026-10-05,باز,1500000,,,,2026-09-08T18:26:44
3242162,مرزیکلا,2026-10-06,باز,1500000,,,,2026-09-08T18:26:44
3242162,مرزیکلا,2026-10-07,باز,2500000,,,بله,2026-09-08T18:26:44
3242162,مرزیکلا,2026-10-08,باز,2500000,,,بله,2026-09-08T18:26:44
3242603,بزچفت,2026-09-08,بسته (مشاهده‌شده - دلیل نامشخص),2200000,,,,2026-09-08T18:26:48
3242603,بزچفت,2026-09-09,بسته (مشاهده‌شده - دلیل نامشخص),2200000,,,بله,2026-09-08T18:26:48
3242603,بزچفت,2026-09-10,بسته (مشاهده‌شده - دلیل نامشخص),2700000,,,بله,2026-09-08T18:26:48
3242603,بزچفت,2026-09-11,بسته (مشاهده‌شده - دلیل نامشخص),2200000,,,,2026-09-08T18:26:48
3242603,بزچفت,2026-09-12,بسته (مشاهده‌شده - دلیل نامشخص),2200000,,,,2026-09-08T18:26:48
3242603,بزچفت,2026-09-13,باز,2500000,,,,2026-09-08T18:26:48
3242603,بزچفت,2026-09-14,باز,2500000,,,,2026-09-08T18:26:48
3242603,بزچفت,2026-09-15,باز,2500000,,,,2026-09-08T18:26:48
3242603,بزچفت,2026-09-16,باز,2500000,,,بله,2026-09-08T18:26:48
3242603,بزچفت,2026-09-17,باز,2900000,,,بله,2026-09-08T18:26:48
3242603,بزچفت,2026-09-18,باز,2500000,,,,2026-09-08T18:26:48
3242603,بزچفت,2026-09-19,باز,2500000,,,,2026-09-08T18:26:48
3242603,بزچفت,2026-09-20,باز,2500000,,,,2026-09-08T18:26:48
3242603,بزچفت,2026-09-21,باز,2500000,,,,2026-09-08T18:26:48
3242603,بزچفت,2026-09-22,باز,2500000,,,,2026-09-08T18:26:48
3242603,بزچفت,2026-09-23,باز,2500000,,,بله,2026-09-08T18:26:48
3242603,بزچفت,2026-09-24,باز,2800000,,,بله,2026-09-08T18:26:48
3242603,بزچفت,2026-09-25,باز,2500000,,,,2026-09-08T18:26:48
3242603,بزچفت,2026-09-26,باز,2500000,,,,2026-09-08T18:26:48
3242603,بزچفت,2026-09-27,باز,2500000,,,,2026-09-08T18:26:48
3242603,بزچفت,2026-09-28,باز,2500000,,,,2026-09-08T18:26:48
3242603,بزچفت,2026-09-29,باز,2500000,,,,2026-09-08T18:26:48
3242603,بزچفت,2026-09-30,باز,2500000,,,بله,2026-09-08T18:26:48
3242603,بزچفت,2026-10-01,باز,2800000,,,بله,2026-09-08T18:26:48
3242603,بزچفت,2026-10-02,باز,2500000,,,,2026-09-08T18:26:48
3242603,بزچفت,2026-10-03,باز,2500000,,,,2026-09-08T18:26:48
3242603,بزچفت,2026-10-04,باز,2500000,,,,2026-09-08T18:26:48
3242603,بزچفت,2026-10-05,باز,2500000,,,,2026-09-08T18:26:48
3242603,بزچفت,2026-10-06,باز,2500000,,,,2026-09-08T18:26:48
3242603,بزچفت,2026-10-07,باز,2500000,,,بله,2026-09-08T18:26:48
3242603,بزچفت,2026-10-08,باز,2800000,,,بله,2026-09-08T18:26:48
3242809,لفور,2026-09-08,بسته (مشاهده‌شده - دلیل نامشخص),2500000,,,,2026-09-08T18:26:50
3242809,لفور,2026-09-09,بسته (مشاهده‌شده - دلیل نامشخص),3000000,,,بله,2026-09-08T18:26:50
3242809,لفور,2026-09-10,بسته (مشاهده‌شده - دلیل نامشخص),3900000,,,بله,2026-09-08T18:26:50
3242809,لفور,2026-09-11,بسته (مشاهده‌شده - دلیل نامشخص),2000000,,,,2026-09-08T18:26:50
3242809,لفور,2026-09-12,بسته (مشاهده‌شده - دلیل نامشخص),2000000,,,,2026-09-08T18:26:50
3242809,لفور,2026-09-13,باز,2700000,,,,2026-09-08T18:26:50
3242809,لفور,2026-09-14,بسته (مشاهده‌شده - دلیل نامشخص),2000000,,,,2026-09-08T18:26:50
3242809,لفور,2026-09-15,باز,2000000,,,,2026-09-08T18:26:50
3242809,لفور,2026-09-16,باز,3000000,,,بله,2026-09-08T18:26:50
3242809,لفور,2026-09-17,باز,3900000,,,بله,2026-09-08T18:26:50
3242809,لفور,2026-09-18,باز,2700000,,,,2026-09-08T18:26:50
3242809,لفور,2026-09-19,باز,2700000,,,,2026-09-08T18:26:50
3242809,لفور,2026-09-20,باز,2700000,,,,2026-09-08T18:26:50
3242809,لفور,2026-09-21,باز,2700000,,,,2026-09-08T18:26:50
3242809,لفور,2026-09-22,باز,2700000,,,,2026-09-08T18:26:50
3242809,لفور,2026-09-23,بسته (مشاهده‌شده - دلیل نامشخص),3500000,,,بله,2026-09-08T18:26:50
3242809,لفور,2026-09-24,بسته (مشاهده‌شده - دلیل نامشخص),3500000,,,بله,2026-09-08T18:26:50
3242809,لفور,2026-09-25,بسته (مشاهده‌شده - دلیل نامشخص),2500000,,,,2026-09-08T18:26:50
3242809,لفور,2026-09-26,بسته (مشاهده‌شده - دلیل نامشخص),2500000,,,,2026-09-08T18:26:50
3242809,لفور,2026-09-27,بسته (مشاهده‌شده - دلیل نامشخص),2500000,,,,2026-09-08T18:26:50
3242809,لفور,2026-09-28,بسته (مشاهده‌شده - دلیل نامشخص),2500000,,,,2026-09-08T18:26:50
3242809,لفور,2026-09-29,بسته (مشاهده‌شده - دلیل نامشخص),2500000,,,,2026-09-08T18:26:50
3242809,لفور,2026-09-30,بسته (مشاهده‌شده - دلیل نامشخص),3500000,,,بله,2026-09-08T18:26:50
3242809,لفور,2026-10-01,بسته (مشاهده‌شده - دلیل نامشخص),3500000,,,بله,2026-09-08T18:26:50
3242809,لفور,2026-10-02,بسته (مشاهده‌شده - دلیل نامشخص),2500000,,,,2026-09-08T18:26:50
3242809,لفور,2026-10-03,بسته (مشاهده‌شده - دلیل نامشخص),2500000,,,,2026-09-08T18:26:50
3242809,لفور,2026-10-04,بسته (مشاهده‌شده - دلیل نامشخص),2500000,,,,2026-09-08T18:26:50
3242809,لفور,2026-10-05,بسته (مشاهده‌شده - دلیل نامشخص),2500000,,,,2026-09-08T18:26:50
3242809,لفور,2026-10-06,بسته (مشاهده‌شده - دلیل نامشخص),2500000,,,,2026-09-08T18:26:50
3242809,لفور,2026-10-07,بسته (مشاهده‌شده - دلیل نامشخص),3500000,,,بله,2026-09-08T18:26:50
3242809,لفور,2026-10-08,بسته (مشاهده‌شده - دلیل نامشخص),3500000,,,بله,2026-09-08T18:26:50
3245010,قرآن تالار,2026-09-08,بسته (مشاهده‌شده - دلیل نامشخص),4500000,,,,2026-09-08T18:26:56
3245010,قرآن تالار,2026-09-09,بسته (مشاهده‌شده - دلیل نامشخص),5500000,,,بله,2026-09-08T18:26:56
3245010,قرآن تالار,2026-09-10,بسته (مشاهده‌شده - دلیل نامشخص),5500000,,,بله,2026-09-08T18:26:56
3245010,قرآن تالار,2026-09-11,بسته (مشاهده‌شده - دلیل نامشخص),4500000,,,,2026-09-08T18:26:56
3245010,قرآن تالار,2026-09-12,باز,4500000,,,,2026-09-08T18:26:56
3245010,قرآن تالار,2026-09-13,بسته (مشاهده‌شده - دلیل نامشخص),4500000,,,,2026-09-08T18:26:56
3245010,قرآن تالار,2026-09-14,باز,4500000,,,,2026-09-08T18:26:56
3245010,قرآن تالار,2026-09-15,باز,4500000,,,,2026-09-08T18:26:56
3245010,قرآن تالار,2026-09-16,باز,5500000,,,بله,2026-09-08T18:26:56
3245010,قرآن تالار,2026-09-17,باز,5500000,,,بله,2026-09-08T18:26:56
3245010,قرآن تالار,2026-09-18,باز,4500000,,,,2026-09-08T18:26:56
3245010,قرآن تالار,2026-09-19,باز,4500000,,,,2026-09-08T18:26:56
3245010,قرآن تالار,2026-09-20,باز,4500000,,,,2026-09-08T18:26:56
3245010,قرآن تالار,2026-09-21,باز,4500000,,,,2026-09-08T18:26:56
3245010,قرآن تالار,2026-09-22,باز,4500000,,,,2026-09-08T18:26:56
3245010,قرآن تالار,2026-09-23,باز,3500000,,,بله,2026-09-08T18:26:56
3245010,قرآن تالار,2026-09-24,باز,3500000,,,بله,2026-09-08T18:26:56
3245010,قرآن تالار,2026-09-25,باز,2500000,,,,2026-09-08T18:26:56
3245010,قرآن تالار,2026-09-26,باز,2500000,,,,2026-09-08T18:26:56
3245010,قرآن تالار,2026-09-27,باز,2500000,,,,2026-09-08T18:26:56
3245010,قرآن تالار,2026-09-28,باز,2500000,,,,2026-09-08T18:26:56
3245010,قرآن تالار,2026-09-29,باز,2500000,,,,2026-09-08T18:26:56
3245010,قرآن تالار,2026-09-30,بسته (مشاهده‌شده - دلیل نامشخص),3500000,,,بله,2026-09-08T18:26:56
3245010,قرآن تالار,2026-10-01,بسته (مشاهده‌شده - دلیل نامشخص),3500000,,,بله,2026-09-08T18:26:56
3245010,قرآن تالار,2026-10-02,باز,2500000,,,,2026-09-08T18:26:56
3245010,قرآن تالار,2026-10-03,باز,2500000,,,,2026-09-08T18:26:56
3245010,قرآن تالار,2026-10-04,باز,2500000,,,,2026-09-08T18:26:56
3245010,قرآن تالار,2026-10-05,باز,2500000,,,,2026-09-08T18:26:56
3245010,قرآن تالار,2026-10-06,باز,2500000,,,,2026-09-08T18:26:56
3245010,قرآن تالار,2026-10-07,باز,3500000,,,بله,2026-09-08T18:26:56
3245010,قرآن تالار,2026-10-08,باز,3500000,,,بله,2026-09-08T18:26:56
3245108,سیادرکا,2026-09-08,بسته (مشاهده‌شده - دلیل نامشخص),3500000,10,,,2026-09-08T18:26:57
3245108,سیادرکا,2026-09-09,بسته (مشاهده‌شده - دلیل نامشخص),3800000,,,بله,2026-09-08T18:26:57
3245108,سیادرکا,2026-09-10,بسته (مشاهده‌شده - دلیل نامشخص),4500000,,,بله,2026-09-08T18:26:57
3245108,سیادرکا,2026-09-11,بسته (مشاهده‌شده - دلیل نامشخص),3500000,,,,2026-09-08T18:26:57
3245108,سیادرکا,2026-09-12,باز,3500000,,,,2026-09-08T18:26:57
3245108,سیادرکا,2026-09-13,بسته (مشاهده‌شده - دلیل نامشخص),4500000,,,,2026-09-08T18:26:57
3245108,سیادرکا,2026-09-14,بسته (مشاهده‌شده - دلیل نامشخص),4500000,,,,2026-09-08T18:26:57
3245108,سیادرکا,2026-09-15,باز,4500000,,,,2026-09-08T18:26:57
3245108,سیادرکا,2026-09-16,باز,4500000,,,بله,2026-09-08T18:26:57
3245108,سیادرکا,2026-09-17,باز,4500000,,,بله,2026-09-08T18:26:57
3245108,سیادرکا,2026-09-18,باز,4500000,,,,2026-09-08T18:26:57
3245108,سیادرکا,2026-09-19,باز,4500000,,,,2026-09-08T18:26:57
3245108,سیادرکا,2026-09-20,باز,4500000,,,,2026-09-08T18:26:57
3245108,سیادرکا,2026-09-21,باز,4500000,,,,2026-09-08T18:26:57
3245108,سیادرکا,2026-09-22,باز,3500000,,,,2026-09-08T18:26:57
3245108,سیادرکا,2026-09-23,باز,3500000,,,بله,2026-09-08T18:26:57
3245108,سیادرکا,2026-09-24,باز,3500000,,,بله,2026-09-08T18:26:57
3245108,سیادرکا,2026-09-25,باز,3500000,,,,2026-09-08T18:26:57
3245108,سیادرکا,2026-09-26,باز,3500000,,,,2026-09-08T18:26:57
3245108,سیادرکا,2026-09-27,باز,3500000,,,,2026-09-08T18:26:57
3245108,سیادرکا,2026-09-28,باز,3500000,,,,2026-09-08T18:26:57
3245108,سیادرکا,2026-09-29,باز,3500000,,,,2026-09-08T18:26:57
3245108,سیادرکا,2026-09-30,باز,3500000,,,بله,2026-09-08T18:26:57
3245108,سیادرکا,2026-10-01,باز,3500000,,,بله,2026-09-08T18:26:57
3245108,سیادرکا,2026-10-02,باز,3500000,,,,2026-09-08T18:26:57
3245108,سیادرکا,2026-10-03,باز,3500000,,,,2026-09-08T18:26:57
3245108,سیادرکا,2026-10-04,باز,3500000,,,,2026-09-08T18:26:57
3245108,سیادرکا,2026-10-05,باز,3500000,,,,2026-09-08T18:26:57
3245108,سیادرکا,2026-10-06,باز,3500000,,,,2026-09-08T18:26:57
3245108,سیادرکا,2026-10-07,باز,3500000,,,بله,2026-09-08T18:26:57
3245108,سیادرکا,2026-10-08,باز,3500000,,,بله,2026-09-08T18:26:57
3245625,درازکش,2026-09-08,بسته (مشاهده‌شده - دلیل نامشخص),2300000,,,,2026-09-08T18:27:01
3245625,درازکش,2026-09-09,بسته (مشاهده‌شده - دلیل نامشخص),2300000,,,,2026-09-08T18:27:01
3245625,درازکش,2026-09-10,بسته (مشاهده‌شده - دلیل نامشخص),2750000,,,بله,2026-09-08T18:27:01
3245625,درازکش,2026-09-11,بسته (مشاهده‌شده - دلیل نامشخص),2750000,,,بله,2026-09-08T18:27:01
3245625,درازکش,2026-09-12,بسته (مشاهده‌شده - دلیل نامشخص),2300000,,,,2026-09-08T18:27:01
3245625,درازکش,2026-09-13,باز,2300000,,,,2026-09-08T18:27:01
3245625,درازکش,2026-09-14,باز,2300000,,,,2026-09-08T18:27:01
3245625,درازکش,2026-09-15,بسته (مشاهده‌شده - دلیل نامشخص),2300000,,,,2026-09-08T18:27:01
3245625,درازکش,2026-09-16,باز,2300000,,,,2026-09-08T18:27:01
3245625,درازکش,2026-09-17,باز,2750000,,,بله,2026-09-08T18:27:01
3245625,درازکش,2026-09-18,باز,2750000,,,بله,2026-09-08T18:27:01
3245625,درازکش,2026-09-19,باز,2300000,,,,2026-09-08T18:27:01
3245625,درازکش,2026-09-20,باز,2300000,,,,2026-09-08T18:27:01
3245625,درازکش,2026-09-21,باز,2300000,,,,2026-09-08T18:27:01
3245625,درازکش,2026-09-22,باز,2300000,,,,2026-09-08T18:27:01
3245625,درازکش,2026-09-23,بسته (مشاهده‌شده - دلیل نامشخص),1400000,,,,2026-09-08T18:27:01
3245625,درازکش,2026-09-24,بسته (مشاهده‌شده - دلیل نامشخص),2000000,,,بله,2026-09-08T18:27:01
3245625,درازکش,2026-09-25,بسته (مشاهده‌شده - دلیل نامشخص),2000000,,,بله,2026-09-08T18:27:01
3245625,درازکش,2026-09-26,بسته (مشاهده‌شده - دلیل نامشخص),1400000,,,,2026-09-08T18:27:01
3245625,درازکش,2026-09-27,بسته (مشاهده‌شده - دلیل نامشخص),1400000,,,,2026-09-08T18:27:01
3245625,درازکش,2026-09-28,بسته (مشاهده‌شده - دلیل نامشخص),1400000,,,,2026-09-08T18:27:01
3245625,درازکش,2026-09-29,بسته (مشاهده‌شده - دلیل نامشخص),1400000,,,,2026-09-08T18:27:01
3245625,درازکش,2026-09-30,بسته (مشاهده‌شده - دلیل نامشخص),1400000,,,,2026-09-08T18:27:01
3245625,درازکش,2026-10-01,بسته (مشاهده‌شده - دلیل نامشخص),2000000,,,بله,2026-09-08T18:27:01
3245625,درازکش,2026-10-02,بسته (مشاهده‌شده - دلیل نامشخص),2000000,,,بله,2026-09-08T18:27:01
3245625,درازکش,2026-10-03,بسته (مشاهده‌شده - دلیل نامشخص),1400000,,,,2026-09-08T18:27:01
3245625,درازکش,2026-10-04,بسته (مشاهده‌شده - دلیل نامشخص),1400000,,,,2026-09-08T18:27:01
3245625,درازکش,2026-10-05,بسته (مشاهده‌شده - دلیل نامشخص),1400000,,,,2026-09-08T18:27:01
3245625,درازکش,2026-10-06,بسته (مشاهده‌شده - دلیل نامشخص),1400000,,,,2026-09-08T18:27:01
3245625,درازکش,2026-10-07,بسته (مشاهده‌شده - دلیل نامشخص),1400000,,,,2026-09-08T18:27:01
3245625,درازکش,2026-10-08,بسته (مشاهده‌شده - دلیل نامشخص),2000000,,,بله,2026-09-08T18:27:01
3246182,سیادرکا,2026-09-08,بسته (مشاهده‌شده - دلیل نامشخص),2700000,,,,2026-09-08T18:27:02
3246182,سیادرکا,2026-09-09,بسته (مشاهده‌شده - دلیل نامشخص),4000000,,,بله,2026-09-08T18:27:02
3246182,سیادرکا,2026-09-10,بسته (مشاهده‌شده - دلیل نامشخص),4000000,,,بله,2026-09-08T18:27:02
3246182,سیادرکا,2026-09-11,باز,2700000,,,,2026-09-08T18:27:02
3246182,سیادرکا,2026-09-12,باز,2700000,,,,2026-09-08T18:27:02
3246182,سیادرکا,2026-09-13,باز,2700000,,,,2026-09-08T18:27:02
3246182,سیادرکا,2026-09-14,باز,2700000,,,,2026-09-08T18:27:02
3246182,سیادرکا,2026-09-15,باز,2700000,,,,2026-09-08T18:27:02
3246182,سیادرکا,2026-09-16,باز,4000000,,,بله,2026-09-08T18:27:02
3246182,سیادرکا,2026-09-17,باز,4000000,,,بله,2026-09-08T18:27:02
3246182,سیادرکا,2026-09-18,باز,2700000,,,,2026-09-08T18:27:02
3246182,سیادرکا,2026-09-19,باز,2700000,,,,2026-09-08T18:27:02
3246182,سیادرکا,2026-09-20,باز,2700000,,,,2026-09-08T18:27:02
3246182,سیادرکا,2026-09-21,باز,2700000,,,,2026-09-08T18:27:02
3246182,سیادرکا,2026-09-22,باز,2700000,,,,2026-09-08T18:27:02
3246182,سیادرکا,2026-09-23,باز,2500000,,,بله,2026-09-08T18:27:02
3246182,سیادرکا,2026-09-24,باز,2500000,,,بله,2026-09-08T18:27:02
3246182,سیادرکا,2026-09-25,باز,1500000,,,,2026-09-08T18:27:02
3246182,سیادرکا,2026-09-26,باز,1500000,,,,2026-09-08T18:27:02
3246182,سیادرکا,2026-09-27,باز,1500000,,,,2026-09-08T18:27:02
3246182,سیادرکا,2026-09-28,باز,1500000,,,,2026-09-08T18:27:02
3246182,سیادرکا,2026-09-29,باز,1500000,,,,2026-09-08T18:27:02
3246182,سیادرکا,2026-09-30,باز,2500000,,,بله,2026-09-08T18:27:02
3246182,سیادرکا,2026-10-01,باز,2500000,,,بله,2026-09-08T18:27:02
3246182,سیادرکا,2026-10-02,باز,1500000,,,,2026-09-08T18:27:02
3246182,سیادرکا,2026-10-03,باز,1500000,,,,2026-09-08T18:27:02
3246182,سیادرکا,2026-10-04,باز,1500000,,,,2026-09-08T18:27:02
3246182,سیادرکا,2026-10-05,باز,1500000,,,,2026-09-08T18:27:02
3246182,سیادرکا,2026-10-06,باز,1500000,,,,2026-09-08T18:27:02
3246182,سیادرکا,2026-10-07,باز,2500000,,,بله,2026-09-08T18:27:02
3246182,سیادرکا,2026-10-08,باز,2500000,,,بله,2026-09-08T18:27:02
3246896,بابلکنار,2026-09-08,بسته (مشاهده‌شده - دلیل نامشخص),2900000,,,,2026-09-08T18:28:19
3246896,بابلکنار,2026-09-09,بسته (مشاهده‌شده - دلیل نامشخص),3000000,,,بله,2026-09-08T18:28:19
3246896,بابلکنار,2026-09-10,بسته (مشاهده‌شده - دلیل نامشخص),3900000,,,بله,2026-09-08T18:28:19
3246896,بابلکنار,2026-09-11,باز,2900000,,,,2026-09-08T18:28:19
3246896,بابلکنار,2026-09-12,بسته (مشاهده‌شده - دلیل نامشخص),3000000,,,,2026-09-08T18:28:19
3246896,بابلکنار,2026-09-13,باز,3000000,,,,2026-09-08T18:28:19
3246896,بابلکنار,2026-09-14,بسته (مشاهده‌شده - دلیل نامشخص),3000000,,,,2026-09-08T18:28:19
3246896,بابلکنار,2026-09-15,باز,3000000,,,,2026-09-08T18:28:19
3246896,بابلکنار,2026-09-16,باز,3000000,,,بله,2026-09-08T18:28:19
3246896,بابلکنار,2026-09-17,باز,4000000,,,بله,2026-09-08T18:28:19
3246896,بابلکنار,2026-09-18,باز,3000000,,,,2026-09-08T18:28:19
3246896,بابلکنار,2026-09-19,باز,3100000,,,,2026-09-08T18:28:19
3246896,بابلکنار,2026-09-20,باز,3100000,,,,2026-09-08T18:28:19
3246896,بابلکنار,2026-09-21,باز,3100000,,,,2026-09-08T18:28:19
3246896,بابلکنار,2026-09-22,باز,3100000,,,,2026-09-08T18:28:19
3246896,بابلکنار,2026-09-23,باز,2300000,,,بله,2026-09-08T18:28:19
3246896,بابلکنار,2026-09-24,باز,3500000,,,بله,2026-09-08T18:28:19
3246896,بابلکنار,2026-09-25,بسته (مشاهده‌شده - دلیل نامشخص),2200000,,,,2026-09-08T18:28:19
3246896,بابلکنار,2026-09-26,باز,2200000,,,,2026-09-08T18:28:19
3246896,بابلکنار,2026-09-27,باز,2200000,,,,2026-09-08T18:28:19
3246896,بابلکنار,2026-09-28,بسته (مشاهده‌شده - دلیل نامشخص),2200000,,,,2026-09-08T18:28:19
3246896,بابلکنار,2026-09-29,بسته (مشاهده‌شده - دلیل نامشخص),2500000,,,,2026-09-08T18:28:19
3246896,بابلکنار,2026-09-30,بسته (مشاهده‌شده - دلیل نامشخص),2500000,,,بله,2026-09-08T18:28:19
3246896,بابلکنار,2026-10-01,باز,3500000,,,بله,2026-09-08T18:28:19
3246896,بابلکنار,2026-10-02,باز,2300000,,,,2026-09-08T18:28:19
3246896,بابلکنار,2026-10-03,باز,2300000,,,,2026-09-08T18:28:19
3246896,بابلکنار,2026-10-04,باز,2300000,,,,2026-09-08T18:28:19
3246896,بابلکنار,2026-10-05,باز,2300000,,,,2026-09-08T18:28:19
3246896,بابلکنار,2026-10-06,باز,2300000,,,,2026-09-08T18:28:19
3246896,بابلکنار,2026-10-07,باز,2300000,,,بله,2026-09-08T18:28:19
3246896,بابلکنار,2026-10-08,باز,3500000,,,بله,2026-09-08T18:28:19
3247134,لفور,2026-09-08,بسته (مشاهده‌شده - دلیل نامشخص),4550000,,,,2026-09-08T18:28:21
3247134,لفور,2026-09-09,باز,6250000,,,بله,2026-09-08T18:28:21
3247134,لفور,2026-09-10,بسته (مشاهده‌شده - دلیل نامشخص),6250000,,,بله,2026-09-08T18:28:21
3247134,لفور,2026-09-11,باز,4550000,,,,2026-09-08T18:28:21
3247134,لفور,2026-09-12,بسته (مشاهده‌شده - دلیل نامشخص),4550000,,,,2026-09-08T18:28:21
3247134,لفور,2026-09-13,بسته (مشاهده‌شده - دلیل نامشخص),4550000,,,,2026-09-08T18:28:21
3247134,لفور,2026-09-14,بسته (مشاهده‌شده - دلیل نامشخص),4550000,,,,2026-09-08T18:28:21
3247134,لفور,2026-09-15,بسته (مشاهده‌شده - دلیل نامشخص),4550000,,,,2026-09-08T18:28:21
3247134,لفور,2026-09-16,بسته (مشاهده‌شده - دلیل نامشخص),6250000,,,بله,2026-09-08T18:28:21
3247134,لفور,2026-09-17,باز,6250000,,,بله,2026-09-08T18:28:21
3247134,لفور,2026-09-18,باز,4550000,,,,2026-09-08T18:28:21
3247134,لفور,2026-09-19,باز,4550000,,,,2026-09-08T18:28:21
3247134,لفور,2026-09-20,باز,4550000,,,,2026-09-08T18:28:21
3247134,لفور,2026-09-21,باز,4550000,,,,2026-09-08T18:28:21
3247134,لفور,2026-09-22,باز,4550000,,,,2026-09-08T18:28:21
3247134,لفور,2026-09-23,باز,3999000,,,بله,2026-09-08T18:28:21
3247134,لفور,2026-09-24,باز,3999000,,,بله,2026-09-08T18:28:21
3247134,لفور,2026-09-25,باز,2999000,,,,2026-09-08T18:28:21
3247134,لفور,2026-09-26,باز,2999000,,,,2026-09-08T18:28:21
3247134,لفور,2026-09-27,باز,2999000,,,,2026-09-08T18:28:21
3247134,لفور,2026-09-28,باز,2999000,,,,2026-09-08T18:28:21
3247134,لفور,2026-09-29,باز,2999000,,,,2026-09-08T18:28:21
3247134,لفور,2026-09-30,باز,3999000,,,بله,2026-09-08T18:28:21
3247134,لفور,2026-10-01,باز,3999000,,,بله,2026-09-08T18:28:21
3247134,لفور,2026-10-02,باز,2999000,,,,2026-09-08T18:28:21
3247134,لفور,2026-10-03,باز,2999000,,,,2026-09-08T18:28:21
3247134,لفور,2026-10-04,باز,2999000,,,,2026-09-08T18:28:21
3247134,لفور,2026-10-05,باز,2999000,,,,2026-09-08T18:28:21
3247134,لفور,2026-10-06,باز,2999000,,,,2026-09-08T18:28:21
3247134,لفور,2026-10-07,باز,3999000,,,بله,2026-09-08T18:28:21
3247134,لفور,2026-10-08,باز,3999000,,,بله,2026-09-08T18:28:21
3247152,بالفکلا,2026-09-08,بسته (مشاهده‌شده - دلیل نامشخص),6000000,,,,2026-09-08T18:28:24
3247152,بالفکلا,2026-09-09,باز,9000000,,,بله,2026-09-08T18:28:24
3247152,بالفکلا,2026-09-10,باز,9000000,,,بله,2026-09-08T18:28:24
3247152,بالفکلا,2026-09-11,باز,6000000,,,,2026-09-08T18:28:24
3247152,بالفکلا,2026-09-12,باز,6000000,,,,2026-09-08T18:28:24
3247152,بالفکلا,2026-09-13,باز,6000000,,,,2026-09-08T18:28:24
3247152,بالفکلا,2026-09-14,باز,6000000,,,,2026-09-08T18:28:24
3247152,بالفکلا,2026-09-15,باز,6000000,,,,2026-09-08T18:28:24
3247152,بالفکلا,2026-09-16,باز,9000000,,,بله,2026-09-08T18:28:24
3247152,بالفکلا,2026-09-17,باز,9000000,,,بله,2026-09-08T18:28:24
3247152,بالفکلا,2026-09-18,باز,6000000,,,,2026-09-08T18:28:24
3247152,بالفکلا,2026-09-19,باز,6000000,,,,2026-09-08T18:28:24
3247152,بالفکلا,2026-09-20,باز,6000000,,,,2026-09-08T18:28:24
3247152,بالفکلا,2026-09-21,باز,6000000,,,,2026-09-08T18:28:24
3247152,بالفکلا,2026-09-22,باز,6000000,,,,2026-09-08T18:28:24
3247152,بالفکلا,2026-09-23,باز,5500000,,,بله,2026-09-08T18:28:24
3247152,بالفکلا,2026-09-24,باز,5500000,,,بله,2026-09-08T18:28:24
3247152,بالفکلا,2026-09-25,باز,2500000,,,,2026-09-08T18:28:24
3247152,بالفکلا,2026-09-26,باز,2500000,,,,2026-09-08T18:28:24
3247152,بالفکلا,2026-09-27,باز,2500000,,,,2026-09-08T18:28:24
3247152,بالفکلا,2026-09-28,باز,2500000,,,,2026-09-08T18:28:24
3247152,بالفکلا,2026-09-29,باز,2500000,,,,2026-09-08T18:28:24
3247152,بالفکلا,2026-09-30,باز,5500000,,,بله,2026-09-08T18:28:24
3247152,بالفکلا,2026-10-01,باز,5500000,,,بله,2026-09-08T18:28:24
3247152,بالفکلا,2026-10-02,باز,2500000,,,,2026-09-08T18:28:24
3247152,بالفکلا,2026-10-03,باز,2500000,,,,2026-09-08T18:28:24
3247152,بالفکلا,2026-10-04,باز,2500000,,,,2026-09-08T18:28:24
3247152,بالفکلا,2026-10-05,باز,2500000,,,,2026-09-08T18:28:24
3247152,بالفکلا,2026-10-06,باز,2500000,,,,2026-09-08T18:28:24
3247152,بالفکلا,2026-10-07,باز,5500000,,,بله,2026-09-08T18:28:24
3247152,بالفکلا,2026-10-08,باز,5500000,,,بله,2026-09-08T18:28:24
3247665,مرزیکلا,2026-09-08,باز,2500000,,,,2026-09-08T18:28:26
3247665,مرزیکلا,2026-09-09,باز,2500000,,,بله,2026-09-08T18:28:26
3247665,مرزیکلا,2026-09-10,بسته (مشاهده‌شده - دلیل نامشخص),2500000,,,بله,2026-09-08T18:28:26
3247665,مرزیکلا,2026-09-11,باز,2500000,,,,2026-09-08T18:28:26
3247665,مرزیکلا,2026-09-12,باز,2500000,,,,2026-09-08T18:28:26
3247665,مرزیکلا,2026-09-13,باز,2500000,,,,2026-09-08T18:28:26
3247665,مرزیکلا,2026-09-14,باز,2500000,,,,2026-09-08T18:28:26
3247665,مرزیکلا,2026-09-15,باز,2500000,,,,2026-09-08T18:28:26
3247665,مرزیکلا,2026-09-16,بسته (مشاهده‌شده - دلیل نامشخص),2500000,,,بله,2026-09-08T18:28:26
3247665,مرزیکلا,2026-09-17,بسته (مشاهده‌شده - دلیل نامشخص),2500000,,,بله,2026-09-08T18:28:26
3247665,مرزیکلا,2026-09-18,باز,2500000,,,,2026-09-08T18:28:26
3247665,مرزیکلا,2026-09-19,باز,2300000,,,,2026-09-08T18:28:26
3247665,مرزیکلا,2026-09-20,بسته (مشاهده‌شده - دلیل نامشخص),1900000,,,,2026-09-08T18:28:26
3247665,مرزیکلا,2026-09-21,باز,1900000,,,,2026-09-08T18:28:26
3247665,مرزیکلا,2026-09-22,باز,1900000,,,,2026-09-08T18:28:26
3247665,مرزیکلا,2026-09-23,باز,2200000,,,بله,2026-09-08T18:28:26
3247665,مرزیکلا,2026-09-24,باز,3000000,,,بله,2026-09-08T18:28:26
3247665,مرزیکلا,2026-09-25,باز,1600000,,,,2026-09-08T18:28:26
3247665,مرزیکلا,2026-09-26,باز,2200000,,,,2026-09-08T18:28:26
3247665,مرزیکلا,2026-09-27,باز,2200000,,,,2026-09-08T18:28:26
3247665,مرزیکلا,2026-09-28,باز,2200000,,,,2026-09-08T18:28:26
3247665,مرزیکلا,2026-09-29,باز,2200000,,,,2026-09-08T18:28:26
3247665,مرزیکلا,2026-09-30,باز,2200000,,,بله,2026-09-08T18:28:26
3247665,مرزیکلا,2026-10-01,باز,3000000,,,بله,2026-09-08T18:28:26
3247665,مرزیکلا,2026-10-02,باز,1600000,,,,2026-09-08T18:28:26
3247665,مرزیکلا,2026-10-03,باز,2200000,,,,2026-09-08T18:28:26
3247665,مرزیکلا,2026-10-04,باز,2200000,,,,2026-09-08T18:28:26
3247665,مرزیکلا,2026-10-05,باز,2200000,,,,2026-09-08T18:28:26
3247665,مرزیکلا,2026-10-06,باز,2200000,,,,2026-09-08T18:28:26
3247665,مرزیکلا,2026-10-07,باز,2200000,,,بله,2026-09-08T18:28:26
3247665,مرزیکلا,2026-10-08,باز,3000000,,,بله,2026-09-08T18:28:26
3248316,درازکلا,2026-09-08,باز,2450000,,,,2026-09-08T18:28:29
3248316,درازکلا,2026-09-09,باز,3450000,,,بله,2026-09-08T18:28:29
3248316,درازکلا,2026-09-10,بسته (مشاهده‌شده - دلیل نامشخص),3450000,,,بله,2026-09-08T18:28:29
3248316,درازکلا,2026-09-11,بسته (مشاهده‌شده - دلیل نامشخص),2450000,,,,2026-09-08T18:28:29
3248316,درازکلا,2026-09-12,بسته (مشاهده‌شده - دلیل نامشخص),2450000,,,,2026-09-08T18:28:29
3248316,درازکلا,2026-09-13,باز,2450000,,,,2026-09-08T18:28:29
3248316,درازکلا,2026-09-14,باز,2450000,,,,2026-09-08T18:28:29
3248316,درازکلا,2026-09-15,باز,2450000,,,,2026-09-08T18:28:29
3248316,درازکلا,2026-09-16,باز,3450000,,,بله,2026-09-08T18:28:29
3248316,درازکلا,2026-09-17,باز,4300000,,,بله,2026-09-08T18:28:29
3248316,درازکلا,2026-09-18,باز,2450000,,,,2026-09-08T18:28:29
3248316,درازکلا,2026-09-19,باز,2450000,,,,2026-09-08T18:28:29
3248316,درازکلا,2026-09-20,باز,2450000,,,,2026-09-08T18:28:29
3248316,درازکلا,2026-09-21,باز,2450000,,,,2026-09-08T18:28:29
3248316,درازکلا,2026-09-22,باز,2450000,,,,2026-09-08T18:28:29
3248316,درازکلا,2026-09-23,باز,2800000,,,بله,2026-09-08T18:28:29
3248316,درازکلا,2026-09-24,باز,2800000,,,بله,2026-09-08T18:28:29
3248316,درازکلا,2026-09-25,باز,1550000,,,,2026-09-08T18:28:29
3248316,درازکلا,2026-09-26,باز,1550000,,,,2026-09-08T18:28:29
3248316,درازکلا,2026-09-27,باز,1550000,,,,2026-09-08T18:28:29
3248316,درازکلا,2026-09-28,باز,1550000,,,,2026-09-08T18:28:29
3248316,درازکلا,2026-09-29,باز,1550000,,,,2026-09-08T18:28:29
3248316,درازکلا,2026-09-30,باز,2800000,,,بله,2026-09-08T18:28:29
3248316,درازکلا,2026-10-01,باز,2800000,,,بله,2026-09-08T18:28:29
3248316,درازکلا,2026-10-02,باز,1550000,,,,2026-09-08T18:28:29
3248316,درازکلا,2026-10-03,باز,1550000,,,,2026-09-08T18:28:29
3248316,درازکلا,2026-10-04,باز,1550000,,,,2026-09-08T18:28:29
3248316,درازکلا,2026-10-05,باز,1550000,,,,2026-09-08T18:28:29
3248316,درازکلا,2026-10-06,باز,1550000,,,,2026-09-08T18:28:29
3248316,درازکلا,2026-10-07,باز,2800000,,,بله,2026-09-08T18:28:29
3248316,درازکلا,2026-10-08,باز,2800000,,,بله,2026-09-08T18:28:29
3248416,شیردارکلا,2026-09-08,باز,2450000,,,,2026-09-08T18:28:31
3248416,شیردارکلا,2026-09-09,باز,2750000,,,بله,2026-09-08T18:28:31
3248416,شیردارکلا,2026-09-10,باز,2750000,,,بله,2026-09-08T18:28:31
3248416,شیردارکلا,2026-09-11,باز,2450000,,,,2026-09-08T18:28:31
3248416,شیردارکلا,2026-09-12,باز,2450000,,,,2026-09-08T18:28:31
3248416,شیردارکلا,2026-09-13,باز,2450000,,,,2026-09-08T18:28:31
3248416,شیردارکلا,2026-09-14,باز,2450000,,,,2026-09-08T18:28:31
3248416,شیردارکلا,2026-09-15,باز,2450000,,,,2026-09-08T18:28:31
3248416,شیردارکلا,2026-09-16,باز,2750000,,,بله,2026-09-08T18:28:31
3248416,شیردارکلا,2026-09-17,باز,2750000,,,بله,2026-09-08T18:28:31
3248416,شیردارکلا,2026-09-18,باز,2450000,,,,2026-09-08T18:28:31
3248416,شیردارکلا,2026-09-19,باز,2450000,,,,2026-09-08T18:28:31
3248416,شیردارکلا,2026-09-20,باز,2450000,,,,2026-09-08T18:28:31
3248416,شیردارکلا,2026-09-21,باز,2450000,,,,2026-09-08T18:28:31
3248416,شیردارکلا,2026-09-22,باز,2450000,,,,2026-09-08T18:28:31
3248416,شیردارکلا,2026-09-23,باز,1450000,,,بله,2026-09-08T18:28:31
3248416,شیردارکلا,2026-09-24,باز,1450000,,,بله,2026-09-08T18:28:31
3248416,شیردارکلا,2026-09-25,باز,1150000,,,,2026-09-08T18:28:31
3248416,شیردارکلا,2026-09-26,باز,1150000,,,,2026-09-08T18:28:31
3248416,شیردارکلا,2026-09-27,باز,1150000,,,,2026-09-08T18:28:31
3248416,شیردارکلا,2026-09-28,باز,1150000,,,,2026-09-08T18:28:31
3248416,شیردارکلا,2026-09-29,باز,1150000,,,,2026-09-08T18:28:31
3248416,شیردارکلا,2026-09-30,باز,1450000,,,بله,2026-09-08T18:28:31
3248416,شیردارکلا,2026-10-01,باز,1450000,,,بله,2026-09-08T18:28:31
3248416,شیردارکلا,2026-10-02,باز,1150000,,,,2026-09-08T18:28:31
3248416,شیردارکلا,2026-10-03,باز,1150000,,,,2026-09-08T18:28:31
3248416,شیردارکلا,2026-10-04,باز,1150000,,,,2026-09-08T18:28:31
3248416,شیردارکلا,2026-10-05,باز,1150000,,,,2026-09-08T18:28:31
3248416,شیردارکلا,2026-10-06,باز,1150000,,,,2026-09-08T18:28:31
3248416,شیردارکلا,2026-10-07,باز,1450000,,,بله,2026-09-08T18:28:31
3248416,شیردارکلا,2026-10-08,باز,1450000,,,بله,2026-09-08T18:28:31
3248767,لفور,2026-09-08,بسته (مشاهده‌شده - دلیل نامشخص),3490000,,,,2026-09-08T18:28:32
3248767,لفور,2026-09-09,باز,5690000,10,,بله,2026-09-08T18:28:32
3248767,لفور,2026-09-10,باز,5690000,,,بله,2026-09-08T18:28:32
3248767,لفور,2026-09-11,باز,4490000,,,,2026-09-08T18:28:32
3248767,لفور,2026-09-12,باز,3900000,,,,2026-09-08T18:28:32
3248767,لفور,2026-09-13,بسته (مشاهده‌شده - دلیل نامشخص),3900000,,,,2026-09-08T18:28:32
3248767,لفور,2026-09-14,بسته (مشاهده‌شده - دلیل نامشخص),3900000,,,,2026-09-08T18:28:32
3248767,لفور,2026-09-15,باز,3900000,,,,2026-09-08T18:28:32
3248767,لفور,2026-09-16,باز,5690000,,,بله,2026-09-08T18:28:32
3248767,لفور,2026-09-17,بسته (مشاهده‌شده - دلیل نامشخص),5690000,,,بله,2026-09-08T18:28:32
3248767,لفور,2026-09-18,بسته (مشاهده‌شده - دلیل نامشخص),4490000,,,,2026-09-08T18:28:32
3248767,لفور,2026-09-19,باز,3990000,,,,2026-09-08T18:28:32
3248767,لفور,2026-09-20,باز,3990000,,,,2026-09-08T18:28:32
3248767,لفور,2026-09-21,باز,3990000,,,,2026-09-08T18:28:32
3248767,لفور,2026-09-22,باز,3990000,,,,2026-09-08T18:28:32
3248767,لفور,2026-09-23,باز,3590000,,,بله,2026-09-08T18:28:32
3248767,لفور,2026-09-24,باز,3590000,,,بله,2026-09-08T18:28:32
3248767,لفور,2026-09-25,باز,2590000,,,,2026-09-08T18:28:32
3248767,لفور,2026-09-26,باز,2590000,,,,2026-09-08T18:28:32
3248767,لفور,2026-09-27,باز,2590000,,,,2026-09-08T18:28:32
3248767,لفور,2026-09-28,باز,2590000,,,,2026-09-08T18:28:32
3248767,لفور,2026-09-29,باز,2590000,,,,2026-09-08T18:28:32
3248767,لفور,2026-09-30,باز,3590000,,,بله,2026-09-08T18:28:32
3248767,لفور,2026-10-01,باز,3590000,,,بله,2026-09-08T18:28:32
3248767,لفور,2026-10-02,باز,2590000,,,,2026-09-08T18:28:32
3248767,لفور,2026-10-03,باز,2590000,,,,2026-09-08T18:28:32
3248767,لفور,2026-10-04,باز,2590000,,,,2026-09-08T18:28:32
3248767,لفور,2026-10-05,باز,2590000,,,,2026-09-08T18:28:32
3248767,لفور,2026-10-06,باز,2590000,,,,2026-09-08T18:28:32
3248767,لفور,2026-10-07,باز,3590000,,,بله,2026-09-08T18:28:32
3248767,لفور,2026-10-08,باز,3590000,,,بله,2026-09-08T18:28:32
3248886,ممرزکن,2026-09-08,بسته (مشاهده‌شده - دلیل نامشخص),3297000,,,,2026-09-08T18:28:34
3248886,ممرزکن,2026-09-09,بسته (مشاهده‌شده - دلیل نامشخص),5297000,20,,بله,2026-09-08T18:28:34
3248886,ممرزکن,2026-09-10,باز,5297000,,,بله,2026-09-08T18:28:34
3248886,ممرزکن,2026-09-11,باز,3297000,,,,2026-09-08T18:28:34
3248886,ممرزکن,2026-09-12,باز,3297000,,,,2026-09-08T18:28:34
3248886,ممرزکن,2026-09-13,باز,3297000,,,,2026-09-08T18:28:34
3248886,ممرزکن,2026-09-14,بسته (مشاهده‌شده - دلیل نامشخص),3297000,,,,2026-09-08T18:28:34
3248886,ممرزکن,2026-09-15,باز,3297000,,,,2026-09-08T18:28:34
3248886,ممرزکن,2026-09-16,باز,5297000,20,,بله,2026-09-08T18:28:34
3248886,ممرزکن,2026-09-17,باز,5297000,,,بله,2026-09-08T18:28:34
3248886,ممرزکن,2026-09-18,باز,3297000,,,,2026-09-08T18:28:34
3248886,ممرزکن,2026-09-19,باز,3297000,,,,2026-09-08T18:28:34
3248886,ممرزکن,2026-09-20,باز,3297000,,,,2026-09-08T18:28:34
3248886,ممرزکن,2026-09-21,باز,3297000,,,,2026-09-08T18:28:34
3248886,ممرزکن,2026-09-22,باز,3297000,,,,2026-09-08T18:28:34
3248886,ممرزکن,2026-09-23,باز,3890000,,,بله,2026-09-08T18:28:34
3248886,ممرزکن,2026-09-24,باز,3890000,,,بله,2026-09-08T18:28:34
3248886,ممرزکن,2026-09-25,بسته (مشاهده‌شده - دلیل نامشخص),2890000,,,,2026-09-08T18:28:34
3248886,ممرزکن,2026-09-26,باز,2890000,,,,2026-09-08T18:28:34
3248886,ممرزکن,2026-09-27,باز,2890000,,,,2026-09-08T18:28:34
3248886,ممرزکن,2026-09-28,باز,2890000,,,,2026-09-08T18:28:34
3248886,ممرزکن,2026-09-29,باز,2890000,,,,2026-09-08T18:28:34
3248886,ممرزکن,2026-09-30,باز,3890000,,,بله,2026-09-08T18:28:34
3248886,ممرزکن,2026-10-01,باز,3890000,,,بله,2026-09-08T18:28:34
3248886,ممرزکن,2026-10-02,باز,2890000,,,,2026-09-08T18:28:34
3248886,ممرزکن,2026-10-03,باز,2890000,,,,2026-09-08T18:28:34
3248886,ممرزکن,2026-10-04,باز,2890000,,,,2026-09-08T18:28:34
3248886,ممرزکن,2026-10-05,باز,2890000,,,,2026-09-08T18:28:34
3248886,ممرزکن,2026-10-06,باز,2890000,,,,2026-09-08T18:28:34
3248886,ممرزکن,2026-10-07,باز,3890000,,,بله,2026-09-08T18:28:34
3248886,ممرزکن,2026-10-08,باز,3890000,,,بله,2026-09-08T18:28:34
3249208,سیادرکا,2026-09-08,بسته (مشاهده‌شده - دلیل نامشخص),1500000,,,,2026-09-08T18:28:35
3249208,سیادرکا,2026-09-09,باز,2000000,,,بله,2026-09-08T18:28:35
3249208,سیادرکا,2026-09-10,بسته (مشاهده‌شده - دلیل نامشخص),2000000,,,بله,2026-09-08T18:28:35
3249208,سیادرکا,2026-09-11,بسته (مشاهده‌شده - دلیل نامشخص),1500000,,,,2026-09-08T18:28:35
3249208,سیادرکا,2026-09-12,بسته (مشاهده‌شده - دلیل نامشخص),1500000,,,,2026-09-08T18:28:35
3249208,سیادرکا,2026-09-13,بسته (مشاهده‌شده - دلیل نامشخص),1500000,,,,2026-09-08T18:28:35
3249208,سیادرکا,2026-09-14,باز,1500000,,,,2026-09-08T18:28:35
3249208,سیادرکا,2026-09-15,باز,1500000,,,,2026-09-08T18:28:35
3249208,سیادرکا,2026-09-16,باز,2000000,,,بله,2026-09-08T18:28:35
3249208,سیادرکا,2026-09-17,باز,2000000,,,بله,2026-09-08T18:28:35
3249208,سیادرکا,2026-09-18,باز,1500000,,,,2026-09-08T18:28:35
3249208,سیادرکا,2026-09-19,باز,1500000,,,,2026-09-08T18:28:35
3249208,سیادرکا,2026-09-20,باز,1500000,,,,2026-09-08T18:28:35
3249208,سیادرکا,2026-09-21,باز,1500000,,,,2026-09-08T18:28:35
3249208,سیادرکا,2026-09-22,باز,1500000,,,,2026-09-08T18:28:35
3249208,سیادرکا,2026-09-23,باز,1800000,,,بله,2026-09-08T18:28:35
3249208,سیادرکا,2026-09-24,باز,1800000,,,بله,2026-09-08T18:28:35
3249208,سیادرکا,2026-09-25,باز,1500000,,,,2026-09-08T18:28:35
3249208,سیادرکا,2026-09-26,باز,1500000,,,,2026-09-08T18:28:35
3249208,سیادرکا,2026-09-27,باز,1500000,,,,2026-09-08T18:28:35
3249208,سیادرکا,2026-09-28,باز,1500000,,,,2026-09-08T18:28:35
3249208,سیادرکا,2026-09-29,باز,1500000,,,,2026-09-08T18:28:35
3249208,سیادرکا,2026-09-30,باز,1800000,,,بله,2026-09-08T18:28:35
3249208,سیادرکا,2026-10-01,باز,1800000,,,بله,2026-09-08T18:28:35
3249208,سیادرکا,2026-10-02,باز,1500000,,,,2026-09-08T18:28:35
3249208,سیادرکا,2026-10-03,باز,1500000,,,,2026-09-08T18:28:35
3249208,سیادرکا,2026-10-04,باز,1500000,,,,2026-09-08T18:28:35
3249208,سیادرکا,2026-10-05,باز,1500000,,,,2026-09-08T18:28:35
3249208,سیادرکا,2026-10-06,باز,1500000,,,,2026-09-08T18:28:35
3249208,سیادرکا,2026-10-07,باز,1800000,,,بله,2026-09-08T18:28:35
3249208,سیادرکا,2026-10-08,بسته (مشاهده‌شده - دلیل نامشخص),1800000,,,بله,2026-09-08T18:28:35
3249928,چهره,2026-09-08,باز,2000000,,,,2026-09-08T18:28:39
3249928,چهره,2026-09-09,باز,1800000,,,بله,2026-09-08T18:28:39
3249928,چهره,2026-09-10,باز,3000000,,,بله,2026-09-08T18:28:39
3249928,چهره,2026-09-11,باز,2000000,,,,2026-09-08T18:28:39
3249928,چهره,2026-09-12,باز,1800000,,,,2026-09-08T18:28:39
3249928,چهره,2026-09-13,باز,1800000,,,,2026-09-08T18:28:39
3249928,چهره,2026-09-14,باز,1800000,,,,2026-09-08T18:28:39
3249928,چهره,2026-09-15,باز,1800000,,,,2026-09-08T18:28:39
3249928,چهره,2026-09-16,باز,1800000,,,بله,2026-09-08T18:28:39
3249928,چهره,2026-09-17,باز,3000000,,,بله,2026-09-08T18:28:39
3249928,چهره,2026-09-18,باز,3000000,,,,2026-09-08T18:28:39
3249928,چهره,2026-09-19,باز,3000000,,,,2026-09-08T18:28:39
3249928,چهره,2026-09-20,باز,3000000,,,,2026-09-08T18:28:39
3249928,چهره,2026-09-21,باز,3000000,,,,2026-09-08T18:28:39
3249928,چهره,2026-09-22,باز,3000000,,,,2026-09-08T18:28:39
3249928,چهره,2026-09-23,باز,1390000,,,بله,2026-09-08T18:28:39
3249928,چهره,2026-09-24,باز,1390000,,,بله,2026-09-08T18:28:39
3249928,چهره,2026-09-25,باز,990000,,,,2026-09-08T18:28:39
3249928,چهره,2026-09-26,باز,990000,,,,2026-09-08T18:28:39
3249928,چهره,2026-09-27,باز,990000,,,,2026-09-08T18:28:39
3249928,چهره,2026-09-28,باز,990000,,,,2026-09-08T18:28:39
3249928,چهره,2026-09-29,باز,990000,,,,2026-09-08T18:28:39
3249928,چهره,2026-09-30,باز,1390000,,,بله,2026-09-08T18:28:39
3249928,چهره,2026-10-01,باز,1390000,,,بله,2026-09-08T18:28:39
3249928,چهره,2026-10-02,باز,990000,,,,2026-09-08T18:28:39
3249928,چهره,2026-10-03,باز,990000,,,,2026-09-08T18:28:39
3249928,چهره,2026-10-04,باز,990000,,,,2026-09-08T18:28:39
3249928,چهره,2026-10-05,باز,990000,,,,2026-09-08T18:28:39
3249928,چهره,2026-10-06,باز,990000,,,,2026-09-08T18:28:39
3249928,چهره,2026-10-07,باز,1390000,,,بله,2026-09-08T18:28:39
3249928,چهره,2026-10-08,باز,1390000,,,بله,2026-09-08T18:28:39
3250017,چهره,2026-09-08,بسته (مشاهده‌شده - دلیل نامشخص),3000000,,,,2026-09-08T18:28:42
3250017,چهره,2026-09-09,بسته (مشاهده‌شده - دلیل نامشخص),4000000,,,بله,2026-09-08T18:28:42
3250017,چهره,2026-09-10,بسته (مشاهده‌شده - دلیل نامشخص),5000000,,,بله,2026-09-08T18:28:42
3250017,چهره,2026-09-11,باز,4000000,,,,2026-09-08T18:28:42
3250017,چهره,2026-09-12,باز,4000000,,,,2026-09-08T18:28:42
3250017,چهره,2026-09-13,باز,4000000,,,,2026-09-08T18:28:42
3250017,چهره,2026-09-14,باز,4000000,,,,2026-09-08T18:28:42
3250017,چهره,2026-09-15,باز,4000000,,,,2026-09-08T18:28:42
3250017,چهره,2026-09-16,باز,4000000,,,بله,2026-09-08T18:28:42
3250017,چهره,2026-09-17,باز,5000000,,,بله,2026-09-08T18:28:42
3250017,چهره,2026-09-18,باز,4000000,,,,2026-09-08T18:28:42
3250017,چهره,2026-09-19,باز,4000000,,,,2026-09-08T18:28:42
3250017,چهره,2026-09-20,باز,4000000,,,,2026-09-08T18:28:42
3250017,چهره,2026-09-21,باز,4000000,,,,2026-09-08T18:28:42
3250017,چهره,2026-09-22,باز,4000000,,,,2026-09-08T18:28:42
3250017,چهره,2026-09-23,باز,2500000,,,بله,2026-09-08T18:28:42
3250017,چهره,2026-09-24,باز,3500000,,,بله,2026-09-08T18:28:42
3250017,چهره,2026-09-25,باز,2500000,,,,2026-09-08T18:28:42
3250017,چهره,2026-09-26,باز,2500000,,,,2026-09-08T18:28:42
3250017,چهره,2026-09-27,باز,2500000,,,,2026-09-08T18:28:42
3250017,چهره,2026-09-28,باز,2500000,,,,2026-09-08T18:28:42
3250017,چهره,2026-09-29,باز,2500000,,,,2026-09-08T18:28:42
3250017,چهره,2026-09-30,باز,2500000,,,بله,2026-09-08T18:28:42
3250017,چهره,2026-10-01,باز,3500000,,,بله,2026-09-08T18:28:42
3250017,چهره,2026-10-02,باز,2500000,,,,2026-09-08T18:28:42
3250017,چهره,2026-10-03,باز,2500000,,,,2026-09-08T18:28:42
3250017,چهره,2026-10-04,باز,2500000,,,,2026-09-08T18:28:42
3250017,چهره,2026-10-05,باز,2500000,,,,2026-09-08T18:28:42
3250017,چهره,2026-10-06,باز,2500000,,,,2026-09-08T18:28:42
3250017,چهره,2026-10-07,باز,2500000,,,بله,2026-09-08T18:28:42
3250017,چهره,2026-10-08,باز,3500000,,,بله,2026-09-08T18:28:42
3250644,کاردرکلا,2026-09-08,بسته (مشاهده‌شده - دلیل نامشخص),7950000,,,,2026-09-08T18:28:44
3250644,کاردرکلا,2026-09-09,بسته (مشاهده‌شده - دلیل نامشخص),8950000,,,بله,2026-09-08T18:28:44
3250644,کاردرکلا,2026-09-10,بسته (مشاهده‌شده - دلیل نامشخص),8950000,,,بله,2026-09-08T18:28:44
3250644,کاردرکلا,2026-09-11,باز,7950000,,,,2026-09-08T18:28:44
3250644,کاردرکلا,2026-09-12,بسته (مشاهده‌شده - دلیل نامشخص),7950000,,,,2026-09-08T18:28:44
3250644,کاردرکلا,2026-09-13,بسته (مشاهده‌شده - دلیل نامشخص),7950000,,,,2026-09-08T18:28:44
3250644,کاردرکلا,2026-09-14,بسته (مشاهده‌شده - دلیل نامشخص),7950000,,,,2026-09-08T18:28:44
3250644,کاردرکلا,2026-09-15,بسته (مشاهده‌شده - دلیل نامشخص),7950000,,,,2026-09-08T18:28:44
3250644,کاردرکلا,2026-09-16,باز,8950000,,,بله,2026-09-08T18:28:44
3250644,کاردرکلا,2026-09-17,باز,8950000,,,بله,2026-09-08T18:28:44
3250644,کاردرکلا,2026-09-18,باز,7950000,,,,2026-09-08T18:28:44
3250644,کاردرکلا,2026-09-19,باز,7950000,,,,2026-09-08T18:28:44
3250644,کاردرکلا,2026-09-20,باز,7950000,,,,2026-09-08T18:28:44
3250644,کاردرکلا,2026-09-21,باز,7950000,,,,2026-09-08T18:28:44
3250644,کاردرکلا,2026-09-22,باز,7950000,,,,2026-09-08T18:28:44
3250644,کاردرکلا,2026-09-23,باز,8950000,,,بله,2026-09-08T18:28:44
3250644,کاردرکلا,2026-09-24,باز,8950000,,,بله,2026-09-08T18:28:44
3250644,کاردرکلا,2026-09-25,باز,7950000,,,,2026-09-08T18:28:44
3250644,کاردرکلا,2026-09-26,باز,7950000,,,,2026-09-08T18:28:44
3250644,کاردرکلا,2026-09-27,باز,7950000,,,,2026-09-08T18:28:44
3250644,کاردرکلا,2026-09-28,باز,7950000,,,,2026-09-08T18:28:44
3250644,کاردرکلا,2026-09-29,باز,7950000,,,,2026-09-08T18:28:44
3250644,کاردرکلا,2026-09-30,باز,8950000,,,بله,2026-09-08T18:28:44
3250644,کاردرکلا,2026-10-01,باز,8950000,,,بله,2026-09-08T18:28:44
3250644,کاردرکلا,2026-10-02,باز,7950000,,,,2026-09-08T18:28:44
3250644,کاردرکلا,2026-10-03,باز,7950000,,,,2026-09-08T18:28:44
3250644,کاردرکلا,2026-10-04,باز,7950000,,,,2026-09-08T18:28:44
3250644,کاردرکلا,2026-10-05,باز,7950000,,,,2026-09-08T18:28:44
3250644,کاردرکلا,2026-10-06,باز,7950000,,,,2026-09-08T18:28:44
3250644,کاردرکلا,2026-10-07,باز,8950000,,,بله,2026-09-08T18:28:44
3250644,کاردرکلا,2026-10-08,باز,8950000,,,بله,2026-09-08T18:28:44
3250799,کاردرکلا,2026-09-08,بسته (مشاهده‌شده - دلیل نامشخص),3000000,,,,2026-09-08T18:29:09
3250799,کاردرکلا,2026-09-09,باز,3600000,,,بله,2026-09-08T18:29:09
3250799,کاردرکلا,2026-09-10,باز,4000000,,,بله,2026-09-08T18:29:09
3250799,کاردرکلا,2026-09-11,باز,3000000,,,,2026-09-08T18:29:09
3250799,کاردرکلا,2026-09-12,باز,3000000,,,,2026-09-08T18:29:09
3250799,کاردرکلا,2026-09-13,باز,3000000,,,,2026-09-08T18:29:09
3250799,کاردرکلا,2026-09-14,باز,3000000,,,,2026-09-08T18:29:09
3250799,کاردرکلا,2026-09-15,باز,3000000,,,,2026-09-08T18:29:09
3250799,کاردرکلا,2026-09-16,باز,3600000,,,بله,2026-09-08T18:29:09
3250799,کاردرکلا,2026-09-17,باز,4500000,,,بله,2026-09-08T18:29:09
3250799,کاردرکلا,2026-09-18,باز,3000000,,,,2026-09-08T18:29:09
3250799,کاردرکلا,2026-09-19,باز,3000000,,,,2026-09-08T18:29:09
3250799,کاردرکلا,2026-09-20,باز,3000000,,,,2026-09-08T18:29:09
3250799,کاردرکلا,2026-09-21,باز,3000000,,,,2026-09-08T18:29:09
3250799,کاردرکلا,2026-09-22,باز,3000000,,,,2026-09-08T18:29:09
3250799,کاردرکلا,2026-09-23,باز,2850000,,,بله,2026-09-08T18:29:09
3250799,کاردرکلا,2026-09-24,باز,2850000,,,بله,2026-09-08T18:29:09
3250799,کاردرکلا,2026-09-25,باز,1850000,,,,2026-09-08T18:29:09
3250799,کاردرکلا,2026-09-26,باز,1850000,,,,2026-09-08T18:29:09
3250799,کاردرکلا,2026-09-27,باز,1850000,,,,2026-09-08T18:29:09
3250799,کاردرکلا,2026-09-28,باز,1850000,,,,2026-09-08T18:29:09
3250799,کاردرکلا,2026-09-29,باز,1850000,,,,2026-09-08T18:29:09
3250799,کاردرکلا,2026-09-30,باز,2850000,,,بله,2026-09-08T18:29:09
3250799,کاردرکلا,2026-10-01,باز,2850000,,,بله,2026-09-08T18:29:09
3250799,کاردرکلا,2026-10-02,باز,1850000,,,,2026-09-08T18:29:09
3250799,کاردرکلا,2026-10-03,باز,1850000,,,,2026-09-08T18:29:09
3250799,کاردرکلا,2026-10-04,باز,1850000,,,,2026-09-08T18:29:09
3250799,کاردرکلا,2026-10-05,باز,1850000,,,,2026-09-08T18:29:09
3250799,کاردرکلا,2026-10-06,باز,1850000,,,,2026-09-08T18:29:09
3250799,کاردرکلا,2026-10-07,باز,2850000,,,بله,2026-09-08T18:29:09
3250799,کاردرکلا,2026-10-08,باز,2850000,,,بله,2026-09-08T18:29:09
3250824,بابلکنار,2026-09-08,بسته (مشاهده‌شده - دلیل نامشخص),3000000,,,,2026-09-08T18:29:11
3250824,بابلکنار,2026-09-09,بسته (مشاهده‌شده - دلیل نامشخص),4000000,,,بله,2026-09-08T18:29:11
3250824,بابلکنار,2026-09-10,بسته (مشاهده‌شده - دلیل نامشخص),4000000,,,بله,2026-09-08T18:29:11
3250824,بابلکنار,2026-09-11,بسته (مشاهده‌شده - دلیل نامشخص),3000000,,,,2026-09-08T18:29:11
3250824,بابلکنار,2026-09-12,بسته (مشاهده‌شده - دلیل نامشخص),3000000,,,,2026-09-08T18:29:11
3250824,بابلکنار,2026-09-13,بسته (مشاهده‌شده - دلیل نامشخص),3000000,,,,2026-09-08T18:29:11
3250824,بابلکنار,2026-09-14,باز,3000000,,,,2026-09-08T18:29:11
3250824,بابلکنار,2026-09-15,باز,3000000,,,,2026-09-08T18:29:11
3250824,بابلکنار,2026-09-16,باز,4000000,,,بله,2026-09-08T18:29:11
3250824,بابلکنار,2026-09-17,باز,4000000,,,بله,2026-09-08T18:29:11
3250824,بابلکنار,2026-09-18,باز,3000000,,,,2026-09-08T18:29:11
3250824,بابلکنار,2026-09-19,بسته (مشاهده‌شده - دلیل نامشخص),3000000,,,,2026-09-08T18:29:11
3250824,بابلکنار,2026-09-20,بسته (مشاهده‌شده - دلیل نامشخص),3000000,,,,2026-09-08T18:29:11
3250824,بابلکنار,2026-09-21,بسته (مشاهده‌شده - دلیل نامشخص),3000000,,,,2026-09-08T18:29:11
3250824,بابلکنار,2026-09-22,باز,3000000,,,,2026-09-08T18:29:11
3250824,بابلکنار,2026-09-23,باز,3500000,,,بله,2026-09-08T18:29:11
3250824,بابلکنار,2026-09-24,باز,3500000,,,بله,2026-09-08T18:29:11
3250824,بابلکنار,2026-09-25,باز,2500000,,,,2026-09-08T18:29:11
3250824,بابلکنار,2026-09-26,باز,2500000,,,,2026-09-08T18:29:11
3250824,بابلکنار,2026-09-27,باز,2500000,,,,2026-09-08T18:29:11
3250824,بابلکنار,2026-09-28,باز,2500000,,,,2026-09-08T18:29:11
3250824,بابلکنار,2026-09-29,باز,2500000,,,,2026-09-08T18:29:11
3250824,بابلکنار,2026-09-30,باز,3500000,,,بله,2026-09-08T18:29:11
3250824,بابلکنار,2026-10-01,باز,3500000,,,بله,2026-09-08T18:29:11
3250824,بابلکنار,2026-10-02,باز,2500000,,,,2026-09-08T18:29:11
3250824,بابلکنار,2026-10-03,باز,2500000,,,,2026-09-08T18:29:11
3250824,بابلکنار,2026-10-04,باز,2500000,,,,2026-09-08T18:29:11
3250824,بابلکنار,2026-10-05,باز,2500000,,,,2026-09-08T18:29:11
3250824,بابلکنار,2026-10-06,باز,2500000,,,,2026-09-08T18:29:11
3250824,بابلکنار,2026-10-07,باز,3500000,,,بله,2026-09-08T18:29:11
3250824,بابلکنار,2026-10-08,بسته (مشاهده‌شده - دلیل نامشخص),3500000,,,بله,2026-09-08T18:29:11
3251559,لفور,2026-09-08,بسته (مشاهده‌شده - دلیل نامشخص),4999000,10,,,2026-09-08T18:29:14
3251559,لفور,2026-09-09,باز,7900000,10,,بله,2026-09-08T18:29:14
3251559,لفور,2026-09-10,باز,7900000,,,بله,2026-09-08T18:29:14
3251559,لفور,2026-09-11,بسته (مشاهده‌شده - دلیل نامشخص),4999000,,,,2026-09-08T18:29:14
3251559,لفور,2026-09-12,بسته (مشاهده‌شده - دلیل نامشخص),4999000,,,,2026-09-08T18:29:14
3251559,لفور,2026-09-13,بسته (مشاهده‌شده - دلیل نامشخص),4400000,,,,2026-09-08T18:29:14
3251559,لفور,2026-09-14,بسته (مشاهده‌شده - دلیل نامشخص),4400000,,,,2026-09-08T18:29:14
3251559,لفور,2026-09-15,بسته (مشاهده‌شده - دلیل نامشخص),4999000,,,,2026-09-08T18:29:14
3251559,لفور,2026-09-16,بسته (مشاهده‌شده - دلیل نامشخص),7900000,,,بله,2026-09-08T18:29:14
3251559,لفور,2026-09-17,باز,9500000,,,بله,2026-09-08T18:29:14
3251559,لفور,2026-09-18,باز,6500000,,,,2026-09-08T18:29:14
3251559,لفور,2026-09-19,باز,6500000,,,,2026-09-08T18:29:14
3251559,لفور,2026-09-20,باز,6500000,,,,2026-09-08T18:29:14
3251559,لفور,2026-09-21,باز,6500000,,,,2026-09-08T18:29:14
3251559,لفور,2026-09-22,باز,6500000,,,,2026-09-08T18:29:14
3251559,لفور,2026-09-23,باز,9500000,,,بله,2026-09-08T18:29:14
3251559,لفور,2026-09-24,باز,9500000,,,بله,2026-09-08T18:29:14
3251559,لفور,2026-09-25,باز,6500000,,,,2026-09-08T18:29:14
3251559,لفور,2026-09-26,بسته (مشاهده‌شده - دلیل نامشخص),4000000,,,,2026-09-08T18:29:14
3251559,لفور,2026-09-27,بسته (مشاهده‌شده - دلیل نامشخص),4000000,,,,2026-09-08T18:29:14
3251559,لفور,2026-09-28,بسته (مشاهده‌شده - دلیل نامشخص),4000000,,,,2026-09-08T18:29:14
3251559,لفور,2026-09-29,باز,4000000,,,,2026-09-08T18:29:14
3251559,لفور,2026-09-30,باز,7500000,,,بله,2026-09-08T18:29:14
3251559,لفور,2026-10-01,باز,7500000,,,بله,2026-09-08T18:29:14
3251559,لفور,2026-10-02,باز,4000000,,,,2026-09-08T18:29:14
3251559,لفور,2026-10-03,باز,4000000,,,,2026-09-08T18:29:14
3251559,لفور,2026-10-04,باز,4000000,,,,2026-09-08T18:29:14
3251559,لفور,2026-10-05,باز,4000000,,,,2026-09-08T18:29:14
3251559,لفور,2026-10-06,باز,4000000,,,,2026-09-08T18:29:14
3251559,لفور,2026-10-07,باز,7500000,,,بله,2026-09-08T18:29:14
3251559,لفور,2026-10-08,باز,7500000,,,بله,2026-09-08T18:29:14
3251928,درازکلا,2026-09-08,باز,2450000,10,,,2026-09-08T18:29:19
3251928,درازکلا,2026-09-09,باز,3500000,,,بله,2026-09-08T18:29:19
3251928,درازکلا,2026-09-10,بسته (مشاهده‌شده - دلیل نامشخص),4000000,,,بله,2026-09-08T18:29:19
3251928,درازکلا,2026-09-11,بسته (مشاهده‌شده - دلیل نامشخص),2450000,,,,2026-09-08T18:29:19
3251928,درازکلا,2026-09-12,بسته (مشاهده‌شده - دلیل نامشخص),2450000,,,,2026-09-08T18:29:19
3251928,درازکلا,2026-09-13,باز,2450000,,,,2026-09-08T18:29:19
3251928,درازکلا,2026-09-14,باز,2450000,,,,2026-09-08T18:29:19
3251928,درازکلا,2026-09-15,باز,2450000,,,,2026-09-08T18:29:19
3251928,درازکلا,2026-09-16,باز,4000000,,,بله,2026-09-08T18:29:19
3251928,درازکلا,2026-09-17,باز,4000000,,,بله,2026-09-08T18:29:19
3251928,درازکلا,2026-09-18,باز,2450000,,,,2026-09-08T18:29:19
3251928,درازکلا,2026-09-19,باز,2450000,,,,2026-09-08T18:29:19
3251928,درازکلا,2026-09-20,باز,2450000,,,,2026-09-08T18:29:19
3251928,درازکلا,2026-09-21,باز,2450000,,,,2026-09-08T18:29:19
3251928,درازکلا,2026-09-22,باز,2450000,,,,2026-09-08T18:29:19
3251928,درازکلا,2026-09-23,باز,4000000,,,بله,2026-09-08T18:29:19
3251928,درازکلا,2026-09-24,باز,4000000,,,بله,2026-09-08T18:29:19
3251928,درازکلا,2026-09-25,باز,2550000,,,,2026-09-08T18:29:19
3251928,درازکلا,2026-09-26,باز,2550000,,,,2026-09-08T18:29:19
3251928,درازکلا,2026-09-27,باز,2550000,,,,2026-09-08T18:29:19
3251928,درازکلا,2026-09-28,باز,2550000,,,,2026-09-08T18:29:19
3251928,درازکلا,2026-09-29,باز,2550000,,,,2026-09-08T18:29:19
3251928,درازکلا,2026-09-30,باز,4000000,,,بله,2026-09-08T18:29:19
3251928,درازکلا,2026-10-01,باز,4000000,,,بله,2026-09-08T18:29:19
3251928,درازکلا,2026-10-02,باز,2550000,,,,2026-09-08T18:29:19
3251928,درازکلا,2026-10-03,باز,2550000,,,,2026-09-08T18:29:19
3251928,درازکلا,2026-10-04,باز,2550000,,,,2026-09-08T18:29:19
3251928,درازکلا,2026-10-05,باز,2550000,,,,2026-09-08T18:29:19
3251928,درازکلا,2026-10-06,باز,2550000,,,,2026-09-08T18:29:19
3251928,درازکلا,2026-10-07,باز,4000000,,,بله,2026-09-08T18:29:19
3251928,درازکلا,2026-10-08,باز,4000000,,,بله,2026-09-08T18:29:19
3252844,درازکلا,2026-09-08,بسته (مشاهده‌شده - دلیل نامشخص),1500000,,,,2026-09-08T18:29:26
3252844,درازکلا,2026-09-09,بسته (مشاهده‌شده - دلیل نامشخص),2000000,,,بله,2026-09-08T18:29:26
3252844,درازکلا,2026-09-10,بسته (مشاهده‌شده - دلیل نامشخص),2000000,,,بله,2026-09-08T18:29:26
3252844,درازکلا,2026-09-11,بسته (مشاهده‌شده - دلیل نامشخص),1500000,,,,2026-09-08T18:29:26
3252844,درازکلا,2026-09-12,بسته (مشاهده‌شده - دلیل نامشخص),1500000,,,,2026-09-08T18:29:26
3252844,درازکلا,2026-09-13,بسته (مشاهده‌شده - دلیل نامشخص),1500000,,,,2026-09-08T18:29:26
3252844,درازکلا,2026-09-14,باز,1500000,,,,2026-09-08T18:29:26
3252844,درازکلا,2026-09-15,بسته (مشاهده‌شده - دلیل نامشخص),1500000,,,,2026-09-08T18:29:26
3252844,درازکلا,2026-09-16,بسته (مشاهده‌شده - دلیل نامشخص),2000000,,,بله,2026-09-08T18:29:26
3252844,درازکلا,2026-09-17,بسته (مشاهده‌شده - دلیل نامشخص),2000000,,,بله,2026-09-08T18:29:26
3252844,درازکلا,2026-09-18,باز,1500000,,,,2026-09-08T18:29:26
3252844,درازکلا,2026-09-19,باز,1500000,,,,2026-09-08T18:29:26
3252844,درازکلا,2026-09-20,باز,1500000,,,,2026-09-08T18:29:26
3252844,درازکلا,2026-09-21,باز,1500000,,,,2026-09-08T18:29:26
3252844,درازکلا,2026-09-22,باز,1500000,,,,2026-09-08T18:29:26
3252844,درازکلا,2026-09-23,باز,2000000,,,بله,2026-09-08T18:29:26
3252844,درازکلا,2026-09-24,باز,2000000,,,بله,2026-09-08T18:29:26
3252844,درازکلا,2026-09-25,باز,1500000,,,,2026-09-08T18:29:26
3252844,درازکلا,2026-09-26,باز,1500000,,,,2026-09-08T18:29:26
3252844,درازکلا,2026-09-27,باز,1500000,,,,2026-09-08T18:29:26
3252844,درازکلا,2026-09-28,باز,1500000,,,,2026-09-08T18:29:26
3252844,درازکلا,2026-09-29,باز,1500000,,,,2026-09-08T18:29:26
3252844,درازکلا,2026-09-30,باز,2000000,,,بله,2026-09-08T18:29:26
3252844,درازکلا,2026-10-01,باز,2000000,,,بله,2026-09-08T18:29:26
3252844,درازکلا,2026-10-02,باز,1500000,,,,2026-09-08T18:29:26
3252844,درازکلا,2026-10-03,باز,1500000,,,,2026-09-08T18:29:26
3252844,درازکلا,2026-10-04,باز,1500000,,,,2026-09-08T18:29:26
3252844,درازکلا,2026-10-05,باز,1500000,,,,2026-09-08T18:29:26
3252844,درازکلا,2026-10-06,باز,1500000,,,,2026-09-08T18:29:26
3252844,درازکلا,2026-10-07,باز,2000000,,,بله,2026-09-08T18:29:26
3252844,درازکلا,2026-10-08,باز,2000000,,,بله,2026-09-08T18:29:26
3252868,گونه کلا,2026-09-08,باز,3200000,,,,2026-09-08T18:29:28
3252868,گونه کلا,2026-09-09,باز,4990000,,,,2026-09-08T18:29:28
3252868,گونه کلا,2026-09-10,باز,4990000,,,بله,2026-09-08T18:29:28
3252868,گونه کلا,2026-09-11,باز,3200000,,,,2026-09-08T18:29:28
3252868,گونه کلا,2026-09-12,باز,3200000,,,,2026-09-08T18:29:28
3252868,گونه کلا,2026-09-13,باز,3200000,,,,2026-09-08T18:29:28
3252868,گونه کلا,2026-09-14,باز,3200000,,,,2026-09-08T18:29:28
3252868,گونه کلا,2026-09-15,باز,3200000,,,,2026-09-08T18:29:28
3252868,گونه کلا,2026-09-16,باز,4990000,,,,2026-09-08T18:29:28
3252868,گونه کلا,2026-09-17,باز,4990000,,,بله,2026-09-08T18:29:28
3252868,گونه کلا,2026-09-18,باز,3200000,,,,2026-09-08T18:29:28
3252868,گونه کلا,2026-09-19,باز,3200000,,,,2026-09-08T18:29:28
3252868,گونه کلا,2026-09-20,باز,3200000,,,,2026-09-08T18:29:28
3252868,گونه کلا,2026-09-21,باز,3200000,,,,2026-09-08T18:29:28
3252868,گونه کلا,2026-09-22,باز,3200000,,,,2026-09-08T18:29:28
3252868,گونه کلا,2026-09-23,باز,2500000,,,,2026-09-08T18:29:28
3252868,گونه کلا,2026-09-24,باز,3500000,,,بله,2026-09-08T18:29:28
3252868,گونه کلا,2026-09-25,باز,2500000,,,,2026-09-08T18:29:28
3252868,گونه کلا,2026-09-26,باز,2500000,,,,2026-09-08T18:29:28
3252868,گونه کلا,2026-09-27,باز,2500000,,,,2026-09-08T18:29:28
3252868,گونه کلا,2026-09-28,باز,2500000,,,,2026-09-08T18:29:28
3252868,گونه کلا,2026-09-29,باز,2500000,,,,2026-09-08T18:29:28
3252868,گونه کلا,2026-09-30,باز,2500000,,,,2026-09-08T18:29:28
3252868,گونه کلا,2026-10-01,باز,3500000,,,بله,2026-09-08T18:29:28
3252868,گونه کلا,2026-10-02,باز,2500000,,,,2026-09-08T18:29:28
3252868,گونه کلا,2026-10-03,باز,2500000,,,,2026-09-08T18:29:28
3252868,گونه کلا,2026-10-04,باز,2500000,,,,2026-09-08T18:29:28
3252868,گونه کلا,2026-10-05,باز,2500000,,,,2026-09-08T18:29:28
3252868,گونه کلا,2026-10-06,باز,2500000,,,,2026-09-08T18:29:28
3252868,گونه کلا,2026-10-07,باز,2500000,,,,2026-09-08T18:29:28
3252868,گونه کلا,2026-10-08,باز,3500000,,,بله,2026-09-08T18:29:28
3252930,بابلکنار,2026-09-08,باز,5850000,,,,2026-09-08T18:29:29
3252930,بابلکنار,2026-09-09,باز,6500000,,,بله,2026-09-08T18:29:29
3252930,بابلکنار,2026-09-10,باز,6500000,,,بله,2026-09-08T18:29:29
3252930,بابلکنار,2026-09-11,باز,5850000,,,,2026-09-08T18:29:29
3252930,بابلکنار,2026-09-12,باز,5850000,,,,2026-09-08T18:29:29
3252930,بابلکنار,2026-09-13,باز,5850000,,,,2026-09-08T18:29:29
3252930,بابلکنار,2026-09-14,باز,5850000,,,,2026-09-08T18:29:29
3252930,بابلکنار,2026-09-15,باز,5850000,,,,2026-09-08T18:29:29
3252930,بابلکنار,2026-09-16,باز,6500000,,,بله,2026-09-08T18:29:29
3252930,بابلکنار,2026-09-17,باز,6500000,,,بله,2026-09-08T18:29:29
3252930,بابلکنار,2026-09-18,باز,5850000,,,,2026-09-08T18:29:29
3252930,بابلکنار,2026-09-19,باز,5850000,,,,2026-09-08T18:29:29
3252930,بابلکنار,2026-09-20,باز,5850000,,,,2026-09-08T18:29:29
3252930,بابلکنار,2026-09-21,باز,5850000,,,,2026-09-08T18:29:29
3252930,بابلکنار,2026-09-22,باز,5850000,,,,2026-09-08T18:29:29
3252930,بابلکنار,2026-09-23,باز,3800000,,,بله,2026-09-08T18:29:29
3252930,بابلکنار,2026-09-24,باز,3800000,,,بله,2026-09-08T18:29:29
3252930,بابلکنار,2026-09-25,باز,2700000,,,,2026-09-08T18:29:29
3252930,بابلکنار,2026-09-26,باز,2700000,,,,2026-09-08T18:29:29
3252930,بابلکنار,2026-09-27,باز,2700000,,,,2026-09-08T18:29:29
3252930,بابلکنار,2026-09-28,باز,2700000,,,,2026-09-08T18:29:29
3252930,بابلکنار,2026-09-29,باز,2700000,,,,2026-09-08T18:29:29
3252930,بابلکنار,2026-09-30,باز,3800000,,,بله,2026-09-08T18:29:29
3252930,بابلکنار,2026-10-01,باز,3800000,,,بله,2026-09-08T18:29:29
3252930,بابلکنار,2026-10-02,باز,2700000,,,,2026-09-08T18:29:29
3252930,بابلکنار,2026-10-03,باز,2700000,,,,2026-09-08T18:29:29
3252930,بابلکنار,2026-10-04,باز,2700000,,,,2026-09-08T18:29:29
3252930,بابلکنار,2026-10-05,باز,2700000,,,,2026-09-08T18:29:29
3252930,بابلکنار,2026-10-06,باز,2700000,,,,2026-09-08T18:29:29
3252930,بابلکنار,2026-10-07,باز,3800000,,,بله,2026-09-08T18:29:29
3252930,بابلکنار,2026-10-08,باز,3800000,,,بله,2026-09-08T18:29:29
3253520,سیدکلا,2026-09-08,بسته (مشاهده‌شده - دلیل نامشخص),5000000,,,,2026-09-08T18:29:31
3253520,سیدکلا,2026-09-09,باز,6000000,,,بله,2026-09-08T18:29:31
3253520,سیدکلا,2026-09-10,بسته (مشاهده‌شده - دلیل نامشخص),6000000,,,بله,2026-09-08T18:29:31
3253520,سیدکلا,2026-09-11,بسته (مشاهده‌شده - دلیل نامشخص),5000000,,,,2026-09-08T18:29:31
3253520,سیدکلا,2026-09-12,بسته (مشاهده‌شده - دلیل نامشخص),5000000,,,,2026-09-08T18:29:31
3253520,سیدکلا,2026-09-13,بسته (مشاهده‌شده - دلیل نامشخص),5000000,,,,2026-09-08T18:29:31
3253520,سیدکلا,2026-09-14,باز,5000000,,,,2026-09-08T18:29:31
3253520,سیدکلا,2026-09-15,باز,5000000,,,,2026-09-08T18:29:31
3253520,سیدکلا,2026-09-16,باز,6000000,,,بله,2026-09-08T18:29:31
3253520,سیدکلا,2026-09-17,باز,6000000,,,بله,2026-09-08T18:29:31
3253520,سیدکلا,2026-09-18,باز,5000000,,,,2026-09-08T18:29:31
3253520,سیدکلا,2026-09-19,باز,5000000,,,,2026-09-08T18:29:31
3253520,سیدکلا,2026-09-20,باز,5000000,,,,2026-09-08T18:29:31
3253520,سیدکلا,2026-09-21,باز,5000000,,,,2026-09-08T18:29:31
3253520,سیدکلا,2026-09-22,باز,5000000,,,,2026-09-08T18:29:31
3253520,سیدکلا,2026-09-23,باز,4000000,,,بله,2026-09-08T18:29:31
3253520,سیدکلا,2026-09-24,باز,4000000,,,بله,2026-09-08T18:29:31
3253520,سیدکلا,2026-09-25,باز,2500000,,,,2026-09-08T18:29:31
3253520,سیدکلا,2026-09-26,باز,2500000,,,,2026-09-08T18:29:31
3253520,سیدکلا,2026-09-27,باز,2500000,,,,2026-09-08T18:29:31
3253520,سیدکلا,2026-09-28,باز,2500000,,,,2026-09-08T18:29:31
3253520,سیدکلا,2026-09-29,باز,2500000,,,,2026-09-08T18:29:31
3253520,سیدکلا,2026-09-30,باز,4000000,,,بله,2026-09-08T18:29:31
3253520,سیدکلا,2026-10-01,باز,4000000,,,بله,2026-09-08T18:29:31
3253520,سیدکلا,2026-10-02,باز,2500000,,,,2026-09-08T18:29:31
3253520,سیدکلا,2026-10-03,باز,2500000,,,,2026-09-08T18:29:31
3253520,سیدکلا,2026-10-04,باز,2500000,,,,2026-09-08T18:29:31
3253520,سیدکلا,2026-10-05,باز,2500000,,,,2026-09-08T18:29:31
3253520,سیدکلا,2026-10-06,باز,2500000,,,,2026-09-08T18:29:31
3253520,سیدکلا,2026-10-07,باز,4000000,,,بله,2026-09-08T18:29:31
3253520,سیدکلا,2026-10-08,باز,4000000,,,بله,2026-09-08T18:29:31
3254052,لفور,2026-09-08,بسته (مشاهده‌شده - دلیل نامشخص),5950000,,,,2026-09-08T18:29:33
3254052,لفور,2026-09-09,باز,7950000,,,بله,2026-09-08T18:29:33
3254052,لفور,2026-09-10,بسته (مشاهده‌شده - دلیل نامشخص),7950000,,,بله,2026-09-08T18:29:33
3254052,لفور,2026-09-11,باز,5950000,,,,2026-09-08T18:29:33
3254052,لفور,2026-09-12,باز,5950000,,,,2026-09-08T18:29:33
3254052,لفور,2026-09-13,باز,5950000,,,,2026-09-08T18:29:33
3254052,لفور,2026-09-14,باز,5950000,,,,2026-09-08T18:29:33
3254052,لفور,2026-09-15,باز,6950000,,,,2026-09-08T18:29:33
3254052,لفور,2026-09-16,باز,7950000,,,بله,2026-09-08T18:29:33
3254052,لفور,2026-09-17,باز,7950000,,,بله,2026-09-08T18:29:33
3254052,لفور,2026-09-18,باز,6950000,,,,2026-09-08T18:29:33
3254052,لفور,2026-09-19,باز,6950000,,,,2026-09-08T18:29:33
3254052,لفور,2026-09-20,باز,6950000,,,,2026-09-08T18:29:33
3254052,لفور,2026-09-21,باز,6950000,,,,2026-09-08T18:29:33
3254052,لفور,2026-09-22,باز,6950000,,,,2026-09-08T18:29:33
3254052,لفور,2026-09-23,باز,7950000,,,بله,2026-09-08T18:29:33
3254052,لفور,2026-09-24,باز,7950000,,,بله,2026-09-08T18:29:33
3254052,لفور,2026-09-25,باز,5950000,,,,2026-09-08T18:29:33
3254052,لفور,2026-09-26,باز,5950000,,,,2026-09-08T18:29:33
3254052,لفور,2026-09-27,باز,5950000,,,,2026-09-08T18:29:33
3254052,لفور,2026-09-28,باز,5950000,,,,2026-09-08T18:29:33
3254052,لفور,2026-09-29,باز,5950000,,,,2026-09-08T18:29:33
3254052,لفور,2026-09-30,باز,7950000,,,بله,2026-09-08T18:29:33
3254052,لفور,2026-10-01,باز,7950000,,,بله,2026-09-08T18:29:33
3254052,لفور,2026-10-02,باز,5950000,,,,2026-09-08T18:29:33
3254052,لفور,2026-10-03,بسته (مشاهده‌شده - دلیل نامشخص),5950000,,,,2026-09-08T18:29:33
3254052,لفور,2026-10-04,بسته (مشاهده‌شده - دلیل نامشخص),5950000,,,,2026-09-08T18:29:33
3254052,لفور,2026-10-05,بسته (مشاهده‌شده - دلیل نامشخص),5950000,,,,2026-09-08T18:29:33
3254052,لفور,2026-10-06,بسته (مشاهده‌شده - دلیل نامشخص),5950000,,,,2026-09-08T18:29:33
3254052,لفور,2026-10-07,بسته (مشاهده‌شده - دلیل نامشخص),7950000,,,بله,2026-09-08T18:29:33
3254052,لفور,2026-10-08,بسته (مشاهده‌شده - دلیل نامشخص),7950000,,,بله,2026-09-08T18:29:33
3255068,بابلکنار,2026-09-08,بسته (مشاهده‌شده - دلیل نامشخص),7950000,,,,2026-09-08T18:29:34
3255068,بابلکنار,2026-09-09,بسته (مشاهده‌شده - دلیل نامشخص),13500000,30,,بله,2026-09-08T18:29:34
3255068,بابلکنار,2026-09-10,باز,13500000,,,بله,2026-09-08T18:29:34
3255068,بابلکنار,2026-09-11,باز,7950000,,,,2026-09-08T18:29:34
3255068,بابلکنار,2026-09-12,باز,7950000,,,,2026-09-08T18:29:34
3255068,بابلکنار,2026-09-13,باز,7950000,,,,2026-09-08T18:29:34
3255068,بابلکنار,2026-09-14,باز,7950000,,,,2026-09-08T18:29:34
3255068,بابلکنار,2026-09-15,باز,7950000,,,,2026-09-08T18:29:34
3255068,بابلکنار,2026-09-16,باز,13500000,30,,بله,2026-09-08T18:29:34
3255068,بابلکنار,2026-09-17,باز,13500000,,,بله,2026-09-08T18:29:34
3255068,بابلکنار,2026-09-18,باز,7950000,,,,2026-09-08T18:29:34
3255068,بابلکنار,2026-09-19,باز,7950000,,,,2026-09-08T18:29:34
3255068,بابلکنار,2026-09-20,باز,7950000,,,,2026-09-08T18:29:34
3255068,بابلکنار,2026-09-21,باز,7950000,,,,2026-09-08T18:29:34
3255068,بابلکنار,2026-09-22,باز,7950000,,,,2026-09-08T18:29:34
3255068,بابلکنار,2026-09-23,باز,6750000,,,بله,2026-09-08T18:29:34
3255068,بابلکنار,2026-09-24,باز,6750000,,,بله,2026-09-08T18:29:34
3255068,بابلکنار,2026-09-25,باز,3400000,,,,2026-09-08T18:29:34
3255068,بابلکنار,2026-09-26,باز,3400000,,,,2026-09-08T18:29:34
3255068,بابلکنار,2026-09-27,باز,3400000,,,,2026-09-08T18:29:34
3255068,بابلکنار,2026-09-28,باز,3400000,,,,2026-09-08T18:29:34
3255068,بابلکنار,2026-09-29,باز,3400000,,,,2026-09-08T18:29:34
3255068,بابلکنار,2026-09-30,باز,6750000,,,بله,2026-09-08T18:29:34
3255068,بابلکنار,2026-10-01,باز,6750000,,,بله,2026-09-08T18:29:34
3255068,بابلکنار,2026-10-02,باز,3400000,,,,2026-09-08T18:29:34
3255068,بابلکنار,2026-10-03,باز,3400000,,,,2026-09-08T18:29:34
3255068,بابلکنار,2026-10-04,باز,3400000,,,,2026-09-08T18:29:34
3255068,بابلکنار,2026-10-05,باز,3400000,,,,2026-09-08T18:29:34
3255068,بابلکنار,2026-10-06,باز,3400000,,,,2026-09-08T18:29:34
3255068,بابلکنار,2026-10-07,باز,6750000,,,بله,2026-09-08T18:29:34
3255068,بابلکنار,2026-10-08,باز,6750000,,,بله,2026-09-08T18:29:34
3255298,بابلکنار,2026-09-08,بسته (مشاهده‌شده - دلیل نامشخص),4800000,,,,2026-09-08T18:29:36
3255298,بابلکنار,2026-09-09,بسته (مشاهده‌شده - دلیل نامشخص),6800000,,,بله,2026-09-08T18:29:36
3255298,بابلکنار,2026-09-10,بسته (مشاهده‌شده - دلیل نامشخص),6800000,,,بله,2026-09-08T18:29:36
3255298,بابلکنار,2026-09-11,بسته (مشاهده‌شده - دلیل نامشخص),4800000,,,,2026-09-08T18:29:36
3255298,بابلکنار,2026-09-12,باز,4800000,,,,2026-09-08T18:29:36
3255298,بابلکنار,2026-09-13,باز,4800000,,,,2026-09-08T18:29:36
3255298,بابلکنار,2026-09-14,باز,4800000,,,,2026-09-08T18:29:36
3255298,بابلکنار,2026-09-15,باز,4800000,,,,2026-09-08T18:29:36
3255298,بابلکنار,2026-09-16,باز,6800000,,,بله,2026-09-08T18:29:36
3255298,بابلکنار,2026-09-17,باز,6800000,,,بله,2026-09-08T18:29:36
3255298,بابلکنار,2026-09-18,باز,4800000,,,,2026-09-08T18:29:36
3255298,بابلکنار,2026-09-19,باز,4800000,,,,2026-09-08T18:29:36
3255298,بابلکنار,2026-09-20,باز,4800000,,,,2026-09-08T18:29:36
3255298,بابلکنار,2026-09-21,باز,4800000,,,,2026-09-08T18:29:36
3255298,بابلکنار,2026-09-22,باز,4800000,,,,2026-09-08T18:29:36
3255298,بابلکنار,2026-09-23,باز,6500000,,,بله,2026-09-08T18:29:36
3255298,بابلکنار,2026-09-24,باز,6500000,,,بله,2026-09-08T18:29:36
3255298,بابلکنار,2026-09-25,باز,4800000,,,,2026-09-08T18:29:36
3255298,بابلکنار,2026-09-26,باز,4800000,,,,2026-09-08T18:29:36
3255298,بابلکنار,2026-09-27,باز,4800000,,,,2026-09-08T18:29:36
3255298,بابلکنار,2026-09-28,باز,4800000,,,,2026-09-08T18:29:36
3255298,بابلکنار,2026-09-29,باز,4800000,,,,2026-09-08T18:29:36
3255298,بابلکنار,2026-09-30,باز,6500000,,,بله,2026-09-08T18:29:36
3255298,بابلکنار,2026-10-01,باز,6500000,,,بله,2026-09-08T18:29:36
3255298,بابلکنار,2026-10-02,باز,4800000,,,,2026-09-08T18:29:36
3255298,بابلکنار,2026-10-03,باز,4800000,,,,2026-09-08T18:29:36
3255298,بابلکنار,2026-10-04,باز,4800000,,,,2026-09-08T18:29:36
3255298,بابلکنار,2026-10-05,باز,4800000,,,,2026-09-08T18:29:36
3255298,بابلکنار,2026-10-06,باز,4800000,,,,2026-09-08T18:29:36
3255298,بابلکنار,2026-10-07,باز,6500000,,,بله,2026-09-08T18:29:36
3255298,بابلکنار,2026-10-08,باز,6500000,,,بله,2026-09-08T18:29:36
3255461,بابلکنار,2026-09-08,بسته (مشاهده‌شده - دلیل نامشخص),4850000,,,,2026-09-08T18:29:37
3255461,بابلکنار,2026-09-09,بسته (مشاهده‌شده - دلیل نامشخص),5950000,,,بله,2026-09-08T18:29:37
3255461,بابلکنار,2026-09-10,بسته (مشاهده‌شده - دلیل نامشخص),7500000,,,بله,2026-09-08T18:29:37
3255461,بابلکنار,2026-09-11,بسته (مشاهده‌شده - دلیل نامشخص),4850000,,,,2026-09-08T18:29:37
3255461,بابلکنار,2026-09-12,باز,5400000,,,,2026-09-08T18:29:37
3255461,بابلکنار,2026-09-13,باز,5400000,,,,2026-09-08T18:29:37
3255461,بابلکنار,2026-09-14,باز,5400000,,,,2026-09-08T18:29:37
3255461,بابلکنار,2026-09-15,باز,5400000,,,,2026-09-08T18:29:37
3255461,بابلکنار,2026-09-16,باز,6400000,,,بله,2026-09-08T18:29:37
3255461,بابلکنار,2026-09-17,باز,7900000,,,بله,2026-09-08T18:29:37
3255461,بابلکنار,2026-09-18,باز,5400000,,,,2026-09-08T18:29:37
3255461,بابلکنار,2026-09-19,باز,5400000,,,,2026-09-08T18:29:37
3255461,بابلکنار,2026-09-20,باز,5400000,,,,2026-09-08T18:29:37
3255461,بابلکنار,2026-09-21,باز,5400000,,,,2026-09-08T18:29:37
3255461,بابلکنار,2026-09-22,باز,5400000,,,,2026-09-08T18:29:37
3255461,بابلکنار,2026-09-23,باز,3550000,,,بله,2026-09-08T18:29:37
3255461,بابلکنار,2026-09-24,باز,5900000,,,بله,2026-09-08T18:29:37
3255461,بابلکنار,2026-09-25,باز,2550000,,,,2026-09-08T18:29:37
3255461,بابلکنار,2026-09-26,باز,2550000,,,,2026-09-08T18:29:37
3255461,بابلکنار,2026-09-27,باز,2550000,,,,2026-09-08T18:29:37
3255461,بابلکنار,2026-09-28,باز,2550000,,,,2026-09-08T18:29:37
3255461,بابلکنار,2026-09-29,باز,2550000,,,,2026-09-08T18:29:37
3255461,بابلکنار,2026-09-30,باز,3550000,,,بله,2026-09-08T18:29:37
3255461,بابلکنار,2026-10-01,باز,5900000,,,بله,2026-09-08T18:29:37
3255461,بابلکنار,2026-10-02,باز,2550000,,,,2026-09-08T18:29:37
3255461,بابلکنار,2026-10-03,باز,2550000,,,,2026-09-08T18:29:37
3255461,بابلکنار,2026-10-04,باز,2550000,,,,2026-09-08T18:29:37
3255461,بابلکنار,2026-10-05,باز,2550000,,,,2026-09-08T18:29:37
3255461,بابلکنار,2026-10-06,باز,2550000,,,,2026-09-08T18:29:37
3255461,بابلکنار,2026-10-07,باز,3550000,,,بله,2026-09-08T18:29:37
3255461,بابلکنار,2026-10-08,باز,5900000,,,بله,2026-09-08T18:29:37
3255521,بابلکنار,2026-09-08,بسته (مشاهده‌شده - دلیل نامشخص),3000000,,,,2026-09-08T18:29:39
3255521,بابلکنار,2026-09-09,بسته (مشاهده‌شده - دلیل نامشخص),3500000,,,بله,2026-09-08T18:29:39
3255521,بابلکنار,2026-09-10,بسته (مشاهده‌شده - دلیل نامشخص),4500000,,,بله,2026-09-08T18:29:39
3255521,بابلکنار,2026-09-11,باز,3000000,,,,2026-09-08T18:29:39
3255521,بابلکنار,2026-09-12,باز,3000000,,,,2026-09-08T18:29:39
3255521,بابلکنار,2026-09-13,بسته (مشاهده‌شده - دلیل نامشخص),3000000,,,,2026-09-08T18:29:39
3255521,بابلکنار,2026-09-14,باز,3000000,,,,2026-09-08T18:29:39
3255521,بابلکنار,2026-09-15,باز,3000000,,,,2026-09-08T18:29:39
3255521,بابلکنار,2026-09-16,باز,3500000,,,بله,2026-09-08T18:29:39
3255521,بابلکنار,2026-09-17,باز,4500000,,,بله,2026-09-08T18:29:39
3255521,بابلکنار,2026-09-18,باز,3000000,,,,2026-09-08T18:29:39
3255521,بابلکنار,2026-09-19,باز,3000000,,,,2026-09-08T18:29:39
3255521,بابلکنار,2026-09-20,باز,3000000,,,,2026-09-08T18:29:39
3255521,بابلکنار,2026-09-21,باز,3000000,,,,2026-09-08T18:29:39
3255521,بابلکنار,2026-09-22,باز,3000000,,,,2026-09-08T18:29:39
3255521,بابلکنار,2026-09-23,باز,3000000,,,بله,2026-09-08T18:29:39
3255521,بابلکنار,2026-09-24,باز,3000000,,,بله,2026-09-08T18:29:39
3255521,بابلکنار,2026-09-25,باز,2500000,,,,2026-09-08T18:29:39
3255521,بابلکنار,2026-09-26,باز,2500000,,,,2026-09-08T18:29:39
3255521,بابلکنار,2026-09-27,باز,2500000,,,,2026-09-08T18:29:39
3255521,بابلکنار,2026-09-28,باز,2500000,,,,2026-09-08T18:29:39
3255521,بابلکنار,2026-09-29,باز,2500000,,,,2026-09-08T18:29:39
3255521,بابلکنار,2026-09-30,باز,3000000,,,بله,2026-09-08T18:29:39
3255521,بابلکنار,2026-10-01,باز,3000000,,,بله,2026-09-08T18:29:39
3255521,بابلکنار,2026-10-02,باز,2500000,,,,2026-09-08T18:29:39
3255521,بابلکنار,2026-10-03,باز,2500000,,,,2026-09-08T18:29:39
3255521,بابلکنار,2026-10-04,باز,2500000,,,,2026-09-08T18:29:39
3255521,بابلکنار,2026-10-05,باز,2500000,,,,2026-09-08T18:29:39
3255521,بابلکنار,2026-10-06,باز,2500000,,,,2026-09-08T18:29:39
3255521,بابلکنار,2026-10-07,باز,3000000,,,بله,2026-09-08T18:29:39
3255521,بابلکنار,2026-10-08,باز,3000000,,,بله,2026-09-08T18:29:39
3255725,بابلکنار,2026-09-08,بسته (مشاهده‌شده - دلیل نامشخص),5700000,,,,2026-09-08T18:29:41
3255725,بابلکنار,2026-09-09,بسته (مشاهده‌شده - دلیل نامشخص),7000000,,,بله,2026-09-08T18:29:41
3255725,بابلکنار,2026-09-10,بسته (مشاهده‌شده - دلیل نامشخص),7000000,,,بله,2026-09-08T18:29:41
3255725,بابلکنار,2026-09-11,باز,5700000,,,,2026-09-08T18:29:41
3255725,بابلکنار,2026-09-12,بسته (مشاهده‌شده - دلیل نامشخص),5700000,,,,2026-09-08T18:29:41
3255725,بابلکنار,2026-09-13,بسته (مشاهده‌شده - دلیل نامشخص),5700000,,,,2026-09-08T18:29:41
3255725,بابلکنار,2026-09-14,بسته (مشاهده‌شده - دلیل نامشخص),5700000,,,,2026-09-08T18:29:41
3255725,بابلکنار,2026-09-15,بسته (مشاهده‌شده - دلیل نامشخص),5700000,,,,2026-09-08T18:29:41
3255725,بابلکنار,2026-09-16,باز,7000000,,,بله,2026-09-08T18:29:41
3255725,بابلکنار,2026-09-17,باز,7000000,,,بله,2026-09-08T18:29:41
3255725,بابلکنار,2026-09-18,باز,5700000,,,,2026-09-08T18:29:41
3255725,بابلکنار,2026-09-19,باز,5700000,,,,2026-09-08T18:29:41
3255725,بابلکنار,2026-09-20,باز,5700000,,,,2026-09-08T18:29:41
3255725,بابلکنار,2026-09-21,باز,5700000,,,,2026-09-08T18:29:41
3255725,بابلکنار,2026-09-22,باز,5700000,,,,2026-09-08T18:29:41
3255725,بابلکنار,2026-09-23,باز,9000000,,,بله,2026-09-08T18:29:41
3255725,بابلکنار,2026-09-24,باز,9000000,,,بله,2026-09-08T18:29:41
3255725,بابلکنار,2026-09-25,باز,7000000,,,,2026-09-08T18:29:41
3255725,بابلکنار,2026-09-26,باز,7000000,,,,2026-09-08T18:29:41
3255725,بابلکنار,2026-09-27,باز,7000000,,,,2026-09-08T18:29:41
3255725,بابلکنار,2026-09-28,باز,7000000,,,,2026-09-08T18:29:41
3255725,بابلکنار,2026-09-29,باز,7000000,,,,2026-09-08T18:29:41
3255725,بابلکنار,2026-09-30,باز,9000000,,,بله,2026-09-08T18:29:41
3255725,بابلکنار,2026-10-01,باز,9000000,,,بله,2026-09-08T18:29:41
3255725,بابلکنار,2026-10-02,باز,7000000,,,,2026-09-08T18:29:41
3255725,بابلکنار,2026-10-03,باز,7000000,,,,2026-09-08T18:29:41
3255725,بابلکنار,2026-10-04,باز,7000000,,,,2026-09-08T18:29:41
3255725,بابلکنار,2026-10-05,باز,7000000,,,,2026-09-08T18:29:41
3255725,بابلکنار,2026-10-06,باز,7000000,,,,2026-09-08T18:29:41
3255725,بابلکنار,2026-10-07,باز,9000000,,,بله,2026-09-08T18:29:41
3255725,بابلکنار,2026-10-08,باز,9000000,,,بله,2026-09-08T18:29:41
3255794,کاردرکلا,2026-09-08,بسته (مشاهده‌شده - دلیل نامشخص),4000000,,,,2026-09-08T18:29:42
3255794,کاردرکلا,2026-09-09,باز,10000000,,,بله,2026-09-08T18:29:42
3255794,کاردرکلا,2026-09-10,باز,13500000,,,بله,2026-09-08T18:29:42
3255794,کاردرکلا,2026-09-11,باز,4000000,,,,2026-09-08T18:29:42
3255794,کاردرکلا,2026-09-12,باز,4000000,,,,2026-09-08T18:29:42
3255794,کاردرکلا,2026-09-13,باز,4000000,,,,2026-09-08T18:29:42
3255794,کاردرکلا,2026-09-14,باز,4000000,,,,2026-09-08T18:29:42
3255794,کاردرکلا,2026-09-15,باز,4000000,,,,2026-09-08T18:29:42
3255794,کاردرکلا,2026-09-16,باز,10000000,,,بله,2026-09-08T18:29:42
3255794,کاردرکلا,2026-09-17,باز,10000000,,,بله,2026-09-08T18:29:42
3255794,کاردرکلا,2026-09-18,باز,4000000,,,,2026-09-08T18:29:42
3255794,کاردرکلا,2026-09-19,باز,4000000,,,,2026-09-08T18:29:42
3255794,کاردرکلا,2026-09-20,باز,4000000,,,,2026-09-08T18:29:42
3255794,کاردرکلا,2026-09-21,باز,4000000,,,,2026-09-08T18:29:42
3255794,کاردرکلا,2026-09-22,باز,4000000,,,,2026-09-08T18:29:42
3255794,کاردرکلا,2026-09-23,باز,5500000,,,بله,2026-09-08T18:29:42
3255794,کاردرکلا,2026-09-24,باز,5500000,,,بله,2026-09-08T18:29:42
3255794,کاردرکلا,2026-09-25,باز,3000000,,,,2026-09-08T18:29:42
3255794,کاردرکلا,2026-09-26,باز,3000000,,,,2026-09-08T18:29:42
3255794,کاردرکلا,2026-09-27,باز,3000000,,,,2026-09-08T18:29:42
3255794,کاردرکلا,2026-09-28,باز,3000000,,,,2026-09-08T18:29:42
3255794,کاردرکلا,2026-09-29,باز,3000000,,,,2026-09-08T18:29:42
3255794,کاردرکلا,2026-09-30,باز,5500000,,,بله,2026-09-08T18:29:42
3255794,کاردرکلا,2026-10-01,باز,5500000,,,بله,2026-09-08T18:29:42
3255794,کاردرکلا,2026-10-02,باز,3000000,,,,2026-09-08T18:29:42
3255794,کاردرکلا,2026-10-03,باز,3000000,,,,2026-09-08T18:29:42
3255794,کاردرکلا,2026-10-04,باز,3000000,,,,2026-09-08T18:29:42
3255794,کاردرکلا,2026-10-05,باز,3000000,,,,2026-09-08T18:29:42
3255794,کاردرکلا,2026-10-06,باز,3000000,,,,2026-09-08T18:29:42
3255794,کاردرکلا,2026-10-07,باز,5500000,,,بله,2026-09-08T18:29:42
3255794,کاردرکلا,2026-10-08,باز,5500000,,,بله,2026-09-08T18:29:42
3256485,چهره,2026-09-08,باز,8950000,,,,2026-09-08T18:29:45
3256485,چهره,2026-09-09,باز,8950000,,,بله,2026-09-08T18:29:45
3256485,چهره,2026-09-10,بسته (مشاهده‌شده - دلیل نامشخص),9950000,,,بله,2026-09-08T18:29:45
3256485,چهره,2026-09-11,باز,8950000,,,,2026-09-08T18:29:45
3256485,چهره,2026-09-12,باز,8950000,,,,2026-09-08T18:29:45
3256485,چهره,2026-09-13,باز,8950000,,,,2026-09-08T18:29:45
3256485,چهره,2026-09-14,باز,8950000,,,,2026-09-08T18:29:45
3256485,چهره,2026-09-15,باز,8950000,,,,2026-09-08T18:29:45
3256485,چهره,2026-09-16,باز,8950000,,,بله,2026-09-08T18:29:45
3256485,چهره,2026-09-17,بسته (مشاهده‌شده - دلیل نامشخص),9950000,,,بله,2026-09-08T18:29:45
3256485,چهره,2026-09-18,باز,8950000,,,,2026-09-08T18:29:45
3256485,چهره,2026-09-19,باز,8950000,,,,2026-09-08T18:29:45
3256485,چهره,2026-09-20,باز,8950000,,,,2026-09-08T18:29:45
3256485,چهره,2026-09-21,باز,8950000,,,,2026-09-08T18:29:45
3256485,چهره,2026-09-22,باز,8950000,,,,2026-09-08T18:29:45
3256485,چهره,2026-09-23,باز,12000000,,,بله,2026-09-08T18:29:45
3256485,چهره,2026-09-24,باز,12000000,,,بله,2026-09-08T18:29:45
3256485,چهره,2026-09-25,باز,12000000,,,,2026-09-08T18:29:45
3256485,چهره,2026-09-26,باز,6950000,,,,2026-09-08T18:29:45
3256485,چهره,2026-09-27,باز,6950000,,,,2026-09-08T18:29:45
3256485,چهره,2026-09-28,باز,6950000,,,,2026-09-08T18:29:45
3256485,چهره,2026-09-29,باز,6950000,,,,2026-09-08T18:29:45
3256485,چهره,2026-09-30,باز,7750000,,,بله,2026-09-08T18:29:45
3256485,چهره,2026-10-01,باز,8850000,,,بله,2026-09-08T18:29:45
3256485,چهره,2026-10-02,باز,7950000,,,,2026-09-08T18:29:45
3256485,چهره,2026-10-03,باز,6950000,,,,2026-09-08T18:29:45
3256485,چهره,2026-10-04,باز,6950000,,,,2026-09-08T18:29:45
3256485,چهره,2026-10-05,باز,6950000,,,,2026-09-08T18:29:45
3256485,چهره,2026-10-06,باز,6950000,,,,2026-09-08T18:29:45
3256485,چهره,2026-10-07,باز,7750000,,,بله,2026-09-08T18:29:45
3256485,چهره,2026-10-08,باز,8850000,,,بله,2026-09-08T18:29:45
3257093,لفور,2026-09-08,بسته (مشاهده‌شده - دلیل نامشخص),4890000,,,,2026-09-08T18:29:50
3257093,لفور,2026-09-09,باز,6490000,,,بله,2026-09-08T18:29:50
3257093,لفور,2026-09-10,بسته (مشاهده‌شده - دلیل نامشخص),7390000,,,بله,2026-09-08T18:29:50
3257093,لفور,2026-09-11,باز,4890000,,,,2026-09-08T18:29:50
3257093,لفور,2026-09-12,باز,4890000,,,,2026-09-08T18:29:50
3257093,لفور,2026-09-13,باز,4890000,,,,2026-09-08T18:29:50
3257093,لفور,2026-09-14,باز,4890000,,,,2026-09-08T18:29:50
3257093,لفور,2026-09-15,باز,4890000,,,,2026-09-08T18:29:50
3257093,لفور,2026-09-16,باز,6490000,,,بله,2026-09-08T18:29:50
3257093,لفور,2026-09-17,باز,7390000,,,بله,2026-09-08T18:29:50
3257093,لفور,2026-09-18,باز,4890000,,,,2026-09-08T18:29:50
3257093,لفور,2026-09-19,باز,4890000,,,,2026-09-08T18:29:50
3257093,لفور,2026-09-20,باز,4890000,,,,2026-09-08T18:29:50
3257093,لفور,2026-09-21,باز,4890000,,,,2026-09-08T18:29:50
3257093,لفور,2026-09-22,باز,4890000,,,,2026-09-08T18:29:50
3257093,لفور,2026-09-23,باز,6490000,,,بله,2026-09-08T18:29:50
3257093,لفور,2026-09-24,باز,7390000,,,بله,2026-09-08T18:29:50
3257093,لفور,2026-09-25,باز,4890000,,,,2026-09-08T18:29:50
3257093,لفور,2026-09-26,باز,4890000,,,,2026-09-08T18:29:50
3257093,لفور,2026-09-27,باز,4890000,,,,2026-09-08T18:29:50
3257093,لفور,2026-09-28,باز,4890000,,,,2026-09-08T18:29:50
3257093,لفور,2026-09-29,باز,4890000,,,,2026-09-08T18:29:50
3257093,لفور,2026-09-30,باز,6490000,,,بله,2026-09-08T18:29:50
3257093,لفور,2026-10-01,باز,7490000,,,بله,2026-09-08T18:29:50
3257093,لفور,2026-10-02,باز,4890000,,,,2026-09-08T18:29:50
3257093,لفور,2026-10-03,باز,4890000,,,,2026-09-08T18:29:50
3257093,لفور,2026-10-04,باز,4890000,,,,2026-09-08T18:29:50
3257093,لفور,2026-10-05,باز,4890000,,,,2026-09-08T18:29:50
3257093,لفور,2026-10-06,باز,4890000,,,,2026-09-08T18:29:50
3257093,لفور,2026-10-07,باز,6490000,,,بله,2026-09-08T18:29:50
3257093,لفور,2026-10-08,باز,7490000,,,بله,2026-09-08T18:29:50
3257187,درازکلا,2026-09-08,بسته (مشاهده‌شده - دلیل نامشخص),6500000,,,,2026-09-08T18:29:52
3257187,درازکلا,2026-09-09,بسته (مشاهده‌شده - دلیل نامشخص),7899000,,,بله,2026-09-08T18:29:52
3257187,درازکلا,2026-09-10,بسته (مشاهده‌شده - دلیل نامشخص),7899000,,,بله,2026-09-08T18:29:52
3257187,درازکلا,2026-09-11,باز,6500000,,,,2026-09-08T18:29:52
3257187,درازکلا,2026-09-12,باز,6500000,,,,2026-09-08T18:29:52
3257187,درازکلا,2026-09-13,باز,6500000,,,,2026-09-08T18:29:52
3257187,درازکلا,2026-09-14,باز,6500000,,,,2026-09-08T18:29:52
3257187,درازکلا,2026-09-15,بسته (مشاهده‌شده - دلیل نامشخص),6500000,,,,2026-09-08T18:29:52
3257187,درازکلا,2026-09-16,بسته (مشاهده‌شده - دلیل نامشخص),7899000,,,بله,2026-09-08T18:29:52
3257187,درازکلا,2026-09-17,بسته (مشاهده‌شده - دلیل نامشخص),7899000,,,بله,2026-09-08T18:29:52
3257187,درازکلا,2026-09-18,باز,6500000,,,,2026-09-08T18:29:52
3257187,درازکلا,2026-09-19,باز,6500000,,,,2026-09-08T18:29:52
3257187,درازکلا,2026-09-20,باز,6500000,,,,2026-09-08T18:29:52
3257187,درازکلا,2026-09-21,باز,6500000,,,,2026-09-08T18:29:52
3257187,درازکلا,2026-09-22,باز,6500000,,,,2026-09-08T18:29:52
3257187,درازکلا,2026-09-23,باز,4900000,,,بله,2026-09-08T18:29:52
3257187,درازکلا,2026-09-24,باز,4900000,,,بله,2026-09-08T18:29:52
3257187,درازکلا,2026-09-25,باز,3900000,,,,2026-09-08T18:29:52
3257187,درازکلا,2026-09-26,باز,3900000,,,,2026-09-08T18:29:52
3257187,درازکلا,2026-09-27,باز,3900000,,,,2026-09-08T18:29:52
3257187,درازکلا,2026-09-28,باز,3900000,,,,2026-09-08T18:29:52
3257187,درازکلا,2026-09-29,باز,3900000,,,,2026-09-08T18:29:52
3257187,درازکلا,2026-09-30,باز,4900000,,,بله,2026-09-08T18:29:52
3257187,درازکلا,2026-10-01,باز,4900000,,,بله,2026-09-08T18:29:52
3257187,درازکلا,2026-10-02,باز,3900000,,,,2026-09-08T18:29:52
3257187,درازکلا,2026-10-03,باز,3900000,,,,2026-09-08T18:29:52
3257187,درازکلا,2026-10-04,باز,3900000,,,,2026-09-08T18:29:52
3257187,درازکلا,2026-10-05,باز,3900000,,,,2026-09-08T18:29:52
3257187,درازکلا,2026-10-06,باز,3900000,,,,2026-09-08T18:29:52
3257187,درازکلا,2026-10-07,باز,4900000,,,بله,2026-09-08T18:29:52
3257187,درازکلا,2026-10-08,باز,4900000,,,بله,2026-09-08T18:29:52
3257238,درازکلا,2026-09-08,بسته (مشاهده‌شده - دلیل نامشخص),1300000,,,,2026-09-08T18:29:54
3257238,درازکلا,2026-09-09,بسته (مشاهده‌شده - دلیل نامشخص),1600000,,,بله,2026-09-08T18:29:54
3257238,درازکلا,2026-09-10,بسته (مشاهده‌شده - دلیل نامشخص),1600000,,,بله,2026-09-08T18:29:54
3257238,درازکلا,2026-09-11,بسته (مشاهده‌شده - دلیل نامشخص),1300000,,,,2026-09-08T18:29:54
3257238,درازکلا,2026-09-12,بسته (مشاهده‌شده - دلیل نامشخص),1300000,,,,2026-09-08T18:29:54
3257238,درازکلا,2026-09-13,بسته (مشاهده‌شده - دلیل نامشخص),1300000,,,,2026-09-08T18:29:54
3257238,درازکلا,2026-09-14,بسته (مشاهده‌شده - دلیل نامشخص),1300000,,,,2026-09-08T18:29:54
3257238,درازکلا,2026-09-15,بسته (مشاهده‌شده - دلیل نامشخص),1300000,,,,2026-09-08T18:29:54
3257238,درازکلا,2026-09-16,بسته (مشاهده‌شده - دلیل نامشخص),1600000,,,بله,2026-09-08T18:29:54
3257238,درازکلا,2026-09-17,بسته (مشاهده‌شده - دلیل نامشخص),1600000,,,بله,2026-09-08T18:29:54
3257238,درازکلا,2026-09-18,بسته (مشاهده‌شده - دلیل نامشخص),1300000,,,,2026-09-08T18:29:54
3257238,درازکلا,2026-09-19,بسته (مشاهده‌شده - دلیل نامشخص),1300000,,,,2026-09-08T18:29:54
3257238,درازکلا,2026-09-20,باز,1300000,,,,2026-09-08T18:29:54
3257238,درازکلا,2026-09-21,باز,1300000,,,,2026-09-08T18:29:54
3257238,درازکلا,2026-09-22,باز,1300000,,,,2026-09-08T18:29:54
3257238,درازکلا,2026-09-23,باز,1400000,,,بله,2026-09-08T18:29:54
3257238,درازکلا,2026-09-24,باز,1400000,,,بله,2026-09-08T18:29:54
3257238,درازکلا,2026-09-25,باز,1200000,,,,2026-09-08T18:29:54
3257238,درازکلا,2026-09-26,باز,1200000,,,,2026-09-08T18:29:54
3257238,درازکلا,2026-09-27,باز,1200000,,,,2026-09-08T18:29:54
3257238,درازکلا,2026-09-28,باز,1200000,,,,2026-09-08T18:29:54
3257238,درازکلا,2026-09-29,بسته (مشاهده‌شده - دلیل نامشخص),1300000,,,,2026-09-08T18:29:54
3257238,درازکلا,2026-09-30,بسته (مشاهده‌شده - دلیل نامشخص),1300000,,,بله,2026-09-08T18:29:54
3257238,درازکلا,2026-10-01,باز,1300000,,,بله,2026-09-08T18:29:54
3257238,درازکلا,2026-10-02,باز,1200000,,,,2026-09-08T18:29:54
3257238,درازکلا,2026-10-03,باز,1200000,,,,2026-09-08T18:29:54
3257238,درازکلا,2026-10-04,باز,1200000,,,,2026-09-08T18:29:54
3257238,درازکلا,2026-10-05,باز,1200000,,,,2026-09-08T18:29:54
3257238,درازکلا,2026-10-06,باز,1200000,,,,2026-09-08T18:29:54
3257238,درازکلا,2026-10-07,باز,1400000,,,بله,2026-09-08T18:29:54
3257238,درازکلا,2026-10-08,باز,1400000,,,بله,2026-09-08T18:29:54
3257249,بابلکنار,2026-09-08,بسته (مشاهده‌شده - دلیل نامشخص),3000000,,,,2026-09-08T18:29:55
3257249,بابلکنار,2026-09-09,بسته (مشاهده‌شده - دلیل نامشخص),3500000,,,بله,2026-09-08T18:29:55
3257249,بابلکنار,2026-09-10,بسته (مشاهده‌شده - دلیل نامشخص),3500000,,,بله,2026-09-08T18:29:55
3257249,بابلکنار,2026-09-11,بسته (مشاهده‌شده - دلیل نامشخص),3000000,,,,2026-09-08T18:29:55
3257249,بابلکنار,2026-09-12,بسته (مشاهده‌شده - دلیل نامشخص),3000000,,,,2026-09-08T18:29:55
3257249,بابلکنار,2026-09-13,بسته (مشاهده‌شده - دلیل نامشخص),3000000,,,,2026-09-08T18:29:55
3257249,بابلکنار,2026-09-14,بسته (مشاهده‌شده - دلیل نامشخص),3000000,,,,2026-09-08T18:29:55
3257249,بابلکنار,2026-09-15,بسته (مشاهده‌شده - دلیل نامشخص),3000000,,,,2026-09-08T18:29:55
3257249,بابلکنار,2026-09-16,بسته (مشاهده‌شده - دلیل نامشخص),3500000,,,بله,2026-09-08T18:29:55
3257249,بابلکنار,2026-09-17,بسته (مشاهده‌شده - دلیل نامشخص),3500000,,,بله,2026-09-08T18:29:55
3257249,بابلکنار,2026-09-18,بسته (مشاهده‌شده - دلیل نامشخص),3000000,,,,2026-09-08T18:29:55
3257249,بابلکنار,2026-09-19,بسته (مشاهده‌شده - دلیل نامشخص),3000000,,,,2026-09-08T18:29:55
3257249,بابلکنار,2026-09-20,بسته (مشاهده‌شده - دلیل نامشخص),3000000,,,,2026-09-08T18:29:55
3257249,بابلکنار,2026-09-21,بسته (مشاهده‌شده - دلیل نامشخص),3000000,,,,2026-09-08T18:29:55
3257249,بابلکنار,2026-09-22,بسته (مشاهده‌شده - دلیل نامشخص),3000000,,,,2026-09-08T18:29:55
3257249,بابلکنار,2026-09-23,باز,3000000,,,بله,2026-09-08T18:29:55
3257249,بابلکنار,2026-09-24,بسته (مشاهده‌شده - دلیل نامشخص),3000000,,,بله,2026-09-08T18:29:55
3257249,بابلکنار,2026-09-25,بسته (مشاهده‌شده - دلیل نامشخص),2500000,,,,2026-09-08T18:29:55
3257249,بابلکنار,2026-09-26,باز,2500000,,,,2026-09-08T18:29:55
3257249,بابلکنار,2026-09-27,باز,2500000,,,,2026-09-08T18:29:55
3257249,بابلکنار,2026-09-28,باز,2500000,,,,2026-09-08T18:29:55
3257249,بابلکنار,2026-09-29,باز,2500000,,,,2026-09-08T18:29:55
3257249,بابلکنار,2026-09-30,بسته (مشاهده‌شده - دلیل نامشخص),3000000,,,بله,2026-09-08T18:29:55
3257249,بابلکنار,2026-10-01,بسته (مشاهده‌شده - دلیل نامشخص),3000000,,,بله,2026-09-08T18:29:55
3257249,بابلکنار,2026-10-02,باز,2500000,,,,2026-09-08T18:29:55
3257249,بابلکنار,2026-10-03,باز,2500000,,,,2026-09-08T18:29:55
3257249,بابلکنار,2026-10-04,باز,2500000,,,,2026-09-08T18:29:55
3257249,بابلکنار,2026-10-05,باز,2500000,,,,2026-09-08T18:29:55
3257249,بابلکنار,2026-10-06,باز,2500000,,,,2026-09-08T18:29:55
3257249,بابلکنار,2026-10-07,بسته (مشاهده‌شده - دلیل نامشخص),3000000,,,بله,2026-09-08T18:29:55
3257249,بابلکنار,2026-10-08,بسته (مشاهده‌شده - دلیل نامشخص),3000000,,,بله,2026-09-08T18:29:55
3257474,بابلکنار,2026-09-08,بسته (مشاهده‌شده - دلیل نامشخص),4500000,,,,2026-09-08T18:29:57
3257474,بابلکنار,2026-09-09,بسته (مشاهده‌شده - دلیل نامشخص),5400000,,,بله,2026-09-08T18:29:57
3257474,بابلکنار,2026-09-10,بسته (مشاهده‌شده - دلیل نامشخص),8000000,,,بله,2026-09-08T18:29:57
3257474,بابلکنار,2026-09-11,بسته (مشاهده‌شده - دلیل نامشخص),4700000,,,,2026-09-08T18:29:57
3257474,بابلکنار,2026-09-12,بسته (مشاهده‌شده - دلیل نامشخص),5000000,,,,2026-09-08T18:29:57
3257474,بابلکنار,2026-09-13,بسته (مشاهده‌شده - دلیل نامشخص),5000000,,,,2026-09-08T18:29:57
3257474,بابلکنار,2026-09-14,بسته (مشاهده‌شده - دلیل نامشخص),5000000,,,,2026-09-08T18:29:57
3257474,بابلکنار,2026-09-15,باز,5000000,,,,2026-09-08T18:29:57
3257474,بابلکنار,2026-09-16,باز,9000000,,,بله,2026-09-08T18:29:57
3257474,بابلکنار,2026-09-17,باز,10000000,,,بله,2026-09-08T18:29:57
3257474,بابلکنار,2026-09-18,باز,5500000,,,,2026-09-08T18:29:57
3257474,بابلکنار,2026-09-19,باز,5000000,,,,2026-09-08T18:29:57
3257474,بابلکنار,2026-09-20,بسته (مشاهده‌شده - دلیل نامشخص),5000000,,,,2026-09-08T18:29:57
3257474,بابلکنار,2026-09-21,باز,5000000,,,,2026-09-08T18:29:57
3257474,بابلکنار,2026-09-22,باز,5000000,,,,2026-09-08T18:29:57
3257474,بابلکنار,2026-09-23,باز,6200000,,,بله,2026-09-08T18:29:57
3257474,بابلکنار,2026-09-24,باز,7200000,,,بله,2026-09-08T18:29:57
3257474,بابلکنار,2026-09-25,باز,3950000,,,,2026-09-08T18:29:57
3257474,بابلکنار,2026-09-26,باز,3700000,,,,2026-09-08T18:29:57
3257474,بابلکنار,2026-09-27,باز,3700000,,,,2026-09-08T18:29:57
3257474,بابلکنار,2026-09-28,باز,3700000,,,,2026-09-08T18:29:57
3257474,بابلکنار,2026-09-29,باز,3700000,,,,2026-09-08T18:29:57
3257474,بابلکنار,2026-09-30,باز,4900000,,,بله,2026-09-08T18:29:57
3257474,بابلکنار,2026-10-01,باز,6200000,,,بله,2026-09-08T18:29:57
3257474,بابلکنار,2026-10-02,باز,3950000,,,,2026-09-08T18:29:57
3257474,بابلکنار,2026-10-03,باز,3700000,,,,2026-09-08T18:29:57
3257474,بابلکنار,2026-10-04,باز,3700000,,,,2026-09-08T18:29:57
3257474,بابلکنار,2026-10-05,باز,3700000,,,,2026-09-08T18:29:57
3257474,بابلکنار,2026-10-06,باز,3700000,,,,2026-09-08T18:29:57
3257474,بابلکنار,2026-10-07,باز,4900000,,,بله,2026-09-08T18:29:57
3257474,بابلکنار,2026-10-08,باز,6200000,,,بله,2026-09-08T18:29:57
3258121,تیرکن,2026-09-08,بسته (مشاهده‌شده - دلیل نامشخص),3500000,,,,2026-09-08T18:29:59
3258121,تیرکن,2026-09-09,بسته (مشاهده‌شده - دلیل نامشخص),4400000,,,بله,2026-09-08T18:29:59
3258121,تیرکن,2026-09-10,بسته (مشاهده‌شده - دلیل نامشخص),4400000,,,بله,2026-09-08T18:29:59
3258121,تیرکن,2026-09-11,باز,3500000,,,,2026-09-08T18:29:59
3258121,تیرکن,2026-09-12,باز,3500000,,,,2026-09-08T18:29:59
3258121,تیرکن,2026-09-13,باز,3500000,,,,2026-09-08T18:29:59
3258121,تیرکن,2026-09-14,باز,3500000,,,,2026-09-08T18:29:59
3258121,تیرکن,2026-09-15,باز,3500000,,,,2026-09-08T18:29:59
3258121,تیرکن,2026-09-16,باز,4400000,,,بله,2026-09-08T18:29:59
3258121,تیرکن,2026-09-17,باز,4400000,,,بله,2026-09-08T18:29:59
3258121,تیرکن,2026-09-18,باز,3500000,,,,2026-09-08T18:29:59
3258121,تیرکن,2026-09-19,باز,3500000,,,,2026-09-08T18:29:59
3258121,تیرکن,2026-09-20,باز,3500000,,,,2026-09-08T18:29:59
3258121,تیرکن,2026-09-21,باز,3500000,,,,2026-09-08T18:29:59
3258121,تیرکن,2026-09-22,باز,3500000,,,,2026-09-08T18:29:59
3258121,تیرکن,2026-09-23,باز,3500000,,,بله,2026-09-08T18:29:59
3258121,تیرکن,2026-09-24,باز,3500000,,,بله,2026-09-08T18:29:59
3258121,تیرکن,2026-09-25,باز,2800000,,,,2026-09-08T18:29:59
3258121,تیرکن,2026-09-26,باز,2800000,,,,2026-09-08T18:29:59
3258121,تیرکن,2026-09-27,باز,2800000,,,,2026-09-08T18:29:59
3258121,تیرکن,2026-09-28,باز,2800000,,,,2026-09-08T18:29:59
3258121,تیرکن,2026-09-29,باز,2800000,,,,2026-09-08T18:29:59
3258121,تیرکن,2026-09-30,باز,3500000,,,بله,2026-09-08T18:29:59
3258121,تیرکن,2026-10-01,باز,3500000,,,بله,2026-09-08T18:29:59
3258121,تیرکن,2026-10-02,باز,2800000,,,,2026-09-08T18:29:59
3258121,تیرکن,2026-10-03,باز,2800000,,,,2026-09-08T18:29:59
3258121,تیرکن,2026-10-04,باز,2800000,,,,2026-09-08T18:29:59
3258121,تیرکن,2026-10-05,باز,2800000,,,,2026-09-08T18:29:59
3258121,تیرکن,2026-10-06,باز,2800000,,,,2026-09-08T18:29:59
3258121,تیرکن,2026-10-07,باز,3500000,,,بله,2026-09-08T18:29:59
3258121,تیرکن,2026-10-08,باز,3500000,,,بله,2026-09-08T18:29:59
3258289,رئیسکلا,2026-09-08,باز,3300000,,,,2026-09-08T18:30:01
3258289,رئیسکلا,2026-09-09,باز,3800000,,,بله,2026-09-08T18:30:01
3258289,رئیسکلا,2026-09-10,باز,4500000,,,بله,2026-09-08T18:30:01
3258289,رئیسکلا,2026-09-11,باز,3500000,,,,2026-09-08T18:30:01
3258289,رئیسکلا,2026-09-12,باز,3800000,,,,2026-09-08T18:30:01
3258289,رئیسکلا,2026-09-13,باز,3800000,,,,2026-09-08T18:30:01
3258289,رئیسکلا,2026-09-14,باز,3800000,,,,2026-09-08T18:30:01
3258289,رئیسکلا,2026-09-15,باز,3800000,,,,2026-09-08T18:30:01
3258289,رئیسکلا,2026-09-16,باز,3800000,,,بله,2026-09-08T18:30:01
3258289,رئیسکلا,2026-09-17,باز,4500000,,,بله,2026-09-08T18:30:01
3258289,رئیسکلا,2026-09-18,باز,3500000,,,,2026-09-08T18:30:01
3258289,رئیسکلا,2026-09-19,باز,3800000,,,,2026-09-08T18:30:01
3258289,رئیسکلا,2026-09-20,باز,3800000,,,,2026-09-08T18:30:01
3258289,رئیسکلا,2026-09-21,باز,3800000,,,,2026-09-08T18:30:01
3258289,رئیسکلا,2026-09-22,باز,3800000,,,,2026-09-08T18:30:01
3258289,رئیسکلا,2026-09-23,باز,2500000,,,بله,2026-09-08T18:30:01
3258289,رئیسکلا,2026-09-24,باز,4200000,,,بله,2026-09-08T18:30:01
3258289,رئیسکلا,2026-09-25,باز,2000000,,,,2026-09-08T18:30:01
3258289,رئیسکلا,2026-09-26,باز,2100000,,,,2026-09-08T18:30:01
3258289,رئیسکلا,2026-09-27,باز,2100000,,,,2026-09-08T18:30:01
3258289,رئیسکلا,2026-09-28,باز,2100000,,,,2026-09-08T18:30:01
3258289,رئیسکلا,2026-09-29,باز,2100000,,,,2026-09-08T18:30:01
3258289,رئیسکلا,2026-09-30,باز,2500000,,,بله,2026-09-08T18:30:01
3258289,رئیسکلا,2026-10-01,باز,4200000,,,بله,2026-09-08T18:30:01
3258289,رئیسکلا,2026-10-02,باز,2000000,,,,2026-09-08T18:30:01
3258289,رئیسکلا,2026-10-03,باز,2100000,,,,2026-09-08T18:30:01
3258289,رئیسکلا,2026-10-04,باز,2100000,,,,2026-09-08T18:30:01
3258289,رئیسکلا,2026-10-05,باز,2100000,,,,2026-09-08T18:30:01
3258289,رئیسکلا,2026-10-06,باز,2100000,,,,2026-09-08T18:30:01
3258289,رئیسکلا,2026-10-07,باز,2500000,,,بله,2026-09-08T18:30:01
3258289,رئیسکلا,2026-10-08,باز,4200000,,,بله,2026-09-08T18:30:01
3258434,شیردارکلا,2026-09-08,بسته (مشاهده‌شده - دلیل نامشخص),2000000,,,,2026-09-08T18:30:03
3258434,شیردارکلا,2026-09-09,بسته (مشاهده‌شده - دلیل نامشخص),3000000,,,بله,2026-09-08T18:30:03
3258434,شیردارکلا,2026-09-10,بسته (مشاهده‌شده - دلیل نامشخص),3000000,,,بله,2026-09-08T18:30:03
3258434,شیردارکلا,2026-09-11,بسته (مشاهده‌شده - دلیل نامشخص),2000000,,,,2026-09-08T18:30:03
3258434,شیردارکلا,2026-09-12,بسته (مشاهده‌شده - دلیل نامشخص),2000000,,,,2026-09-08T18:30:03
3258434,شیردارکلا,2026-09-13,بسته (مشاهده‌شده - دلیل نامشخص),2000000,,,,2026-09-08T18:30:03
3258434,شیردارکلا,2026-09-14,بسته (مشاهده‌شده - دلیل نامشخص),2000000,,,,2026-09-08T18:30:03
3258434,شیردارکلا,2026-09-15,باز,2000000,,,,2026-09-08T18:30:03
3258434,شیردارکلا,2026-09-16,بسته (مشاهده‌شده - دلیل نامشخص),3000000,,,بله,2026-09-08T18:30:03
3258434,شیردارکلا,2026-09-17,بسته (مشاهده‌شده - دلیل نامشخص),3000000,,,بله,2026-09-08T18:30:03
3258434,شیردارکلا,2026-09-18,بسته (مشاهده‌شده - دلیل نامشخص),2000000,,,,2026-09-08T18:30:03
3258434,شیردارکلا,2026-09-19,باز,2000000,,,,2026-09-08T18:30:03
3258434,شیردارکلا,2026-09-20,باز,2000000,,,,2026-09-08T18:30:03
3258434,شیردارکلا,2026-09-21,باز,2000000,,,,2026-09-08T18:30:03
3258434,شیردارکلا,2026-09-22,باز,2000000,,,,2026-09-08T18:30:03
3258434,شیردارکلا,2026-09-23,باز,2700000,,,بله,2026-09-08T18:30:03
3258434,شیردارکلا,2026-09-24,باز,2700000,,,بله,2026-09-08T18:30:03
3258434,شیردارکلا,2026-09-25,باز,1800000,,,,2026-09-08T18:30:03
3258434,شیردارکلا,2026-09-26,باز,1800000,,,,2026-09-08T18:30:03
3258434,شیردارکلا,2026-09-27,باز,1800000,,,,2026-09-08T18:30:03
3258434,شیردارکلا,2026-09-28,باز,1800000,,,,2026-09-08T18:30:03
3258434,شیردارکلا,2026-09-29,باز,1800000,,,,2026-09-08T18:30:03
3258434,شیردارکلا,2026-09-30,باز,2700000,,,بله,2026-09-08T18:30:03
3258434,شیردارکلا,2026-10-01,باز,2700000,,,بله,2026-09-08T18:30:03
3258434,شیردارکلا,2026-10-02,باز,1800000,,,,2026-09-08T18:30:03
3258434,شیردارکلا,2026-10-03,باز,1800000,,,,2026-09-08T18:30:03
3258434,شیردارکلا,2026-10-04,باز,1800000,,,,2026-09-08T18:30:03
3258434,شیردارکلا,2026-10-05,باز,1800000,,,,2026-09-08T18:30:03
3258434,شیردارکلا,2026-10-06,باز,1800000,,,,2026-09-08T18:30:03
3258434,شیردارکلا,2026-10-07,باز,2700000,,,بله,2026-09-08T18:30:03
3258434,شیردارکلا,2026-10-08,باز,2700000,,,بله,2026-09-08T18:30:03
3258654,شیردارکلا,2026-09-08,بسته (مشاهده‌شده - دلیل نامشخص),2700000,,,,2026-09-08T18:30:04
3258654,شیردارکلا,2026-09-09,باز,4000000,,,بله,2026-09-08T18:30:04
3258654,شیردارکلا,2026-09-10,باز,4000000,,,بله,2026-09-08T18:30:04
3258654,شیردارکلا,2026-09-11,بسته (مشاهده‌شده - دلیل نامشخص),4000000,,,,2026-09-08T18:30:04
3258654,شیردارکلا,2026-09-12,باز,2700000,,,,2026-09-08T18:30:04
3258654,شیردارکلا,2026-09-13,باز,2700000,,,,2026-09-08T18:30:04
3258654,شیردارکلا,2026-09-14,باز,2700000,,,,2026-09-08T18:30:04
3258654,شیردارکلا,2026-09-15,باز,2700000,,,,2026-09-08T18:30:04
3258654,شیردارکلا,2026-09-16,باز,4000000,,,بله,2026-09-08T18:30:04
3258654,شیردارکلا,2026-09-17,باز,4000000,,,بله,2026-09-08T18:30:04
3258654,شیردارکلا,2026-09-18,باز,4000000,,,,2026-09-08T18:30:04
3258654,شیردارکلا,2026-09-19,باز,4000000,,,,2026-09-08T18:30:04
3258654,شیردارکلا,2026-09-20,باز,4000000,,,,2026-09-08T18:30:04
3258654,شیردارکلا,2026-09-21,باز,4000000,,,,2026-09-08T18:30:04
3258654,شیردارکلا,2026-09-22,باز,4000000,,,,2026-09-08T18:30:04
3258654,شیردارکلا,2026-09-23,باز,3500000,,,بله,2026-09-08T18:30:04
3258654,شیردارکلا,2026-09-24,باز,3500000,,,بله,2026-09-08T18:30:04
3258654,شیردارکلا,2026-09-25,باز,2300000,,,,2026-09-08T18:30:04
3258654,شیردارکلا,2026-09-26,باز,2300000,,,,2026-09-08T18:30:04
3258654,شیردارکلا,2026-09-27,باز,2300000,,,,2026-09-08T18:30:04
3258654,شیردارکلا,2026-09-28,باز,2300000,,,,2026-09-08T18:30:04
3258654,شیردارکلا,2026-09-29,باز,2300000,,,,2026-09-08T18:30:04
3258654,شیردارکلا,2026-09-30,باز,3500000,,,بله,2026-09-08T18:30:04
3258654,شیردارکلا,2026-10-01,باز,3500000,,,بله,2026-09-08T18:30:04
3258654,شیردارکلا,2026-10-02,باز,2300000,,,,2026-09-08T18:30:04
3258654,شیردارکلا,2026-10-03,باز,2300000,,,,2026-09-08T18:30:04
3258654,شیردارکلا,2026-10-04,باز,2300000,,,,2026-09-08T18:30:04
3258654,شیردارکلا,2026-10-05,باز,2300000,,,,2026-09-08T18:30:04
3258654,شیردارکلا,2026-10-06,باز,2300000,,,,2026-09-08T18:30:04
3258654,شیردارکلا,2026-10-07,باز,3500000,,,بله,2026-09-08T18:30:04
3258654,شیردارکلا,2026-10-08,باز,3500000,,,بله,2026-09-08T18:30:04
3258768,لفور,2026-09-08,بسته (مشاهده‌شده - دلیل نامشخص),2450000,,,,2026-09-08T18:30:06
3258768,لفور,2026-09-09,باز,4500000,20,,بله,2026-09-08T18:30:06
3258768,لفور,2026-09-10,بسته (مشاهده‌شده - دلیل نامشخص),5000000,,,بله,2026-09-08T18:30:06
3258768,لفور,2026-09-11,بسته (مشاهده‌شده - دلیل نامشخص),2450000,,,,2026-09-08T18:30:06
3258768,لفور,2026-09-12,بسته (مشاهده‌شده - دلیل نامشخص),2450000,,,,2026-09-08T18:30:06
3258768,لفور,2026-09-13,بسته (مشاهده‌شده - دلیل نامشخص),2450000,,,,2026-09-08T18:30:06
3258768,لفور,2026-09-14,بسته (مشاهده‌شده - دلیل نامشخص),2450000,,,,2026-09-08T18:30:06
3258768,لفور,2026-09-15,بسته (مشاهده‌شده - دلیل نامشخص),2450000,,,,2026-09-08T18:30:06
3258768,لفور,2026-09-16,باز,5000000,,,بله,2026-09-08T18:30:06
3258768,لفور,2026-09-17,باز,5000000,,,بله,2026-09-08T18:30:06
3258768,لفور,2026-09-18,بسته (مشاهده‌شده - دلیل نامشخص),2450000,,,,2026-09-08T18:30:06
3258768,لفور,2026-09-19,بسته (مشاهده‌شده - دلیل نامشخص),2450000,,,,2026-09-08T18:30:06
3258768,لفور,2026-09-20,بسته (مشاهده‌شده - دلیل نامشخص),2450000,,,,2026-09-08T18:30:06
3258768,لفور,2026-09-21,بسته (مشاهده‌شده - دلیل نامشخص),2450000,,,,2026-09-08T18:30:06
3258768,لفور,2026-09-22,باز,2450000,,,,2026-09-08T18:30:06
3258768,لفور,2026-09-23,باز,3500000,,,بله,2026-09-08T18:30:06
3258768,لفور,2026-09-24,باز,3500000,,,بله,2026-09-08T18:30:06
3258768,لفور,2026-09-25,باز,2400000,,,,2026-09-08T18:30:06
3258768,لفور,2026-09-26,باز,2400000,,,,2026-09-08T18:30:06
3258768,لفور,2026-09-27,باز,2400000,,,,2026-09-08T18:30:06
3258768,لفور,2026-09-28,باز,2400000,,,,2026-09-08T18:30:06
3258768,لفور,2026-09-29,باز,2400000,,,,2026-09-08T18:30:06
3258768,لفور,2026-09-30,باز,3500000,,,بله,2026-09-08T18:30:06
3258768,لفور,2026-10-01,باز,3500000,,,بله,2026-09-08T18:30:06
3258768,لفور,2026-10-02,باز,2400000,,,,2026-09-08T18:30:06
3258768,لفور,2026-10-03,باز,2400000,,,,2026-09-08T18:30:06
3258768,لفور,2026-10-04,باز,2400000,,,,2026-09-08T18:30:06
3258768,لفور,2026-10-05,باز,2400000,,,,2026-09-08T18:30:06
3258768,لفور,2026-10-06,باز,2400000,,,,2026-09-08T18:30:06
3258768,لفور,2026-10-07,بسته (مشاهده‌شده - دلیل نامشخص),3500000,,,بله,2026-09-08T18:30:06
3258768,لفور,2026-10-08,بسته (مشاهده‌شده - دلیل نامشخص),3500000,,,بله,2026-09-08T18:30:06
3258858,چهره,2026-09-08,بسته (مشاهده‌شده - دلیل نامشخص),3000000,,,,2026-09-08T18:30:10
3258858,چهره,2026-09-09,بسته (مشاهده‌شده - دلیل نامشخص),3000000,,,بله,2026-09-08T18:30:10
3258858,چهره,2026-09-10,بسته (مشاهده‌شده - دلیل نامشخص),3000000,,,بله,2026-09-08T18:30:10
3258858,چهره,2026-09-11,باز,3000000,,,,2026-09-08T18:30:10
3258858,چهره,2026-09-12,باز,3500000,,,,2026-09-08T18:30:10
3258858,چهره,2026-09-13,باز,3500000,,,,2026-09-08T18:30:10
3258858,چهره,2026-09-14,باز,3500000,,,,2026-09-08T18:30:10
3258858,چهره,2026-09-15,باز,3500000,,,,2026-09-08T18:30:10
3258858,چهره,2026-09-16,باز,3500000,,,بله,2026-09-08T18:30:10
3258858,چهره,2026-09-17,باز,3500000,,,بله,2026-09-08T18:30:10
3258858,چهره,2026-09-18,باز,3500000,,,,2026-09-08T18:30:10
3258858,چهره,2026-09-19,باز,3500000,,,,2026-09-08T18:30:10
3258858,چهره,2026-09-20,باز,3500000,,,,2026-09-08T18:30:10
3258858,چهره,2026-09-21,باز,3500000,,,,2026-09-08T18:30:10
3258858,چهره,2026-09-22,باز,3500000,,,,2026-09-08T18:30:10
3258858,چهره,2026-09-23,باز,3000000,,,بله,2026-09-08T18:30:10
3258858,چهره,2026-09-24,باز,3000000,,,بله,2026-09-08T18:30:10
3258858,چهره,2026-09-25,باز,2500000,,,,2026-09-08T18:30:10
3258858,چهره,2026-09-26,باز,2500000,,,,2026-09-08T18:30:10
3258858,چهره,2026-09-27,باز,2500000,,,,2026-09-08T18:30:10
3258858,چهره,2026-09-28,باز,2500000,,,,2026-09-08T18:30:10
3258858,چهره,2026-09-29,باز,2500000,,,,2026-09-08T18:30:10
3258858,چهره,2026-09-30,باز,3000000,,,بله,2026-09-08T18:30:10
3258858,چهره,2026-10-01,باز,3000000,,,بله,2026-09-08T18:30:10
3258858,چهره,2026-10-02,باز,2500000,,,,2026-09-08T18:30:10
3258858,چهره,2026-10-03,باز,2500000,,,,2026-09-08T18:30:10
3258858,چهره,2026-10-04,باز,2500000,,,,2026-09-08T18:30:10
3258858,چهره,2026-10-05,باز,2500000,,,,2026-09-08T18:30:10
3258858,چهره,2026-10-06,باز,2500000,,,,2026-09-08T18:30:10
3258858,چهره,2026-10-07,باز,3000000,,,بله,2026-09-08T18:30:10
3258858,چهره,2026-10-08,باز,3000000,,,بله,2026-09-08T18:30:10
3258957,مرزیکلا,2026-09-08,بسته (مشاهده‌شده - دلیل نامشخص),3000000,,,,2026-09-08T18:30:11
3258957,مرزیکلا,2026-09-09,بسته (مشاهده‌شده - دلیل نامشخص),3900000,,,بله,2026-09-08T18:30:11
3258957,مرزیکلا,2026-09-10,بسته (مشاهده‌شده - دلیل نامشخص),3900000,,,بله,2026-09-08T18:30:11
3258957,مرزیکلا,2026-09-11,باز,3000000,,,,2026-09-08T18:30:11
3258957,مرزیکلا,2026-09-12,بسته (مشاهده‌شده - دلیل نامشخص),3000000,,,,2026-09-08T18:30:11
3258957,مرزیکلا,2026-09-13,باز,3200000,,,,2026-09-08T18:30:11
3258957,مرزیکلا,2026-09-14,باز,3200000,,,,2026-09-08T18:30:11
3258957,مرزیکلا,2026-09-15,باز,3200000,,,,2026-09-08T18:30:11
3258957,مرزیکلا,2026-09-16,باز,3900000,,,بله,2026-09-08T18:30:11
3258957,مرزیکلا,2026-09-17,باز,3900000,,,بله,2026-09-08T18:30:11
3258957,مرزیکلا,2026-09-18,باز,3200000,,,,2026-09-08T18:30:11
3258957,مرزیکلا,2026-09-19,باز,3200000,,,,2026-09-08T18:30:11
3258957,مرزیکلا,2026-09-20,باز,3200000,,,,2026-09-08T18:30:11
3258957,مرزیکلا,2026-09-21,باز,3200000,,,,2026-09-08T18:30:11
3258957,مرزیکلا,2026-09-22,باز,3200000,,,,2026-09-08T18:30:11
3258957,مرزیکلا,2026-09-23,باز,3300000,,,بله,2026-09-08T18:30:11
3258957,مرزیکلا,2026-09-24,باز,3300000,,,بله,2026-09-08T18:30:11
3258957,مرزیکلا,2026-09-25,باز,2500000,,,,2026-09-08T18:30:11
3258957,مرزیکلا,2026-09-26,باز,2500000,,,,2026-09-08T18:30:11
3258957,مرزیکلا,2026-09-27,باز,2500000,,,,2026-09-08T18:30:11
3258957,مرزیکلا,2026-09-28,باز,2500000,,,,2026-09-08T18:30:11
3258957,مرزیکلا,2026-09-29,باز,2500000,,,,2026-09-08T18:30:11
3258957,مرزیکلا,2026-09-30,باز,3300000,,,بله,2026-09-08T18:30:11
3258957,مرزیکلا,2026-10-01,باز,3300000,,,بله,2026-09-08T18:30:11
3258957,مرزیکلا,2026-10-02,باز,2500000,,,,2026-09-08T18:30:11
3258957,مرزیکلا,2026-10-03,باز,2500000,,,,2026-09-08T18:30:11
3258957,مرزیکلا,2026-10-04,باز,2500000,,,,2026-09-08T18:30:11
3258957,مرزیکلا,2026-10-05,باز,2500000,,,,2026-09-08T18:30:11
3258957,مرزیکلا,2026-10-06,باز,2500000,,,,2026-09-08T18:30:11
3258957,مرزیکلا,2026-10-07,باز,3300000,,,بله,2026-09-08T18:30:11
3258957,مرزیکلا,2026-10-08,باز,3300000,,,بله,2026-09-08T18:30:11
3259061,لفور,2026-09-08,بسته (مشاهده‌شده - دلیل نامشخص),5242500,,,,2026-09-08T18:30:13
3259061,لفور,2026-09-09,بسته (مشاهده‌شده - دلیل نامشخص),5825000,,,بله,2026-09-08T18:30:13
3259061,لفور,2026-09-10,بسته (مشاهده‌شده - دلیل نامشخص),7572500,,,بله,2026-09-08T18:30:13
3259061,لفور,2026-09-11,بسته (مشاهده‌شده - دلیل نامشخص),6990000,,,,2026-09-08T18:30:13
3259061,لفور,2026-09-12,بسته (مشاهده‌شده - دلیل نامشخص),6990000,,,,2026-09-08T18:30:13
3259061,لفور,2026-09-13,بسته (مشاهده‌شده - دلیل نامشخص),6990000,,,,2026-09-08T18:30:13
3259061,لفور,2026-09-14,باز,6990000,,,,2026-09-08T18:30:13
3259061,لفور,2026-09-15,باز,6990000,,,,2026-09-08T18:30:13
3259061,لفور,2026-09-16,بسته (مشاهده‌شده - دلیل نامشخص),8740000,,,بله,2026-09-08T18:30:13
3259061,لفور,2026-09-17,بسته (مشاهده‌شده - دلیل نامشخص),8740000,,,بله,2026-09-08T18:30:13
3259061,لفور,2026-09-18,بسته (مشاهده‌شده - دلیل نامشخص),6990000,,,,2026-09-08T18:30:13
3259061,لفور,2026-09-19,باز,6990000,,,,2026-09-08T18:30:13
3259061,لفور,2026-09-20,باز,6990000,,,,2026-09-08T18:30:13
3259061,لفور,2026-09-21,باز,6990000,,,,2026-09-08T18:30:13
3259061,لفور,2026-09-22,باز,6990000,,,,2026-09-08T18:30:13
3259061,لفور,2026-09-23,باز,8740000,,,بله,2026-09-08T18:30:13
3259061,لفور,2026-09-24,باز,8740000,,,بله,2026-09-08T18:30:13
3259061,لفور,2026-09-25,باز,11650000,,,,2026-09-08T18:30:13
3259061,لفور,2026-09-26,باز,11650000,,,,2026-09-08T18:30:13
3259061,لفور,2026-09-27,باز,11650000,,,,2026-09-08T18:30:13
3259061,لفور,2026-09-28,باز,11650000,,,,2026-09-08T18:30:13
3259061,لفور,2026-09-29,باز,11650000,,,,2026-09-08T18:30:13
3259061,لفور,2026-09-30,باز,11650000,,,بله,2026-09-08T18:30:13
3259061,لفور,2026-10-01,باز,11650000,,,بله,2026-09-08T18:30:13
3259061,لفور,2026-10-02,باز,11650000,,,,2026-09-08T18:30:13
3259061,لفور,2026-10-03,باز,11650000,,,,2026-09-08T18:30:13
3259061,لفور,2026-10-04,باز,11650000,,,,2026-09-08T18:30:13
3259061,لفور,2026-10-05,باز,11650000,,,,2026-09-08T18:30:13
3259061,لفور,2026-10-06,باز,11650000,,,,2026-09-08T18:30:13
3259061,لفور,2026-10-07,باز,11650000,,,بله,2026-09-08T18:30:13
3259061,لفور,2026-10-08,باز,11650000,,,بله,2026-09-08T18:30:13
3259364,گونه کلا,2026-09-08,بسته (مشاهده‌شده - دلیل نامشخص),3500000,,,,2026-09-08T18:30:14
3259364,گونه کلا,2026-09-09,بسته (مشاهده‌شده - دلیل نامشخص),4800000,,,بله,2026-09-08T18:30:14
3259364,گونه کلا,2026-09-10,بسته (مشاهده‌شده - دلیل نامشخص),4800000,,,بله,2026-09-08T18:30:14
3259364,گونه کلا,2026-09-11,باز,4900000,,,,2026-09-08T18:30:14
3259364,گونه کلا,2026-09-12,بسته (مشاهده‌شده - دلیل نامشخص),3500000,,,,2026-09-08T18:30:14
3259364,گونه کلا,2026-09-13,بسته (مشاهده‌شده - دلیل نامشخص),3500000,,,,2026-09-08T18:30:14
3259364,گونه کلا,2026-09-14,بسته (مشاهده‌شده - دلیل نامشخص),3500000,,,,2026-09-08T18:30:14
3259364,گونه کلا,2026-09-15,باز,3500000,,,,2026-09-08T18:30:14
3259364,گونه کلا,2026-09-16,باز,4800000,,,بله,2026-09-08T18:30:14
3259364,گونه کلا,2026-09-17,باز,4800000,,,بله,2026-09-08T18:30:14
3259364,گونه کلا,2026-09-18,باز,3500000,,,,2026-09-08T18:30:14
3259364,گونه کلا,2026-09-19,باز,3500000,,,,2026-09-08T18:30:14
3259364,گونه کلا,2026-09-20,باز,3500000,,,,2026-09-08T18:30:14
3259364,گونه کلا,2026-09-21,باز,3500000,,,,2026-09-08T18:30:14
3259364,گونه کلا,2026-09-22,بسته (مشاهده‌شده - دلیل نامشخص),3500000,,,,2026-09-08T18:30:14
3259364,گونه کلا,2026-09-23,باز,4500000,,,بله,2026-09-08T18:30:14
3259364,گونه کلا,2026-09-24,باز,4500000,,,بله,2026-09-08T18:30:14
3259364,گونه کلا,2026-09-25,باز,2700000,,,,2026-09-08T18:30:14
3259364,گونه کلا,2026-09-26,باز,2700000,,,,2026-09-08T18:30:14
3259364,گونه کلا,2026-09-27,باز,2700000,,,,2026-09-08T18:30:14
3259364,گونه کلا,2026-09-28,باز,2700000,,,,2026-09-08T18:30:14
3259364,گونه کلا,2026-09-29,باز,2700000,,,,2026-09-08T18:30:14
3259364,گونه کلا,2026-09-30,باز,4500000,,,بله,2026-09-08T18:30:14
3259364,گونه کلا,2026-10-01,باز,4500000,,,بله,2026-09-08T18:30:14
3259364,گونه کلا,2026-10-02,باز,2700000,,,,2026-09-08T18:30:14
3259364,گونه کلا,2026-10-03,باز,2700000,,,,2026-09-08T18:30:14
3259364,گونه کلا,2026-10-04,باز,2700000,,,,2026-09-08T18:30:14
3259364,گونه کلا,2026-10-05,باز,2700000,,,,2026-09-08T18:30:14
3259364,گونه کلا,2026-10-06,باز,2700000,,,,2026-09-08T18:30:14
3259364,گونه کلا,2026-10-07,باز,4500000,,,بله,2026-09-08T18:30:14
3259364,گونه کلا,2026-10-08,باز,4500000,,,بله,2026-09-08T18:30:14
3260099,لفور,2026-09-08,بسته (مشاهده‌شده - دلیل نامشخص),4250000,,,,2026-09-08T18:30:16
3260099,لفور,2026-09-09,بسته (مشاهده‌شده - دلیل نامشخص),5490000,,,بله,2026-09-08T18:30:16
3260099,لفور,2026-09-10,بسته (مشاهده‌شده - دلیل نامشخص),5490000,,,بله,2026-09-08T18:30:16
3260099,لفور,2026-09-11,بسته (مشاهده‌شده - دلیل نامشخص),4250000,,,,2026-09-08T18:30:16
3260099,لفور,2026-09-12,بسته (مشاهده‌شده - دلیل نامشخص),4250000,,,,2026-09-08T18:30:16
3260099,لفور,2026-09-13,باز,4250000,,,,2026-09-08T18:30:16
3260099,لفور,2026-09-14,باز,4250000,,,,2026-09-08T18:30:16
3260099,لفور,2026-09-15,باز,4250000,,,,2026-09-08T18:30:16
3260099,لفور,2026-09-16,باز,5490000,,,بله,2026-09-08T18:30:16
3260099,لفور,2026-09-17,بسته (مشاهده‌شده - دلیل نامشخص),5490000,,,بله,2026-09-08T18:30:16
3260099,لفور,2026-09-18,بسته (مشاهده‌شده - دلیل نامشخص),4250000,,,,2026-09-08T18:30:16
3260099,لفور,2026-09-19,باز,4250000,,,,2026-09-08T18:30:16
3260099,لفور,2026-09-20,باز,4250000,,,,2026-09-08T18:30:16
3260099,لفور,2026-09-21,باز,4250000,,,,2026-09-08T18:30:16
3260099,لفور,2026-09-22,باز,4250000,,,,2026-09-08T18:30:16
3260099,لفور,2026-09-23,باز,2990000,,,بله,2026-09-08T18:30:16
3260099,لفور,2026-09-24,باز,2990000,,,بله,2026-09-08T18:30:16
3260099,لفور,2026-09-25,باز,1980000,,,,2026-09-08T18:30:16
3260099,لفور,2026-09-26,باز,1980000,,,,2026-09-08T18:30:16
3260099,لفور,2026-09-27,باز,1980000,,,,2026-09-08T18:30:16
3260099,لفور,2026-09-28,باز,1980000,,,,2026-09-08T18:30:16
3260099,لفور,2026-09-29,باز,1980000,,,,2026-09-08T18:30:16
3260099,لفور,2026-09-30,باز,2990000,,,بله,2026-09-08T18:30:16
3260099,لفور,2026-10-01,باز,2990000,,,بله,2026-09-08T18:30:16
3260099,لفور,2026-10-02,باز,1980000,,,,2026-09-08T18:30:16
3260099,لفور,2026-10-03,باز,1980000,,,,2026-09-08T18:30:16
3260099,لفور,2026-10-04,باز,1980000,,,,2026-09-08T18:30:16
3260099,لفور,2026-10-05,باز,1980000,,,,2026-09-08T18:30:16
3260099,لفور,2026-10-06,باز,1980000,,,,2026-09-08T18:30:16
3260099,لفور,2026-10-07,باز,2990000,,,بله,2026-09-08T18:30:16
3260099,لفور,2026-10-08,باز,2990000,,,بله,2026-09-08T18:30:16
3263115,رئیسکلا,2026-09-08,بسته (مشاهده‌شده - دلیل نامشخص),2500000,,,,2026-09-08T18:30:24
3263115,رئیسکلا,2026-09-09,بسته (مشاهده‌شده - دلیل نامشخص),4200000,,,بله,2026-09-08T18:30:24
3263115,رئیسکلا,2026-09-10,بسته (مشاهده‌شده - دلیل نامشخص),4200000,,,بله,2026-09-08T18:30:24
3263115,رئیسکلا,2026-09-11,بسته (مشاهده‌شده - دلیل نامشخص),1990000,,,,2026-09-08T18:30:24
3263115,رئیسکلا,2026-09-12,بسته (مشاهده‌شده - دلیل نامشخص),1990000,,,,2026-09-08T18:30:24
3263115,رئیسکلا,2026-09-13,بسته (مشاهده‌شده - دلیل نامشخص),2500000,,,,2026-09-08T18:30:24
3263115,رئیسکلا,2026-09-14,بسته (مشاهده‌شده - دلیل نامشخص),2500000,,,,2026-09-08T18:30:24
3263115,رئیسکلا,2026-09-15,بسته (مشاهده‌شده - دلیل نامشخص),2500000,,,,2026-09-08T18:30:24
3263115,رئیسکلا,2026-09-16,باز,4200000,,,بله,2026-09-08T18:30:24
3263115,رئیسکلا,2026-09-17,باز,4200000,,,بله,2026-09-08T18:30:24
3263115,رئیسکلا,2026-09-18,بسته (مشاهده‌شده - دلیل نامشخص),2900000,,,,2026-09-08T18:30:24
3263115,رئیسکلا,2026-09-19,بسته (مشاهده‌شده - دلیل نامشخص),2500000,,,,2026-09-08T18:30:24
3263115,رئیسکلا,2026-09-20,بسته (مشاهده‌شده - دلیل نامشخص),2500000,,,,2026-09-08T18:30:24
3263115,رئیسکلا,2026-09-21,بسته (مشاهده‌شده - دلیل نامشخص),2500000,,,,2026-09-08T18:30:24
3263115,رئیسکلا,2026-09-22,بسته (مشاهده‌شده - دلیل نامشخص),2500000,,,,2026-09-08T18:30:24
3263115,رئیسکلا,2026-09-23,بسته (مشاهده‌شده - دلیل نامشخص),3250000,,,بله,2026-09-08T18:30:24
3263115,رئیسکلا,2026-09-24,باز,3250000,,,بله,2026-09-08T18:30:24
3263115,رئیسکلا,2026-09-25,بسته (مشاهده‌شده - دلیل نامشخص),1900000,,,,2026-09-08T18:30:24
3263115,رئیسکلا,2026-09-26,بسته (مشاهده‌شده - دلیل نامشخص),1600000,,,,2026-09-08T18:30:24
3263115,رئیسکلا,2026-09-27,بسته (مشاهده‌شده - دلیل نامشخص),2200000,,,,2026-09-08T18:30:24
3263115,رئیسکلا,2026-09-28,بسته (مشاهده‌شده - دلیل نامشخص),2200000,,,,2026-09-08T18:30:24
3263115,رئیسکلا,2026-09-29,بسته (مشاهده‌شده - دلیل نامشخص),2200000,,,,2026-09-08T18:30:24
3263115,رئیسکلا,2026-09-30,بسته (مشاهده‌شده - دلیل نامشخص),2950000,,,بله,2026-09-08T18:30:24
3263115,رئیسکلا,2026-10-01,بسته (مشاهده‌شده - دلیل نامشخص),2950000,,,بله,2026-09-08T18:30:24
3263115,رئیسکلا,2026-10-02,باز,2200000,,,,2026-09-08T18:30:24
3263115,رئیسکلا,2026-10-03,باز,2200000,,,,2026-09-08T18:30:24
3263115,رئیسکلا,2026-10-04,باز,2200000,,,,2026-09-08T18:30:24
3263115,رئیسکلا,2026-10-05,باز,2200000,,,,2026-09-08T18:30:24
3263115,رئیسکلا,2026-10-06,باز,2200000,,,,2026-09-08T18:30:24
3263115,رئیسکلا,2026-10-07,باز,2950000,,,بله,2026-09-08T18:30:24
3263115,رئیسکلا,2026-10-08,بسته (مشاهده‌شده - دلیل نامشخص),2950000,,,بله,2026-09-08T18:30:24
3263326,مرزیکلا,2026-09-08,بسته (مشاهده‌شده - دلیل نامشخص),3200000,,,,2026-09-08T18:30:26
3263326,مرزیکلا,2026-09-09,بسته (مشاهده‌شده - دلیل نامشخص),4000000,,,بله,2026-09-08T18:30:26
3263326,مرزیکلا,2026-09-10,بسته (مشاهده‌شده - دلیل نامشخص),4000000,,,بله,2026-09-08T18:30:26
3263326,مرزیکلا,2026-09-11,باز,3200000,,,,2026-09-08T18:30:26
3263326,مرزیکلا,2026-09-12,بسته (مشاهده‌شده - دلیل نامشخص),3000000,,,,2026-09-08T18:30:26
3263326,مرزیکلا,2026-09-13,باز,3200000,,,,2026-09-08T18:30:26
3263326,مرزیکلا,2026-09-14,باز,3200000,,,,2026-09-08T18:30:26
3263326,مرزیکلا,2026-09-15,باز,3200000,,,,2026-09-08T18:30:26
3263326,مرزیکلا,2026-09-16,باز,4000000,,,بله,2026-09-08T18:30:26
3263326,مرزیکلا,2026-09-17,باز,4000000,,,بله,2026-09-08T18:30:26
3263326,مرزیکلا,2026-09-18,باز,3200000,,,,2026-09-08T18:30:26
3263326,مرزیکلا,2026-09-19,باز,3200000,,,,2026-09-08T18:30:26
3263326,مرزیکلا,2026-09-20,باز,3200000,,,,2026-09-08T18:30:26
3263326,مرزیکلا,2026-09-21,باز,3200000,,,,2026-09-08T18:30:26
3263326,مرزیکلا,2026-09-22,باز,3200000,,,,2026-09-08T18:30:26
3263326,مرزیکلا,2026-09-23,باز,3300000,,,بله,2026-09-08T18:30:26
3263326,مرزیکلا,2026-09-24,باز,3300000,,,بله,2026-09-08T18:30:26
3263326,مرزیکلا,2026-09-25,باز,2400000,,,,2026-09-08T18:30:26
3263326,مرزیکلا,2026-09-26,باز,2400000,,,,2026-09-08T18:30:26
3263326,مرزیکلا,2026-09-27,باز,2400000,,,,2026-09-08T18:30:26
3263326,مرزیکلا,2026-09-28,باز,2400000,,,,2026-09-08T18:30:26
3263326,مرزیکلا,2026-09-29,باز,2400000,,,,2026-09-08T18:30:26
3263326,مرزیکلا,2026-09-30,باز,3300000,,,بله,2026-09-08T18:30:26
3263326,مرزیکلا,2026-10-01,باز,3300000,,,بله,2026-09-08T18:30:26
3263326,مرزیکلا,2026-10-02,باز,2400000,,,,2026-09-08T18:30:26
3263326,مرزیکلا,2026-10-03,باز,2400000,,,,2026-09-08T18:30:26
3263326,مرزیکلا,2026-10-04,باز,2400000,,,,2026-09-08T18:30:26
3263326,مرزیکلا,2026-10-05,باز,2400000,,,,2026-09-08T18:30:26
3263326,مرزیکلا,2026-10-06,باز,2400000,,,,2026-09-08T18:30:26
3263326,مرزیکلا,2026-10-07,باز,3300000,,,بله,2026-09-08T18:30:26
3263326,مرزیکلا,2026-10-08,باز,3300000,,,بله,2026-09-08T18:30:26
3263472,مرزیکلا,2026-09-08,باز,1100000,,,,2026-09-08T18:30:29
3263472,مرزیکلا,2026-09-09,باز,1850000,,,بله,2026-09-08T18:30:29
3263472,مرزیکلا,2026-09-10,باز,1850000,,,بله,2026-09-08T18:30:29
3263472,مرزیکلا,2026-09-11,باز,1100000,,,,2026-09-08T18:30:29
3263472,مرزیکلا,2026-09-12,باز,1100000,,,,2026-09-08T18:30:29
3263472,مرزیکلا,2026-09-13,باز,1100000,,,,2026-09-08T18:30:29
3263472,مرزیکلا,2026-09-14,باز,1100000,,,,2026-09-08T18:30:29
3263472,مرزیکلا,2026-09-15,باز,1100000,,,,2026-09-08T18:30:29
3263472,مرزیکلا,2026-09-16,باز,1850000,,,بله,2026-09-08T18:30:29
3263472,مرزیکلا,2026-09-17,باز,1850000,,,بله,2026-09-08T18:30:29
3263472,مرزیکلا,2026-09-18,باز,1100000,,,,2026-09-08T18:30:29
3263472,مرزیکلا,2026-09-19,باز,1100000,,,,2026-09-08T18:30:29
3263472,مرزیکلا,2026-09-20,باز,1100000,,,,2026-09-08T18:30:29
3263472,مرزیکلا,2026-09-21,باز,1100000,,,,2026-09-08T18:30:29
3263472,مرزیکلا,2026-09-22,باز,1100000,,,,2026-09-08T18:30:29
3263472,مرزیکلا,2026-09-23,باز,1550000,,,بله,2026-09-08T18:30:29
3263472,مرزیکلا,2026-09-24,باز,1550000,,,بله,2026-09-08T18:30:29
3263472,مرزیکلا,2026-09-25,باز,1100000,,,,2026-09-08T18:30:29
3263472,مرزیکلا,2026-09-26,باز,1100000,,,,2026-09-08T18:30:29
3263472,مرزیکلا,2026-09-27,باز,1100000,,,,2026-09-08T18:30:29
3263472,مرزیکلا,2026-09-28,باز,1100000,,,,2026-09-08T18:30:29
3263472,مرزیکلا,2026-09-29,باز,1100000,,,,2026-09-08T18:30:29
3263472,مرزیکلا,2026-09-30,باز,1550000,,,بله,2026-09-08T18:30:29
3263472,مرزیکلا,2026-10-01,باز,1550000,,,بله,2026-09-08T18:30:29
3263472,مرزیکلا,2026-10-02,باز,1100000,,,,2026-09-08T18:30:29
3263472,مرزیکلا,2026-10-03,باز,1100000,,,,2026-09-08T18:30:29
3263472,مرزیکلا,2026-10-04,باز,1100000,,,,2026-09-08T18:30:29
3263472,مرزیکلا,2026-10-05,باز,1100000,,,,2026-09-08T18:30:29
3263472,مرزیکلا,2026-10-06,باز,1100000,,,,2026-09-08T18:30:29
3263472,مرزیکلا,2026-10-07,باز,1550000,,,بله,2026-09-08T18:30:29
3263472,مرزیکلا,2026-10-08,باز,1550000,,,بله,2026-09-08T18:30:29
3263531,لفور,2026-09-08,بسته (مشاهده‌شده - دلیل نامشخص),5500000,,,,2026-09-08T18:30:30
3263531,لفور,2026-09-09,بسته (مشاهده‌شده - دلیل نامشخص),6200000,,,بله,2026-09-08T18:30:30
3263531,لفور,2026-09-10,بسته (مشاهده‌شده - دلیل نامشخص),6200000,,,بله,2026-09-08T18:30:30
3263531,لفور,2026-09-11,بسته (مشاهده‌شده - دلیل نامشخص),5500000,,,,2026-09-08T18:30:30
3263531,لفور,2026-09-12,باز,5500000,,,,2026-09-08T18:30:30
3263531,لفور,2026-09-13,باز,5500000,,,,2026-09-08T18:30:30
3263531,لفور,2026-09-14,باز,5500000,,,,2026-09-08T18:30:30
3263531,لفور,2026-09-15,باز,5500000,,,,2026-09-08T18:30:30
3263531,لفور,2026-09-16,باز,6200000,,,بله,2026-09-08T18:30:30
3263531,لفور,2026-09-17,بسته (مشاهده‌شده - دلیل نامشخص),6200000,,,بله,2026-09-08T18:30:30
3263531,لفور,2026-09-18,بسته (مشاهده‌شده - دلیل نامشخص),5500000,,,,2026-09-08T18:30:30
3263531,لفور,2026-09-19,بسته (مشاهده‌شده - دلیل نامشخص),5500000,,,,2026-09-08T18:30:30
3263531,لفور,2026-09-20,بسته (مشاهده‌شده - دلیل نامشخص),5500000,,,,2026-09-08T18:30:30
3263531,لفور,2026-09-21,باز,5500000,,,,2026-09-08T18:30:30
3263531,لفور,2026-09-22,باز,5500000,,,,2026-09-08T18:30:30
3263531,لفور,2026-09-23,باز,5300000,,,بله,2026-09-08T18:30:30
3263531,لفور,2026-09-24,باز,5300000,,,بله,2026-09-08T18:30:30
3263531,لفور,2026-09-25,باز,4800000,,,,2026-09-08T18:30:30
3263531,لفور,2026-09-26,باز,4800000,,,,2026-09-08T18:30:30
3263531,لفور,2026-09-27,باز,4800000,,,,2026-09-08T18:30:30
3263531,لفور,2026-09-28,باز,4800000,,,,2026-09-08T18:30:30
3263531,لفور,2026-09-29,باز,4800000,,,,2026-09-08T18:30:30
3263531,لفور,2026-09-30,باز,5300000,,,بله,2026-09-08T18:30:30
3263531,لفور,2026-10-01,باز,5300000,,,بله,2026-09-08T18:30:30
3263531,لفور,2026-10-02,باز,4800000,,,,2026-09-08T18:30:30
3263531,لفور,2026-10-03,باز,4800000,,,,2026-09-08T18:30:30
3263531,لفور,2026-10-04,باز,4800000,,,,2026-09-08T18:30:30
3263531,لفور,2026-10-05,باز,4800000,,,,2026-09-08T18:30:30
3263531,لفور,2026-10-06,باز,4800000,,,,2026-09-08T18:30:30
3263531,لفور,2026-10-07,باز,5300000,,,بله,2026-09-08T18:30:30
3263531,لفور,2026-10-08,باز,5300000,,,بله,2026-09-08T18:30:30
3263733,کاردرکلا,2026-09-08,بسته (مشاهده‌شده - دلیل نامشخص),2700000,,,,2026-09-08T18:30:32
3263733,کاردرکلا,2026-09-09,بسته (مشاهده‌شده - دلیل نامشخص),5800000,,,بله,2026-09-08T18:30:32
3263733,کاردرکلا,2026-09-10,بسته (مشاهده‌شده - دلیل نامشخص),5800000,,,بله,2026-09-08T18:30:32
3263733,کاردرکلا,2026-09-11,بسته (مشاهده‌شده - دلیل نامشخص),2700000,,,,2026-09-08T18:30:32
3263733,کاردرکلا,2026-09-12,بسته (مشاهده‌شده - دلیل نامشخص),2700000,,,,2026-09-08T18:30:32
3263733,کاردرکلا,2026-09-13,بسته (مشاهده‌شده - دلیل نامشخص),2700000,,,,2026-09-08T18:30:32
3263733,کاردرکلا,2026-09-14,بسته (مشاهده‌شده - دلیل نامشخص),2700000,,,,2026-09-08T18:30:32
3263733,کاردرکلا,2026-09-15,باز,2700000,,,,2026-09-08T18:30:32
3263733,کاردرکلا,2026-09-16,باز,5800000,,,بله,2026-09-08T18:30:32
3263733,کاردرکلا,2026-09-17,باز,5800000,,,بله,2026-09-08T18:30:32
3263733,کاردرکلا,2026-09-18,باز,2700000,,,,2026-09-08T18:30:32
3263733,کاردرکلا,2026-09-19,باز,2700000,,,,2026-09-08T18:30:32
3263733,کاردرکلا,2026-09-20,باز,2700000,,,,2026-09-08T18:30:32
3263733,کاردرکلا,2026-09-21,باز,2700000,,,,2026-09-08T18:30:32
3263733,کاردرکلا,2026-09-22,باز,2700000,,,,2026-09-08T18:30:32
3263733,کاردرکلا,2026-09-23,باز,3300000,,,بله,2026-09-08T18:30:32
3263733,کاردرکلا,2026-09-24,باز,3300000,,,بله,2026-09-08T18:30:32
3263733,کاردرکلا,2026-09-25,باز,1800000,,,,2026-09-08T18:30:32
3263733,کاردرکلا,2026-09-26,باز,1800000,,,,2026-09-08T18:30:32
3263733,کاردرکلا,2026-09-27,باز,1800000,,,,2026-09-08T18:30:32
3263733,کاردرکلا,2026-09-28,بسته (مشاهده‌شده - دلیل نامشخص),1800000,,,,2026-09-08T18:30:32
3263733,کاردرکلا,2026-09-29,بسته (مشاهده‌شده - دلیل نامشخص),1800000,,,,2026-09-08T18:30:32
3263733,کاردرکلا,2026-09-30,بسته (مشاهده‌شده - دلیل نامشخص),3300000,,,بله,2026-09-08T18:30:32
3263733,کاردرکلا,2026-10-01,بسته (مشاهده‌شده - دلیل نامشخص),3300000,,,بله,2026-09-08T18:30:32
3263733,کاردرکلا,2026-10-02,باز,1800000,,,,2026-09-08T18:30:32
3263733,کاردرکلا,2026-10-03,باز,1800000,,,,2026-09-08T18:30:32
3263733,کاردرکلا,2026-10-04,باز,1800000,,,,2026-09-08T18:30:32
3263733,کاردرکلا,2026-10-05,باز,1800000,,,,2026-09-08T18:30:32
3263733,کاردرکلا,2026-10-06,باز,1800000,,,,2026-09-08T18:30:32
3263733,کاردرکلا,2026-10-07,باز,3300000,,,بله,2026-09-08T18:30:32
3263733,کاردرکلا,2026-10-08,باز,3300000,,,بله,2026-09-08T18:30:32
3263831,گونه کلا,2026-09-08,بسته (مشاهده‌شده - دلیل نامشخص),3330000,,,,2026-09-08T18:30:37
3263831,گونه کلا,2026-09-09,باز,5500000,,,بله,2026-09-08T18:30:37
3263831,گونه کلا,2026-09-10,بسته (مشاهده‌شده - دلیل نامشخص),5500000,,,بله,2026-09-08T18:30:37
3263831,گونه کلا,2026-09-11,بسته (مشاهده‌شده - دلیل نامشخص),3330000,,,,2026-09-08T18:30:37
3263831,گونه کلا,2026-09-12,بسته (مشاهده‌شده - دلیل نامشخص),3330000,,,,2026-09-08T18:30:37
3263831,گونه کلا,2026-09-13,باز,3330000,,,,2026-09-08T18:30:37
3263831,گونه کلا,2026-09-14,باز,3330000,,,,2026-09-08T18:30:37
3263831,گونه کلا,2026-09-15,باز,3330000,,,,2026-09-08T18:30:37
3263831,گونه کلا,2026-09-16,باز,5500000,,,بله,2026-09-08T18:30:37
3263831,گونه کلا,2026-09-17,باز,5500000,,,بله,2026-09-08T18:30:37
3263831,گونه کلا,2026-09-18,باز,3330000,,,,2026-09-08T18:30:37
3263831,گونه کلا,2026-09-19,باز,3330000,,,,2026-09-08T18:30:37
3263831,گونه کلا,2026-09-20,باز,3330000,,,,2026-09-08T18:30:37
3263831,گونه کلا,2026-09-21,باز,3330000,,,,2026-09-08T18:30:37
3263831,گونه کلا,2026-09-22,باز,3330000,,,,2026-09-08T18:30:37
3263831,گونه کلا,2026-09-23,باز,4950000,,,بله,2026-09-08T18:30:37
3263831,گونه کلا,2026-09-24,باز,4950000,,,بله,2026-09-08T18:30:37
3263831,گونه کلا,2026-09-25,باز,2990000,,,,2026-09-08T18:30:37
3263831,گونه کلا,2026-09-26,باز,2990000,,,,2026-09-08T18:30:37
3263831,گونه کلا,2026-09-27,باز,2990000,,,,2026-09-08T18:30:37
3263831,گونه کلا,2026-09-28,باز,2990000,,,,2026-09-08T18:30:37
3263831,گونه کلا,2026-09-29,باز,2990000,,,,2026-09-08T18:30:37
3263831,گونه کلا,2026-09-30,باز,4950000,,,بله,2026-09-08T18:30:37
3263831,گونه کلا,2026-10-01,باز,4950000,,,بله,2026-09-08T18:30:37
3263831,گونه کلا,2026-10-02,باز,2990000,,,,2026-09-08T18:30:37
3263831,گونه کلا,2026-10-03,باز,2990000,,,,2026-09-08T18:30:37
3263831,گونه کلا,2026-10-04,باز,2990000,,,,2026-09-08T18:30:37
3263831,گونه کلا,2026-10-05,باز,2990000,,,,2026-09-08T18:30:37
3263831,گونه کلا,2026-10-06,باز,2990000,,,,2026-09-08T18:30:37
3263831,گونه کلا,2026-10-07,باز,4950000,,,بله,2026-09-08T18:30:37
3263831,گونه کلا,2026-10-08,باز,4950000,,,بله,2026-09-08T18:30:37
3263833,گونه کلا,2026-09-08,بسته (مشاهده‌شده - دلیل نامشخص),2890000,,,,2026-09-08T18:30:39
3263833,گونه کلا,2026-09-09,باز,5550000,,,بله,2026-09-08T18:30:39
3263833,گونه کلا,2026-09-10,بسته (مشاهده‌شده - دلیل نامشخص),5550000,,,بله,2026-09-08T18:30:39
3263833,گونه کلا,2026-09-11,بسته (مشاهده‌شده - دلیل نامشخص),2890000,,,,2026-09-08T18:30:39
3263833,گونه کلا,2026-09-12,بسته (مشاهده‌شده - دلیل نامشخص),2890000,,,,2026-09-08T18:30:39
3263833,گونه کلا,2026-09-13,باز,2890000,,,,2026-09-08T18:30:39
3263833,گونه کلا,2026-09-14,باز,2890000,,,,2026-09-08T18:30:39
3263833,گونه کلا,2026-09-15,باز,2890000,,,,2026-09-08T18:30:39
3263833,گونه کلا,2026-09-16,باز,5550000,,,بله,2026-09-08T18:30:39
3263833,گونه کلا,2026-09-17,باز,5550000,,,بله,2026-09-08T18:30:39
3263833,گونه کلا,2026-09-18,باز,2890000,,,,2026-09-08T18:30:39
3263833,گونه کلا,2026-09-19,باز,2890000,,,,2026-09-08T18:30:39
3263833,گونه کلا,2026-09-20,باز,2890000,,,,2026-09-08T18:30:39
3263833,گونه کلا,2026-09-21,باز,2890000,,,,2026-09-08T18:30:39
3263833,گونه کلا,2026-09-22,باز,2890000,,,,2026-09-08T18:30:39
3263833,گونه کلا,2026-09-23,باز,4950000,,,بله,2026-09-08T18:30:39
3263833,گونه کلا,2026-09-24,باز,4950000,,,بله,2026-09-08T18:30:39
3263833,گونه کلا,2026-09-25,باز,2950000,,,,2026-09-08T18:30:39
3263833,گونه کلا,2026-09-26,باز,2950000,,,,2026-09-08T18:30:39
3263833,گونه کلا,2026-09-27,باز,2950000,,,,2026-09-08T18:30:39
3263833,گونه کلا,2026-09-28,باز,2950000,,,,2026-09-08T18:30:39
3263833,گونه کلا,2026-09-29,باز,2950000,,,,2026-09-08T18:30:39
3263833,گونه کلا,2026-09-30,باز,4950000,,,بله,2026-09-08T18:30:39
3263833,گونه کلا,2026-10-01,باز,4950000,,,بله,2026-09-08T18:30:39
3263833,گونه کلا,2026-10-02,باز,2950000,,,,2026-09-08T18:30:39
3263833,گونه کلا,2026-10-03,باز,2950000,,,,2026-09-08T18:30:39
3263833,گونه کلا,2026-10-04,باز,2950000,,,,2026-09-08T18:30:39
3263833,گونه کلا,2026-10-05,باز,2950000,,,,2026-09-08T18:30:39
3263833,گونه کلا,2026-10-06,باز,2950000,,,,2026-09-08T18:30:39
3263833,گونه کلا,2026-10-07,باز,4950000,,,بله,2026-09-08T18:30:39
3263833,گونه کلا,2026-10-08,باز,4950000,,,بله,2026-09-08T18:30:39
3264012,درازکلا,2026-09-08,بسته (مشاهده‌شده - دلیل نامشخص),3850000,,,,2026-09-08T18:30:40
3264012,درازکلا,2026-09-09,بسته (مشاهده‌شده - دلیل نامشخص),3850000,,,بله,2026-09-08T18:30:40
3264012,درازکلا,2026-09-10,بسته (مشاهده‌شده - دلیل نامشخص),4000000,,,بله,2026-09-08T18:30:40
3264012,درازکلا,2026-09-11,باز,3890000,,,,2026-09-08T18:30:40
3264012,درازکلا,2026-09-12,باز,3890000,,,,2026-09-08T18:30:40
3264012,درازکلا,2026-09-13,باز,3890000,,,,2026-09-08T18:30:40
3264012,درازکلا,2026-09-14,باز,3890000,,,,2026-09-08T18:30:40
3264012,درازکلا,2026-09-15,باز,3900000,,,,2026-09-08T18:30:40
3264012,درازکلا,2026-09-16,باز,3900000,,,بله,2026-09-08T18:30:40
3264012,درازکلا,2026-09-17,باز,4500000,,,بله,2026-09-08T18:30:40
3264012,درازکلا,2026-09-18,باز,3900000,,,,2026-09-08T18:30:40
3264012,درازکلا,2026-09-19,باز,3900000,,,,2026-09-08T18:30:40
3264012,درازکلا,2026-09-20,باز,3900000,,,,2026-09-08T18:30:40
3264012,درازکلا,2026-09-21,باز,3900000,,,,2026-09-08T18:30:40
3264012,درازکلا,2026-09-22,باز,3900000,,,,2026-09-08T18:30:40
3264012,درازکلا,2026-09-23,باز,2400000,,,بله,2026-09-08T18:30:40
3264012,درازکلا,2026-09-24,باز,3500000,,,بله,2026-09-08T18:30:40
3264012,درازکلا,2026-09-25,باز,2400000,,,,2026-09-08T18:30:40
3264012,درازکلا,2026-09-26,باز,2400000,,,,2026-09-08T18:30:40
3264012,درازکلا,2026-09-27,باز,2400000,,,,2026-09-08T18:30:40
3264012,درازکلا,2026-09-28,باز,2400000,,,,2026-09-08T18:30:40
3264012,درازکلا,2026-09-29,باز,2400000,,,,2026-09-08T18:30:40
3264012,درازکلا,2026-09-30,باز,2400000,,,بله,2026-09-08T18:30:40
3264012,درازکلا,2026-10-01,باز,3500000,,,بله,2026-09-08T18:30:40
3264012,درازکلا,2026-10-02,باز,2400000,,,,2026-09-08T18:30:40
3264012,درازکلا,2026-10-03,باز,2400000,,,,2026-09-08T18:30:40
3264012,درازکلا,2026-10-04,باز,2400000,,,,2026-09-08T18:30:40
3264012,درازکلا,2026-10-05,باز,2400000,,,,2026-09-08T18:30:40
3264012,درازکلا,2026-10-06,باز,2400000,,,,2026-09-08T18:30:40
3264012,درازکلا,2026-10-07,باز,2400000,,,بله,2026-09-08T18:30:40
3264012,درازکلا,2026-10-08,باز,3500000,,,بله,2026-09-08T18:30:40
3264107,کاردرکلا,2026-09-08,بسته (مشاهده‌شده - دلیل نامشخص),3560000,,,,2026-09-08T18:30:42
3264107,کاردرکلا,2026-09-09,بسته (مشاهده‌شده - دلیل نامشخص),3770000,,,بله,2026-09-08T18:30:42
3264107,کاردرکلا,2026-09-10,باز,5960000,,,بله,2026-09-08T18:30:42
3264107,کاردرکلا,2026-09-11,بسته (مشاهده‌شده - دلیل نامشخص),3560000,,,,2026-09-08T18:30:42
3264107,کاردرکلا,2026-09-12,باز,3560000,,,,2026-09-08T18:30:42
3264107,کاردرکلا,2026-09-13,باز,3560000,,,,2026-09-08T18:30:42
3264107,کاردرکلا,2026-09-14,باز,3560000,,,,2026-09-08T18:30:42
3264107,کاردرکلا,2026-09-15,باز,3560000,,,,2026-09-08T18:30:42
3264107,کاردرکلا,2026-09-16,باز,3770000,,,بله,2026-09-08T18:30:42
3264107,کاردرکلا,2026-09-17,باز,5960000,,,بله,2026-09-08T18:30:42
3264107,کاردرکلا,2026-09-18,باز,3560000,,,,2026-09-08T18:30:42
3264107,کاردرکلا,2026-09-19,باز,3560000,,,,2026-09-08T18:30:42
3264107,کاردرکلا,2026-09-20,باز,3560000,,,,2026-09-08T18:30:42
3264107,کاردرکلا,2026-09-21,باز,3560000,,,,2026-09-08T18:30:42
3264107,کاردرکلا,2026-09-22,باز,3560000,,,,2026-09-08T18:30:42
3264107,کاردرکلا,2026-09-23,باز,2450000,,,بله,2026-09-08T18:30:42
3264107,کاردرکلا,2026-09-24,باز,4960000,,,بله,2026-09-08T18:30:42
3264107,کاردرکلا,2026-09-25,باز,2400000,,,,2026-09-08T18:30:42
3264107,کاردرکلا,2026-09-26,باز,2390000,,,,2026-09-08T18:30:42
3264107,کاردرکلا,2026-09-27,باز,2390000,,,,2026-09-08T18:30:42
3264107,کاردرکلا,2026-09-28,باز,2390000,,,,2026-09-08T18:30:42
3264107,کاردرکلا,2026-09-29,باز,2390000,,,,2026-09-08T18:30:42
3264107,کاردرکلا,2026-09-30,باز,2450000,,,بله,2026-09-08T18:30:42
3264107,کاردرکلا,2026-10-01,باز,4960000,,,بله,2026-09-08T18:30:42
3264107,کاردرکلا,2026-10-02,باز,2400000,,,,2026-09-08T18:30:42
3264107,کاردرکلا,2026-10-03,باز,2390000,,,,2026-09-08T18:30:42
3264107,کاردرکلا,2026-10-04,باز,2390000,,,,2026-09-08T18:30:42
3264107,کاردرکلا,2026-10-05,باز,2390000,,,,2026-09-08T18:30:42
3264107,کاردرکلا,2026-10-06,باز,2390000,,,,2026-09-08T18:30:42
3264107,کاردرکلا,2026-10-07,باز,2450000,,,بله,2026-09-08T18:30:42
3264107,کاردرکلا,2026-10-08,باز,4960000,,,بله,2026-09-08T18:30:42
3264216,بابلکنار,2026-09-08,بسته (مشاهده‌شده - دلیل نامشخص),4200000,,,,2026-09-08T18:30:43
3264216,بابلکنار,2026-09-09,بسته (مشاهده‌شده - دلیل نامشخص),5850000,,,بله,2026-09-08T18:30:43
3264216,بابلکنار,2026-09-10,بسته (مشاهده‌شده - دلیل نامشخص),6800000,,,بله,2026-09-08T18:30:43
3264216,بابلکنار,2026-09-11,باز,4500000,,,,2026-09-08T18:30:43
3264216,بابلکنار,2026-09-12,باز,5000000,,,,2026-09-08T18:30:43
3264216,بابلکنار,2026-09-13,باز,5000000,,,,2026-09-08T18:30:43
3264216,بابلکنار,2026-09-14,باز,5000000,,,,2026-09-08T18:30:43
3264216,بابلکنار,2026-09-15,باز,5850000,,,,2026-09-08T18:30:43
3264216,بابلکنار,2026-09-16,باز,7000000,,,بله,2026-09-08T18:30:43
3264216,بابلکنار,2026-09-17,باز,7000000,,,بله,2026-09-08T18:30:43
3264216,بابلکنار,2026-09-18,باز,7000000,,,,2026-09-08T18:30:43
3264216,بابلکنار,2026-09-19,باز,7000000,,,,2026-09-08T18:30:43
3264216,بابلکنار,2026-09-20,باز,7000000,,,,2026-09-08T18:30:43
3264216,بابلکنار,2026-09-21,باز,7000000,,,,2026-09-08T18:30:43
3264216,بابلکنار,2026-09-22,باز,5800000,,,,2026-09-08T18:30:43
3264216,بابلکنار,2026-09-23,باز,5800000,,,بله,2026-09-08T18:30:43
3264216,بابلکنار,2026-09-24,باز,6800000,,,بله,2026-09-08T18:30:43
3264216,بابلکنار,2026-09-25,باز,3500000,,,,2026-09-08T18:30:43
3264216,بابلکنار,2026-09-26,باز,3500000,,,,2026-09-08T18:30:43
3264216,بابلکنار,2026-09-27,باز,3500000,,,,2026-09-08T18:30:43
3264216,بابلکنار,2026-09-28,باز,3500000,,,,2026-09-08T18:30:43
3264216,بابلکنار,2026-09-29,باز,3500000,,,,2026-09-08T18:30:43
3264216,بابلکنار,2026-09-30,باز,4200000,,,بله,2026-09-08T18:30:43
3264216,بابلکنار,2026-10-01,باز,4800000,,,بله,2026-09-08T18:30:43
3264216,بابلکنار,2026-10-02,باز,3500000,,,,2026-09-08T18:30:43
3264216,بابلکنار,2026-10-03,باز,3500000,,,,2026-09-08T18:30:43
3264216,بابلکنار,2026-10-04,باز,3500000,,,,2026-09-08T18:30:43
3264216,بابلکنار,2026-10-05,باز,3500000,,,,2026-09-08T18:30:43
3264216,بابلکنار,2026-10-06,باز,3500000,,,,2026-09-08T18:30:43
3264216,بابلکنار,2026-10-07,باز,4200000,,,بله,2026-09-08T18:30:43
3264216,بابلکنار,2026-10-08,باز,4800000,,,بله,2026-09-08T18:30:43
3264357,شیردارکلا,2026-09-08,بسته (مشاهده‌شده - دلیل نامشخص),4100000,,,,2026-09-08T18:30:47
3264357,شیردارکلا,2026-09-09,بسته (مشاهده‌شده - دلیل نامشخص),4900000,,,بله,2026-09-08T18:30:47
3264357,شیردارکلا,2026-09-10,بسته (مشاهده‌شده - دلیل نامشخص),6500000,,,بله,2026-09-08T18:30:47
3264357,شیردارکلا,2026-09-11,بسته (مشاهده‌شده - دلیل نامشخص),4100000,,,,2026-09-08T18:30:47
3264357,شیردارکلا,2026-09-12,بسته (مشاهده‌شده - دلیل نامشخص),3900000,,,,2026-09-08T18:30:47
3264357,شیردارکلا,2026-09-13,بسته (مشاهده‌شده - دلیل نامشخص),3900000,,,,2026-09-08T18:30:47
3264357,شیردارکلا,2026-09-14,بسته (مشاهده‌شده - دلیل نامشخص),3900000,,,,2026-09-08T18:30:47
3264357,شیردارکلا,2026-09-15,باز,4500000,,,,2026-09-08T18:30:47
3264357,شیردارکلا,2026-09-16,باز,4500000,,,بله,2026-09-08T18:30:47
3264357,شیردارکلا,2026-09-17,بسته (مشاهده‌شده - دلیل نامشخص),5900000,,,بله,2026-09-08T18:30:47
3264357,شیردارکلا,2026-09-18,باز,4500000,,,,2026-09-08T18:30:47
3264357,شیردارکلا,2026-09-19,باز,4500000,,,,2026-09-08T18:30:47
3264357,شیردارکلا,2026-09-20,باز,4500000,,,,2026-09-08T18:30:47
3264357,شیردارکلا,2026-09-21,باز,4500000,,,,2026-09-08T18:30:47
3264357,شیردارکلا,2026-09-22,باز,4500000,,,,2026-09-08T18:30:47
3264357,شیردارکلا,2026-09-23,باز,4900000,,,بله,2026-09-08T18:30:47
3264357,شیردارکلا,2026-09-24,باز,5900000,,,بله,2026-09-08T18:30:47
3264357,شیردارکلا,2026-09-25,باز,4300000,,,,2026-09-08T18:30:47
3264357,شیردارکلا,2026-09-26,باز,4300000,,,,2026-09-08T18:30:47
3264357,شیردارکلا,2026-09-27,باز,4300000,,,,2026-09-08T18:30:47
3264357,شیردارکلا,2026-09-28,باز,4300000,,,,2026-09-08T18:30:47
3264357,شیردارکلا,2026-09-29,باز,4300000,,,,2026-09-08T18:30:47
3264357,شیردارکلا,2026-09-30,باز,4900000,,,بله,2026-09-08T18:30:47
3264357,شیردارکلا,2026-10-01,باز,5900000,,,بله,2026-09-08T18:30:47
3264357,شیردارکلا,2026-10-02,باز,4300000,,,,2026-09-08T18:30:47
3264357,شیردارکلا,2026-10-03,باز,4300000,,,,2026-09-08T18:30:47
3264357,شیردارکلا,2026-10-04,باز,4300000,,,,2026-09-08T18:30:47
3264357,شیردارکلا,2026-10-05,باز,4300000,,,,2026-09-08T18:30:47
3264357,شیردارکلا,2026-10-06,باز,4300000,,,,2026-09-08T18:30:47
3264357,شیردارکلا,2026-10-07,باز,4900000,,,بله,2026-09-08T18:30:47
3264357,شیردارکلا,2026-10-08,باز,5900000,,,بله,2026-09-08T18:30:47
3264391,درازکلا,2026-09-08,بسته (مشاهده‌شده - دلیل نامشخص),2400000,,,,2026-09-08T18:31:12
3264391,درازکلا,2026-09-09,بسته (مشاهده‌شده - دلیل نامشخص),2640000,,,بله,2026-09-08T18:31:12
3264391,درازکلا,2026-09-10,بسته (مشاهده‌شده - دلیل نامشخص),3900000,,,بله,2026-09-08T18:31:12
3264391,درازکلا,2026-09-11,بسته (مشاهده‌شده - دلیل نامشخص),2400000,,,,2026-09-08T18:31:12
3264391,درازکلا,2026-09-12,بسته (مشاهده‌شده - دلیل نامشخص),2400000,,,,2026-09-08T18:31:12
3264391,درازکلا,2026-09-13,بسته (مشاهده‌شده - دلیل نامشخص),2400000,,,,2026-09-08T18:31:12
3264391,درازکلا,2026-09-14,بسته (مشاهده‌شده - دلیل نامشخص),2400000,,,,2026-09-08T18:31:12
3264391,درازکلا,2026-09-15,بسته (مشاهده‌شده - دلیل نامشخص),2400000,,,,2026-09-08T18:31:12
3264391,درازکلا,2026-09-16,بسته (مشاهده‌شده - دلیل نامشخص),2640000,,,بله,2026-09-08T18:31:12
3264391,درازکلا,2026-09-17,بسته (مشاهده‌شده - دلیل نامشخص),4800000,,,بله,2026-09-08T18:31:12
3264391,درازکلا,2026-09-18,بسته (مشاهده‌شده - دلیل نامشخص),2400000,,,,2026-09-08T18:31:12
3264391,درازکلا,2026-09-19,بسته (مشاهده‌شده - دلیل نامشخص),2400000,,,,2026-09-08T18:31:12
3264391,درازکلا,2026-09-20,بسته (مشاهده‌شده - دلیل نامشخص),2400000,,,,2026-09-08T18:31:12
3264391,درازکلا,2026-09-21,بسته (مشاهده‌شده - دلیل نامشخص),2400000,,,,2026-09-08T18:31:12
3264391,درازکلا,2026-09-22,باز,2400000,,,,2026-09-08T18:31:12
3264391,درازکلا,2026-09-23,باز,3000000,,,بله,2026-09-08T18:31:12
3264391,درازکلا,2026-09-24,باز,4200000,,,بله,2026-09-08T18:31:12
3264391,درازکلا,2026-09-25,باز,2400000,,,,2026-09-08T18:31:12
3264391,درازکلا,2026-09-26,باز,2400000,,,,2026-09-08T18:31:12
3264391,درازکلا,2026-09-27,باز,2400000,,,,2026-09-08T18:31:12
3264391,درازکلا,2026-09-28,باز,2400000,,,,2026-09-08T18:31:12
3264391,درازکلا,2026-09-29,باز,2400000,,,,2026-09-08T18:31:12
3264391,درازکلا,2026-09-30,باز,3000000,,,بله,2026-09-08T18:31:12
3264391,درازکلا,2026-10-01,باز,4200000,,,بله,2026-09-08T18:31:12
3264391,درازکلا,2026-10-02,باز,2400000,,,,2026-09-08T18:31:12
3264391,درازکلا,2026-10-03,باز,2400000,,,,2026-09-08T18:31:12
3264391,درازکلا,2026-10-04,باز,2400000,,,,2026-09-08T18:31:12
3264391,درازکلا,2026-10-05,باز,2400000,,,,2026-09-08T18:31:12
3264391,درازکلا,2026-10-06,باز,2400000,,,,2026-09-08T18:31:12
3264391,درازکلا,2026-10-07,باز,3000000,,,بله,2026-09-08T18:31:12
3264391,درازکلا,2026-10-08,باز,4200000,,,بله,2026-09-08T18:31:12
3264493,درازکلا,2026-09-08,بسته (مشاهده‌شده - دلیل نامشخص),2200000,,,,2026-09-08T18:31:13
3264493,درازکلا,2026-09-09,بسته (مشاهده‌شده - دلیل نامشخص),3000000,,,بله,2026-09-08T18:31:13
3264493,درازکلا,2026-09-10,بسته (مشاهده‌شده - دلیل نامشخص),3000000,,,بله,2026-09-08T18:31:13
3264493,درازکلا,2026-09-11,باز,2200000,,,,2026-09-08T18:31:13
3264493,درازکلا,2026-09-12,بسته (مشاهده‌شده - دلیل نامشخص),2200000,,,,2026-09-08T18:31:13
3264493,درازکلا,2026-09-13,بسته (مشاهده‌شده - دلیل نامشخص),2200000,,,,2026-09-08T18:31:13
3264493,درازکلا,2026-09-14,بسته (مشاهده‌شده - دلیل نامشخص),2200000,,,,2026-09-08T18:31:13
3264493,درازکلا,2026-09-15,بسته (مشاهده‌شده - دلیل نامشخص),2200000,,,,2026-09-08T18:31:13
3264493,درازکلا,2026-09-16,باز,3000000,,,بله,2026-09-08T18:31:13
3264493,درازکلا,2026-09-17,بسته (مشاهده‌شده - دلیل نامشخص),3000000,,,بله,2026-09-08T18:31:13
3264493,درازکلا,2026-09-18,باز,2200000,,,,2026-09-08T18:31:13
3264493,درازکلا,2026-09-19,باز,2500000,,,,2026-09-08T18:31:13
3264493,درازکلا,2026-09-20,باز,2500000,,,,2026-09-08T18:31:13
3264493,درازکلا,2026-09-21,باز,2500000,,,,2026-09-08T18:31:13
3264493,درازکلا,2026-09-22,باز,2500000,,,,2026-09-08T18:31:13
3264493,درازکلا,2026-09-23,باز,2000000,,,بله,2026-09-08T18:31:13
3264493,درازکلا,2026-09-24,باز,2000000,,,بله,2026-09-08T18:31:13
3264493,درازکلا,2026-09-25,باز,1500000,,,,2026-09-08T18:31:13
3264493,درازکلا,2026-09-26,باز,1500000,,,,2026-09-08T18:31:13
3264493,درازکلا,2026-09-27,باز,1500000,,,,2026-09-08T18:31:13
3264493,درازکلا,2026-09-28,باز,1500000,,,,2026-09-08T18:31:13
3264493,درازکلا,2026-09-29,باز,1500000,,,,2026-09-08T18:31:13
3264493,درازکلا,2026-09-30,باز,2000000,,,بله,2026-09-08T18:31:13
3264493,درازکلا,2026-10-01,باز,2000000,,,بله,2026-09-08T18:31:13
3264493,درازکلا,2026-10-02,باز,1500000,,,,2026-09-08T18:31:13
3264493,درازکلا,2026-10-03,باز,1500000,,,,2026-09-08T18:31:13
3264493,درازکلا,2026-10-04,باز,1500000,,,,2026-09-08T18:31:13
3264493,درازکلا,2026-10-05,باز,1500000,,,,2026-09-08T18:31:13
3264493,درازکلا,2026-10-06,باز,1500000,,,,2026-09-08T18:31:13
3264493,درازکلا,2026-10-07,باز,2000000,,,بله,2026-09-08T18:31:13
3264493,درازکلا,2026-10-08,باز,2000000,,,بله,2026-09-08T18:31:13
3264676,شیردارکلا,2026-09-08,بسته (مشاهده‌شده - دلیل نامشخص),10000000,,,,2026-09-08T18:31:39
3264676,شیردارکلا,2026-09-09,بسته (مشاهده‌شده - دلیل نامشخص),13900000,,,بله,2026-09-08T18:31:39
3264676,شیردارکلا,2026-09-10,بسته (مشاهده‌شده - دلیل نامشخص),15000000,,,بله,2026-09-08T18:31:39
3264676,شیردارکلا,2026-09-11,بسته (مشاهده‌شده - دلیل نامشخص),10000000,,,,2026-09-08T18:31:39
3264676,شیردارکلا,2026-09-12,بسته (مشاهده‌شده - دلیل نامشخص),10000000,,,,2026-09-08T18:31:39
3264676,شیردارکلا,2026-09-13,بسته (مشاهده‌شده - دلیل نامشخص),10000000,,,,2026-09-08T18:31:39
3264676,شیردارکلا,2026-09-14,بسته (مشاهده‌شده - دلیل نامشخص),10000000,,,,2026-09-08T18:31:39
3264676,شیردارکلا,2026-09-15,بسته (مشاهده‌شده - دلیل نامشخص),10000000,,,,2026-09-08T18:31:39
3264676,شیردارکلا,2026-09-16,باز,18000000,,,بله,2026-09-08T18:31:39
3264676,شیردارکلا,2026-09-17,باز,18000000,,,بله,2026-09-08T18:31:39
3264676,شیردارکلا,2026-09-18,باز,15000000,,,,2026-09-08T18:31:39
3264676,شیردارکلا,2026-09-19,بسته (مشاهده‌شده - دلیل نامشخص),10000000,,,,2026-09-08T18:31:39
3264676,شیردارکلا,2026-09-20,بسته (مشاهده‌شده - دلیل نامشخص),10000000,,,,2026-09-08T18:31:39
3264676,شیردارکلا,2026-09-21,باز,15000000,,,,2026-09-08T18:31:39
3264676,شیردارکلا,2026-09-22,باز,15000000,,,,2026-09-08T18:31:39
3264676,شیردارکلا,2026-09-23,باز,13000000,,,بله,2026-09-08T18:31:39
3264676,شیردارکلا,2026-09-24,بسته (مشاهده‌شده - دلیل نامشخص),13000000,,,بله,2026-09-08T18:31:39
3264676,شیردارکلا,2026-09-25,بسته (مشاهده‌شده - دلیل نامشخص),10000000,,,,2026-09-08T18:31:39
3264676,شیردارکلا,2026-09-26,بسته (مشاهده‌شده - دلیل نامشخص),10000000,,,,2026-09-08T18:31:39
3264676,شیردارکلا,2026-09-27,بسته (مشاهده‌شده - دلیل نامشخص),10000000,,,,2026-09-08T18:31:39
3264676,شیردارکلا,2026-09-28,باز,10000000,,,,2026-09-08T18:31:39
3264676,شیردارکلا,2026-09-29,باز,10000000,,,,2026-09-08T18:31:39
3264676,شیردارکلا,2026-09-30,باز,13000000,,,بله,2026-09-08T18:31:39
3264676,شیردارکلا,2026-10-01,باز,13000000,,,بله,2026-09-08T18:31:39
3264676,شیردارکلا,2026-10-02,باز,10000000,,,,2026-09-08T18:31:39
3264676,شیردارکلا,2026-10-03,باز,10000000,,,,2026-09-08T18:31:39
3264676,شیردارکلا,2026-10-04,باز,10000000,,,,2026-09-08T18:31:39
3264676,شیردارکلا,2026-10-05,باز,10000000,,,,2026-09-08T18:31:39
3264676,شیردارکلا,2026-10-06,باز,10000000,,,,2026-09-08T18:31:39
3264676,شیردارکلا,2026-10-07,باز,13000000,,,بله,2026-09-08T18:31:39
3264676,شیردارکلا,2026-10-08,باز,13000000,,,بله,2026-09-08T18:31:39
3264754,بابلکنار,2026-09-08,باز,2300000,,,,2026-09-08T18:31:40
3264754,بابلکنار,2026-09-09,بسته (مشاهده‌شده - دلیل نامشخص),2900000,,,بله,2026-09-08T18:31:40
3264754,بابلکنار,2026-09-10,بسته (مشاهده‌شده - دلیل نامشخص),3000000,,,بله,2026-09-08T18:31:40
3264754,بابلکنار,2026-09-11,باز,2500000,,,,2026-09-08T18:31:40
3264754,بابلکنار,2026-09-12,باز,2300000,,,,2026-09-08T18:31:40
3264754,بابلکنار,2026-09-13,باز,2300000,,,,2026-09-08T18:31:40
3264754,بابلکنار,2026-09-14,باز,2300000,,,,2026-09-08T18:31:40
3264754,بابلکنار,2026-09-15,باز,2300000,,,,2026-09-08T18:31:40
3264754,بابلکنار,2026-09-16,باز,2900000,,,بله,2026-09-08T18:31:40
3264754,بابلکنار,2026-09-17,باز,3000000,,,بله,2026-09-08T18:31:40
3264754,بابلکنار,2026-09-18,باز,2500000,,,,2026-09-08T18:31:40
3264754,بابلکنار,2026-09-19,باز,2300000,,,,2026-09-08T18:31:40
3264754,بابلکنار,2026-09-20,باز,2300000,,,,2026-09-08T18:31:40
3264754,بابلکنار,2026-09-21,باز,2300000,,,,2026-09-08T18:31:40
3264754,بابلکنار,2026-09-22,باز,2300000,,,,2026-09-08T18:31:40
3264754,بابلکنار,2026-09-23,باز,2000000,,,بله,2026-09-08T18:31:40
3264754,بابلکنار,2026-09-24,باز,2000000,,,بله,2026-09-08T18:31:40
3264754,بابلکنار,2026-09-25,باز,1500000,,,,2026-09-08T18:31:40
3264754,بابلکنار,2026-09-26,باز,1500000,,,,2026-09-08T18:31:40
3264754,بابلکنار,2026-09-27,باز,1500000,,,,2026-09-08T18:31:40
3264754,بابلکنار,2026-09-28,باز,1500000,,,,2026-09-08T18:31:40
3264754,بابلکنار,2026-09-29,باز,1500000,,,,2026-09-08T18:31:40
3264754,بابلکنار,2026-09-30,باز,2000000,,,بله,2026-09-08T18:31:40
3264754,بابلکنار,2026-10-01,باز,2000000,,,بله,2026-09-08T18:31:40
3264754,بابلکنار,2026-10-02,باز,1500000,,,,2026-09-08T18:31:40
3264754,بابلکنار,2026-10-03,باز,1500000,,,,2026-09-08T18:31:40
3264754,بابلکنار,2026-10-04,باز,1500000,,,,2026-09-08T18:31:40
3264754,بابلکنار,2026-10-05,باز,1500000,,,,2026-09-08T18:31:40
3264754,بابلکنار,2026-10-06,باز,1500000,,,,2026-09-08T18:31:40
3264754,بابلکنار,2026-10-07,باز,2000000,,,بله,2026-09-08T18:31:40
3264754,بابلکنار,2026-10-08,باز,2000000,,,بله,2026-09-08T18:31:40
3264848,سیادرکا,2026-09-08,باز,5000000,,,,2026-09-08T18:31:46
3264848,سیادرکا,2026-09-09,باز,6000000,,,بله,2026-09-08T18:31:46
3264848,سیادرکا,2026-09-10,باز,6000000,,,بله,2026-09-08T18:31:46
3264848,سیادرکا,2026-09-11,باز,5000000,,,,2026-09-08T18:31:46
3264848,سیادرکا,2026-09-12,باز,5000000,,,,2026-09-08T18:31:46
3264848,سیادرکا,2026-09-13,باز,5000000,,,,2026-09-08T18:31:46
3264848,سیادرکا,2026-09-14,باز,5000000,,,,2026-09-08T18:31:46
3264848,سیادرکا,2026-09-15,باز,5000000,,,,2026-09-08T18:31:46
3264848,سیادرکا,2026-09-16,باز,6000000,,,بله,2026-09-08T18:31:46
3264848,سیادرکا,2026-09-17,باز,6000000,,,بله,2026-09-08T18:31:46
3264848,سیادرکا,2026-09-18,باز,5000000,,,,2026-09-08T18:31:46
3264848,سیادرکا,2026-09-19,باز,5000000,,,,2026-09-08T18:31:46
3264848,سیادرکا,2026-09-20,باز,5000000,,,,2026-09-08T18:31:46
3264848,سیادرکا,2026-09-21,باز,5000000,,,,2026-09-08T18:31:46
3264848,سیادرکا,2026-09-22,باز,5000000,,,,2026-09-08T18:31:46
3264848,سیادرکا,2026-09-23,باز,4000000,,,بله,2026-09-08T18:31:46
3264848,سیادرکا,2026-09-24,باز,4000000,,,بله,2026-09-08T18:31:46
3264848,سیادرکا,2026-09-25,باز,3000000,,,,2026-09-08T18:31:46
3264848,سیادرکا,2026-09-26,باز,3000000,,,,2026-09-08T18:31:46
3264848,سیادرکا,2026-09-27,باز,3000000,,,,2026-09-08T18:31:46
3264848,سیادرکا,2026-09-28,باز,3000000,,,,2026-09-08T18:31:46
3264848,سیادرکا,2026-09-29,باز,3000000,,,,2026-09-08T18:31:46
3264848,سیادرکا,2026-09-30,باز,4000000,,,بله,2026-09-08T18:31:46
3264848,سیادرکا,2026-10-01,باز,4000000,,,بله,2026-09-08T18:31:46
3264848,سیادرکا,2026-10-02,باز,3000000,,,,2026-09-08T18:31:46
3264848,سیادرکا,2026-10-03,باز,3000000,,,,2026-09-08T18:31:46
3264848,سیادرکا,2026-10-04,باز,3000000,,,,2026-09-08T18:31:46
3264848,سیادرکا,2026-10-05,باز,3000000,,,,2026-09-08T18:31:46
3264848,سیادرکا,2026-10-06,باز,3000000,,,,2026-09-08T18:31:46
3264848,سیادرکا,2026-10-07,باز,4000000,,,بله,2026-09-08T18:31:46
3264848,سیادرکا,2026-10-08,باز,4000000,,,بله,2026-09-08T18:31:46
3265210,بابلکنار,2026-09-08,بسته (مشاهده‌شده - دلیل نامشخص),3300000,,,,2026-09-08T18:31:48
3265210,بابلکنار,2026-09-09,بسته (مشاهده‌شده - دلیل نامشخص),3500000,,,بله,2026-09-08T18:31:48
3265210,بابلکنار,2026-09-10,بسته (مشاهده‌شده - دلیل نامشخص),5500000,,,بله,2026-09-08T18:31:48
3265210,بابلکنار,2026-09-11,باز,3300000,,,,2026-09-08T18:31:48
3265210,بابلکنار,2026-09-12,بسته (مشاهده‌شده - دلیل نامشخص),3300000,,,,2026-09-08T18:31:48
3265210,بابلکنار,2026-09-13,باز,3300000,,,,2026-09-08T18:31:48
3265210,بابلکنار,2026-09-14,باز,3300000,,,,2026-09-08T18:31:48
3265210,بابلکنار,2026-09-15,باز,3300000,,,,2026-09-08T18:31:48
3265210,بابلکنار,2026-09-16,باز,3500000,,,بله,2026-09-08T18:31:48
3265210,بابلکنار,2026-09-17,باز,5500000,,,بله,2026-09-08T18:31:48
3265210,بابلکنار,2026-09-18,باز,3300000,,,,2026-09-08T18:31:48
3265210,بابلکنار,2026-09-19,باز,3300000,,,,2026-09-08T18:31:48
3265210,بابلکنار,2026-09-20,باز,3300000,,,,2026-09-08T18:31:48
3265210,بابلکنار,2026-09-21,باز,3300000,,,,2026-09-08T18:31:48
3265210,بابلکنار,2026-09-22,باز,3300000,,,,2026-09-08T18:31:48
3265210,بابلکنار,2026-09-23,بسته (مشاهده‌شده - دلیل نامشخص),2100000,,,بله,2026-09-08T18:31:48
3265210,بابلکنار,2026-09-24,بسته (مشاهده‌شده - دلیل نامشخص),2100000,,,بله,2026-09-08T18:31:48
3265210,بابلکنار,2026-09-25,بسته (مشاهده‌شده - دلیل نامشخص),1300000,,,,2026-09-08T18:31:48
3265210,بابلکنار,2026-09-26,بسته (مشاهده‌شده - دلیل نامشخص),1300000,,,,2026-09-08T18:31:48
3265210,بابلکنار,2026-09-27,بسته (مشاهده‌شده - دلیل نامشخص),1300000,,,,2026-09-08T18:31:48
3265210,بابلکنار,2026-09-28,بسته (مشاهده‌شده - دلیل نامشخص),1300000,,,,2026-09-08T18:31:48
3265210,بابلکنار,2026-09-29,بسته (مشاهده‌شده - دلیل نامشخص),1300000,,,,2026-09-08T18:31:48
3265210,بابلکنار,2026-09-30,بسته (مشاهده‌شده - دلیل نامشخص),2100000,,,بله,2026-09-08T18:31:48
3265210,بابلکنار,2026-10-01,بسته (مشاهده‌شده - دلیل نامشخص),2100000,,,بله,2026-09-08T18:31:48
3265210,بابلکنار,2026-10-02,بسته (مشاهده‌شده - دلیل نامشخص),1300000,,,,2026-09-08T18:31:48
3265210,بابلکنار,2026-10-03,بسته (مشاهده‌شده - دلیل نامشخص),1300000,,,,2026-09-08T18:31:48
3265210,بابلکنار,2026-10-04,بسته (مشاهده‌شده - دلیل نامشخص),1300000,,,,2026-09-08T18:31:48
3265210,بابلکنار,2026-10-05,بسته (مشاهده‌شده - دلیل نامشخص),1300000,,,,2026-09-08T18:31:48
3265210,بابلکنار,2026-10-06,بسته (مشاهده‌شده - دلیل نامشخص),1300000,,,,2026-09-08T18:31:48
3265210,بابلکنار,2026-10-07,بسته (مشاهده‌شده - دلیل نامشخص),2100000,,,بله,2026-09-08T18:31:48
3265210,بابلکنار,2026-10-08,بسته (مشاهده‌شده - دلیل نامشخص),2100000,,,بله,2026-09-08T18:31:48
3265282,بابلکنار,2026-09-08,بسته (مشاهده‌شده - دلیل نامشخص),3000000,,,,2026-09-08T18:31:49
3265282,بابلکنار,2026-09-09,بسته (مشاهده‌شده - دلیل نامشخص),3500000,,,بله,2026-09-08T18:31:49
3265282,بابلکنار,2026-09-10,بسته (مشاهده‌شده - دلیل نامشخص),3500000,,,بله,2026-09-08T18:31:49
3265282,بابلکنار,2026-09-11,بسته (مشاهده‌شده - دلیل نامشخص),3000000,,,,2026-09-08T18:31:49
3265282,بابلکنار,2026-09-12,بسته (مشاهده‌شده - دلیل نامشخص),3000000,,,,2026-09-08T18:31:49
3265282,بابلکنار,2026-09-13,بسته (مشاهده‌شده - دلیل نامشخص),3000000,,,,2026-09-08T18:31:49
3265282,بابلکنار,2026-09-14,بسته (مشاهده‌شده - دلیل نامشخص),3000000,,,,2026-09-08T18:31:49
3265282,بابلکنار,2026-09-15,بسته (مشاهده‌شده - دلیل نامشخص),3000000,,,,2026-09-08T18:31:49
3265282,بابلکنار,2026-09-16,بسته (مشاهده‌شده - دلیل نامشخص),3500000,,,بله,2026-09-08T18:31:49
3265282,بابلکنار,2026-09-17,باز,3500000,,,بله,2026-09-08T18:31:49
3265282,بابلکنار,2026-09-18,باز,3000000,,,,2026-09-08T18:31:49
3265282,بابلکنار,2026-09-19,باز,3000000,,,,2026-09-08T18:31:49
3265282,بابلکنار,2026-09-20,باز,3000000,,,,2026-09-08T18:31:49
3265282,بابلکنار,2026-09-21,باز,3000000,,,,2026-09-08T18:31:49
3265282,بابلکنار,2026-09-22,باز,3000000,,,,2026-09-08T18:31:49
3265282,بابلکنار,2026-09-23,باز,4000000,,,بله,2026-09-08T18:31:49
3265282,بابلکنار,2026-09-24,باز,4000000,,,بله,2026-09-08T18:31:49
3265282,بابلکنار,2026-09-25,باز,2500000,,,,2026-09-08T18:31:49
3265282,بابلکنار,2026-09-26,باز,2500000,,,,2026-09-08T18:31:49
3265282,بابلکنار,2026-09-27,باز,2500000,,,,2026-09-08T18:31:49
3265282,بابلکنار,2026-09-28,باز,2500000,,,,2026-09-08T18:31:49
3265282,بابلکنار,2026-09-29,باز,2500000,,,,2026-09-08T18:31:49
3265282,بابلکنار,2026-09-30,باز,4000000,,,بله,2026-09-08T18:31:49
3265282,بابلکنار,2026-10-01,باز,4000000,,,بله,2026-09-08T18:31:49
3265282,بابلکنار,2026-10-02,باز,2500000,,,,2026-09-08T18:31:49
3265282,بابلکنار,2026-10-03,باز,2500000,,,,2026-09-08T18:31:49
3265282,بابلکنار,2026-10-04,باز,2500000,,,,2026-09-08T18:31:49
3265282,بابلکنار,2026-10-05,باز,2500000,,,,2026-09-08T18:31:49
3265282,بابلکنار,2026-10-06,باز,2500000,,,,2026-09-08T18:31:49
3265282,بابلکنار,2026-10-07,باز,4000000,,,بله,2026-09-08T18:31:49
3265282,بابلکنار,2026-10-08,باز,4000000,,,بله,2026-09-08T18:31:49
3267114,بابلکنار,2026-09-08,بسته (مشاهده‌شده - دلیل نامشخص),2700000,,,,2026-09-08T18:31:53
3267114,بابلکنار,2026-09-09,بسته (مشاهده‌شده - دلیل نامشخص),3700000,,,بله,2026-09-08T18:31:53
3267114,بابلکنار,2026-09-10,بسته (مشاهده‌شده - دلیل نامشخص),3700000,,,بله,2026-09-08T18:31:53
3267114,بابلکنار,2026-09-11,باز,2700000,,,,2026-09-08T18:31:53
3267114,بابلکنار,2026-09-12,بسته (مشاهده‌شده - دلیل نامشخص),2700000,,,,2026-09-08T18:31:53
3267114,بابلکنار,2026-09-13,بسته (مشاهده‌شده - دلیل نامشخص),2700000,,,,2026-09-08T18:31:53
3267114,بابلکنار,2026-09-14,بسته (مشاهده‌شده - دلیل نامشخص),2700000,,,,2026-09-08T18:31:53
3267114,بابلکنار,2026-09-15,باز,3400000,,,,2026-09-08T18:31:53
3267114,بابلکنار,2026-09-16,باز,4400000,,,بله,2026-09-08T18:31:53
3267114,بابلکنار,2026-09-17,باز,4400000,,,بله,2026-09-08T18:31:53
3267114,بابلکنار,2026-09-18,باز,3400000,,,,2026-09-08T18:31:53
3267114,بابلکنار,2026-09-19,باز,3400000,,,,2026-09-08T18:31:53
3267114,بابلکنار,2026-09-20,باز,3400000,,,,2026-09-08T18:31:53
3267114,بابلکنار,2026-09-21,باز,3400000,,,,2026-09-08T18:31:53
3267114,بابلکنار,2026-09-22,باز,3400000,,,,2026-09-08T18:31:53
3267114,بابلکنار,2026-09-23,باز,3300000,,,بله,2026-09-08T18:31:53
3267114,بابلکنار,2026-09-24,باز,3300000,,,بله,2026-09-08T18:31:53
3267114,بابلکنار,2026-09-25,باز,2450000,,,,2026-09-08T18:31:53
3267114,بابلکنار,2026-09-26,باز,2450000,,,,2026-09-08T18:31:53
3267114,بابلکنار,2026-09-27,باز,2450000,,,,2026-09-08T18:31:53
3267114,بابلکنار,2026-09-28,باز,2450000,,,,2026-09-08T18:31:53
3267114,بابلکنار,2026-09-29,باز,2450000,,,,2026-09-08T18:31:53
3267114,بابلکنار,2026-09-30,باز,3300000,,,بله,2026-09-08T18:31:53
3267114,بابلکنار,2026-10-01,باز,3300000,,,بله,2026-09-08T18:31:53
3267114,بابلکنار,2026-10-02,باز,2450000,,,,2026-09-08T18:31:53
3267114,بابلکنار,2026-10-03,باز,2450000,,,,2026-09-08T18:31:53
3267114,بابلکنار,2026-10-04,باز,2450000,,,,2026-09-08T18:31:53
3267114,بابلکنار,2026-10-05,باز,2450000,,,,2026-09-08T18:31:53
3267114,بابلکنار,2026-10-06,باز,2450000,,,,2026-09-08T18:31:53
3267114,بابلکنار,2026-10-07,باز,3300000,,,بله,2026-09-08T18:31:53
3267114,بابلکنار,2026-10-08,باز,3300000,,,بله,2026-09-08T18:31:53
3267118,شیردارکلا,2026-09-08,باز,3500000,,,,2026-09-08T18:32:17
3267118,شیردارکلا,2026-09-09,باز,6500000,,,بله,2026-09-08T18:32:17
3267118,شیردارکلا,2026-09-10,باز,6500000,,,بله,2026-09-08T18:32:17
3267118,شیردارکلا,2026-09-11,بسته (مشاهده‌شده - دلیل نامشخص),3500000,,,,2026-09-08T18:32:17
3267118,شیردارکلا,2026-09-12,بسته (مشاهده‌شده - دلیل نامشخص),3500000,,,,2026-09-08T18:32:17
3267118,شیردارکلا,2026-09-13,باز,3500000,,,,2026-09-08T18:32:17
3267118,شیردارکلا,2026-09-14,باز,3500000,,,,2026-09-08T18:32:17
3267118,شیردارکلا,2026-09-15,باز,3500000,,,,2026-09-08T18:32:17
3267118,شیردارکلا,2026-09-16,باز,6500000,,,بله,2026-09-08T18:32:17
3267118,شیردارکلا,2026-09-17,بسته (مشاهده‌شده - دلیل نامشخص),6500000,,,بله,2026-09-08T18:32:17
3267118,شیردارکلا,2026-09-18,بسته (مشاهده‌شده - دلیل نامشخص),3500000,,,,2026-09-08T18:32:17
3267118,شیردارکلا,2026-09-19,بسته (مشاهده‌شده - دلیل نامشخص),3500000,,,,2026-09-08T18:32:17
3267118,شیردارکلا,2026-09-20,بسته (مشاهده‌شده - دلیل نامشخص),6500000,,,,2026-09-08T18:32:17
3267118,شیردارکلا,2026-09-21,باز,6500000,,,,2026-09-08T18:32:17
3267118,شیردارکلا,2026-09-22,باز,3500000,,,,2026-09-08T18:32:17
3267118,شیردارکلا,2026-09-23,باز,6000000,,,بله,2026-09-08T18:32:17
3267118,شیردارکلا,2026-09-24,باز,6000000,,,بله,2026-09-08T18:32:17
3267118,شیردارکلا,2026-09-25,باز,2700000,,,,2026-09-08T18:32:17
3267118,شیردارکلا,2026-09-26,باز,2700000,,,,2026-09-08T18:32:17
3267118,شیردارکلا,2026-09-27,باز,2700000,,,,2026-09-08T18:32:17
3267118,شیردارکلا,2026-09-28,باز,2700000,,,,2026-09-08T18:32:17
3267118,شیردارکلا,2026-09-29,باز,2700000,,,,2026-09-08T18:32:17
3267118,شیردارکلا,2026-09-30,باز,6000000,,,بله,2026-09-08T18:32:17
3267118,شیردارکلا,2026-10-01,باز,6000000,,,بله,2026-09-08T18:32:17
3267118,شیردارکلا,2026-10-02,باز,2700000,,,,2026-09-08T18:32:17
3267118,شیردارکلا,2026-10-03,باز,2700000,,,,2026-09-08T18:32:17
3267118,شیردارکلا,2026-10-04,باز,2700000,,,,2026-09-08T18:32:17
3267118,شیردارکلا,2026-10-05,باز,2700000,,,,2026-09-08T18:32:17
3267118,شیردارکلا,2026-10-06,باز,2700000,,,,2026-09-08T18:32:17
3267118,شیردارکلا,2026-10-07,باز,6000000,,,بله,2026-09-08T18:32:17
3267118,شیردارکلا,2026-10-08,باز,6000000,,,بله,2026-09-08T18:32:17
3267421,بالفکلا,2026-09-08,بسته (مشاهده‌شده - دلیل نامشخص),5500000,,,,2026-09-08T18:32:22
3267421,بالفکلا,2026-09-09,بسته (مشاهده‌شده - دلیل نامشخص),6500000,,,,2026-09-08T18:32:22
3267421,بالفکلا,2026-09-10,باز,8000000,,,بله,2026-09-08T18:32:22
3267421,بالفکلا,2026-09-11,باز,7000000,,,,2026-09-08T18:32:22
3267421,بالفکلا,2026-09-12,باز,5500000,,,,2026-09-08T18:32:22
3267421,بالفکلا,2026-09-13,باز,5500000,,,,2026-09-08T18:32:22
3267421,بالفکلا,2026-09-14,باز,5500000,,,,2026-09-08T18:32:22
3267421,بالفکلا,2026-09-15,باز,5500000,,,,2026-09-08T18:32:22
3267421,بالفکلا,2026-09-16,باز,6500000,,,,2026-09-08T18:32:22
3267421,بالفکلا,2026-09-17,باز,6500000,,,بله,2026-09-08T18:32:22
3267421,بالفکلا,2026-09-18,باز,5500000,,,,2026-09-08T18:32:22
3267421,بالفکلا,2026-09-19,باز,5500000,,,,2026-09-08T18:32:22
3267421,بالفکلا,2026-09-20,باز,5500000,,,,2026-09-08T18:32:22
3267421,بالفکلا,2026-09-21,باز,5500000,,,,2026-09-08T18:32:22
3267421,بالفکلا,2026-09-22,باز,5500000,,,,2026-09-08T18:32:22
3267421,بالفکلا,2026-09-23,باز,6000000,,,,2026-09-08T18:32:22
3267421,بالفکلا,2026-09-24,باز,6000000,,,بله,2026-09-08T18:32:22
3267421,بالفکلا,2026-09-25,باز,4500000,,,,2026-09-08T18:32:22
3267421,بالفکلا,2026-09-26,باز,4500000,,,,2026-09-08T18:32:22
3267421,بالفکلا,2026-09-27,باز,4500000,,,,2026-09-08T18:32:22
3267421,بالفکلا,2026-09-28,باز,4500000,,,,2026-09-08T18:32:22
3267421,بالفکلا,2026-09-29,باز,4500000,,,,2026-09-08T18:32:22
3267421,بالفکلا,2026-09-30,باز,6000000,,,,2026-09-08T18:32:22
3267421,بالفکلا,2026-10-01,باز,6000000,,,بله,2026-09-08T18:32:22
3267421,بالفکلا,2026-10-02,باز,4500000,,,,2026-09-08T18:32:22
3267421,بالفکلا,2026-10-03,باز,4500000,,,,2026-09-08T18:32:22
3267421,بالفکلا,2026-10-04,باز,4500000,,,,2026-09-08T18:32:22
3267421,بالفکلا,2026-10-05,باز,4500000,,,,2026-09-08T18:32:22
3267421,بالفکلا,2026-10-06,باز,4500000,,,,2026-09-08T18:32:22
3267421,بالفکلا,2026-10-07,باز,6000000,,,,2026-09-08T18:32:22
3267421,بالفکلا,2026-10-08,باز,6000000,,,بله,2026-09-08T18:32:22
3267519,سیادرکا,2026-09-08,باز,2800000,,,,2026-09-08T18:32:24
3267519,سیادرکا,2026-09-09,باز,6500000,,,بله,2026-09-08T18:32:24
3267519,سیادرکا,2026-09-10,باز,5500000,,,بله,2026-09-08T18:32:24
3267519,سیادرکا,2026-09-11,باز,2800000,,,,2026-09-08T18:32:24
3267519,سیادرکا,2026-09-12,باز,2800000,,,,2026-09-08T18:32:24
3267519,سیادرکا,2026-09-13,باز,2800000,,,,2026-09-08T18:32:24
3267519,سیادرکا,2026-09-14,باز,2800000,,,,2026-09-08T18:32:24
3267519,سیادرکا,2026-09-15,باز,2800000,,,,2026-09-08T18:32:24
3267519,سیادرکا,2026-09-16,باز,6500000,,,بله,2026-09-08T18:32:24
3267519,سیادرکا,2026-09-17,باز,5500000,,,بله,2026-09-08T18:32:24
3267519,سیادرکا,2026-09-18,باز,2800000,,,,2026-09-08T18:32:24
3267519,سیادرکا,2026-09-19,باز,2800000,,,,2026-09-08T18:32:24
3267519,سیادرکا,2026-09-20,باز,2800000,,,,2026-09-08T18:32:24
3267519,سیادرکا,2026-09-21,باز,2800000,,,,2026-09-08T18:32:24
3267519,سیادرکا,2026-09-22,باز,2800000,,,,2026-09-08T18:32:24
3267519,سیادرکا,2026-09-23,باز,3600000,,,بله,2026-09-08T18:32:24
3267519,سیادرکا,2026-09-24,باز,3600000,,,بله,2026-09-08T18:32:24
3267519,سیادرکا,2026-09-25,باز,1900000,,,,2026-09-08T18:32:24
3267519,سیادرکا,2026-09-26,باز,1900000,,,,2026-09-08T18:32:24
3267519,سیادرکا,2026-09-27,باز,1900000,,,,2026-09-08T18:32:24
3267519,سیادرکا,2026-09-28,باز,1900000,,,,2026-09-08T18:32:24
3267519,سیادرکا,2026-09-29,باز,1900000,,,,2026-09-08T18:32:24
3267519,سیادرکا,2026-09-30,باز,3600000,,,بله,2026-09-08T18:32:24
3267519,سیادرکا,2026-10-01,باز,3600000,,,بله,2026-09-08T18:32:24
3267519,سیادرکا,2026-10-02,باز,1900000,,,,2026-09-08T18:32:24
3267519,سیادرکا,2026-10-03,باز,1900000,,,,2026-09-08T18:32:24
3267519,سیادرکا,2026-10-04,باز,1900000,,,,2026-09-08T18:32:24
3267519,سیادرکا,2026-10-05,باز,1900000,,,,2026-09-08T18:32:24
3267519,سیادرکا,2026-10-06,باز,1900000,,,,2026-09-08T18:32:24
3267519,سیادرکا,2026-10-07,باز,3600000,,,بله,2026-09-08T18:32:24
3267519,سیادرکا,2026-10-08,باز,3600000,,,بله,2026-09-08T18:32:24
3268222,بابلکنار,2026-09-08,بسته (مشاهده‌شده - دلیل نامشخص),3500000,,,,2026-09-08T18:32:27
3268222,بابلکنار,2026-09-09,بسته (مشاهده‌شده - دلیل نامشخص),4500000,,,بله,2026-09-08T18:32:27
3268222,بابلکنار,2026-09-10,بسته (مشاهده‌شده - دلیل نامشخص),7000000,,,بله,2026-09-08T18:32:27
3268222,بابلکنار,2026-09-11,بسته (مشاهده‌شده - دلیل نامشخص),4500000,,,,2026-09-08T18:32:27
3268222,بابلکنار,2026-09-12,بسته (مشاهده‌شده - دلیل نامشخص),3500000,,,,2026-09-08T18:32:27
3268222,بابلکنار,2026-09-13,بسته (مشاهده‌شده - دلیل نامشخص),3500000,,,,2026-09-08T18:32:27
3268222,بابلکنار,2026-09-14,بسته (مشاهده‌شده - دلیل نامشخص),3500000,,,,2026-09-08T18:32:27
3268222,بابلکنار,2026-09-15,بسته (مشاهده‌شده - دلیل نامشخص),3500000,,,,2026-09-08T18:32:27
3268222,بابلکنار,2026-09-16,بسته (مشاهده‌شده - دلیل نامشخص),4500000,,,بله,2026-09-08T18:32:27
3268222,بابلکنار,2026-09-17,بسته (مشاهده‌شده - دلیل نامشخص),7000000,,,بله,2026-09-08T18:32:27
3268222,بابلکنار,2026-09-18,بسته (مشاهده‌شده - دلیل نامشخص),4500000,,,,2026-09-08T18:32:27
3268222,بابلکنار,2026-09-19,بسته (مشاهده‌شده - دلیل نامشخص),3500000,,,,2026-09-08T18:32:27
3268222,بابلکنار,2026-09-20,بسته (مشاهده‌شده - دلیل نامشخص),3500000,,,,2026-09-08T18:32:27
3268222,بابلکنار,2026-09-21,بسته (مشاهده‌شده - دلیل نامشخص),3500000,,,,2026-09-08T18:32:27
3268222,بابلکنار,2026-09-22,بسته (مشاهده‌شده - دلیل نامشخص),3500000,,,,2026-09-08T18:32:27
3268222,بابلکنار,2026-09-23,باز,4500000,,,بله,2026-09-08T18:32:27
3268222,بابلکنار,2026-09-24,باز,4500000,,,بله,2026-09-08T18:32:27
3268222,بابلکنار,2026-09-25,باز,2500000,,,,2026-09-08T18:32:27
3268222,بابلکنار,2026-09-26,باز,2500000,,,,2026-09-08T18:32:27
3268222,بابلکنار,2026-09-27,باز,2500000,,,,2026-09-08T18:32:27
3268222,بابلکنار,2026-09-28,باز,2500000,,,,2026-09-08T18:32:27
3268222,بابلکنار,2026-09-29,باز,2500000,,,,2026-09-08T18:32:27
3268222,بابلکنار,2026-09-30,باز,4500000,,,بله,2026-09-08T18:32:27
3268222,بابلکنار,2026-10-01,باز,4500000,,,بله,2026-09-08T18:32:27
3268222,بابلکنار,2026-10-02,باز,2500000,,,,2026-09-08T18:32:27
3268222,بابلکنار,2026-10-03,باز,2500000,,,,2026-09-08T18:32:27
3268222,بابلکنار,2026-10-04,باز,2500000,,,,2026-09-08T18:32:27
3268222,بابلکنار,2026-10-05,باز,2500000,,,,2026-09-08T18:32:27
3268222,بابلکنار,2026-10-06,باز,2500000,,,,2026-09-08T18:32:27
3268222,بابلکنار,2026-10-07,باز,4500000,,,بله,2026-09-08T18:32:27
3268222,بابلکنار,2026-10-08,باز,4500000,,,بله,2026-09-08T18:32:27
3268530,بابلکنار,2026-09-08,بسته (مشاهده‌شده - دلیل نامشخص),4800000,,,,2026-09-08T18:32:29
3268530,بابلکنار,2026-09-09,بسته (مشاهده‌شده - دلیل نامشخص),5500000,,,بله,2026-09-08T18:32:29
3268530,بابلکنار,2026-09-10,بسته (مشاهده‌شده - دلیل نامشخص),6800000,,,بله,2026-09-08T18:32:29
3268530,بابلکنار,2026-09-11,بسته (مشاهده‌شده - دلیل نامشخص),4800000,,,,2026-09-08T18:32:29
3268530,بابلکنار,2026-09-12,باز,4800000,,,,2026-09-08T18:32:29
3268530,بابلکنار,2026-09-13,باز,4800000,,,,2026-09-08T18:32:29
3268530,بابلکنار,2026-09-14,بسته (مشاهده‌شده - دلیل نامشخص),4800000,,,,2026-09-08T18:32:29
3268530,بابلکنار,2026-09-15,بسته (مشاهده‌شده - دلیل نامشخص),4800000,,,,2026-09-08T18:32:29
3268530,بابلکنار,2026-09-16,باز,5500000,,,بله,2026-09-08T18:32:29
3268530,بابلکنار,2026-09-17,بسته (مشاهده‌شده - دلیل نامشخص),6800000,,,بله,2026-09-08T18:32:29
3268530,بابلکنار,2026-09-18,باز,4800000,,,,2026-09-08T18:32:29
3268530,بابلکنار,2026-09-19,باز,4800000,,,,2026-09-08T18:32:29
3268530,بابلکنار,2026-09-20,باز,4800000,,,,2026-09-08T18:32:29
3268530,بابلکنار,2026-09-21,باز,4800000,,,,2026-09-08T18:32:29
3268530,بابلکنار,2026-09-22,باز,4800000,,,,2026-09-08T18:32:29
3268530,بابلکنار,2026-09-23,باز,3400000,,,بله,2026-09-08T18:32:29
3268530,بابلکنار,2026-09-24,باز,3400000,,,بله,2026-09-08T18:32:29
3268530,بابلکنار,2026-09-25,باز,2300000,,,,2026-09-08T18:32:29
3268530,بابلکنار,2026-09-26,باز,2300000,,,,2026-09-08T18:32:29
3268530,بابلکنار,2026-09-27,باز,2300000,,,,2026-09-08T18:32:29
3268530,بابلکنار,2026-09-28,باز,2300000,,,,2026-09-08T18:32:29
3268530,بابلکنار,2026-09-29,باز,2300000,,,,2026-09-08T18:32:29
3268530,بابلکنار,2026-09-30,باز,3400000,,,بله,2026-09-08T18:32:29
3268530,بابلکنار,2026-10-01,باز,3400000,,,بله,2026-09-08T18:32:29
3268530,بابلکنار,2026-10-02,باز,2300000,,,,2026-09-08T18:32:29
3268530,بابلکنار,2026-10-03,باز,2300000,,,,2026-09-08T18:32:29
3268530,بابلکنار,2026-10-04,باز,2300000,,,,2026-09-08T18:32:29
3268530,بابلکنار,2026-10-05,باز,2300000,,,,2026-09-08T18:32:29
3268530,بابلکنار,2026-10-06,باز,2300000,,,,2026-09-08T18:32:29
3268530,بابلکنار,2026-10-07,باز,3400000,,,بله,2026-09-08T18:32:29
3268530,بابلکنار,2026-10-08,باز,3400000,,,بله,2026-09-08T18:32:29
3268668,کاردرکلا,2026-09-08,بسته (مشاهده‌شده - دلیل نامشخص),4000000,,,,2026-09-08T18:32:33
3268668,کاردرکلا,2026-09-09,باز,6000000,,,بله,2026-09-08T18:32:33
3268668,کاردرکلا,2026-09-10,بسته (مشاهده‌شده - دلیل نامشخص),6000000,,,بله,2026-09-08T18:32:33
3268668,کاردرکلا,2026-09-11,بسته (مشاهده‌شده - دلیل نامشخص),4000000,,,,2026-09-08T18:32:33
3268668,کاردرکلا,2026-09-12,بسته (مشاهده‌شده - دلیل نامشخص),4000000,,,,2026-09-08T18:32:33
3268668,کاردرکلا,2026-09-13,بسته (مشاهده‌شده - دلیل نامشخص),4000000,,,,2026-09-08T18:32:33
3268668,کاردرکلا,2026-09-14,بسته (مشاهده‌شده - دلیل نامشخص),4000000,,,,2026-09-08T18:32:33
3268668,کاردرکلا,2026-09-15,باز,4000000,,,,2026-09-08T18:32:33
3268668,کاردرکلا,2026-09-16,باز,6000000,,,بله,2026-09-08T18:32:33
3268668,کاردرکلا,2026-09-17,باز,6000000,,,بله,2026-09-08T18:32:33
3268668,کاردرکلا,2026-09-18,باز,4000000,,,,2026-09-08T18:32:33
3268668,کاردرکلا,2026-09-19,بسته (مشاهده‌شده - دلیل نامشخص),4000000,,,,2026-09-08T18:32:33
3268668,کاردرکلا,2026-09-20,باز,4000000,,,,2026-09-08T18:32:33
3268668,کاردرکلا,2026-09-21,باز,4000000,,,,2026-09-08T18:32:33
3268668,کاردرکلا,2026-09-22,باز,4000000,,,,2026-09-08T18:32:33
3268668,کاردرکلا,2026-09-23,باز,4500000,,,بله,2026-09-08T18:32:33
3268668,کاردرکلا,2026-09-24,باز,4500000,,,بله,2026-09-08T18:32:33
3268668,کاردرکلا,2026-09-25,باز,3000000,,,,2026-09-08T18:32:33
3268668,کاردرکلا,2026-09-26,باز,3000000,,,,2026-09-08T18:32:33
3268668,کاردرکلا,2026-09-27,باز,3000000,,,,2026-09-08T18:32:33
3268668,کاردرکلا,2026-09-28,باز,3000000,,,,2026-09-08T18:32:33
3268668,کاردرکلا,2026-09-29,باز,3000000,,,,2026-09-08T18:32:33
3268668,کاردرکلا,2026-09-30,باز,4500000,,,بله,2026-09-08T18:32:33
3268668,کاردرکلا,2026-10-01,باز,4500000,,,بله,2026-09-08T18:32:33
3268668,کاردرکلا,2026-10-02,باز,3000000,,,,2026-09-08T18:32:33
3268668,کاردرکلا,2026-10-03,باز,3000000,,,,2026-09-08T18:32:33
3268668,کاردرکلا,2026-10-04,باز,3000000,,,,2026-09-08T18:32:33
3268668,کاردرکلا,2026-10-05,باز,3000000,,,,2026-09-08T18:32:33
3268668,کاردرکلا,2026-10-06,باز,3000000,,,,2026-09-08T18:32:33
3268668,کاردرکلا,2026-10-07,باز,4500000,,,بله,2026-09-08T18:32:33
3268668,کاردرکلا,2026-10-08,باز,4500000,,,بله,2026-09-08T18:32:33
3268807,لفور,2026-09-08,بسته (مشاهده‌شده - دلیل نامشخص),2150000,,,,2026-09-08T18:32:34
3268807,لفور,2026-09-09,بسته (مشاهده‌شده - دلیل نامشخص),2650000,,,بله,2026-09-08T18:32:34
3268807,لفور,2026-09-10,بسته (مشاهده‌شده - دلیل نامشخص),3450000,,,بله,2026-09-08T18:32:34
3268807,لفور,2026-09-11,بسته (مشاهده‌شده - دلیل نامشخص),2150000,,,,2026-09-08T18:32:34
3268807,لفور,2026-09-12,بسته (مشاهده‌شده - دلیل نامشخص),1850000,,,,2026-09-08T18:32:34
3268807,لفور,2026-09-13,بسته (مشاهده‌شده - دلیل نامشخص),1950000,,,,2026-09-08T18:32:34
3268807,لفور,2026-09-14,باز,2050000,,,,2026-09-08T18:32:34
3268807,لفور,2026-09-15,باز,2350000,,,,2026-09-08T18:32:34
3268807,لفور,2026-09-16,باز,2850000,,,بله,2026-09-08T18:32:34
3268807,لفور,2026-09-17,باز,3450000,,,بله,2026-09-08T18:32:34
3268807,لفور,2026-09-18,باز,2150000,,,,2026-09-08T18:32:34
3268807,لفور,2026-09-19,باز,1850000,,,,2026-09-08T18:32:34
3268807,لفور,2026-09-20,باز,1950000,,,,2026-09-08T18:32:34
3268807,لفور,2026-09-21,باز,2050000,,,,2026-09-08T18:32:34
3268807,لفور,2026-09-22,باز,2350000,,,,2026-09-08T18:32:34
3268807,لفور,2026-09-23,باز,3500000,,,بله,2026-09-08T18:32:34
3268807,لفور,2026-09-24,باز,3500000,,,بله,2026-09-08T18:32:34
3268807,لفور,2026-09-25,باز,2000000,,,,2026-09-08T18:32:34
3268807,لفور,2026-09-26,باز,2000000,,,,2026-09-08T18:32:34
3268807,لفور,2026-09-27,باز,2000000,,,,2026-09-08T18:32:34
3268807,لفور,2026-09-28,باز,2000000,,,,2026-09-08T18:32:34
3268807,لفور,2026-09-29,باز,2000000,,,,2026-09-08T18:32:34
3268807,لفور,2026-09-30,باز,3500000,,,بله,2026-09-08T18:32:34
3268807,لفور,2026-10-01,باز,3500000,,,بله,2026-09-08T18:32:34
3268807,لفور,2026-10-02,باز,2000000,,,,2026-09-08T18:32:34
3268807,لفور,2026-10-03,باز,2000000,,,,2026-09-08T18:32:34
3268807,لفور,2026-10-04,باز,2000000,,,,2026-09-08T18:32:34
3268807,لفور,2026-10-05,باز,2000000,,,,2026-09-08T18:32:34
3268807,لفور,2026-10-06,باز,2000000,,,,2026-09-08T18:32:34
3268807,لفور,2026-10-07,باز,3500000,,,بله,2026-09-08T18:32:34
3268807,لفور,2026-10-08,باز,3500000,,,بله,2026-09-08T18:32:34
3269423,چهره,2026-09-08,باز,5770000,,,,2026-09-08T18:32:37
3269423,چهره,2026-09-09,بسته (مشاهده‌شده - دلیل نامشخص),6570000,,,بله,2026-09-08T18:32:37
3269423,چهره,2026-09-10,بسته (مشاهده‌شده - دلیل نامشخص),6970000,,,بله,2026-09-08T18:32:37
3269423,چهره,2026-09-11,باز,5770000,,,,2026-09-08T18:32:37
3269423,چهره,2026-09-12,باز,5770000,,,,2026-09-08T18:32:37
3269423,چهره,2026-09-13,باز,5770000,,,,2026-09-08T18:32:37
3269423,چهره,2026-09-14,باز,5770000,,,,2026-09-08T18:32:37
3269423,چهره,2026-09-15,باز,5770000,,,,2026-09-08T18:32:37
3269423,چهره,2026-09-16,باز,6570000,,,بله,2026-09-08T18:32:37
3269423,چهره,2026-09-17,باز,6970000,,,بله,2026-09-08T18:32:37
3269423,چهره,2026-09-18,باز,5770000,,,,2026-09-08T18:32:37
3269423,چهره,2026-09-19,باز,5770000,,,,2026-09-08T18:32:37
3269423,چهره,2026-09-20,باز,5770000,,,,2026-09-08T18:32:37
3269423,چهره,2026-09-21,باز,5770000,,,,2026-09-08T18:32:37
3269423,چهره,2026-09-22,باز,5770000,,,,2026-09-08T18:32:37
3269423,چهره,2026-09-23,باز,6170000,,,بله,2026-09-08T18:32:37
3269423,چهره,2026-09-24,باز,6570000,,,بله,2026-09-08T18:32:37
3269423,چهره,2026-09-25,باز,5570000,,,,2026-09-08T18:32:37
3269423,چهره,2026-09-26,باز,5570000,,,,2026-09-08T18:32:37
3269423,چهره,2026-09-27,باز,5570000,,,,2026-09-08T18:32:37
3269423,چهره,2026-09-28,باز,5570000,,,,2026-09-08T18:32:37
3269423,چهره,2026-09-29,باز,5570000,,,,2026-09-08T18:32:37
3269423,چهره,2026-09-30,باز,6170000,,,بله,2026-09-08T18:32:37
3269423,چهره,2026-10-01,باز,6570000,,,بله,2026-09-08T18:32:37
3269423,چهره,2026-10-02,باز,5570000,,,,2026-09-08T18:32:37
3269423,چهره,2026-10-03,باز,5570000,,,,2026-09-08T18:32:37
3269423,چهره,2026-10-04,باز,5570000,,,,2026-09-08T18:32:37
3269423,چهره,2026-10-05,باز,5570000,,,,2026-09-08T18:32:37
3269423,چهره,2026-10-06,باز,5570000,,,,2026-09-08T18:32:37
3269423,چهره,2026-10-07,باز,6170000,,,بله,2026-09-08T18:32:37
3269423,چهره,2026-10-08,باز,6570000,,,بله,2026-09-08T18:32:37
3269719,,2026-09-08,بسته (مشاهده‌شده - دلیل نامشخص),6500000,,,,2026-09-08T18:32:39
3269719,,2026-09-09,بسته (مشاهده‌شده - دلیل نامشخص),10500000,,,بله,2026-09-08T18:32:39
3269719,,2026-09-10,بسته (مشاهده‌شده - دلیل نامشخص),10500000,,,بله,2026-09-08T18:32:39
3269719,,2026-09-11,بسته (مشاهده‌شده - دلیل نامشخص),8500000,,,,2026-09-08T18:32:39
3269719,,2026-09-12,بسته (مشاهده‌شده - دلیل نامشخص),8500000,,,,2026-09-08T18:32:39
3269719,,2026-09-13,بسته (مشاهده‌شده - دلیل نامشخص),8500000,,,,2026-09-08T18:32:39
3269719,,2026-09-14,بسته (مشاهده‌شده - دلیل نامشخص),8500000,,,,2026-09-08T18:32:39
3269719,,2026-09-15,بسته (مشاهده‌شده - دلیل نامشخص),8500000,,,,2026-09-08T18:32:39
3269719,,2026-09-16,باز,10500000,,,بله,2026-09-08T18:32:39
3269719,,2026-09-17,باز,10500000,,,بله,2026-09-08T18:32:39
3269719,,2026-09-18,باز,8500000,,,,2026-09-08T18:32:39
3269719,,2026-09-19,باز,8500000,,,,2026-09-08T18:32:39
3269719,,2026-09-20,باز,8500000,,,,2026-09-08T18:32:39
3269719,,2026-09-21,باز,8500000,,,,2026-09-08T18:32:39
3269719,,2026-09-22,باز,8500000,,,,2026-09-08T18:32:39
3269719,,2026-09-23,باز,4500000,,,بله,2026-09-08T18:32:39
3269719,,2026-09-24,باز,4500000,,,بله,2026-09-08T18:32:39
3269719,,2026-09-25,باز,3500000,,,,2026-09-08T18:32:39
3269719,,2026-09-26,باز,3500000,,,,2026-09-08T18:32:39
3269719,,2026-09-27,باز,3500000,,,,2026-09-08T18:32:39
3269719,,2026-09-28,باز,3500000,,,,2026-09-08T18:32:39
3269719,,2026-09-29,باز,3500000,,,,2026-09-08T18:32:39
3269719,,2026-09-30,باز,4500000,,,بله,2026-09-08T18:32:39
3269719,,2026-10-01,باز,4500000,,,بله,2026-09-08T18:32:39
3269719,,2026-10-02,باز,3500000,,,,2026-09-08T18:32:39
3269719,,2026-10-03,باز,3500000,,,,2026-09-08T18:32:39
3269719,,2026-10-04,باز,3500000,,,,2026-09-08T18:32:39
3269719,,2026-10-05,باز,3500000,,,,2026-09-08T18:32:39
3269719,,2026-10-06,باز,3500000,,,,2026-09-08T18:32:39
3269719,,2026-10-07,باز,4500000,,,بله,2026-09-08T18:32:39
3269719,,2026-10-08,باز,4500000,,,بله,2026-09-08T18:32:39
3269901,بابلکنار,2026-09-08,بسته (مشاهده‌شده - دلیل نامشخص),1500000,,,,2026-09-08T18:32:40
3269901,بابلکنار,2026-09-09,بسته (مشاهده‌شده - دلیل نامشخص),1500000,,,بله,2026-09-08T18:32:40
3269901,بابلکنار,2026-09-10,بسته (مشاهده‌شده - دلیل نامشخص),5000000,,,بله,2026-09-08T18:32:40
3269901,بابلکنار,2026-09-11,بسته (مشاهده‌شده - دلیل نامشخص),1500000,,,,2026-09-08T18:32:40
3269901,بابلکنار,2026-09-12,بسته (مشاهده‌شده - دلیل نامشخص),1500000,,,,2026-09-08T18:32:40
3269901,بابلکنار,2026-09-13,بسته (مشاهده‌شده - دلیل نامشخص),1500000,,,,2026-09-08T18:32:40
3269901,بابلکنار,2026-09-14,بسته (مشاهده‌شده - دلیل نامشخص),1500000,,,,2026-09-08T18:32:40
3269901,بابلکنار,2026-09-15,بسته (مشاهده‌شده - دلیل نامشخص),1500000,,,,2026-09-08T18:32:40
3269901,بابلکنار,2026-09-16,بسته (مشاهده‌شده - دلیل نامشخص),3800000,,,بله,2026-09-08T18:32:40
3269901,بابلکنار,2026-09-17,بسته (مشاهده‌شده - دلیل نامشخص),3800000,,,بله,2026-09-08T18:32:40
3269901,بابلکنار,2026-09-18,بسته (مشاهده‌شده - دلیل نامشخص),1500000,,,,2026-09-08T18:32:40
3269901,بابلکنار,2026-09-19,بسته (مشاهده‌شده - دلیل نامشخص),1500000,,,,2026-09-08T18:32:40
3269901,بابلکنار,2026-09-20,بسته (مشاهده‌شده - دلیل نامشخص),1500000,,,,2026-09-08T18:32:40
3269901,بابلکنار,2026-09-21,بسته (مشاهده‌شده - دلیل نامشخص),1500000,,,,2026-09-08T18:32:40
3269901,بابلکنار,2026-09-22,بسته (مشاهده‌شده - دلیل نامشخص),1500000,,,,2026-09-08T18:32:40
3269901,بابلکنار,2026-09-23,باز,2500000,,,بله,2026-09-08T18:32:40
3269901,بابلکنار,2026-09-24,باز,2500000,,,بله,2026-09-08T18:32:40
3269901,بابلکنار,2026-09-25,باز,2200000,,,,2026-09-08T18:32:40
3269901,بابلکنار,2026-09-26,باز,2200000,,,,2026-09-08T18:32:40
3269901,بابلکنار,2026-09-27,باز,2200000,,,,2026-09-08T18:32:40
3269901,بابلکنار,2026-09-28,باز,2200000,,,,2026-09-08T18:32:40
3269901,بابلکنار,2026-09-29,باز,2200000,,,,2026-09-08T18:32:40
3269901,بابلکنار,2026-09-30,باز,2500000,,,بله,2026-09-08T18:32:40
3269901,بابلکنار,2026-10-01,باز,2500000,,,بله,2026-09-08T18:32:40
3269901,بابلکنار,2026-10-02,باز,2200000,,,,2026-09-08T18:32:40
3269901,بابلکنار,2026-10-03,باز,2200000,,,,2026-09-08T18:32:40
3269901,بابلکنار,2026-10-04,باز,2200000,,,,2026-09-08T18:32:40
3269901,بابلکنار,2026-10-05,باز,2200000,,,,2026-09-08T18:32:40
3269901,بابلکنار,2026-10-06,باز,2200000,,,,2026-09-08T18:32:40
3269901,بابلکنار,2026-10-07,باز,2500000,,,بله,2026-09-08T18:32:40
3269901,بابلکنار,2026-10-08,باز,2500000,,,بله,2026-09-08T18:32:40
3270181,بالفکلا,2026-09-08,بسته (مشاهده‌شده - دلیل نامشخص),4500000,,,,2026-09-08T18:32:42
3270181,بالفکلا,2026-09-09,بسته (مشاهده‌شده - دلیل نامشخص),7000000,,,بله,2026-09-08T18:32:42
3270181,بالفکلا,2026-09-10,بسته (مشاهده‌شده - دلیل نامشخص),7400000,,,بله,2026-09-08T18:32:42
3270181,بالفکلا,2026-09-11,بسته (مشاهده‌شده - دلیل نامشخص),4500000,,,,2026-09-08T18:32:42
3270181,بالفکلا,2026-09-12,بسته (مشاهده‌شده - دلیل نامشخص),3900000,,,,2026-09-08T18:32:42
3270181,بالفکلا,2026-09-13,بسته (مشاهده‌شده - دلیل نامشخص),4500000,,,,2026-09-08T18:32:42
3270181,بالفکلا,2026-09-14,بسته (مشاهده‌شده - دلیل نامشخص),4500000,,,,2026-09-08T18:32:42
3270181,بالفکلا,2026-09-15,بسته (مشاهده‌شده - دلیل نامشخص),4500000,,,,2026-09-08T18:32:42
3270181,بالفکلا,2026-09-16,بسته (مشاهده‌شده - دلیل نامشخص),7000000,,,بله,2026-09-08T18:32:42
3270181,بالفکلا,2026-09-17,بسته (مشاهده‌شده - دلیل نامشخص),7000000,,,بله,2026-09-08T18:32:42
3270181,بالفکلا,2026-09-18,بسته (مشاهده‌شده - دلیل نامشخص),4500000,,,,2026-09-08T18:32:42
3270181,بالفکلا,2026-09-19,بسته (مشاهده‌شده - دلیل نامشخص),4500000,,,,2026-09-08T18:32:42
3270181,بالفکلا,2026-09-20,بسته (مشاهده‌شده - دلیل نامشخص),3900000,,,,2026-09-08T18:32:42
3270181,بالفکلا,2026-09-21,بسته (مشاهده‌شده - دلیل نامشخص),4500000,,,,2026-09-08T18:32:42
3270181,بالفکلا,2026-09-22,بسته (مشاهده‌شده - دلیل نامشخص),4500000,,,,2026-09-08T18:32:42
3270181,بالفکلا,2026-09-23,بسته (مشاهده‌شده - دلیل نامشخص),7000000,,,بله,2026-09-08T18:32:42
3270181,بالفکلا,2026-09-24,بسته (مشاهده‌شده - دلیل نامشخص),7000000,,,بله,2026-09-08T18:32:42
3270181,بالفکلا,2026-09-25,بسته (مشاهده‌شده - دلیل نامشخص),4500000,,,,2026-09-08T18:32:42
3270181,بالفکلا,2026-09-26,بسته (مشاهده‌شده - دلیل نامشخص),4500000,,,,2026-09-08T18:32:42
3270181,بالفکلا,2026-09-27,بسته (مشاهده‌شده - دلیل نامشخص),4500000,,,,2026-09-08T18:32:42
3270181,بالفکلا,2026-09-28,باز,4500000,,,,2026-09-08T18:32:42
3270181,بالفکلا,2026-09-29,باز,4500000,,,,2026-09-08T18:32:42
3270181,بالفکلا,2026-09-30,باز,7000000,,,بله,2026-09-08T18:32:42
3270181,بالفکلا,2026-10-01,بسته (مشاهده‌شده - دلیل نامشخص),7000000,,,بله,2026-09-08T18:32:42
3270181,بالفکلا,2026-10-02,بسته (مشاهده‌شده - دلیل نامشخص),4500000,,,,2026-09-08T18:32:42
3270181,بالفکلا,2026-10-03,بسته (مشاهده‌شده - دلیل نامشخص),4500000,,,,2026-09-08T18:32:42
3270181,بالفکلا,2026-10-04,بسته (مشاهده‌شده - دلیل نامشخص),4500000,,,,2026-09-08T18:32:42
3270181,بالفکلا,2026-10-05,باز,4500000,,,,2026-09-08T18:32:42
3270181,بالفکلا,2026-10-06,باز,4500000,,,,2026-09-08T18:32:42
3270181,بالفکلا,2026-10-07,باز,7000000,,,بله,2026-09-08T18:32:42
3270181,بالفکلا,2026-10-08,بسته (مشاهده‌شده - دلیل نامشخص),7000000,,,بله,2026-09-08T18:32:42
3270731,بابلکنار,2026-09-08,بسته (مشاهده‌شده - دلیل نامشخص),3000000,10,,,2026-09-08T18:32:49
3270731,بابلکنار,2026-09-09,بسته (مشاهده‌شده - دلیل نامشخص),3000000,10,,بله,2026-09-08T18:32:49
3270731,بابلکنار,2026-09-10,بسته (مشاهده‌شده - دلیل نامشخص),4000000,,,بله,2026-09-08T18:32:49
3270731,بابلکنار,2026-09-11,باز,3000000,10,,,2026-09-08T18:32:49
3270731,بابلکنار,2026-09-12,بسته (مشاهده‌شده - دلیل نامشخص),3700000,,,,2026-09-08T18:32:49
3270731,بابلکنار,2026-09-13,باز,3000000,10,,,2026-09-08T18:32:49
3270731,بابلکنار,2026-09-14,باز,3000000,10,,,2026-09-08T18:32:49
3270731,بابلکنار,2026-09-15,باز,3000000,10,,,2026-09-08T18:32:49
3270731,بابلکنار,2026-09-16,باز,3000000,,,بله,2026-09-08T18:32:49
3270731,بابلکنار,2026-09-17,باز,4000000,,,بله,2026-09-08T18:32:49
3270731,بابلکنار,2026-09-18,باز,3000000,10,,,2026-09-08T18:32:49
3270731,بابلکنار,2026-09-19,باز,3000000,10,,,2026-09-08T18:32:49
3270731,بابلکنار,2026-09-20,باز,3000000,10,,,2026-09-08T18:32:49
3270731,بابلکنار,2026-09-21,باز,3000000,10,,,2026-09-08T18:32:49
3270731,بابلکنار,2026-09-22,باز,3000000,10,,,2026-09-08T18:32:49
3270731,بابلکنار,2026-09-23,باز,3500000,,,بله,2026-09-08T18:32:49
3270731,بابلکنار,2026-09-24,باز,3500000,,,بله,2026-09-08T18:32:49
3270731,بابلکنار,2026-09-25,باز,2500000,,,,2026-09-08T18:32:49
3270731,بابلکنار,2026-09-26,باز,2500000,,,,2026-09-08T18:32:49
3270731,بابلکنار,2026-09-27,باز,2500000,,,,2026-09-08T18:32:49
3270731,بابلکنار,2026-09-28,باز,2500000,,,,2026-09-08T18:32:49
3270731,بابلکنار,2026-09-29,باز,2500000,,,,2026-09-08T18:32:49
3270731,بابلکنار,2026-09-30,باز,3500000,,,بله,2026-09-08T18:32:49
3270731,بابلکنار,2026-10-01,باز,3500000,,,بله,2026-09-08T18:32:49
3270731,بابلکنار,2026-10-02,باز,2500000,,,,2026-09-08T18:32:49
3270731,بابلکنار,2026-10-03,باز,2500000,,,,2026-09-08T18:32:49
3270731,بابلکنار,2026-10-04,باز,2500000,,,,2026-09-08T18:32:49
3270731,بابلکنار,2026-10-05,باز,2500000,,,,2026-09-08T18:32:49
3270731,بابلکنار,2026-10-06,باز,2500000,,,,2026-09-08T18:32:49
3270731,بابلکنار,2026-10-07,باز,3500000,,,بله,2026-09-08T18:32:49
3270731,بابلکنار,2026-10-08,باز,3500000,,,بله,2026-09-08T18:32:49
3271459,رئیسکلا,2026-09-08,بسته (مشاهده‌شده - دلیل نامشخص),7580000,,,,2026-09-08T18:32:51
3271459,رئیسکلا,2026-09-09,بسته (مشاهده‌شده - دلیل نامشخص),8750000,,,بله,2026-09-08T18:32:51
3271459,رئیسکلا,2026-09-10,بسته (مشاهده‌شده - دلیل نامشخص),8750000,,,بله,2026-09-08T18:32:51
3271459,رئیسکلا,2026-09-11,بسته (مشاهده‌شده - دلیل نامشخص),7580000,,,,2026-09-08T18:32:51
3271459,رئیسکلا,2026-09-12,بسته (مشاهده‌شده - دلیل نامشخص),7580000,,,,2026-09-08T18:32:51
3271459,رئیسکلا,2026-09-13,بسته (مشاهده‌شده - دلیل نامشخص),7580000,,,,2026-09-08T18:32:51
3271459,رئیسکلا,2026-09-14,باز,7580000,,,,2026-09-08T18:32:51
3271459,رئیسکلا,2026-09-15,باز,7580000,,,,2026-09-08T18:32:51
3271459,رئیسکلا,2026-09-16,باز,8750000,,,بله,2026-09-08T18:32:51
3271459,رئیسکلا,2026-09-17,بسته (مشاهده‌شده - دلیل نامشخص),8750000,,,بله,2026-09-08T18:32:51
3271459,رئیسکلا,2026-09-18,بسته (مشاهده‌شده - دلیل نامشخص),7580000,,,,2026-09-08T18:32:51
3271459,رئیسکلا,2026-09-19,بسته (مشاهده‌شده - دلیل نامشخص),7580000,,,,2026-09-08T18:32:51
3271459,رئیسکلا,2026-09-20,باز,7580000,,,,2026-09-08T18:32:51
3271459,رئیسکلا,2026-09-21,باز,7580000,,,,2026-09-08T18:32:51
3271459,رئیسکلا,2026-09-22,باز,7580000,,,,2026-09-08T18:32:51
3271459,رئیسکلا,2026-09-23,باز,6780000,,,بله,2026-09-08T18:32:51
3271459,رئیسکلا,2026-09-24,باز,6780000,,,بله,2026-09-08T18:32:51
3271459,رئیسکلا,2026-09-25,باز,4850000,,,,2026-09-08T18:32:51
3271459,رئیسکلا,2026-09-26,باز,4850000,,,,2026-09-08T18:32:51
3271459,رئیسکلا,2026-09-27,باز,4850000,,,,2026-09-08T18:32:51
3271459,رئیسکلا,2026-09-28,باز,4850000,,,,2026-09-08T18:32:51
3271459,رئیسکلا,2026-09-29,باز,4850000,,,,2026-09-08T18:32:51
3271459,رئیسکلا,2026-09-30,باز,6780000,,,بله,2026-09-08T18:32:51
3271459,رئیسکلا,2026-10-01,باز,6780000,,,بله,2026-09-08T18:32:51
3271459,رئیسکلا,2026-10-02,باز,4850000,,,,2026-09-08T18:32:51
3271459,رئیسکلا,2026-10-03,باز,4850000,,,,2026-09-08T18:32:51
3271459,رئیسکلا,2026-10-04,باز,4850000,,,,2026-09-08T18:32:51
3271459,رئیسکلا,2026-10-05,باز,4850000,,,,2026-09-08T18:32:51
3271459,رئیسکلا,2026-10-06,باز,4850000,,,,2026-09-08T18:32:51
3271459,رئیسکلا,2026-10-07,باز,6780000,,,بله,2026-09-08T18:32:51
3271459,رئیسکلا,2026-10-08,باز,6780000,,,بله,2026-09-08T18:32:51
3272410,کاردرکلا,2026-09-08,بسته (مشاهده‌شده - دلیل نامشخص),4000000,,,,2026-09-08T18:32:53
3272410,کاردرکلا,2026-09-09,باز,4500000,,,بله,2026-09-08T18:32:53
3272410,کاردرکلا,2026-09-10,باز,4500000,,,بله,2026-09-08T18:32:53
3272410,کاردرکلا,2026-09-11,باز,4000000,,,,2026-09-08T18:32:53
3272410,کاردرکلا,2026-09-12,بسته (مشاهده‌شده - دلیل نامشخص),4000000,,,,2026-09-08T18:32:53
3272410,کاردرکلا,2026-09-13,بسته (مشاهده‌شده - دلیل نامشخص),4000000,,,,2026-09-08T18:32:53
3272410,کاردرکلا,2026-09-14,بسته (مشاهده‌شده - دلیل نامشخص),4000000,,,,2026-09-08T18:32:53
3272410,کاردرکلا,2026-09-15,باز,4000000,,,,2026-09-08T18:32:53
3272410,کاردرکلا,2026-09-16,باز,4500000,,,بله,2026-09-08T18:32:53
3272410,کاردرکلا,2026-09-17,باز,4500000,,,بله,2026-09-08T18:32:53
3272410,کاردرکلا,2026-09-18,باز,4000000,,,,2026-09-08T18:32:53
3272410,کاردرکلا,2026-09-19,باز,4000000,,,,2026-09-08T18:32:53
3272410,کاردرکلا,2026-09-20,باز,4000000,,,,2026-09-08T18:32:53
3272410,کاردرکلا,2026-09-21,باز,4000000,,,,2026-09-08T18:32:53
3272410,کاردرکلا,2026-09-22,باز,4000000,,,,2026-09-08T18:32:53
3272410,کاردرکلا,2026-09-23,باز,4000000,,,بله,2026-09-08T18:32:53
3272410,کاردرکلا,2026-09-24,باز,4000000,,,بله,2026-09-08T18:32:53
3272410,کاردرکلا,2026-09-25,باز,3500000,,,,2026-09-08T18:32:53
3272410,کاردرکلا,2026-09-26,باز,3500000,,,,2026-09-08T18:32:53
3272410,کاردرکلا,2026-09-27,باز,3500000,,,,2026-09-08T18:32:53
3272410,کاردرکلا,2026-09-28,باز,3500000,,,,2026-09-08T18:32:53
3272410,کاردرکلا,2026-09-29,باز,3500000,,,,2026-09-08T18:32:53
3272410,کاردرکلا,2026-09-30,باز,4000000,,,بله,2026-09-08T18:32:53
3272410,کاردرکلا,2026-10-01,باز,4000000,,,بله,2026-09-08T18:32:53
3272410,کاردرکلا,2026-10-02,باز,3500000,,,,2026-09-08T18:32:53
3272410,کاردرکلا,2026-10-03,باز,3500000,,,,2026-09-08T18:32:53
3272410,کاردرکلا,2026-10-04,باز,3500000,,,,2026-09-08T18:32:53
3272410,کاردرکلا,2026-10-05,باز,3500000,,,,2026-09-08T18:32:53
3272410,کاردرکلا,2026-10-06,باز,3500000,,,,2026-09-08T18:32:53
3272410,کاردرکلا,2026-10-07,باز,4000000,,,بله,2026-09-08T18:32:53
3272410,کاردرکلا,2026-10-08,باز,4000000,,,بله,2026-09-08T18:32:53
3272651,لفور,2026-09-08,باز,2750000,,,,2026-09-08T18:33:18
3272651,لفور,2026-09-09,بسته (مشاهده‌شده - دلیل نامشخص),3500000,,,بله,2026-09-08T18:33:18
3272651,لفور,2026-09-10,باز,3500000,,,بله,2026-09-08T18:33:18
3272651,لفور,2026-09-11,باز,2750000,,,,2026-09-08T18:33:18
3272651,لفور,2026-09-12,بسته (مشاهده‌شده - دلیل نامشخص),2750000,,,,2026-09-08T18:33:18
3272651,لفور,2026-09-13,باز,2750000,,,,2026-09-08T18:33:18
3272651,لفور,2026-09-14,باز,2750000,,,,2026-09-08T18:33:18
3272651,لفور,2026-09-15,باز,2750000,,,,2026-09-08T18:33:18
3272651,لفور,2026-09-16,باز,3500000,,,بله,2026-09-08T18:33:18
3272651,لفور,2026-09-17,باز,3500000,,,بله,2026-09-08T18:33:18
3272651,لفور,2026-09-18,باز,2750000,,,,2026-09-08T18:33:18
3272651,لفور,2026-09-19,باز,2750000,,,,2026-09-08T18:33:18
3272651,لفور,2026-09-20,باز,2750000,,,,2026-09-08T18:33:18
3272651,لفور,2026-09-21,باز,2750000,,,,2026-09-08T18:33:18
3272651,لفور,2026-09-22,باز,2750000,,,,2026-09-08T18:33:18
3272651,لفور,2026-09-23,باز,2990000,,,بله,2026-09-08T18:33:18
3272651,لفور,2026-09-24,باز,2990000,,,بله,2026-09-08T18:33:18
3272651,لفور,2026-09-25,باز,2000000,,,,2026-09-08T18:33:18
3272651,لفور,2026-09-26,باز,2000000,,,,2026-09-08T18:33:18
3272651,لفور,2026-09-27,باز,2000000,,,,2026-09-08T18:33:18
3272651,لفور,2026-09-28,باز,2000000,,,,2026-09-08T18:33:18
3272651,لفور,2026-09-29,باز,2000000,,,,2026-09-08T18:33:18
3272651,لفور,2026-09-30,باز,2990000,,,بله,2026-09-08T18:33:18
3272651,لفور,2026-10-01,باز,2990000,,,بله,2026-09-08T18:33:18
3272651,لفور,2026-10-02,باز,2000000,,,,2026-09-08T18:33:18
3272651,لفور,2026-10-03,باز,2000000,,,,2026-09-08T18:33:18
3272651,لفور,2026-10-04,باز,2000000,,,,2026-09-08T18:33:18
3272651,لفور,2026-10-05,باز,2000000,,,,2026-09-08T18:33:18
3272651,لفور,2026-10-06,باز,2000000,,,,2026-09-08T18:33:18
3272651,لفور,2026-10-07,باز,2990000,,,بله,2026-09-08T18:33:18
3272651,لفور,2026-10-08,باز,2990000,,,بله,2026-09-08T18:33:18
3273044,لفور,2026-09-08,باز,3950000,10,,,2026-09-08T18:33:20
3273044,لفور,2026-09-09,باز,3950000,,,بله,2026-09-08T18:33:20
3273044,لفور,2026-09-10,باز,4750000,,,بله,2026-09-08T18:33:20
3273044,لفور,2026-09-11,باز,4750000,,,,2026-09-08T18:33:20
3273044,لفور,2026-09-12,باز,3750000,,,,2026-09-08T18:33:20
3273044,لفور,2026-09-13,باز,3750000,,,,2026-09-08T18:33:20
3273044,لفور,2026-09-14,باز,3750000,,,,2026-09-08T18:33:20
3273044,لفور,2026-09-15,باز,3750000,,,,2026-09-08T18:33:20
3273044,لفور,2026-09-16,باز,4750000,,,بله,2026-09-08T18:33:20
3273044,لفور,2026-09-17,باز,4750000,,,بله,2026-09-08T18:33:20
3273044,لفور,2026-09-18,باز,4750000,,,,2026-09-08T18:33:20
3273044,لفور,2026-09-19,باز,3750000,,,,2026-09-08T18:33:20
3273044,لفور,2026-09-20,باز,3750000,,,,2026-09-08T18:33:20
3273044,لفور,2026-09-21,باز,3750000,,,,2026-09-08T18:33:20
3273044,لفور,2026-09-22,باز,3750000,,,,2026-09-08T18:33:20
3273044,لفور,2026-09-23,باز,5000000,,,بله,2026-09-08T18:33:20
3273044,لفور,2026-09-24,باز,5000000,,,بله,2026-09-08T18:33:20
3273044,لفور,2026-09-25,باز,4000000,,,,2026-09-08T18:33:20
3273044,لفور,2026-09-26,باز,4000000,,,,2026-09-08T18:33:20
3273044,لفور,2026-09-27,باز,4000000,,,,2026-09-08T18:33:20
3273044,لفور,2026-09-28,باز,4000000,,,,2026-09-08T18:33:20
3273044,لفور,2026-09-29,باز,4000000,,,,2026-09-08T18:33:20
3273044,لفور,2026-09-30,باز,5000000,,,بله,2026-09-08T18:33:20
3273044,لفور,2026-10-01,باز,5000000,,,بله,2026-09-08T18:33:20
3273044,لفور,2026-10-02,باز,4000000,,,,2026-09-08T18:33:20
3273044,لفور,2026-10-03,باز,4000000,,,,2026-09-08T18:33:20
3273044,لفور,2026-10-04,باز,4000000,,,,2026-09-08T18:33:20
3273044,لفور,2026-10-05,باز,4000000,,,,2026-09-08T18:33:20
3273044,لفور,2026-10-06,باز,4000000,,,,2026-09-08T18:33:20
3273044,لفور,2026-10-07,باز,5000000,,,بله,2026-09-08T18:33:20
3273044,لفور,2026-10-08,باز,5000000,,,بله,2026-09-08T18:33:20
3273065,بابلکنار,2026-09-08,باز,7000000,,,,2026-09-08T18:33:22
3273065,بابلکنار,2026-09-09,باز,9000000,,,بله,2026-09-08T18:33:22
3273065,بابلکنار,2026-09-10,باز,9000000,,,بله,2026-09-08T18:33:22
3273065,بابلکنار,2026-09-11,باز,7000000,,,,2026-09-08T18:33:22
3273065,بابلکنار,2026-09-12,بسته (مشاهده‌شده - دلیل نامشخص),3800000,,,,2026-09-08T18:33:22
3273065,بابلکنار,2026-09-13,بسته (مشاهده‌شده - دلیل نامشخص),3800000,,,,2026-09-08T18:33:22
3273065,بابلکنار,2026-09-14,باز,7000000,,,,2026-09-08T18:33:22
3273065,بابلکنار,2026-09-15,باز,7000000,,,,2026-09-08T18:33:22
3273065,بابلکنار,2026-09-16,باز,9000000,,,بله,2026-09-08T18:33:22
3273065,بابلکنار,2026-09-17,باز,9000000,,,بله,2026-09-08T18:33:22
3273065,بابلکنار,2026-09-18,باز,7000000,,,,2026-09-08T18:33:22
3273065,بابلکنار,2026-09-19,باز,7000000,,,,2026-09-08T18:33:22
3273065,بابلکنار,2026-09-20,باز,7000000,,,,2026-09-08T18:33:22
3273065,بابلکنار,2026-09-21,باز,7000000,,,,2026-09-08T18:33:22
3273065,بابلکنار,2026-09-22,باز,7000000,,,,2026-09-08T18:33:22
3273065,بابلکنار,2026-09-23,باز,4500000,,,بله,2026-09-08T18:33:22
3273065,بابلکنار,2026-09-24,باز,4500000,,,بله,2026-09-08T18:33:22
3273065,بابلکنار,2026-09-25,باز,2800000,,,,2026-09-08T18:33:22
3273065,بابلکنار,2026-09-26,باز,2800000,,,,2026-09-08T18:33:22
3273065,بابلکنار,2026-09-27,باز,2800000,,,,2026-09-08T18:33:22
3273065,بابلکنار,2026-09-28,باز,2800000,,,,2026-09-08T18:33:22
3273065,بابلکنار,2026-09-29,باز,2800000,,,,2026-09-08T18:33:22
3273065,بابلکنار,2026-09-30,باز,4500000,,,بله,2026-09-08T18:33:22
3273065,بابلکنار,2026-10-01,باز,4500000,,,بله,2026-09-08T18:33:22
3273065,بابلکنار,2026-10-02,باز,2800000,,,,2026-09-08T18:33:22
3273065,بابلکنار,2026-10-03,باز,2800000,,,,2026-09-08T18:33:22
3273065,بابلکنار,2026-10-04,باز,2800000,,,,2026-09-08T18:33:22
3273065,بابلکنار,2026-10-05,باز,2800000,,,,2026-09-08T18:33:22
3273065,بابلکنار,2026-10-06,باز,2800000,,,,2026-09-08T18:33:22
3273065,بابلکنار,2026-10-07,باز,4500000,,,بله,2026-09-08T18:33:22
3273065,بابلکنار,2026-10-08,باز,4500000,,,بله,2026-09-08T18:33:22
3273471,سیادرکا,2026-09-08,بسته (مشاهده‌شده - دلیل نامشخص),1800000,,,,2026-09-08T18:33:24
3273471,سیادرکا,2026-09-09,بسته (مشاهده‌شده - دلیل نامشخص),2800000,,,بله,2026-09-08T18:33:24
3273471,سیادرکا,2026-09-10,بسته (مشاهده‌شده - دلیل نامشخص),2800000,,,بله,2026-09-08T18:33:24
3273471,سیادرکا,2026-09-11,بسته (مشاهده‌شده - دلیل نامشخص),1800000,,,,2026-09-08T18:33:24
3273471,سیادرکا,2026-09-12,بسته (مشاهده‌شده - دلیل نامشخص),1800000,,,,2026-09-08T18:33:24
3273471,سیادرکا,2026-09-13,بسته (مشاهده‌شده - دلیل نامشخص),1800000,,,,2026-09-08T18:33:24
3273471,سیادرکا,2026-09-14,باز,1800000,,,,2026-09-08T18:33:24
3273471,سیادرکا,2026-09-15,باز,1800000,,,,2026-09-08T18:33:24
3273471,سیادرکا,2026-09-16,باز,2800000,,,بله,2026-09-08T18:33:24
3273471,سیادرکا,2026-09-17,باز,2800000,,,بله,2026-09-08T18:33:24
3273471,سیادرکا,2026-09-18,باز,1800000,,,,2026-09-08T18:33:24
3273471,سیادرکا,2026-09-19,باز,1800000,,,,2026-09-08T18:33:24
3273471,سیادرکا,2026-09-20,باز,1800000,,,,2026-09-08T18:33:24
3273471,سیادرکا,2026-09-21,باز,1800000,,,,2026-09-08T18:33:24
3273471,سیادرکا,2026-09-22,باز,1800000,,,,2026-09-08T18:33:24
3273471,سیادرکا,2026-09-23,باز,2800000,,,بله,2026-09-08T18:33:24
3273471,سیادرکا,2026-09-24,باز,2800000,,,بله,2026-09-08T18:33:24
3273471,سیادرکا,2026-09-25,باز,1800000,,,,2026-09-08T18:33:24
3273471,سیادرکا,2026-09-26,باز,1800000,,,,2026-09-08T18:33:24
3273471,سیادرکا,2026-09-27,باز,1800000,,,,2026-09-08T18:33:24
3273471,سیادرکا,2026-09-28,باز,1800000,,,,2026-09-08T18:33:24
3273471,سیادرکا,2026-09-29,باز,1800000,,,,2026-09-08T18:33:24
3273471,سیادرکا,2026-09-30,باز,2800000,,,بله,2026-09-08T18:33:24
3273471,سیادرکا,2026-10-01,باز,2800000,,,بله,2026-09-08T18:33:24
3273471,سیادرکا,2026-10-02,باز,1800000,,,,2026-09-08T18:33:24
3273471,سیادرکا,2026-10-03,باز,1800000,,,,2026-09-08T18:33:24
3273471,سیادرکا,2026-10-04,باز,1800000,,,,2026-09-08T18:33:24
3273471,سیادرکا,2026-10-05,باز,1800000,,,,2026-09-08T18:33:24
3273471,سیادرکا,2026-10-06,باز,1800000,,,,2026-09-08T18:33:24
3273471,سیادرکا,2026-10-07,باز,2800000,,,بله,2026-09-08T18:33:24
3273471,سیادرکا,2026-10-08,باز,2800000,,,بله,2026-09-08T18:33:24
3273563,گونه کلا,2026-09-08,باز,4500000,10,,,2026-09-08T18:33:50
3273563,گونه کلا,2026-09-09,باز,4800000,10,,بله,2026-09-08T18:33:50
3273563,گونه کلا,2026-09-10,باز,5800000,,,بله,2026-09-08T18:33:50
3273563,گونه کلا,2026-09-11,باز,4200000,,,,2026-09-08T18:33:50
3273563,گونه کلا,2026-09-12,باز,4500000,,,,2026-09-08T18:33:50
3273563,گونه کلا,2026-09-13,باز,4500000,,,,2026-09-08T18:33:50
3273563,گونه کلا,2026-09-14,باز,4500000,,,,2026-09-08T18:33:50
3273563,گونه کلا,2026-09-15,باز,4500000,,,,2026-09-08T18:33:50
3273563,گونه کلا,2026-09-16,باز,4800000,,,بله,2026-09-08T18:33:50
3273563,گونه کلا,2026-09-17,باز,5800000,,,بله,2026-09-08T18:33:50
3273563,گونه کلا,2026-09-18,باز,4200000,,,,2026-09-08T18:33:50
3273563,گونه کلا,2026-09-19,باز,4500000,,,,2026-09-08T18:33:50
3273563,گونه کلا,2026-09-20,باز,4500000,,,,2026-09-08T18:33:50
3273563,گونه کلا,2026-09-21,باز,4500000,,,,2026-09-08T18:33:50
3273563,گونه کلا,2026-09-22,باز,4500000,,,,2026-09-08T18:33:50
3273563,گونه کلا,2026-09-23,باز,3300000,,,بله,2026-09-08T18:33:50
3273563,گونه کلا,2026-09-24,باز,3300000,,,بله,2026-09-08T18:33:50
3273563,گونه کلا,2026-09-25,باز,2000000,,,,2026-09-08T18:33:50
3273563,گونه کلا,2026-09-26,باز,2000000,,,,2026-09-08T18:33:50
3273563,گونه کلا,2026-09-27,باز,2000000,,,,2026-09-08T18:33:50
3273563,گونه کلا,2026-09-28,باز,2000000,,,,2026-09-08T18:33:50
3273563,گونه کلا,2026-09-29,باز,2000000,,,,2026-09-08T18:33:50
3273563,گونه کلا,2026-09-30,باز,3300000,,,بله,2026-09-08T18:33:50
3273563,گونه کلا,2026-10-01,باز,3300000,,,بله,2026-09-08T18:33:50
3273563,گونه کلا,2026-10-02,باز,2000000,,,,2026-09-08T18:33:50
3273563,گونه کلا,2026-10-03,باز,2000000,,,,2026-09-08T18:33:50
3273563,گونه کلا,2026-10-04,باز,2000000,,,,2026-09-08T18:33:50
3273563,گونه کلا,2026-10-05,باز,2000000,,,,2026-09-08T18:33:50
3273563,گونه کلا,2026-10-06,باز,2000000,,,,2026-09-08T18:33:50
3273563,گونه کلا,2026-10-07,باز,3300000,,,بله,2026-09-08T18:33:50
3273563,گونه کلا,2026-10-08,باز,3300000,,,بله,2026-09-08T18:33:50
3273745,کاردرکلا,2026-09-08,بسته (مشاهده‌شده - دلیل نامشخص),4500000,,,,2026-09-08T18:34:15
3273745,کاردرکلا,2026-09-09,بسته (مشاهده‌شده - دلیل نامشخص),5000000,,,بله,2026-09-08T18:34:15
3273745,کاردرکلا,2026-09-10,بسته (مشاهده‌شده - دلیل نامشخص),6500000,,,بله,2026-09-08T18:34:15
3273745,کاردرکلا,2026-09-11,باز,4500000,,,,2026-09-08T18:34:15
3273745,کاردرکلا,2026-09-12,بسته (مشاهده‌شده - دلیل نامشخص),4500000,,,,2026-09-08T18:34:15
3273745,کاردرکلا,2026-09-13,باز,4500000,,,,2026-09-08T18:34:15
3273745,کاردرکلا,2026-09-14,باز,4500000,,,,2026-09-08T18:34:15
3273745,کاردرکلا,2026-09-15,باز,4500000,,,,2026-09-08T18:34:15
3273745,کاردرکلا,2026-09-16,باز,5000000,,,بله,2026-09-08T18:34:15
3273745,کاردرکلا,2026-09-17,باز,6500000,,,بله,2026-09-08T18:34:15
3273745,کاردرکلا,2026-09-18,باز,4500000,,,,2026-09-08T18:34:15
3273745,کاردرکلا,2026-09-19,باز,4500000,,,,2026-09-08T18:34:15
3273745,کاردرکلا,2026-09-20,باز,4500000,,,,2026-09-08T18:34:15
3273745,کاردرکلا,2026-09-21,باز,4500000,,,,2026-09-08T18:34:15
3273745,کاردرکلا,2026-09-22,باز,4500000,,,,2026-09-08T18:34:15
3273745,کاردرکلا,2026-09-23,باز,3500000,,,بله,2026-09-08T18:34:15
3273745,کاردرکلا,2026-09-24,باز,3500000,,,بله,2026-09-08T18:34:15
3273745,کاردرکلا,2026-09-25,باز,3000000,,,,2026-09-08T18:34:15
3273745,کاردرکلا,2026-09-26,باز,3000000,,,,2026-09-08T18:34:15
3273745,کاردرکلا,2026-09-27,باز,3000000,,,,2026-09-08T18:34:15
3273745,کاردرکلا,2026-09-28,باز,3000000,,,,2026-09-08T18:34:15
3273745,کاردرکلا,2026-09-29,باز,3000000,,,,2026-09-08T18:34:15
3273745,کاردرکلا,2026-09-30,باز,3500000,,,بله,2026-09-08T18:34:15
3273745,کاردرکلا,2026-10-01,باز,3500000,,,بله,2026-09-08T18:34:15
3273745,کاردرکلا,2026-10-02,باز,3000000,,,,2026-09-08T18:34:15
3273745,کاردرکلا,2026-10-03,باز,3000000,,,,2026-09-08T18:34:15
3273745,کاردرکلا,2026-10-04,باز,3000000,,,,2026-09-08T18:34:15
3273745,کاردرکلا,2026-10-05,باز,3000000,,,,2026-09-08T18:34:15
3273745,کاردرکلا,2026-10-06,باز,3000000,,,,2026-09-08T18:34:15
3273745,کاردرکلا,2026-10-07,باز,3500000,,,بله,2026-09-08T18:34:15
3273745,کاردرکلا,2026-10-08,باز,3500000,,,بله,2026-09-08T18:34:15
3273815,چهره,2026-09-08,بسته (مشاهده‌شده - دلیل نامشخص),2000000,,,,2026-09-08T18:34:40
3273815,چهره,2026-09-09,بسته (مشاهده‌شده - دلیل نامشخص),4500000,,,بله,2026-09-08T18:34:40
3273815,چهره,2026-09-10,بسته (مشاهده‌شده - دلیل نامشخص),5550000,,,بله,2026-09-08T18:34:40
3273815,چهره,2026-09-11,بسته (مشاهده‌شده - دلیل نامشخص),3500000,,,,2026-09-08T18:34:40
3273815,چهره,2026-09-12,بسته (مشاهده‌شده - دلیل نامشخص),3500000,,,,2026-09-08T18:34:40
3273815,چهره,2026-09-13,بسته (مشاهده‌شده - دلیل نامشخص),3500000,,,,2026-09-08T18:34:40
3273815,چهره,2026-09-14,بسته (مشاهده‌شده - دلیل نامشخص),3500000,,,,2026-09-08T18:34:40
3273815,چهره,2026-09-15,بسته (مشاهده‌شده - دلیل نامشخص),3500000,,,,2026-09-08T18:34:40
3273815,چهره,2026-09-16,بسته (مشاهده‌شده - دلیل نامشخص),4500000,,,بله,2026-09-08T18:34:40
3273815,چهره,2026-09-17,بسته (مشاهده‌شده - دلیل نامشخص),5550000,,,بله,2026-09-08T18:34:40
3273815,چهره,2026-09-18,بسته (مشاهده‌شده - دلیل نامشخص),3500000,,,,2026-09-08T18:34:40
3273815,چهره,2026-09-19,بسته (مشاهده‌شده - دلیل نامشخص),3500000,,,,2026-09-08T18:34:40
3273815,چهره,2026-09-20,بسته (مشاهده‌شده - دلیل نامشخص),3500000,,,,2026-09-08T18:34:40
3273815,چهره,2026-09-21,بسته (مشاهده‌شده - دلیل نامشخص),2000000,,,,2026-09-08T18:34:40
3273815,چهره,2026-09-22,بسته (مشاهده‌شده - دلیل نامشخص),3500000,,,,2026-09-08T18:34:40
3273815,چهره,2026-09-23,باز,1200000,,,بله,2026-09-08T18:34:40
3273815,چهره,2026-09-24,باز,1200000,,,بله,2026-09-08T18:34:40
3273815,چهره,2026-09-25,باز,1200000,,,,2026-09-08T18:34:40
3273815,چهره,2026-09-26,باز,1200000,,,,2026-09-08T18:34:40
3273815,چهره,2026-09-27,باز,1200000,,,,2026-09-08T18:34:40
3273815,چهره,2026-09-28,باز,1200000,,,,2026-09-08T18:34:40
3273815,چهره,2026-09-29,باز,1200000,,,,2026-09-08T18:34:40
3273815,چهره,2026-09-30,باز,1200000,,,بله,2026-09-08T18:34:40
3273815,چهره,2026-10-01,باز,1200000,,,بله,2026-09-08T18:34:40
3273815,چهره,2026-10-02,باز,1200000,,,,2026-09-08T18:34:40
3273815,چهره,2026-10-03,باز,1200000,,,,2026-09-08T18:34:40
3273815,چهره,2026-10-04,باز,1200000,,,,2026-09-08T18:34:40
3273815,چهره,2026-10-05,باز,1200000,,,,2026-09-08T18:34:40
3273815,چهره,2026-10-06,باز,1200000,,,,2026-09-08T18:34:40
3273815,چهره,2026-10-07,باز,1200000,,,بله,2026-09-08T18:34:40
3273815,چهره,2026-10-08,باز,1200000,,,بله,2026-09-08T18:34:40
3273829,مرزیکلا,2026-09-08,بسته (مشاهده‌شده - دلیل نامشخص),5000000,,,,2026-09-08T18:34:42
3273829,مرزیکلا,2026-09-09,بسته (مشاهده‌شده - دلیل نامشخص),5900000,,,بله,2026-09-08T18:34:42
3273829,مرزیکلا,2026-09-10,باز,6900000,,,بله,2026-09-08T18:34:42
3273829,مرزیکلا,2026-09-11,بسته (مشاهده‌شده - دلیل نامشخص),5000000,,,,2026-09-08T18:34:42
3273829,مرزیکلا,2026-09-12,بسته (مشاهده‌شده - دلیل نامشخص),5000000,,,,2026-09-08T18:34:42
3273829,مرزیکلا,2026-09-13,باز,5300000,,,,2026-09-08T18:34:42
3273829,مرزیکلا,2026-09-14,باز,5300000,,,,2026-09-08T18:34:42
3273829,مرزیکلا,2026-09-15,باز,5300000,,,,2026-09-08T18:34:42
3273829,مرزیکلا,2026-09-16,باز,6000000,,,بله,2026-09-08T18:34:42
3273829,مرزیکلا,2026-09-17,باز,6750000,,,بله,2026-09-08T18:34:42
3273829,مرزیکلا,2026-09-18,باز,5300000,,,,2026-09-08T18:34:42
3273829,مرزیکلا,2026-09-19,باز,5300000,,,,2026-09-08T18:34:42
3273829,مرزیکلا,2026-09-20,باز,5300000,,,,2026-09-08T18:34:42
3273829,مرزیکلا,2026-09-21,باز,5300000,,,,2026-09-08T18:34:42
3273829,مرزیکلا,2026-09-22,باز,5300000,,,,2026-09-08T18:34:42
3273829,مرزیکلا,2026-09-23,باز,4900000,,,بله,2026-09-08T18:34:42
3273829,مرزیکلا,2026-09-24,باز,4900000,,,بله,2026-09-08T18:34:42
3273829,مرزیکلا,2026-09-25,باز,3750000,,,,2026-09-08T18:34:42
3273829,مرزیکلا,2026-09-26,باز,3750000,,,,2026-09-08T18:34:42
3273829,مرزیکلا,2026-09-27,باز,3750000,,,,2026-09-08T18:34:42
3273829,مرزیکلا,2026-09-28,باز,3750000,,,,2026-09-08T18:34:42
3273829,مرزیکلا,2026-09-29,باز,3750000,,,,2026-09-08T18:34:42
3273829,مرزیکلا,2026-09-30,باز,4900000,,,بله,2026-09-08T18:34:42
3273829,مرزیکلا,2026-10-01,باز,4900000,,,بله,2026-09-08T18:34:42
3273829,مرزیکلا,2026-10-02,باز,3750000,,,,2026-09-08T18:34:42
3273829,مرزیکلا,2026-10-03,باز,3750000,,,,2026-09-08T18:34:42
3273829,مرزیکلا,2026-10-04,باز,3750000,,,,2026-09-08T18:34:42
3273829,مرزیکلا,2026-10-05,باز,3750000,,,,2026-09-08T18:34:42
3273829,مرزیکلا,2026-10-06,باز,3750000,,,,2026-09-08T18:34:42
3273829,مرزیکلا,2026-10-07,باز,4900000,,,بله,2026-09-08T18:34:42
3273829,مرزیکلا,2026-10-08,باز,4900000,,,بله,2026-09-08T18:34:42
3273911,امیرکلا,2026-09-08,بسته (مشاهده‌شده - دلیل نامشخص),7500000,,,,2026-09-08T18:35:07
3273911,امیرکلا,2026-09-09,بسته (مشاهده‌شده - دلیل نامشخص),10000000,,,بله,2026-09-08T18:35:07
3273911,امیرکلا,2026-09-10,بسته (مشاهده‌شده - دلیل نامشخص),10000000,,,بله,2026-09-08T18:35:07
3273911,امیرکلا,2026-09-11,بسته (مشاهده‌شده - دلیل نامشخص),10000000,,,بله,2026-09-08T18:35:07
3273911,امیرکلا,2026-09-12,بسته (مشاهده‌شده - دلیل نامشخص),7500000,,,,2026-09-08T18:35:07
3273911,امیرکلا,2026-09-13,باز,8500000,,,,2026-09-08T18:35:07
3273911,امیرکلا,2026-09-14,بسته (مشاهده‌شده - دلیل نامشخص),7500000,,,,2026-09-08T18:35:07
3273911,امیرکلا,2026-09-15,باز,8500000,,,,2026-09-08T18:35:07
3273911,امیرکلا,2026-09-16,بسته (مشاهده‌شده - دلیل نامشخص),10000000,,,بله,2026-09-08T18:35:07
3273911,امیرکلا,2026-09-17,بسته (مشاهده‌شده - دلیل نامشخص),10000000,,,بله,2026-09-08T18:35:07
3273911,امیرکلا,2026-09-18,بسته (مشاهده‌شده - دلیل نامشخص),10000000,,,بله,2026-09-08T18:35:07
3273911,امیرکلا,2026-09-19,بسته (مشاهده‌شده - دلیل نامشخص),7500000,,,,2026-09-08T18:35:07
3273911,امیرکلا,2026-09-20,بسته (مشاهده‌شده - دلیل نامشخص),7500000,,,,2026-09-08T18:35:07
3273911,امیرکلا,2026-09-21,باز,8500000,,,,2026-09-08T18:35:07
3273911,امیرکلا,2026-09-22,بسته (مشاهده‌شده - دلیل نامشخص),7500000,,,,2026-09-08T18:35:07
3273911,امیرکلا,2026-09-23,بسته (مشاهده‌شده - دلیل نامشخص),6000000,,,بله,2026-09-08T18:35:07
3273911,امیرکلا,2026-09-24,باز,10500000,10,,بله,2026-09-08T18:35:07
3273911,امیرکلا,2026-09-25,باز,8500000,20,,بله,2026-09-08T18:35:07
3273911,امیرکلا,2026-09-26,باز,8500000,20,,,2026-09-08T18:35:07
3273911,امیرکلا,2026-09-27,باز,8500000,20,,,2026-09-08T18:35:07
3273911,امیرکلا,2026-09-28,باز,8500000,20,,,2026-09-08T18:35:07
3273911,امیرکلا,2026-09-29,باز,8500000,20,,,2026-09-08T18:35:07
3273911,امیرکلا,2026-09-30,باز,10500000,10,,بله,2026-09-08T18:35:07
3273911,امیرکلا,2026-10-01,باز,10500000,10,,بله,2026-09-08T18:35:07
3273911,امیرکلا,2026-10-02,بسته (مشاهده‌شده - دلیل نامشخص),8500000,20,,بله,2026-09-08T18:35:07
3273911,امیرکلا,2026-10-03,بسته (مشاهده‌شده - دلیل نامشخص),8500000,,,,2026-09-08T18:35:07
3273911,امیرکلا,2026-10-04,باز,8500000,,,,2026-09-08T18:35:07
3273911,امیرکلا,2026-10-05,باز,8500000,,,,2026-09-08T18:35:07
3273911,امیرکلا,2026-10-06,باز,8500000,,,,2026-09-08T18:35:07
3273911,امیرکلا,2026-10-07,باز,10500000,,,بله,2026-09-08T18:35:07
3273911,امیرکلا,2026-10-08,باز,10500000,,,بله,2026-09-08T18:35:07
3274129,کاردرکلا,2026-09-08,بسته (مشاهده‌شده - دلیل نامشخص),4200000,,,,2026-09-08T18:35:09
3274129,کاردرکلا,2026-09-09,بسته (مشاهده‌شده - دلیل نامشخص),5200000,,,بله,2026-09-08T18:35:09
3274129,کاردرکلا,2026-09-10,بسته (مشاهده‌شده - دلیل نامشخص),5200000,,,بله,2026-09-08T18:35:09
3274129,کاردرکلا,2026-09-11,بسته (مشاهده‌شده - دلیل نامشخص),4000000,,,,2026-09-08T18:35:09
3274129,کاردرکلا,2026-09-12,باز,4200000,,,,2026-09-08T18:35:09
3274129,کاردرکلا,2026-09-13,بسته (مشاهده‌شده - دلیل نامشخص),4200000,,,,2026-09-08T18:35:09
3274129,کاردرکلا,2026-09-14,بسته (مشاهده‌شده - دلیل نامشخص),4200000,,,,2026-09-08T18:35:09
3274129,کاردرکلا,2026-09-15,باز,4200000,,,,2026-09-08T18:35:09
3274129,کاردرکلا,2026-09-16,بسته (مشاهده‌شده - دلیل نامشخص),5200000,,,بله,2026-09-08T18:35:09
3274129,کاردرکلا,2026-09-17,بسته (مشاهده‌شده - دلیل نامشخص),5200000,,,بله,2026-09-08T18:35:09
3274129,کاردرکلا,2026-09-18,بسته (مشاهده‌شده - دلیل نامشخص),4000000,,,,2026-09-08T18:35:09
3274129,کاردرکلا,2026-09-19,بسته (مشاهده‌شده - دلیل نامشخص),4200000,,,,2026-09-08T18:35:09
3274129,کاردرکلا,2026-09-20,باز,4200000,,,,2026-09-08T18:35:09
3274129,کاردرکلا,2026-09-21,باز,4200000,,,,2026-09-08T18:35:09
3274129,کاردرکلا,2026-09-22,باز,4200000,,,,2026-09-08T18:35:09
3274129,کاردرکلا,2026-09-23,باز,5500000,,,بله,2026-09-08T18:35:09
3274129,کاردرکلا,2026-09-24,باز,5500000,,,بله,2026-09-08T18:35:09
3274129,کاردرکلا,2026-09-25,باز,4200000,,,,2026-09-08T18:35:09
3274129,کاردرکلا,2026-09-26,باز,4200000,,,,2026-09-08T18:35:09
3274129,کاردرکلا,2026-09-27,باز,4200000,,,,2026-09-08T18:35:09
3274129,کاردرکلا,2026-09-28,باز,4200000,,,,2026-09-08T18:35:09
3274129,کاردرکلا,2026-09-29,باز,4200000,,,,2026-09-08T18:35:09
3274129,کاردرکلا,2026-09-30,باز,5500000,,,بله,2026-09-08T18:35:09
3274129,کاردرکلا,2026-10-01,باز,5500000,,,بله,2026-09-08T18:35:09
3274129,کاردرکلا,2026-10-02,باز,4200000,,,,2026-09-08T18:35:09
3274129,کاردرکلا,2026-10-03,باز,4200000,,,,2026-09-08T18:35:09
3274129,کاردرکلا,2026-10-04,باز,4200000,,,,2026-09-08T18:35:09
3274129,کاردرکلا,2026-10-05,باز,4200000,,,,2026-09-08T18:35:09
3274129,کاردرکلا,2026-10-06,باز,4200000,,,,2026-09-08T18:35:09
3274129,کاردرکلا,2026-10-07,باز,5500000,,,بله,2026-09-08T18:35:09
3274129,کاردرکلا,2026-10-08,باز,5500000,,,بله,2026-09-08T18:35:09
3274535,بابلکنار,2026-09-08,بسته (مشاهده‌شده - دلیل نامشخص),3500000,,,,2026-09-08T18:35:11
3274535,بابلکنار,2026-09-09,بسته (مشاهده‌شده - دلیل نامشخص),5000000,,,بله,2026-09-08T18:35:11
3274535,بابلکنار,2026-09-10,بسته (مشاهده‌شده - دلیل نامشخص),5000000,,,بله,2026-09-08T18:35:11
3274535,بابلکنار,2026-09-11,بسته (مشاهده‌شده - دلیل نامشخص),3500000,,,,2026-09-08T18:35:11
3274535,بابلکنار,2026-09-12,بسته (مشاهده‌شده - دلیل نامشخص),3500000,,,,2026-09-08T18:35:11
3274535,بابلکنار,2026-09-13,بسته (مشاهده‌شده - دلیل نامشخص),3500000,,,,2026-09-08T18:35:11
3274535,بابلکنار,2026-09-14,بسته (مشاهده‌شده - دلیل نامشخص),3500000,,,,2026-09-08T18:35:11
3274535,بابلکنار,2026-09-15,بسته (مشاهده‌شده - دلیل نامشخص),3500000,,,,2026-09-08T18:35:11
3274535,بابلکنار,2026-09-16,بسته (مشاهده‌شده - دلیل نامشخص),5000000,,,بله,2026-09-08T18:35:11
3274535,بابلکنار,2026-09-17,بسته (مشاهده‌شده - دلیل نامشخص),5000000,,,بله,2026-09-08T18:35:11
3274535,بابلکنار,2026-09-18,بسته (مشاهده‌شده - دلیل نامشخص),3500000,,,,2026-09-08T18:35:11
3274535,بابلکنار,2026-09-19,بسته (مشاهده‌شده - دلیل نامشخص),3500000,,,,2026-09-08T18:35:11
3274535,بابلکنار,2026-09-20,بسته (مشاهده‌شده - دلیل نامشخص),3500000,,,,2026-09-08T18:35:11
3274535,بابلکنار,2026-09-21,بسته (مشاهده‌شده - دلیل نامشخص),3500000,,,,2026-09-08T18:35:11
3274535,بابلکنار,2026-09-22,بسته (مشاهده‌شده - دلیل نامشخص),3500000,,,,2026-09-08T18:35:11
3274535,بابلکنار,2026-09-23,باز,3000000,,,بله,2026-09-08T18:35:11
3274535,بابلکنار,2026-09-24,باز,3000000,,,بله,2026-09-08T18:35:11
3274535,بابلکنار,2026-09-25,باز,2000000,,,,2026-09-08T18:35:11
3274535,بابلکنار,2026-09-26,باز,2000000,,,,2026-09-08T18:35:11
3274535,بابلکنار,2026-09-27,باز,2000000,,,,2026-09-08T18:35:11
3274535,بابلکنار,2026-09-28,باز,2000000,,,,2026-09-08T18:35:11
3274535,بابلکنار,2026-09-29,باز,2000000,,,,2026-09-08T18:35:11
3274535,بابلکنار,2026-09-30,باز,3000000,,,بله,2026-09-08T18:35:11
3274535,بابلکنار,2026-10-01,باز,3000000,,,بله,2026-09-08T18:35:11
3274535,بابلکنار,2026-10-02,باز,2000000,,,,2026-09-08T18:35:11
3274535,بابلکنار,2026-10-03,باز,2000000,,,,2026-09-08T18:35:11
3274535,بابلکنار,2026-10-04,باز,2000000,,,,2026-09-08T18:35:11
3274535,بابلکنار,2026-10-05,باز,2000000,,,,2026-09-08T18:35:11
3274535,بابلکنار,2026-10-06,باز,2000000,,,,2026-09-08T18:35:11
3274535,بابلکنار,2026-10-07,باز,3000000,,,بله,2026-09-08T18:35:11
3274535,بابلکنار,2026-10-08,باز,3000000,,,بله,2026-09-08T18:35:11
3276112,کاردرکلا,2026-09-08,بسته (مشاهده‌شده - دلیل نامشخص),3800000,,,,2026-09-08T18:35:16
3276112,کاردرکلا,2026-09-09,بسته (مشاهده‌شده - دلیل نامشخص),6500000,,,بله,2026-09-08T18:35:16
3276112,کاردرکلا,2026-09-10,بسته (مشاهده‌شده - دلیل نامشخص),7500000,,,بله,2026-09-08T18:35:16
3276112,کاردرکلا,2026-09-11,بسته (مشاهده‌شده - دلیل نامشخص),4500000,,,,2026-09-08T18:35:16
3276112,کاردرکلا,2026-09-12,باز,4500000,,,,2026-09-08T18:35:16
3276112,کاردرکلا,2026-09-13,بسته (مشاهده‌شده - دلیل نامشخص),4500000,,,,2026-09-08T18:35:16
3276112,کاردرکلا,2026-09-14,بسته (مشاهده‌شده - دلیل نامشخص),4500000,,,,2026-09-08T18:35:16
3276112,کاردرکلا,2026-09-15,باز,4500000,,,,2026-09-08T18:35:16
3276112,کاردرکلا,2026-09-16,باز,6500000,,,بله,2026-09-08T18:35:16
3276112,کاردرکلا,2026-09-17,باز,8500000,,,بله,2026-09-08T18:35:16
3276112,کاردرکلا,2026-09-18,باز,4500000,,,,2026-09-08T18:35:16
3276112,کاردرکلا,2026-09-19,باز,4500000,,,,2026-09-08T18:35:16
3276112,کاردرکلا,2026-09-20,باز,4500000,,,,2026-09-08T18:35:16
3276112,کاردرکلا,2026-09-21,بسته (مشاهده‌شده - دلیل نامشخص),4500000,,,,2026-09-08T18:35:16
3276112,کاردرکلا,2026-09-22,بسته (مشاهده‌شده - دلیل نامشخص),4500000,,,,2026-09-08T18:35:16
3276112,کاردرکلا,2026-09-23,بسته (مشاهده‌شده - دلیل نامشخص),4500000,,,بله,2026-09-08T18:35:16
3276112,کاردرکلا,2026-09-24,باز,4500000,,,بله,2026-09-08T18:35:16
3276112,کاردرکلا,2026-09-25,باز,2500000,,,,2026-09-08T18:35:16
3276112,کاردرکلا,2026-09-26,باز,2500000,,,,2026-09-08T18:35:16
3276112,کاردرکلا,2026-09-27,باز,2500000,,,,2026-09-08T18:35:16
3276112,کاردرکلا,2026-09-28,باز,2500000,,,,2026-09-08T18:35:16
3276112,کاردرکلا,2026-09-29,باز,2500000,,,,2026-09-08T18:35:16
3276112,کاردرکلا,2026-09-30,باز,4500000,,,بله,2026-09-08T18:35:16
3276112,کاردرکلا,2026-10-01,باز,4500000,,,بله,2026-09-08T18:35:16
3276112,کاردرکلا,2026-10-02,باز,2500000,,,,2026-09-08T18:35:16
3276112,کاردرکلا,2026-10-03,باز,2500000,,,,2026-09-08T18:35:16
3276112,کاردرکلا,2026-10-04,باز,2500000,,,,2026-09-08T18:35:16
3276112,کاردرکلا,2026-10-05,باز,2500000,,,,2026-09-08T18:35:16
3276112,کاردرکلا,2026-10-06,باز,2500000,,,,2026-09-08T18:35:16
3276112,کاردرکلا,2026-10-07,باز,4500000,,,بله,2026-09-08T18:35:16
3276112,کاردرکلا,2026-10-08,باز,4500000,,,بله,2026-09-08T18:35:16
3276228,شیردارکلا,2026-09-08,بسته (مشاهده‌شده - دلیل نامشخص),4000000,,,,2026-09-08T18:36:10
3276228,شیردارکلا,2026-09-09,بسته (مشاهده‌شده - دلیل نامشخص),4000000,,,,2026-09-08T18:36:10
3276228,شیردارکلا,2026-09-10,بسته (مشاهده‌شده - دلیل نامشخص),4500000,,,بله,2026-09-08T18:36:10
3276228,شیردارکلا,2026-09-11,بسته (مشاهده‌شده - دلیل نامشخص),4000000,,,,2026-09-08T18:36:10
3276228,شیردارکلا,2026-09-12,بسته (مشاهده‌شده - دلیل نامشخص),4000000,,,,2026-09-08T18:36:10
3276228,شیردارکلا,2026-09-13,بسته (مشاهده‌شده - دلیل نامشخص),4000000,,,,2026-09-08T18:36:10
3276228,شیردارکلا,2026-09-14,باز,4000000,,,,2026-09-08T18:36:10
3276228,شیردارکلا,2026-09-15,باز,4000000,,,,2026-09-08T18:36:10
3276228,شیردارکلا,2026-09-16,باز,4000000,,,,2026-09-08T18:36:10
3276228,شیردارکلا,2026-09-17,بسته (مشاهده‌شده - دلیل نامشخص),5000000,,,بله,2026-09-08T18:36:10
3276228,شیردارکلا,2026-09-18,باز,5000000,,,,2026-09-08T18:36:10
3276228,شیردارکلا,2026-09-19,باز,5000000,,,,2026-09-08T18:36:10
3276228,شیردارکلا,2026-09-20,باز,5000000,,,,2026-09-08T18:36:10
3276228,شیردارکلا,2026-09-21,باز,5000000,,,,2026-09-08T18:36:10
3276228,شیردارکلا,2026-09-22,باز,5000000,,,,2026-09-08T18:36:10
3276228,شیردارکلا,2026-09-23,باز,2800000,,,,2026-09-08T18:36:10
3276228,شیردارکلا,2026-09-24,باز,3500000,,,بله,2026-09-08T18:36:10
3276228,شیردارکلا,2026-09-25,باز,2800000,,,,2026-09-08T18:36:10
3276228,شیردارکلا,2026-09-26,بسته (مشاهده‌شده - دلیل نامشخص),2800000,,,,2026-09-08T18:36:10
3276228,شیردارکلا,2026-09-27,بسته (مشاهده‌شده - دلیل نامشخص),2800000,,,,2026-09-08T18:36:10
3276228,شیردارکلا,2026-09-28,بسته (مشاهده‌شده - دلیل نامشخص),2800000,,,,2026-09-08T18:36:10
3276228,شیردارکلا,2026-09-29,بسته (مشاهده‌شده - دلیل نامشخص),2800000,,,,2026-09-08T18:36:10
3276228,شیردارکلا,2026-09-30,باز,2800000,,,,2026-09-08T18:36:10
3276228,شیردارکلا,2026-10-01,باز,3500000,,,بله,2026-09-08T18:36:10
3276228,شیردارکلا,2026-10-02,باز,2800000,,,,2026-09-08T18:36:10
3276228,شیردارکلا,2026-10-03,باز,2800000,,,,2026-09-08T18:36:10
3276228,شیردارکلا,2026-10-04,باز,2800000,,,,2026-09-08T18:36:10
3276228,شیردارکلا,2026-10-05,باز,2800000,,,,2026-09-08T18:36:10
3276228,شیردارکلا,2026-10-06,باز,2800000,,,,2026-09-08T18:36:10
3276228,شیردارکلا,2026-10-07,باز,2800000,,,,2026-09-08T18:36:10
3276228,شیردارکلا,2026-10-08,باز,3500000,,,بله,2026-09-08T18:36:10
3277973,بابلکنار,2026-09-08,بسته (مشاهده‌شده - دلیل نامشخص),1800000,,,,2026-09-08T18:36:14
3277973,بابلکنار,2026-09-09,بسته (مشاهده‌شده - دلیل نامشخص),2500000,,,بله,2026-09-08T18:36:14
3277973,بابلکنار,2026-09-10,بسته (مشاهده‌شده - دلیل نامشخص),2500000,,,بله,2026-09-08T18:36:14
3277973,بابلکنار,2026-09-11,بسته (مشاهده‌شده - دلیل نامشخص),1800000,,,,2026-09-08T18:36:14
3277973,بابلکنار,2026-09-12,بسته (مشاهده‌شده - دلیل نامشخص),1800000,,,,2026-09-08T18:36:14
3277973,بابلکنار,2026-09-13,بسته (مشاهده‌شده - دلیل نامشخص),1800000,,,,2026-09-08T18:36:14
3277973,بابلکنار,2026-09-14,بسته (مشاهده‌شده - دلیل نامشخص),1800000,,,,2026-09-08T18:36:14
3277973,بابلکنار,2026-09-15,بسته (مشاهده‌شده - دلیل نامشخص),1800000,,,,2026-09-08T18:36:14
3277973,بابلکنار,2026-09-16,بسته (مشاهده‌شده - دلیل نامشخص),2500000,,,بله,2026-09-08T18:36:14
3277973,بابلکنار,2026-09-17,بسته (مشاهده‌شده - دلیل نامشخص),2500000,,,بله,2026-09-08T18:36:14
3277973,بابلکنار,2026-09-18,بسته (مشاهده‌شده - دلیل نامشخص),1800000,,,,2026-09-08T18:36:14
3277973,بابلکنار,2026-09-19,بسته (مشاهده‌شده - دلیل نامشخص),1800000,,,,2026-09-08T18:36:14
3277973,بابلکنار,2026-09-20,بسته (مشاهده‌شده - دلیل نامشخص),1800000,,,,2026-09-08T18:36:14
3277973,بابلکنار,2026-09-21,بسته (مشاهده‌شده - دلیل نامشخص),1800000,,,,2026-09-08T18:36:14
3277973,بابلکنار,2026-09-22,بسته (مشاهده‌شده - دلیل نامشخص),1800000,,,,2026-09-08T18:36:14
3277973,بابلکنار,2026-09-23,باز,2800000,,,بله,2026-09-08T18:36:14
3277973,بابلکنار,2026-09-24,باز,2800000,,,بله,2026-09-08T18:36:14
3277973,بابلکنار,2026-09-25,باز,1500000,,,,2026-09-08T18:36:14
3277973,بابلکنار,2026-09-26,باز,1500000,,,,2026-09-08T18:36:14
3277973,بابلکنار,2026-09-27,باز,1500000,,,,2026-09-08T18:36:14
3277973,بابلکنار,2026-09-28,باز,1500000,,,,2026-09-08T18:36:14
3277973,بابلکنار,2026-09-29,باز,1500000,,,,2026-09-08T18:36:14
3277973,بابلکنار,2026-09-30,باز,2800000,,,بله,2026-09-08T18:36:14
3277973,بابلکنار,2026-10-01,باز,2800000,,,بله,2026-09-08T18:36:14
3277973,بابلکنار,2026-10-02,باز,1500000,,,,2026-09-08T18:36:14
3277973,بابلکنار,2026-10-03,باز,1500000,,,,2026-09-08T18:36:14
3277973,بابلکنار,2026-10-04,باز,1500000,,,,2026-09-08T18:36:14
3277973,بابلکنار,2026-10-05,باز,1500000,,,,2026-09-08T18:36:14
3277973,بابلکنار,2026-10-06,باز,1500000,,,,2026-09-08T18:36:14
3277973,بابلکنار,2026-10-07,باز,2800000,,,بله,2026-09-08T18:36:14
3277973,بابلکنار,2026-10-08,باز,2800000,,,بله,2026-09-08T18:36:14
3278651,لفور,2026-09-08,بسته (مشاهده‌شده - دلیل نامشخص),3850000,,,,2026-09-08T18:36:17
3278651,لفور,2026-09-09,بسته (مشاهده‌شده - دلیل نامشخص),4550000,,,بله,2026-09-08T18:36:17
3278651,لفور,2026-09-10,بسته (مشاهده‌شده - دلیل نامشخص),4250000,,,بله,2026-09-08T18:36:17
3278651,لفور,2026-09-11,باز,3850000,,,,2026-09-08T18:36:17
3278651,لفور,2026-09-12,بسته (مشاهده‌شده - دلیل نامشخص),3850000,,,,2026-09-08T18:36:17
3278651,لفور,2026-09-13,بسته (مشاهده‌شده - دلیل نامشخص),3850000,,,,2026-09-08T18:36:17
3278651,لفور,2026-09-14,باز,3850000,,,,2026-09-08T18:36:17
3278651,لفور,2026-09-15,باز,3850000,,,,2026-09-08T18:36:17
3278651,لفور,2026-09-16,باز,4550000,,,بله,2026-09-08T18:36:17
3278651,لفور,2026-09-17,بسته (مشاهده‌شده - دلیل نامشخص),4850000,,,بله,2026-09-08T18:36:17
3278651,لفور,2026-09-18,باز,3850000,,,,2026-09-08T18:36:17
3278651,لفور,2026-09-19,باز,3850000,,,,2026-09-08T18:36:17
3278651,لفور,2026-09-20,باز,3850000,,,,2026-09-08T18:36:17
3278651,لفور,2026-09-21,باز,3850000,,,,2026-09-08T18:36:17
3278651,لفور,2026-09-22,باز,3850000,,,,2026-09-08T18:36:17
3278651,لفور,2026-09-23,باز,4150000,,,بله,2026-09-08T18:36:17
3278651,لفور,2026-09-24,باز,4150000,,,بله,2026-09-08T18:36:17
3278651,لفور,2026-09-25,باز,3150000,,,,2026-09-08T18:36:17
3278651,لفور,2026-09-26,باز,3150000,,,,2026-09-08T18:36:17
3278651,لفور,2026-09-27,باز,3150000,,,,2026-09-08T18:36:17
3278651,لفور,2026-09-28,باز,3150000,,,,2026-09-08T18:36:17
3278651,لفور,2026-09-29,باز,3150000,,,,2026-09-08T18:36:17
3278651,لفور,2026-09-30,باز,4150000,,,بله,2026-09-08T18:36:17
3278651,لفور,2026-10-01,باز,4150000,,,بله,2026-09-08T18:36:17
3278651,لفور,2026-10-02,باز,3150000,,,,2026-09-08T18:36:17
3278651,لفور,2026-10-03,باز,3150000,,,,2026-09-08T18:36:17
3278651,لفور,2026-10-04,باز,3150000,,,,2026-09-08T18:36:17
3278651,لفور,2026-10-05,باز,3150000,,,,2026-09-08T18:36:17
3278651,لفور,2026-10-06,باز,3150000,,,,2026-09-08T18:36:17
3278651,لفور,2026-10-07,باز,4150000,,,بله,2026-09-08T18:36:17
3278651,لفور,2026-10-08,باز,4150000,,,بله,2026-09-08T18:36:17
3279072,,2026-09-08,باز,2000000,,,,2026-09-08T18:36:22
3279072,,2026-09-09,باز,3500000,,,بله,2026-09-08T18:36:22
3279072,,2026-09-10,باز,3500000,,,بله,2026-09-08T18:36:22
3279072,,2026-09-11,باز,2000000,,,,2026-09-08T18:36:22
3279072,,2026-09-12,باز,2000000,,,,2026-09-08T18:36:22
3279072,,2026-09-13,باز,2000000,,,,2026-09-08T18:36:22
3279072,,2026-09-14,باز,2000000,,,,2026-09-08T18:36:22
3279072,,2026-09-15,باز,2000000,,,,2026-09-08T18:36:22
3279072,,2026-09-16,باز,3500000,,,بله,2026-09-08T18:36:22
3279072,,2026-09-17,باز,3500000,,,بله,2026-09-08T18:36:22
3279072,,2026-09-18,باز,2000000,,,,2026-09-08T18:36:22
3279072,,2026-09-19,باز,2000000,,,,2026-09-08T18:36:22
3279072,,2026-09-20,باز,2000000,,,,2026-09-08T18:36:22
3279072,,2026-09-21,باز,2000000,,,,2026-09-08T18:36:22
3279072,,2026-09-22,باز,2000000,,,,2026-09-08T18:36:22
3279072,,2026-09-23,باز,2500000,,,بله,2026-09-08T18:36:22
3279072,,2026-09-24,باز,2500000,,,بله,2026-09-08T18:36:22
3279072,,2026-09-25,باز,2000000,,,,2026-09-08T18:36:22
3279072,,2026-09-26,باز,2000000,,,,2026-09-08T18:36:22
3279072,,2026-09-27,باز,2000000,,,,2026-09-08T18:36:22
3279072,,2026-09-28,باز,2000000,,,,2026-09-08T18:36:22
3279072,,2026-09-29,باز,2000000,,,,2026-09-08T18:36:22
3279072,,2026-09-30,باز,2500000,,,بله,2026-09-08T18:36:22
3279072,,2026-10-01,باز,2500000,,,بله,2026-09-08T18:36:22
3279072,,2026-10-02,باز,2000000,,,,2026-09-08T18:36:22
3279072,,2026-10-03,باز,2000000,,,,2026-09-08T18:36:22
3279072,,2026-10-04,باز,2000000,,,,2026-09-08T18:36:22
3279072,,2026-10-05,باز,2000000,,,,2026-09-08T18:36:22
3279072,,2026-10-06,باز,2000000,,,,2026-09-08T18:36:22
3279072,,2026-10-07,باز,2500000,,,بله,2026-09-08T18:36:22
3279072,,2026-10-08,باز,2500000,,,بله,2026-09-08T18:36:22
3279500,بالفکلا,2026-09-08,بسته (مشاهده‌شده - دلیل نامشخص),5000000,,,,2026-09-08T18:36:47
3279500,بالفکلا,2026-09-09,بسته (مشاهده‌شده - دلیل نامشخص),8000000,,,بله,2026-09-08T18:36:47
3279500,بالفکلا,2026-09-10,باز,8000000,,,بله,2026-09-08T18:36:47
3279500,بالفکلا,2026-09-11,باز,5000000,,,,2026-09-08T18:36:47
3279500,بالفکلا,2026-09-12,باز,5000000,,,,2026-09-08T18:36:47
3279500,بالفکلا,2026-09-13,باز,5000000,,,,2026-09-08T18:36:47
3279500,بالفکلا,2026-09-14,باز,5000000,,,,2026-09-08T18:36:47
3279500,بالفکلا,2026-09-15,باز,5000000,,,,2026-09-08T18:36:47
3279500,بالفکلا,2026-09-16,باز,8000000,,,بله,2026-09-08T18:36:47
3279500,بالفکلا,2026-09-17,باز,8000000,,,بله,2026-09-08T18:36:47
3279500,بالفکلا,2026-09-18,باز,5000000,,,,2026-09-08T18:36:47
3279500,بالفکلا,2026-09-19,باز,5000000,,,,2026-09-08T18:36:47
3279500,بالفکلا,2026-09-20,باز,5000000,,,,2026-09-08T18:36:47
3279500,بالفکلا,2026-09-21,باز,5000000,,,,2026-09-08T18:36:47
3279500,بالفکلا,2026-09-22,باز,5000000,,,,2026-09-08T18:36:47
3279500,بالفکلا,2026-09-23,باز,7000000,,,بله,2026-09-08T18:36:47
3279500,بالفکلا,2026-09-24,باز,7000000,,,بله,2026-09-08T18:36:47
3279500,بالفکلا,2026-09-25,باز,1700000,,,,2026-09-08T18:36:47
3279500,بالفکلا,2026-09-26,باز,1700000,,,,2026-09-08T18:36:47
3279500,بالفکلا,2026-09-27,باز,1700000,,,,2026-09-08T18:36:47
3279500,بالفکلا,2026-09-28,باز,1700000,,,,2026-09-08T18:36:47
3279500,بالفکلا,2026-09-29,باز,1700000,,,,2026-09-08T18:36:47
3279500,بالفکلا,2026-09-30,باز,3500000,,,بله,2026-09-08T18:36:47
3279500,بالفکلا,2026-10-01,باز,3500000,,,بله,2026-09-08T18:36:47
3279500,بالفکلا,2026-10-02,باز,1700000,,,,2026-09-08T18:36:47
3279500,بالفکلا,2026-10-03,باز,1700000,,,,2026-09-08T18:36:47
3279500,بالفکلا,2026-10-04,باز,1700000,,,,2026-09-08T18:36:47
3279500,بالفکلا,2026-10-05,باز,1700000,,,,2026-09-08T18:36:47
3279500,بالفکلا,2026-10-06,باز,1700000,,,,2026-09-08T18:36:47
3279500,بالفکلا,2026-10-07,باز,3500000,,,بله,2026-09-08T18:36:47
3279500,بالفکلا,2026-10-08,باز,3500000,,,بله,2026-09-08T18:36:47
3279598,شیردارکلا,2026-09-08,بسته (مشاهده‌شده - دلیل نامشخص),3990000,,,,2026-09-08T18:36:49
3279598,شیردارکلا,2026-09-09,باز,5990000,,,بله,2026-09-08T18:36:49
3279598,شیردارکلا,2026-09-10,بسته (مشاهده‌شده - دلیل نامشخص),5990000,,,بله,2026-09-08T18:36:49
3279598,شیردارکلا,2026-09-11,باز,3990000,,,,2026-09-08T18:36:49
3279598,شیردارکلا,2026-09-12,باز,3990000,,,,2026-09-08T18:36:49
3279598,شیردارکلا,2026-09-13,باز,3990000,,,,2026-09-08T18:36:49
3279598,شیردارکلا,2026-09-14,باز,3990000,,,,2026-09-08T18:36:49
3279598,شیردارکلا,2026-09-15,باز,3990000,,,,2026-09-08T18:36:49
3279598,شیردارکلا,2026-09-16,باز,5990000,,,بله,2026-09-08T18:36:49
3279598,شیردارکلا,2026-09-17,باز,5990000,,,بله,2026-09-08T18:36:49
3279598,شیردارکلا,2026-09-18,باز,3990000,,,,2026-09-08T18:36:49
3279598,شیردارکلا,2026-09-19,باز,3990000,,,,2026-09-08T18:36:49
3279598,شیردارکلا,2026-09-20,باز,3990000,,,,2026-09-08T18:36:49
3279598,شیردارکلا,2026-09-21,باز,3990000,,,,2026-09-08T18:36:49
3279598,شیردارکلا,2026-09-22,باز,3990000,,,,2026-09-08T18:36:49
3279598,شیردارکلا,2026-09-23,باز,2950000,,,بله,2026-09-08T18:36:49
3279598,شیردارکلا,2026-09-24,باز,2950000,,,بله,2026-09-08T18:36:49
3279598,شیردارکلا,2026-09-25,باز,2100000,,,,2026-09-08T18:36:49
3279598,شیردارکلا,2026-09-26,باز,2100000,,,,2026-09-08T18:36:49
3279598,شیردارکلا,2026-09-27,باز,2100000,,,,2026-09-08T18:36:49
3279598,شیردارکلا,2026-09-28,باز,2100000,,,,2026-09-08T18:36:49
3279598,شیردارکلا,2026-09-29,باز,2100000,,,,2026-09-08T18:36:49
3279598,شیردارکلا,2026-09-30,باز,2950000,,,بله,2026-09-08T18:36:49
3279598,شیردارکلا,2026-10-01,باز,2950000,,,بله,2026-09-08T18:36:49
3279598,شیردارکلا,2026-10-02,باز,2100000,,,,2026-09-08T18:36:49
3279598,شیردارکلا,2026-10-03,باز,2100000,,,,2026-09-08T18:36:49
3279598,شیردارکلا,2026-10-04,باز,2100000,,,,2026-09-08T18:36:49
3279598,شیردارکلا,2026-10-05,باز,2100000,,,,2026-09-08T18:36:49
3279598,شیردارکلا,2026-10-06,باز,2100000,,,,2026-09-08T18:36:49
3279598,شیردارکلا,2026-10-07,باز,2950000,,,بله,2026-09-08T18:36:49
3279598,شیردارکلا,2026-10-08,باز,2950000,,,بله,2026-09-08T18:36:49
3280170,بالفکلا,2026-09-08,بسته (مشاهده‌شده - دلیل نامشخص),3500000,,,,2026-09-08T18:36:54
3280170,بالفکلا,2026-09-09,بسته (مشاهده‌شده - دلیل نامشخص),6000000,,,بله,2026-09-08T18:36:54
3280170,بالفکلا,2026-09-10,بسته (مشاهده‌شده - دلیل نامشخص),6000000,,,بله,2026-09-08T18:36:54
3280170,بالفکلا,2026-09-11,باز,3800000,,,,2026-09-08T18:36:54
3280170,بالفکلا,2026-09-12,باز,3800000,,,,2026-09-08T18:36:54
3280170,بالفکلا,2026-09-13,باز,3800000,,,,2026-09-08T18:36:54
3280170,بالفکلا,2026-09-14,باز,3800000,,,,2026-09-08T18:36:54
3280170,بالفکلا,2026-09-15,باز,3800000,,,,2026-09-08T18:36:54
3280170,بالفکلا,2026-09-16,باز,6000000,,,بله,2026-09-08T18:36:54
3280170,بالفکلا,2026-09-17,باز,6000000,,,بله,2026-09-08T18:36:54
3280170,بالفکلا,2026-09-18,باز,3800000,,,,2026-09-08T18:36:54
3280170,بالفکلا,2026-09-19,باز,3800000,,,,2026-09-08T18:36:54
3280170,بالفکلا,2026-09-20,باز,3800000,,,,2026-09-08T18:36:54
3280170,بالفکلا,2026-09-21,باز,3800000,,,,2026-09-08T18:36:54
3280170,بالفکلا,2026-09-22,باز,3800000,,,,2026-09-08T18:36:54
3280170,بالفکلا,2026-09-23,باز,4800000,,,بله,2026-09-08T18:36:54
3280170,بالفکلا,2026-09-24,باز,4800000,,,بله,2026-09-08T18:36:54
3280170,بالفکلا,2026-09-25,باز,3000000,,,,2026-09-08T18:36:54
3280170,بالفکلا,2026-09-26,باز,3000000,,,,2026-09-08T18:36:54
3280170,بالفکلا,2026-09-27,باز,3000000,,,,2026-09-08T18:36:54
3280170,بالفکلا,2026-09-28,باز,3000000,,,,2026-09-08T18:36:54
3280170,بالفکلا,2026-09-29,باز,3000000,,,,2026-09-08T18:36:54
3280170,بالفکلا,2026-09-30,باز,4800000,,,بله,2026-09-08T18:36:54
3280170,بالفکلا,2026-10-01,باز,4800000,,,بله,2026-09-08T18:36:54
3280170,بالفکلا,2026-10-02,باز,3000000,,,,2026-09-08T18:36:54
3280170,بالفکلا,2026-10-03,باز,3000000,,,,2026-09-08T18:36:54
3280170,بالفکلا,2026-10-04,باز,3000000,,,,2026-09-08T18:36:54
3280170,بالفکلا,2026-10-05,باز,3000000,,,,2026-09-08T18:36:54
3280170,بالفکلا,2026-10-06,باز,3000000,,,,2026-09-08T18:36:54
3280170,بالفکلا,2026-10-07,باز,4800000,,,بله,2026-09-08T18:36:54
3280170,بالفکلا,2026-10-08,باز,4800000,,,بله,2026-09-08T18:36:54
3280346,قادیکلا,2026-09-08,باز,10000000,,,,2026-09-08T18:36:56
3280346,قادیکلا,2026-09-09,باز,12000000,,,بله,2026-09-08T18:36:56
3280346,قادیکلا,2026-09-10,باز,12000000,,,بله,2026-09-08T18:36:56
3280346,قادیکلا,2026-09-11,باز,10000000,,,,2026-09-08T18:36:56
3280346,قادیکلا,2026-09-12,باز,10000000,,,,2026-09-08T18:36:56
3280346,قادیکلا,2026-09-13,باز,10000000,,,,2026-09-08T18:36:56
3280346,قادیکلا,2026-09-14,باز,10000000,,,,2026-09-08T18:36:56
3280346,قادیکلا,2026-09-15,باز,10000000,,,,2026-09-08T18:36:56
3280346,قادیکلا,2026-09-16,باز,12000000,,,بله,2026-09-08T18:36:56
3280346,قادیکلا,2026-09-17,باز,12000000,,,بله,2026-09-08T18:36:56
3280346,قادیکلا,2026-09-18,باز,10000000,,,,2026-09-08T18:36:56
3280346,قادیکلا,2026-09-19,باز,10000000,,,,2026-09-08T18:36:56
3280346,قادیکلا,2026-09-20,باز,10000000,,,,2026-09-08T18:36:56
3280346,قادیکلا,2026-09-21,باز,10000000,,,,2026-09-08T18:36:56
3280346,قادیکلا,2026-09-22,باز,10000000,,,,2026-09-08T18:36:56
3280346,قادیکلا,2026-09-23,باز,8000000,,,بله,2026-09-08T18:36:56
3280346,قادیکلا,2026-09-24,باز,8000000,,,بله,2026-09-08T18:36:56
3280346,قادیکلا,2026-09-25,باز,6000000,,,,2026-09-08T18:36:56
3280346,قادیکلا,2026-09-26,باز,6000000,,,,2026-09-08T18:36:56
3280346,قادیکلا,2026-09-27,باز,6000000,,,,2026-09-08T18:36:56
3280346,قادیکلا,2026-09-28,باز,6000000,,,,2026-09-08T18:36:56
3280346,قادیکلا,2026-09-29,باز,6000000,,,,2026-09-08T18:36:56
3280346,قادیکلا,2026-09-30,باز,8000000,,,بله,2026-09-08T18:36:56
3280346,قادیکلا,2026-10-01,باز,8000000,,,بله,2026-09-08T18:36:56
3280346,قادیکلا,2026-10-02,باز,6000000,,,,2026-09-08T18:36:56
3280346,قادیکلا,2026-10-03,باز,6000000,,,,2026-09-08T18:36:56
3280346,قادیکلا,2026-10-04,باز,6000000,,,,2026-09-08T18:36:56
3280346,قادیکلا,2026-10-05,باز,6000000,,,,2026-09-08T18:36:56
3280346,قادیکلا,2026-10-06,باز,6000000,,,,2026-09-08T18:36:56
3280346,قادیکلا,2026-10-07,باز,8000000,,,بله,2026-09-08T18:36:56
3280346,قادیکلا,2026-10-08,باز,8000000,,,بله,2026-09-08T18:36:56
3280978,شیردارکلا,2026-09-08,بسته (مشاهده‌شده - دلیل نامشخص),4000000,,,,2026-09-08T18:36:57
3280978,شیردارکلا,2026-09-09,بسته (مشاهده‌شده - دلیل نامشخص),6000000,,,بله,2026-09-08T18:36:57
3280978,شیردارکلا,2026-09-10,بسته (مشاهده‌شده - دلیل نامشخص),7000000,,,بله,2026-09-08T18:36:57
3280978,شیردارکلا,2026-09-11,بسته (مشاهده‌شده - دلیل نامشخص),5000000,,,,2026-09-08T18:36:57
3280978,شیردارکلا,2026-09-12,بسته (مشاهده‌شده - دلیل نامشخص),5000000,,,,2026-09-08T18:36:57
3280978,شیردارکلا,2026-09-13,بسته (مشاهده‌شده - دلیل نامشخص),5000000,,,,2026-09-08T18:36:57
3280978,شیردارکلا,2026-09-14,باز,5000000,,,,2026-09-08T18:36:57
3280978,شیردارکلا,2026-09-15,باز,5000000,,,,2026-09-08T18:36:57
3280978,شیردارکلا,2026-09-16,باز,6000000,,,بله,2026-09-08T18:36:57
3280978,شیردارکلا,2026-09-17,باز,7000000,,,بله,2026-09-08T18:36:57
3280978,شیردارکلا,2026-09-18,باز,7500000,,,,2026-09-08T18:36:57
3280978,شیردارکلا,2026-09-19,باز,7500000,,,,2026-09-08T18:36:57
3280978,شیردارکلا,2026-09-20,باز,7500000,,,,2026-09-08T18:36:57
3280978,شیردارکلا,2026-09-21,باز,7500000,,,,2026-09-08T18:36:57
3280978,شیردارکلا,2026-09-22,باز,7500000,,,,2026-09-08T18:36:57
3280978,شیردارکلا,2026-09-23,بسته (مشاهده‌شده - دلیل نامشخص),5400000,,,بله,2026-09-08T18:36:57
3280978,شیردارکلا,2026-09-24,بسته (مشاهده‌شده - دلیل نامشخص),5400000,,,بله,2026-09-08T18:36:57
3280978,شیردارکلا,2026-09-25,بسته (مشاهده‌شده - دلیل نامشخص),3200000,,,,2026-09-08T18:36:57
3280978,شیردارکلا,2026-09-26,باز,3200000,,,,2026-09-08T18:36:57
3280978,شیردارکلا,2026-09-27,باز,3200000,,,,2026-09-08T18:36:57
3280978,شیردارکلا,2026-09-28,باز,3200000,,,,2026-09-08T18:36:57
3280978,شیردارکلا,2026-09-29,باز,3200000,,,,2026-09-08T18:36:57
3280978,شیردارکلا,2026-09-30,باز,5400000,,,بله,2026-09-08T18:36:57
3280978,شیردارکلا,2026-10-01,باز,5400000,,,بله,2026-09-08T18:36:57
3280978,شیردارکلا,2026-10-02,باز,3200000,,,,2026-09-08T18:36:57
3280978,شیردارکلا,2026-10-03,باز,3200000,,,,2026-09-08T18:36:57
3280978,شیردارکلا,2026-10-04,باز,3200000,,,,2026-09-08T18:36:57
3280978,شیردارکلا,2026-10-05,باز,3200000,,,,2026-09-08T18:36:57
3280978,شیردارکلا,2026-10-06,باز,3200000,,,,2026-09-08T18:36:57
3280978,شیردارکلا,2026-10-07,باز,5400000,,,بله,2026-09-08T18:36:57
3280978,شیردارکلا,2026-10-08,باز,5400000,,,بله,2026-09-08T18:36:57
3281370,گونه کلا,2026-09-08,بسته (مشاهده‌شده - دلیل نامشخص),2550000,,,,2026-09-08T18:37:24
3281370,گونه کلا,2026-09-09,باز,4850000,10,,بله,2026-09-08T18:37:24
3281370,گونه کلا,2026-09-10,بسته (مشاهده‌شده - دلیل نامشخص),4850000,,,بله,2026-09-08T18:37:24
3281370,گونه کلا,2026-09-11,بسته (مشاهده‌شده - دلیل نامشخص),2550000,,,,2026-09-08T18:37:24
3281370,گونه کلا,2026-09-12,باز,2550000,,,,2026-09-08T18:37:24
3281370,گونه کلا,2026-09-13,باز,2550000,,,,2026-09-08T18:37:24
3281370,گونه کلا,2026-09-14,باز,2550000,,,,2026-09-08T18:37:24
3281370,گونه کلا,2026-09-15,باز,2550000,,,,2026-09-08T18:37:24
3281370,گونه کلا,2026-09-16,باز,4850000,,,بله,2026-09-08T18:37:24
3281370,گونه کلا,2026-09-17,باز,4850000,,,بله,2026-09-08T18:37:24
3281370,گونه کلا,2026-09-18,باز,2550000,,,,2026-09-08T18:37:24
3281370,گونه کلا,2026-09-19,باز,2550000,,,,2026-09-08T18:37:24
3281370,گونه کلا,2026-09-20,باز,2550000,,,,2026-09-08T18:37:24
3281370,گونه کلا,2026-09-21,باز,2550000,,,,2026-09-08T18:37:24
3281370,گونه کلا,2026-09-22,باز,2550000,,,,2026-09-08T18:37:24
3281370,گونه کلا,2026-09-23,باز,4560000,,,بله,2026-09-08T18:37:24
3281370,گونه کلا,2026-09-24,باز,4560000,,,بله,2026-09-08T18:37:24
3281370,گونه کلا,2026-09-25,باز,2450000,,,,2026-09-08T18:37:24
3281370,گونه کلا,2026-09-26,باز,2450000,,,,2026-09-08T18:37:24
3281370,گونه کلا,2026-09-27,باز,2450000,,,,2026-09-08T18:37:24
3281370,گونه کلا,2026-09-28,باز,2450000,,,,2026-09-08T18:37:24
3281370,گونه کلا,2026-09-29,باز,2450000,,,,2026-09-08T18:37:24
3281370,گونه کلا,2026-09-30,باز,4560000,,,بله,2026-09-08T18:37:24
3281370,گونه کلا,2026-10-01,باز,4560000,,,بله,2026-09-08T18:37:24
3281370,گونه کلا,2026-10-02,باز,2450000,,,,2026-09-08T18:37:24
3281370,گونه کلا,2026-10-03,باز,2450000,,,,2026-09-08T18:37:24
3281370,گونه کلا,2026-10-04,باز,2450000,,,,2026-09-08T18:37:24
3281370,گونه کلا,2026-10-05,باز,2450000,,,,2026-09-08T18:37:24
3281370,گونه کلا,2026-10-06,باز,2450000,,,,2026-09-08T18:37:24
3281370,گونه کلا,2026-10-07,باز,4560000,,,بله,2026-09-08T18:37:24
3281370,گونه کلا,2026-10-08,باز,4560000,,,بله,2026-09-08T18:37:24
3281922,قرآن تالار,2026-09-08,باز,3000000,,,,2026-09-08T18:37:28
3281922,قرآن تالار,2026-09-09,باز,3750000,,,بله,2026-09-08T18:37:28
3281922,قرآن تالار,2026-09-10,باز,3750000,,,بله,2026-09-08T18:37:28
3281922,قرآن تالار,2026-09-11,باز,3000000,,,,2026-09-08T18:37:28
3281922,قرآن تالار,2026-09-12,باز,3000000,,,,2026-09-08T18:37:28
3281922,قرآن تالار,2026-09-13,باز,3000000,,,,2026-09-08T18:37:28
3281922,قرآن تالار,2026-09-14,باز,3000000,,,,2026-09-08T18:37:28
3281922,قرآن تالار,2026-09-15,باز,3000000,,,,2026-09-08T18:37:28
3281922,قرآن تالار,2026-09-16,باز,3750000,,,بله,2026-09-08T18:37:28
3281922,قرآن تالار,2026-09-17,باز,3750000,,,بله,2026-09-08T18:37:28
3281922,قرآن تالار,2026-09-18,باز,3000000,,,,2026-09-08T18:37:28
3281922,قرآن تالار,2026-09-19,باز,3000000,,,,2026-09-08T18:37:28
3281922,قرآن تالار,2026-09-20,باز,3000000,,,,2026-09-08T18:37:28
3281922,قرآن تالار,2026-09-21,باز,3000000,,,,2026-09-08T18:37:28
3281922,قرآن تالار,2026-09-22,باز,3000000,,,,2026-09-08T18:37:28
3281922,قرآن تالار,2026-09-23,باز,3700000,,,بله,2026-09-08T18:37:28
3281922,قرآن تالار,2026-09-24,باز,3700000,,,بله,2026-09-08T18:37:28
3281922,قرآن تالار,2026-09-25,باز,3000000,,,,2026-09-08T18:37:28
3281922,قرآن تالار,2026-09-26,باز,3000000,,,,2026-09-08T18:37:28
3281922,قرآن تالار,2026-09-27,باز,3000000,,,,2026-09-08T18:37:28
3281922,قرآن تالار,2026-09-28,باز,3000000,,,,2026-09-08T18:37:28
3281922,قرآن تالار,2026-09-29,باز,3000000,,,,2026-09-08T18:37:28
3281922,قرآن تالار,2026-09-30,باز,3700000,,,بله,2026-09-08T18:37:28
3281922,قرآن تالار,2026-10-01,باز,3700000,,,بله,2026-09-08T18:37:28
3281922,قرآن تالار,2026-10-02,باز,3000000,,,,2026-09-08T18:37:28
3281922,قرآن تالار,2026-10-03,باز,3000000,,,,2026-09-08T18:37:28
3281922,قرآن تالار,2026-10-04,باز,3000000,,,,2026-09-08T18:37:28
3281922,قرآن تالار,2026-10-05,باز,3000000,,,,2026-09-08T18:37:28
3281922,قرآن تالار,2026-10-06,باز,3000000,,,,2026-09-08T18:37:28
3281922,قرآن تالار,2026-10-07,باز,3700000,,,بله,2026-09-08T18:37:28
3281922,قرآن تالار,2026-10-08,باز,3700000,,,بله,2026-09-08T18:37:28
3282337,,2026-09-08,باز,2450000,20,,,2026-09-08T18:37:30
3282337,,2026-09-09,باز,3950000,,,بله,2026-09-08T18:37:30
3282337,,2026-09-10,باز,3950000,,,بله,2026-09-08T18:37:30
3282337,,2026-09-11,باز,2450000,,,,2026-09-08T18:37:30
3282337,,2026-09-12,باز,2450000,,,,2026-09-08T18:37:30
3282337,,2026-09-13,باز,2450000,,,,2026-09-08T18:37:30
3282337,,2026-09-14,باز,2450000,,,,2026-09-08T18:37:30
3282337,,2026-09-15,باز,2450000,,,,2026-09-08T18:37:30
3282337,,2026-09-16,باز,3950000,,,بله,2026-09-08T18:37:30
3282337,,2026-09-17,باز,5000000,,,بله,2026-09-08T18:37:30
3282337,,2026-09-18,باز,4250000,,,,2026-09-08T18:37:30
3282337,,2026-09-19,باز,4250000,,,,2026-09-08T18:37:30
3282337,,2026-09-20,باز,4250000,,,,2026-09-08T18:37:30
3282337,,2026-09-21,باز,4250000,,,,2026-09-08T18:37:30
3282337,,2026-09-22,باز,4250000,,,,2026-09-08T18:37:30
3282337,,2026-09-23,باز,4550000,,,بله,2026-09-08T18:37:30
3282337,,2026-09-24,باز,5000000,,,بله,2026-09-08T18:37:30
3282337,,2026-09-25,باز,2450000,,,,2026-09-08T18:37:30
3282337,,2026-09-26,باز,2450000,,,,2026-09-08T18:37:30
3282337,,2026-09-27,باز,2450000,,,,2026-09-08T18:37:30
3282337,,2026-09-28,باز,2450000,,,,2026-09-08T18:37:30
3282337,,2026-09-29,باز,2450000,,,,2026-09-08T18:37:30
3282337,,2026-09-30,باز,3950000,,,بله,2026-09-08T18:37:30
3282337,,2026-10-01,باز,3950000,,,بله,2026-09-08T18:37:30
3282337,,2026-10-02,باز,2450000,,,,2026-09-08T18:37:30
3282337,,2026-10-03,باز,2450000,,,,2026-09-08T18:37:30
3282337,,2026-10-04,باز,2450000,,,,2026-09-08T18:37:30
3282337,,2026-10-05,باز,2450000,,,,2026-09-08T18:37:30
3282337,,2026-10-06,باز,2450000,,,,2026-09-08T18:37:30
3282337,,2026-10-07,باز,3950000,,,بله,2026-09-08T18:37:30
3282337,,2026-10-08,باز,3950000,,,بله,2026-09-08T18:37:30
3283056,بابلکنار,2026-09-08,باز,3200000,,,,2026-09-08T18:37:32
3283056,بابلکنار,2026-09-09,بسته (مشاهده‌شده - دلیل نامشخص),3700000,,,بله,2026-09-08T18:37:32
3283056,بابلکنار,2026-09-10,بسته (مشاهده‌شده - دلیل نامشخص),4000000,,,بله,2026-09-08T18:37:32
3283056,بابلکنار,2026-09-11,باز,3200000,,,,2026-09-08T18:37:32
3283056,بابلکنار,2026-09-12,باز,4000000,,,,2026-09-08T18:37:32
3283056,بابلکنار,2026-09-13,باز,4000000,,,,2026-09-08T18:37:32
3283056,بابلکنار,2026-09-14,باز,4000000,,,,2026-09-08T18:37:32
3283056,بابلکنار,2026-09-15,باز,4000000,,,,2026-09-08T18:37:32
3283056,بابلکنار,2026-09-16,باز,4000000,,,بله,2026-09-08T18:37:32
3283056,بابلکنار,2026-09-17,باز,4000000,,,بله,2026-09-08T18:37:32
3283056,بابلکنار,2026-09-18,باز,4000000,,,,2026-09-08T18:37:32
3283056,بابلکنار,2026-09-19,باز,4000000,,,,2026-09-08T18:37:32
3283056,بابلکنار,2026-09-20,باز,4000000,,,,2026-09-08T18:37:32
3283056,بابلکنار,2026-09-21,باز,4000000,,,,2026-09-08T18:37:32
3283056,بابلکنار,2026-09-22,باز,4000000,,,,2026-09-08T18:37:32
3283056,بابلکنار,2026-09-23,باز,3000000,,,بله,2026-09-08T18:37:32
3283056,بابلکنار,2026-09-24,باز,3000000,,,بله,2026-09-08T18:37:32
3283056,بابلکنار,2026-09-25,باز,2900000,,,,2026-09-08T18:37:32
3283056,بابلکنار,2026-09-26,باز,2900000,,,,2026-09-08T18:37:32
3283056,بابلکنار,2026-09-27,باز,2900000,,,,2026-09-08T18:37:32
3283056,بابلکنار,2026-09-28,باز,2900000,,,,2026-09-08T18:37:32
3283056,بابلکنار,2026-09-29,باز,2900000,,,,2026-09-08T18:37:32
3283056,بابلکنار,2026-09-30,باز,3000000,,,بله,2026-09-08T18:37:32
3283056,بابلکنار,2026-10-01,باز,3000000,,,بله,2026-09-08T18:37:32
3283056,بابلکنار,2026-10-02,باز,2900000,,,,2026-09-08T18:37:32
3283056,بابلکنار,2026-10-03,باز,2900000,,,,2026-09-08T18:37:32
3283056,بابلکنار,2026-10-04,باز,2900000,,,,2026-09-08T18:37:32
3283056,بابلکنار,2026-10-05,باز,2900000,,,,2026-09-08T18:37:32
3283056,بابلکنار,2026-10-06,باز,2900000,,,,2026-09-08T18:37:32
3283056,بابلکنار,2026-10-07,باز,3000000,,,بله,2026-09-08T18:37:32
3283056,بابلکنار,2026-10-08,باز,3000000,,,بله,2026-09-08T18:37:32
3283771,درازکلا,2026-09-08,بسته (مشاهده‌شده - دلیل نامشخص),5000000,,,,2026-09-08T18:37:35
3283771,درازکلا,2026-09-09,باز,6000000,,,بله,2026-09-08T18:37:35
3283771,درازکلا,2026-09-10,باز,6000000,,,بله,2026-09-08T18:37:35
3283771,درازکلا,2026-09-11,باز,5000000,,,,2026-09-08T18:37:35
3283771,درازکلا,2026-09-12,باز,5000000,,,,2026-09-08T18:37:35
3283771,درازکلا,2026-09-13,باز,5000000,,,,2026-09-08T18:37:35
3283771,درازکلا,2026-09-14,باز,5000000,,,,2026-09-08T18:37:35
3283771,درازکلا,2026-09-15,باز,5000000,,,,2026-09-08T18:37:35
3283771,درازکلا,2026-09-16,باز,6000000,,,بله,2026-09-08T18:37:35
3283771,درازکلا,2026-09-17,باز,6000000,,,بله,2026-09-08T18:37:35
3283771,درازکلا,2026-09-18,باز,5000000,,,,2026-09-08T18:37:35
3283771,درازکلا,2026-09-19,باز,5000000,,,,2026-09-08T18:37:35
3283771,درازکلا,2026-09-20,باز,5000000,,,,2026-09-08T18:37:35
3283771,درازکلا,2026-09-21,باز,5000000,,,,2026-09-08T18:37:35
3283771,درازکلا,2026-09-22,باز,5000000,,,,2026-09-08T18:37:35
3283771,درازکلا,2026-09-23,باز,4500000,,,بله,2026-09-08T18:37:35
3283771,درازکلا,2026-09-24,باز,4500000,,,بله,2026-09-08T18:37:35
3283771,درازکلا,2026-09-25,باز,3800000,,,,2026-09-08T18:37:35
3283771,درازکلا,2026-09-26,باز,3800000,,,,2026-09-08T18:37:35
3283771,درازکلا,2026-09-27,باز,3800000,,,,2026-09-08T18:37:35
3283771,درازکلا,2026-09-28,باز,3800000,,,,2026-09-08T18:37:35
3283771,درازکلا,2026-09-29,باز,3800000,,,,2026-09-08T18:37:35
3283771,درازکلا,2026-09-30,باز,4500000,,,بله,2026-09-08T18:37:35
3283771,درازکلا,2026-10-01,باز,4500000,,,بله,2026-09-08T18:37:35
3283771,درازکلا,2026-10-02,باز,3800000,,,,2026-09-08T18:37:35
3283771,درازکلا,2026-10-03,باز,3800000,,,,2026-09-08T18:37:35
3283771,درازکلا,2026-10-04,باز,3800000,,,,2026-09-08T18:37:35
3283771,درازکلا,2026-10-05,باز,3800000,,,,2026-09-08T18:37:35
3283771,درازکلا,2026-10-06,باز,3800000,,,,2026-09-08T18:37:35
3283771,درازکلا,2026-10-07,باز,4500000,,,بله,2026-09-08T18:37:35
3283771,درازکلا,2026-10-08,باز,4500000,,,بله,2026-09-08T18:37:35
3283844,شیردارکلا,2026-09-08,بسته (مشاهده‌شده - دلیل نامشخص),5100000,,,,2026-09-08T18:37:37
3283844,شیردارکلا,2026-09-09,باز,7100000,,,بله,2026-09-08T18:37:37
3283844,شیردارکلا,2026-09-10,باز,8100000,,,بله,2026-09-08T18:37:37
3283844,شیردارکلا,2026-09-11,باز,5100000,,,,2026-09-08T18:37:37
3283844,شیردارکلا,2026-09-12,باز,5100000,,,,2026-09-08T18:37:37
3283844,شیردارکلا,2026-09-13,باز,5100000,,,,2026-09-08T18:37:37
3283844,شیردارکلا,2026-09-14,باز,5100000,,,,2026-09-08T18:37:37
3283844,شیردارکلا,2026-09-15,باز,5100000,,,,2026-09-08T18:37:37
3283844,شیردارکلا,2026-09-16,باز,7100000,,,بله,2026-09-08T18:37:37
3283844,شیردارکلا,2026-09-17,باز,8100000,,,بله,2026-09-08T18:37:37
3283844,شیردارکلا,2026-09-18,باز,5100000,,,,2026-09-08T18:37:37
3283844,شیردارکلا,2026-09-19,باز,5100000,,,,2026-09-08T18:37:37
3283844,شیردارکلا,2026-09-20,باز,5100000,,,,2026-09-08T18:37:37
3283844,شیردارکلا,2026-09-21,باز,5100000,,,,2026-09-08T18:37:37
3283844,شیردارکلا,2026-09-22,باز,5100000,,,,2026-09-08T18:37:37
3283844,شیردارکلا,2026-09-23,باز,4700000,,,بله,2026-09-08T18:37:37
3283844,شیردارکلا,2026-09-24,باز,4700000,,,بله,2026-09-08T18:37:37
3283844,شیردارکلا,2026-09-25,باز,3100000,,,,2026-09-08T18:37:37
3283844,شیردارکلا,2026-09-26,بسته (مشاهده‌شده - دلیل نامشخص),3100000,,,,2026-09-08T18:37:37
3283844,شیردارکلا,2026-09-27,بسته (مشاهده‌شده - دلیل نامشخص),3100000,,,,2026-09-08T18:37:37
3283844,شیردارکلا,2026-09-28,بسته (مشاهده‌شده - دلیل نامشخص),3100000,,,,2026-09-08T18:37:37
3283844,شیردارکلا,2026-09-29,بسته (مشاهده‌شده - دلیل نامشخص),3100000,,,,2026-09-08T18:37:37
3283844,شیردارکلا,2026-09-30,باز,4700000,,,بله,2026-09-08T18:37:37
3283844,شیردارکلا,2026-10-01,باز,4700000,,,بله,2026-09-08T18:37:37
3283844,شیردارکلا,2026-10-02,باز,3100000,,,,2026-09-08T18:37:37
3283844,شیردارکلا,2026-10-03,باز,3100000,,,,2026-09-08T18:37:37
3283844,شیردارکلا,2026-10-04,باز,3100000,,,,2026-09-08T18:37:37
3283844,شیردارکلا,2026-10-05,باز,3100000,,,,2026-09-08T18:37:37
3283844,شیردارکلا,2026-10-06,باز,3100000,,,,2026-09-08T18:37:37
3283844,شیردارکلا,2026-10-07,باز,4700000,,,بله,2026-09-08T18:37:37
3283844,شیردارکلا,2026-10-08,باز,4700000,,,بله,2026-09-08T18:37:37
3283885,قرآن تالار,2026-09-08,بسته (مشاهده‌شده - دلیل نامشخص),2200000,10,,,2026-09-08T18:38:02
3283885,قرآن تالار,2026-09-09,بسته (مشاهده‌شده - دلیل نامشخص),3500000,30,,بله,2026-09-08T18:38:02
3283885,قرآن تالار,2026-09-10,بسته (مشاهده‌شده - دلیل نامشخص),3500000,,,بله,2026-09-08T18:38:02
3283885,قرآن تالار,2026-09-11,بسته (مشاهده‌شده - دلیل نامشخص),2200000,,,,2026-09-08T18:38:02
3283885,قرآن تالار,2026-09-12,بسته (مشاهده‌شده - دلیل نامشخص),2200000,10,,,2026-09-08T18:38:02
3283885,قرآن تالار,2026-09-13,بسته (مشاهده‌شده - دلیل نامشخص),2200000,10,,,2026-09-08T18:38:02
3283885,قرآن تالار,2026-09-14,باز,2200000,,,,2026-09-08T18:38:02
3283885,قرآن تالار,2026-09-15,باز,2200000,,,,2026-09-08T18:38:02
3283885,قرآن تالار,2026-09-16,باز,3500000,30,,بله,2026-09-08T18:38:02
3283885,قرآن تالار,2026-09-17,باز,3500000,,,بله,2026-09-08T18:38:02
3283885,قرآن تالار,2026-09-18,باز,2200000,,,,2026-09-08T18:38:02
3283885,قرآن تالار,2026-09-19,باز,2200000,,,,2026-09-08T18:38:02
3283885,قرآن تالار,2026-09-20,باز,2200000,,,,2026-09-08T18:38:02
3283885,قرآن تالار,2026-09-21,باز,2200000,,,,2026-09-08T18:38:02
3283885,قرآن تالار,2026-09-22,باز,2200000,,,,2026-09-08T18:38:02
3283885,قرآن تالار,2026-09-23,باز,2500000,,,بله,2026-09-08T18:38:02
3283885,قرآن تالار,2026-09-24,باز,2500000,,,بله,2026-09-08T18:38:02
3283885,قرآن تالار,2026-09-25,باز,2100000,,,,2026-09-08T18:38:02
3283885,قرآن تالار,2026-09-26,باز,2100000,,,,2026-09-08T18:38:02
3283885,قرآن تالار,2026-09-27,باز,2100000,,,,2026-09-08T18:38:02
3283885,قرآن تالار,2026-09-28,باز,2100000,,,,2026-09-08T18:38:02
3283885,قرآن تالار,2026-09-29,باز,2100000,,,,2026-09-08T18:38:02
3283885,قرآن تالار,2026-09-30,باز,2500000,,,بله,2026-09-08T18:38:02
3283885,قرآن تالار,2026-10-01,باز,2500000,,,بله,2026-09-08T18:38:02
3283885,قرآن تالار,2026-10-02,باز,2100000,,,,2026-09-08T18:38:02
3283885,قرآن تالار,2026-10-03,باز,2100000,,,,2026-09-08T18:38:02
3283885,قرآن تالار,2026-10-04,باز,2100000,,,,2026-09-08T18:38:02
3283885,قرآن تالار,2026-10-05,باز,2100000,,,,2026-09-08T18:38:02
3283885,قرآن تالار,2026-10-06,باز,2100000,,,,2026-09-08T18:38:02
3283885,قرآن تالار,2026-10-07,باز,2500000,,,بله,2026-09-08T18:38:02
3283885,قرآن تالار,2026-10-08,باز,2500000,,,بله,2026-09-08T18:38:02
3283917,تیرکن,2026-09-08,بسته (مشاهده‌شده - دلیل نامشخص),3500000,,,,2026-09-08T18:38:04
3283917,تیرکن,2026-09-09,باز,4250000,,,بله,2026-09-08T18:38:04
3283917,تیرکن,2026-09-10,بسته (مشاهده‌شده - دلیل نامشخص),4250000,,,بله,2026-09-08T18:38:04
3283917,تیرکن,2026-09-11,بسته (مشاهده‌شده - دلیل نامشخص),3500000,,,,2026-09-08T18:38:04
3283917,تیرکن,2026-09-12,باز,3500000,,,,2026-09-08T18:38:04
3283917,تیرکن,2026-09-13,باز,3500000,,,,2026-09-08T18:38:04
3283917,تیرکن,2026-09-14,باز,3500000,,,,2026-09-08T18:38:04
3283917,تیرکن,2026-09-15,باز,3500000,,,,2026-09-08T18:38:04
3283917,تیرکن,2026-09-16,باز,4250000,,,بله,2026-09-08T18:38:04
3283917,تیرکن,2026-09-17,باز,4250000,,,بله,2026-09-08T18:38:04
3283917,تیرکن,2026-09-18,بسته (مشاهده‌شده - دلیل نامشخص),3500000,,,,2026-09-08T18:38:04
3283917,تیرکن,2026-09-19,بسته (مشاهده‌شده - دلیل نامشخص),3500000,,,,2026-09-08T18:38:04
3283917,تیرکن,2026-09-20,باز,3500000,,,,2026-09-08T18:38:04
3283917,تیرکن,2026-09-21,باز,3500000,,,,2026-09-08T18:38:04
3283917,تیرکن,2026-09-22,باز,3500000,,,,2026-09-08T18:38:04
3283917,تیرکن,2026-09-23,باز,3350000,,,بله,2026-09-08T18:38:04
3283917,تیرکن,2026-09-24,باز,3350000,,,بله,2026-09-08T18:38:04
3283917,تیرکن,2026-09-25,باز,2950000,,,,2026-09-08T18:38:04
3283917,تیرکن,2026-09-26,باز,2950000,,,,2026-09-08T18:38:04
3283917,تیرکن,2026-09-27,باز,2950000,,,,2026-09-08T18:38:04
3283917,تیرکن,2026-09-28,باز,2950000,,,,2026-09-08T18:38:04
3283917,تیرکن,2026-09-29,باز,2950000,,,,2026-09-08T18:38:04
3283917,تیرکن,2026-09-30,باز,3350000,,,بله,2026-09-08T18:38:04
3283917,تیرکن,2026-10-01,باز,3350000,,,بله,2026-09-08T18:38:04
3283917,تیرکن,2026-10-02,باز,2950000,,,,2026-09-08T18:38:04
3283917,تیرکن,2026-10-03,باز,2950000,,,,2026-09-08T18:38:04
3283917,تیرکن,2026-10-04,باز,2950000,,,,2026-09-08T18:38:04
3283917,تیرکن,2026-10-05,باز,2950000,,,,2026-09-08T18:38:04
3283917,تیرکن,2026-10-06,باز,2950000,,,,2026-09-08T18:38:04
3283917,تیرکن,2026-10-07,باز,3350000,,,بله,2026-09-08T18:38:04
3283917,تیرکن,2026-10-08,باز,3350000,,,بله,2026-09-08T18:38:04
3284033,کاردرکلا,2026-09-08,بسته (مشاهده‌شده - دلیل نامشخص),5500000,,,,2026-09-08T18:38:06
3284033,کاردرکلا,2026-09-09,باز,7500000,,,بله,2026-09-08T18:38:06
3284033,کاردرکلا,2026-09-10,بسته (مشاهده‌شده - دلیل نامشخص),7500000,,,بله,2026-09-08T18:38:06
3284033,کاردرکلا,2026-09-11,بسته (مشاهده‌شده - دلیل نامشخص),5500000,,,,2026-09-08T18:38:06
3284033,کاردرکلا,2026-09-12,بسته (مشاهده‌شده - دلیل نامشخص),5500000,,,,2026-09-08T18:38:06
3284033,کاردرکلا,2026-09-13,بسته (مشاهده‌شده - دلیل نامشخص),5500000,,,,2026-09-08T18:38:06
3284033,کاردرکلا,2026-09-14,بسته (مشاهده‌شده - دلیل نامشخص),5500000,,,,2026-09-08T18:38:06
3284033,کاردرکلا,2026-09-15,بسته (مشاهده‌شده - دلیل نامشخص),5500000,,,,2026-09-08T18:38:06
3284033,کاردرکلا,2026-09-16,بسته (مشاهده‌شده - دلیل نامشخص),7500000,,,بله,2026-09-08T18:38:06
3284033,کاردرکلا,2026-09-17,بسته (مشاهده‌شده - دلیل نامشخص),7500000,,,بله,2026-09-08T18:38:06
3284033,کاردرکلا,2026-09-18,باز,5500000,,,,2026-09-08T18:38:06
3284033,کاردرکلا,2026-09-19,باز,5500000,,,,2026-09-08T18:38:06
3284033,کاردرکلا,2026-09-20,باز,5500000,,,,2026-09-08T18:38:06
3284033,کاردرکلا,2026-09-21,باز,5500000,,,,2026-09-08T18:38:06
3284033,کاردرکلا,2026-09-22,باز,5500000,,,,2026-09-08T18:38:06
3284033,کاردرکلا,2026-09-23,باز,5500000,,,بله,2026-09-08T18:38:06
3284033,کاردرکلا,2026-09-24,باز,5500000,,,بله,2026-09-08T18:38:06
3284033,کاردرکلا,2026-09-25,باز,3800000,,,,2026-09-08T18:38:06
3284033,کاردرکلا,2026-09-26,باز,3800000,,,,2026-09-08T18:38:06
3284033,کاردرکلا,2026-09-27,باز,3800000,,,,2026-09-08T18:38:06
3284033,کاردرکلا,2026-09-28,باز,3800000,,,,2026-09-08T18:38:06
3284033,کاردرکلا,2026-09-29,باز,3800000,,,,2026-09-08T18:38:06
3284033,کاردرکلا,2026-09-30,باز,5500000,,,بله,2026-09-08T18:38:06
3284033,کاردرکلا,2026-10-01,باز,5500000,,,بله,2026-09-08T18:38:06
3284033,کاردرکلا,2026-10-02,باز,3800000,,,,2026-09-08T18:38:06
3284033,کاردرکلا,2026-10-03,باز,3800000,,,,2026-09-08T18:38:06
3284033,کاردرکلا,2026-10-04,باز,3800000,,,,2026-09-08T18:38:06
3284033,کاردرکلا,2026-10-05,باز,3800000,,,,2026-09-08T18:38:06
3284033,کاردرکلا,2026-10-06,باز,3800000,,,,2026-09-08T18:38:06
3284033,کاردرکلا,2026-10-07,باز,5500000,,,بله,2026-09-08T18:38:06
3284033,کاردرکلا,2026-10-08,باز,5500000,,,بله,2026-09-08T18:38:06
3284069,رئیسکلا,2026-09-08,بسته (مشاهده‌شده - دلیل نامشخص),2350000,,,,2026-09-08T18:38:07
3284069,رئیسکلا,2026-09-09,بسته (مشاهده‌شده - دلیل نامشخص),2700000,,,بله,2026-09-08T18:38:07
3284069,رئیسکلا,2026-09-10,بسته (مشاهده‌شده - دلیل نامشخص),2700000,,,بله,2026-09-08T18:38:07
3284069,رئیسکلا,2026-09-11,بسته (مشاهده‌شده - دلیل نامشخص),2350000,,,,2026-09-08T18:38:07
3284069,رئیسکلا,2026-09-12,باز,2350000,,,,2026-09-08T18:38:07
3284069,رئیسکلا,2026-09-13,باز,2350000,,,,2026-09-08T18:38:07
3284069,رئیسکلا,2026-09-14,باز,2350000,,,,2026-09-08T18:38:07
3284069,رئیسکلا,2026-09-15,باز,2350000,,,,2026-09-08T18:38:07
3284069,رئیسکلا,2026-09-16,باز,2700000,,,بله,2026-09-08T18:38:07
3284069,رئیسکلا,2026-09-17,باز,2700000,,,بله,2026-09-08T18:38:07
3284069,رئیسکلا,2026-09-18,باز,2350000,,,,2026-09-08T18:38:07
3284069,رئیسکلا,2026-09-19,باز,2350000,,,,2026-09-08T18:38:07
3284069,رئیسکلا,2026-09-20,باز,2350000,,,,2026-09-08T18:38:07
3284069,رئیسکلا,2026-09-21,باز,2350000,,,,2026-09-08T18:38:07
3284069,رئیسکلا,2026-09-22,باز,2350000,,,,2026-09-08T18:38:07
3284069,رئیسکلا,2026-09-23,باز,2100000,,,بله,2026-09-08T18:38:07
3284069,رئیسکلا,2026-09-24,باز,2100000,,,بله,2026-09-08T18:38:07
3284069,رئیسکلا,2026-09-25,باز,1850000,,,,2026-09-08T18:38:07
3284069,رئیسکلا,2026-09-26,باز,1950000,,,,2026-09-08T18:38:07
3284069,رئیسکلا,2026-09-27,باز,1950000,,,,2026-09-08T18:38:07
3284069,رئیسکلا,2026-09-28,باز,1950000,,,,2026-09-08T18:38:07
3284069,رئیسکلا,2026-09-29,باز,1950000,,,,2026-09-08T18:38:07
3284069,رئیسکلا,2026-09-30,باز,2100000,,,بله,2026-09-08T18:38:07
3284069,رئیسکلا,2026-10-01,باز,2100000,,,بله,2026-09-08T18:38:07
3284069,رئیسکلا,2026-10-02,باز,1850000,,,,2026-09-08T18:38:07
3284069,رئیسکلا,2026-10-03,باز,1950000,,,,2026-09-08T18:38:07
3284069,رئیسکلا,2026-10-04,باز,1950000,,,,2026-09-08T18:38:07
3284069,رئیسکلا,2026-10-05,باز,1950000,,,,2026-09-08T18:38:07
3284069,رئیسکلا,2026-10-06,باز,1950000,,,,2026-09-08T18:38:07
3284069,رئیسکلا,2026-10-07,باز,2100000,,,بله,2026-09-08T18:38:07
3284069,رئیسکلا,2026-10-08,باز,2100000,,,بله,2026-09-08T18:38:07
3284427,چهره,2026-09-08,بسته (مشاهده‌شده - دلیل نامشخص),1500000,,,,2026-09-08T18:38:09
3284427,چهره,2026-09-09,باز,2250000,,,بله,2026-09-08T18:38:09
3284427,چهره,2026-09-10,بسته (مشاهده‌شده - دلیل نامشخص),2250000,,,بله,2026-09-08T18:38:09
3284427,چهره,2026-09-11,باز,1800000,,,,2026-09-08T18:38:09
3284427,چهره,2026-09-12,باز,1800000,,,,2026-09-08T18:38:09
3284427,چهره,2026-09-13,باز,1800000,,,,2026-09-08T18:38:09
3284427,چهره,2026-09-14,باز,1800000,,,,2026-09-08T18:38:09
3284427,چهره,2026-09-15,باز,1800000,,,,2026-09-08T18:38:09
3284427,چهره,2026-09-16,باز,2250000,,,بله,2026-09-08T18:38:09
3284427,چهره,2026-09-17,بسته (مشاهده‌شده - دلیل نامشخص),2250000,,,بله,2026-09-08T18:38:09
3284427,چهره,2026-09-18,باز,1800000,,,,2026-09-08T18:38:09
3284427,چهره,2026-09-19,باز,1800000,,,,2026-09-08T18:38:09
3284427,چهره,2026-09-20,باز,1800000,,,,2026-09-08T18:38:09
3284427,چهره,2026-09-21,باز,1800000,,,,2026-09-08T18:38:09
3284427,چهره,2026-09-22,باز,1800000,,,,2026-09-08T18:38:09
3284427,چهره,2026-09-23,باز,2000000,,,بله,2026-09-08T18:38:09
3284427,چهره,2026-09-24,باز,2000000,,,بله,2026-09-08T18:38:09
3284427,چهره,2026-09-25,باز,1200000,,,,2026-09-08T18:38:09
3284427,چهره,2026-09-26,باز,1200000,,,,2026-09-08T18:38:09
3284427,چهره,2026-09-27,باز,1200000,,,,2026-09-08T18:38:09
3284427,چهره,2026-09-28,باز,1200000,,,,2026-09-08T18:38:09
3284427,چهره,2026-09-29,باز,1200000,,,,2026-09-08T18:38:09
3284427,چهره,2026-09-30,باز,2000000,,,بله,2026-09-08T18:38:09
3284427,چهره,2026-10-01,باز,2000000,,,بله,2026-09-08T18:38:09
3284427,چهره,2026-10-02,باز,1200000,,,,2026-09-08T18:38:09
3284427,چهره,2026-10-03,باز,1200000,,,,2026-09-08T18:38:09
3284427,چهره,2026-10-04,باز,1200000,,,,2026-09-08T18:38:09
3284427,چهره,2026-10-05,باز,1200000,,,,2026-09-08T18:38:09
3284427,چهره,2026-10-06,باز,1200000,,,,2026-09-08T18:38:09
3284427,چهره,2026-10-07,باز,2000000,,,بله,2026-09-08T18:38:09
3284427,چهره,2026-10-08,باز,2000000,,,بله,2026-09-08T18:38:09
3284570,کاردرکلا,2026-09-08,بسته (مشاهده‌شده - دلیل نامشخص),3850000,,,,2026-09-08T18:38:12
3284570,کاردرکلا,2026-09-09,باز,5400000,,,بله,2026-09-08T18:38:12
3284570,کاردرکلا,2026-09-10,بسته (مشاهده‌شده - دلیل نامشخص),5400000,,,بله,2026-09-08T18:38:12
3284570,کاردرکلا,2026-09-11,بسته (مشاهده‌شده - دلیل نامشخص),4100000,,,,2026-09-08T18:38:12
3284570,کاردرکلا,2026-09-12,باز,4100000,,,,2026-09-08T18:38:12
3284570,کاردرکلا,2026-09-13,باز,4100000,,,,2026-09-08T18:38:12
3284570,کاردرکلا,2026-09-14,باز,4100000,,,,2026-09-08T18:38:12
3284570,کاردرکلا,2026-09-15,بسته (مشاهده‌شده - دلیل نامشخص),4100000,,,,2026-09-08T18:38:12
3284570,کاردرکلا,2026-09-16,باز,5400000,,,بله,2026-09-08T18:38:12
3284570,کاردرکلا,2026-09-17,باز,5400000,,,بله,2026-09-08T18:38:12
3284570,کاردرکلا,2026-09-18,باز,4100000,,,,2026-09-08T18:38:12
3284570,کاردرکلا,2026-09-19,باز,4100000,,,,2026-09-08T18:38:12
3284570,کاردرکلا,2026-09-20,باز,4100000,,,,2026-09-08T18:38:12
3284570,کاردرکلا,2026-09-21,باز,4100000,,,,2026-09-08T18:38:12
3284570,کاردرکلا,2026-09-22,باز,4100000,,,,2026-09-08T18:38:12
3284570,کاردرکلا,2026-09-23,باز,5400000,,,بله,2026-09-08T18:38:12
3284570,کاردرکلا,2026-09-24,باز,5400000,,,بله,2026-09-08T18:38:12
3284570,کاردرکلا,2026-09-25,باز,3000000,,,,2026-09-08T18:38:12
3284570,کاردرکلا,2026-09-26,باز,3000000,,,,2026-09-08T18:38:12
3284570,کاردرکلا,2026-09-27,باز,3000000,,,,2026-09-08T18:38:12
3284570,کاردرکلا,2026-09-28,باز,3000000,,,,2026-09-08T18:38:12
3284570,کاردرکلا,2026-09-29,باز,3000000,,,,2026-09-08T18:38:12
3284570,کاردرکلا,2026-09-30,باز,4500000,,,بله,2026-09-08T18:38:12
3284570,کاردرکلا,2026-10-01,باز,4500000,,,بله,2026-09-08T18:38:12
3284570,کاردرکلا,2026-10-02,باز,3000000,,,,2026-09-08T18:38:12
3284570,کاردرکلا,2026-10-03,باز,3000000,,,,2026-09-08T18:38:12
3284570,کاردرکلا,2026-10-04,باز,3000000,,,,2026-09-08T18:38:12
3284570,کاردرکلا,2026-10-05,باز,3000000,,,,2026-09-08T18:38:12
3284570,کاردرکلا,2026-10-06,باز,3000000,,,,2026-09-08T18:38:12
3284570,کاردرکلا,2026-10-07,باز,4500000,,,بله,2026-09-08T18:38:12
3284570,کاردرکلا,2026-10-08,باز,4500000,,,بله,2026-09-08T18:38:12
3284804,گونه کلا,2026-09-08,بسته (مشاهده‌شده - دلیل نامشخص),3250000,10,,,2026-09-08T18:38:17
3284804,گونه کلا,2026-09-09,باز,5500000,10,,بله,2026-09-08T18:38:17
3284804,گونه کلا,2026-09-10,بسته (مشاهده‌شده - دلیل نامشخص),5550000,10,,بله,2026-09-08T18:38:17
3284804,گونه کلا,2026-09-11,بسته (مشاهده‌شده - دلیل نامشخص),3250000,10,,,2026-09-08T18:38:17
3284804,گونه کلا,2026-09-12,بسته (مشاهده‌شده - دلیل نامشخص),3250000,10,,,2026-09-08T18:38:17
3284804,گونه کلا,2026-09-13,باز,3250000,10,,,2026-09-08T18:38:17
3284804,گونه کلا,2026-09-14,باز,3250000,10,,,2026-09-08T18:38:17
3284804,گونه کلا,2026-09-15,باز,3250000,10,,,2026-09-08T18:38:17
3284804,گونه کلا,2026-09-16,باز,5500000,10,,بله,2026-09-08T18:38:17
3284804,گونه کلا,2026-09-17,باز,5550000,10,,بله,2026-09-08T18:38:17
3284804,گونه کلا,2026-09-18,باز,3250000,10,,,2026-09-08T18:38:17
3284804,گونه کلا,2026-09-19,باز,3250000,10,,,2026-09-08T18:38:17
3284804,گونه کلا,2026-09-20,باز,3250000,10,,,2026-09-08T18:38:17
3284804,گونه کلا,2026-09-21,باز,3250000,10,,,2026-09-08T18:38:17
3284804,گونه کلا,2026-09-22,باز,3250000,10,,,2026-09-08T18:38:17
3284804,گونه کلا,2026-09-23,باز,4990000,10,,بله,2026-09-08T18:38:17
3284804,گونه کلا,2026-09-24,باز,4990000,10,,بله,2026-09-08T18:38:17
3284804,گونه کلا,2026-09-25,باز,3350000,10,,,2026-09-08T18:38:17
3284804,گونه کلا,2026-09-26,باز,3350000,10,,,2026-09-08T18:38:17
3284804,گونه کلا,2026-09-27,باز,3350000,10,,,2026-09-08T18:38:17
3284804,گونه کلا,2026-09-28,باز,3350000,10,,,2026-09-08T18:38:17
3284804,گونه کلا,2026-09-29,باز,3350000,10,,,2026-09-08T18:38:17
3284804,گونه کلا,2026-09-30,باز,4990000,10,,بله,2026-09-08T18:38:17
3284804,گونه کلا,2026-10-01,باز,4990000,10,,بله,2026-09-08T18:38:17
3284804,گونه کلا,2026-10-02,باز,3350000,10,,,2026-09-08T18:38:17
3284804,گونه کلا,2026-10-03,باز,3350000,10,,,2026-09-08T18:38:17
3284804,گونه کلا,2026-10-04,باز,3350000,10,,,2026-09-08T18:38:17
3284804,گونه کلا,2026-10-05,باز,3350000,10,,,2026-09-08T18:38:17
3284804,گونه کلا,2026-10-06,باز,3350000,10,,,2026-09-08T18:38:17
3284804,گونه کلا,2026-10-07,باز,4990000,10,,بله,2026-09-08T18:38:17
3284804,گونه کلا,2026-10-08,باز,4990000,10,,بله,2026-09-08T18:38:17
3284827,بالفکلا,2026-09-08,بسته (مشاهده‌شده - دلیل نامشخص),4000000,,,,2026-09-08T18:38:19
3284827,بالفکلا,2026-09-09,باز,6000000,10,,بله,2026-09-08T18:38:19
3284827,بالفکلا,2026-09-10,بسته (مشاهده‌شده - دلیل نامشخص),6000000,,,بله,2026-09-08T18:38:19
3284827,بالفکلا,2026-09-11,باز,6000000,,,,2026-09-08T18:38:19
3284827,بالفکلا,2026-09-12,باز,4000000,,,,2026-09-08T18:38:19
3284827,بالفکلا,2026-09-13,باز,4000000,,,,2026-09-08T18:38:19
3284827,بالفکلا,2026-09-14,باز,4000000,,,,2026-09-08T18:38:19
3284827,بالفکلا,2026-09-15,باز,4000000,,,,2026-09-08T18:38:19
3284827,بالفکلا,2026-09-16,باز,6000000,,,بله,2026-09-08T18:38:19
3284827,بالفکلا,2026-09-17,باز,6000000,,,بله,2026-09-08T18:38:19
3284827,بالفکلا,2026-09-18,باز,6000000,,,,2026-09-08T18:38:19
3284827,بالفکلا,2026-09-19,باز,4000000,,,,2026-09-08T18:38:19
3284827,بالفکلا,2026-09-20,باز,4000000,,,,2026-09-08T18:38:19
3284827,بالفکلا,2026-09-21,باز,4000000,,,,2026-09-08T18:38:19
3284827,بالفکلا,2026-09-22,باز,4000000,,,,2026-09-08T18:38:19
3284827,بالفکلا,2026-09-23,باز,4000000,,,بله,2026-09-08T18:38:19
3284827,بالفکلا,2026-09-24,باز,4000000,,,بله,2026-09-08T18:38:19
3284827,بالفکلا,2026-09-25,باز,1500000,,,,2026-09-08T18:38:19
3284827,بالفکلا,2026-09-26,باز,1500000,,,,2026-09-08T18:38:19
3284827,بالفکلا,2026-09-27,باز,1500000,,,,2026-09-08T18:38:19
3284827,بالفکلا,2026-09-28,باز,1500000,,,,2026-09-08T18:38:19
3284827,بالفکلا,2026-09-29,باز,1500000,,,,2026-09-08T18:38:19
3284827,بالفکلا,2026-09-30,باز,4000000,,,بله,2026-09-08T18:38:19
3284827,بالفکلا,2026-10-01,باز,4000000,,,بله,2026-09-08T18:38:19
3284827,بالفکلا,2026-10-02,باز,1500000,,,,2026-09-08T18:38:19
3284827,بالفکلا,2026-10-03,باز,1500000,,,,2026-09-08T18:38:19
3284827,بالفکلا,2026-10-04,باز,1500000,,,,2026-09-08T18:38:19
3284827,بالفکلا,2026-10-05,باز,1500000,,,,2026-09-08T18:38:19
3284827,بالفکلا,2026-10-06,باز,1500000,,,,2026-09-08T18:38:19
3284827,بالفکلا,2026-10-07,باز,4000000,,,بله,2026-09-08T18:38:19
3284827,بالفکلا,2026-10-08,باز,4000000,,,بله,2026-09-08T18:38:19
3285158,قرآن تالار,2026-09-08,باز,1400000,,,,2026-09-08T18:38:20
3285158,قرآن تالار,2026-09-09,بسته (مشاهده‌شده - دلیل نامشخص),1400000,,,,2026-09-08T18:38:20
3285158,قرآن تالار,2026-09-10,بسته (مشاهده‌شده - دلیل نامشخص),2000000,,,بله,2026-09-08T18:38:20
3285158,قرآن تالار,2026-09-11,بسته (مشاهده‌شده - دلیل نامشخص),2000000,,,بله,2026-09-08T18:38:20
3285158,قرآن تالار,2026-09-12,بسته (مشاهده‌شده - دلیل نامشخص),1400000,,,,2026-09-08T18:38:20
3285158,قرآن تالار,2026-09-13,بسته (مشاهده‌شده - دلیل نامشخص),1400000,,,,2026-09-08T18:38:20
3285158,قرآن تالار,2026-09-14,بسته (مشاهده‌شده - دلیل نامشخص),1400000,,,,2026-09-08T18:38:20
3285158,قرآن تالار,2026-09-15,بسته (مشاهده‌شده - دلیل نامشخص),1400000,,,,2026-09-08T18:38:20
3285158,قرآن تالار,2026-09-16,باز,1400000,,,,2026-09-08T18:38:20
3285158,قرآن تالار,2026-09-17,باز,2000000,,,بله,2026-09-08T18:38:20
3285158,قرآن تالار,2026-09-18,باز,2000000,,,بله,2026-09-08T18:38:20
3285158,قرآن تالار,2026-09-19,باز,1400000,,,,2026-09-08T18:38:20
3285158,قرآن تالار,2026-09-20,باز,1400000,,,,2026-09-08T18:38:20
3285158,قرآن تالار,2026-09-21,باز,1400000,,,,2026-09-08T18:38:20
3285158,قرآن تالار,2026-09-22,باز,1400000,,,,2026-09-08T18:38:20
3285158,قرآن تالار,2026-09-23,باز,1400000,,,,2026-09-08T18:38:20
3285158,قرآن تالار,2026-09-24,باز,2300000,,,بله,2026-09-08T18:38:20
3285158,قرآن تالار,2026-09-25,باز,2300000,,,بله,2026-09-08T18:38:20
3285158,قرآن تالار,2026-09-26,باز,1400000,,,,2026-09-08T18:38:20
3285158,قرآن تالار,2026-09-27,باز,1400000,,,,2026-09-08T18:38:20
3285158,قرآن تالار,2026-09-28,باز,1400000,,,,2026-09-08T18:38:20
3285158,قرآن تالار,2026-09-29,باز,1400000,,,,2026-09-08T18:38:20
3285158,قرآن تالار,2026-09-30,باز,1400000,,,,2026-09-08T18:38:20
3285158,قرآن تالار,2026-10-01,باز,2300000,,,بله,2026-09-08T18:38:20
3285158,قرآن تالار,2026-10-02,باز,2300000,,,بله,2026-09-08T18:38:20
3285158,قرآن تالار,2026-10-03,باز,1400000,,,,2026-09-08T18:38:20
3285158,قرآن تالار,2026-10-04,باز,1400000,,,,2026-09-08T18:38:20
3285158,قرآن تالار,2026-10-05,باز,1400000,,,,2026-09-08T18:38:20
3285158,قرآن تالار,2026-10-06,باز,1400000,,,,2026-09-08T18:38:20
3285158,قرآن تالار,2026-10-07,باز,1400000,,,,2026-09-08T18:38:20
3285158,قرآن تالار,2026-10-08,باز,2300000,,,بله,2026-09-08T18:38:20
3285241,مرزیکلا,2026-09-08,باز,2450000,,,,2026-09-08T18:38:22
3285241,مرزیکلا,2026-09-09,باز,2450000,,,,2026-09-08T18:38:22
3285241,مرزیکلا,2026-09-10,باز,3850000,,,بله,2026-09-08T18:38:22
3285241,مرزیکلا,2026-09-11,باز,3850000,,,بله,2026-09-08T18:38:22
3285241,مرزیکلا,2026-09-12,باز,2450000,,,,2026-09-08T18:38:22
3285241,مرزیکلا,2026-09-13,باز,2450000,,,,2026-09-08T18:38:22
3285241,مرزیکلا,2026-09-14,باز,2450000,,,,2026-09-08T18:38:22
3285241,مرزیکلا,2026-09-15,باز,2450000,,,,2026-09-08T18:38:22
3285241,مرزیکلا,2026-09-16,باز,2450000,,,,2026-09-08T18:38:22
3285241,مرزیکلا,2026-09-17,باز,3850000,,,بله,2026-09-08T18:38:22
3285241,مرزیکلا,2026-09-18,باز,3850000,,,بله,2026-09-08T18:38:22
3285241,مرزیکلا,2026-09-19,باز,2450000,,,,2026-09-08T18:38:22
3285241,مرزیکلا,2026-09-20,باز,2450000,,,,2026-09-08T18:38:22
3285241,مرزیکلا,2026-09-21,باز,2450000,,,,2026-09-08T18:38:22
3285241,مرزیکلا,2026-09-22,باز,2450000,,,,2026-09-08T18:38:22
3285241,مرزیکلا,2026-09-23,باز,1400000,,,,2026-09-08T18:38:22
3285241,مرزیکلا,2026-09-24,باز,1400000,,,بله,2026-09-08T18:38:22
3285241,مرزیکلا,2026-09-25,باز,1400000,,,بله,2026-09-08T18:38:22
3285241,مرزیکلا,2026-09-26,باز,1400000,,,,2026-09-08T18:38:22
3285241,مرزیکلا,2026-09-27,باز,1400000,,,,2026-09-08T18:38:22
3285241,مرزیکلا,2026-09-28,باز,1400000,,,,2026-09-08T18:38:22
3285241,مرزیکلا,2026-09-29,باز,1400000,,,,2026-09-08T18:38:22
3285241,مرزیکلا,2026-09-30,باز,1400000,,,,2026-09-08T18:38:22
3285241,مرزیکلا,2026-10-01,باز,1400000,,,بله,2026-09-08T18:38:22
3285241,مرزیکلا,2026-10-02,باز,1400000,,,بله,2026-09-08T18:38:22
3285241,مرزیکلا,2026-10-03,باز,1400000,,,,2026-09-08T18:38:22
3285241,مرزیکلا,2026-10-04,باز,1400000,,,,2026-09-08T18:38:22
3285241,مرزیکلا,2026-10-05,باز,1400000,,,,2026-09-08T18:38:22
3285241,مرزیکلا,2026-10-06,باز,1400000,,,,2026-09-08T18:38:22
3285241,مرزیکلا,2026-10-07,باز,1400000,,,,2026-09-08T18:38:22
3285241,مرزیکلا,2026-10-08,باز,1400000,,,بله,2026-09-08T18:38:22
3285480,گونه کلا,2026-09-08,بسته (مشاهده‌شده - دلیل نامشخص),2990000,,,,2026-09-08T18:38:26
3285480,گونه کلا,2026-09-09,بسته (مشاهده‌شده - دلیل نامشخص),4250000,,,بله,2026-09-08T18:38:26
3285480,گونه کلا,2026-09-10,باز,4950000,,,بله,2026-09-08T18:38:26
3285480,گونه کلا,2026-09-11,باز,2990000,,,,2026-09-08T18:38:26
3285480,گونه کلا,2026-09-12,باز,2990000,,,,2026-09-08T18:38:26
3285480,گونه کلا,2026-09-13,باز,2990000,,,,2026-09-08T18:38:26
3285480,گونه کلا,2026-09-14,باز,2990000,,,,2026-09-08T18:38:26
3285480,گونه کلا,2026-09-15,باز,2990000,,,,2026-09-08T18:38:26
3285480,گونه کلا,2026-09-16,باز,4250000,,,بله,2026-09-08T18:38:26
3285480,گونه کلا,2026-09-17,باز,4950000,,,بله,2026-09-08T18:38:26
3285480,گونه کلا,2026-09-18,باز,2990000,,,,2026-09-08T18:38:26
3285480,گونه کلا,2026-09-19,باز,2990000,,,,2026-09-08T18:38:26
3285480,گونه کلا,2026-09-20,باز,2990000,,,,2026-09-08T18:38:26
3285480,گونه کلا,2026-09-21,باز,2990000,,,,2026-09-08T18:38:26
3285480,گونه کلا,2026-09-22,باز,2990000,,,,2026-09-08T18:38:26
3285480,گونه کلا,2026-09-23,باز,4950000,,,بله,2026-09-08T18:38:26
3285480,گونه کلا,2026-09-24,باز,4950000,,,بله,2026-09-08T18:38:26
3285480,گونه کلا,2026-09-25,باز,2950000,,,,2026-09-08T18:38:26
3285480,گونه کلا,2026-09-26,باز,2950000,,,,2026-09-08T18:38:26
3285480,گونه کلا,2026-09-27,باز,2950000,,,,2026-09-08T18:38:26
3285480,گونه کلا,2026-09-28,باز,2950000,,,,2026-09-08T18:38:26
3285480,گونه کلا,2026-09-29,باز,2950000,,,,2026-09-08T18:38:26
3285480,گونه کلا,2026-09-30,باز,4950000,,,بله,2026-09-08T18:38:26
3285480,گونه کلا,2026-10-01,باز,4950000,,,بله,2026-09-08T18:38:26
3285480,گونه کلا,2026-10-02,باز,2950000,,,,2026-09-08T18:38:26
3285480,گونه کلا,2026-10-03,باز,2950000,,,,2026-09-08T18:38:26
3285480,گونه کلا,2026-10-04,باز,2950000,,,,2026-09-08T18:38:26
3285480,گونه کلا,2026-10-05,باز,2950000,,,,2026-09-08T18:38:26
3285480,گونه کلا,2026-10-06,باز,2950000,,,,2026-09-08T18:38:26
3285480,گونه کلا,2026-10-07,باز,4950000,,,بله,2026-09-08T18:38:26
3285480,گونه کلا,2026-10-08,باز,4950000,,,بله,2026-09-08T18:38:26
3285543,مرزیکلا,2026-09-08,باز,2600000,,,,2026-09-08T18:38:28
3285543,مرزیکلا,2026-09-09,باز,2600000,,,,2026-09-08T18:38:28
3285543,مرزیکلا,2026-09-10,باز,4250000,,,بله,2026-09-08T18:38:28
3285543,مرزیکلا,2026-09-11,باز,4250000,,,بله,2026-09-08T18:38:28
3285543,مرزیکلا,2026-09-12,باز,2600000,,,,2026-09-08T18:38:28
3285543,مرزیکلا,2026-09-13,باز,2600000,,,,2026-09-08T18:38:28
3285543,مرزیکلا,2026-09-14,باز,2600000,,,,2026-09-08T18:38:28
3285543,مرزیکلا,2026-09-15,باز,2600000,,,,2026-09-08T18:38:28
3285543,مرزیکلا,2026-09-16,باز,2600000,,,,2026-09-08T18:38:28
3285543,مرزیکلا,2026-09-17,باز,4250000,,,بله,2026-09-08T18:38:28
3285543,مرزیکلا,2026-09-18,باز,4250000,,,بله,2026-09-08T18:38:28
3285543,مرزیکلا,2026-09-19,باز,2600000,,,,2026-09-08T18:38:28
3285543,مرزیکلا,2026-09-20,باز,2600000,,,,2026-09-08T18:38:28
3285543,مرزیکلا,2026-09-21,باز,2600000,,,,2026-09-08T18:38:28
3285543,مرزیکلا,2026-09-22,باز,2600000,,,,2026-09-08T18:38:28
3285543,مرزیکلا,2026-09-23,باز,2600000,,,,2026-09-08T18:38:28
3285543,مرزیکلا,2026-09-24,باز,4250000,,,بله,2026-09-08T18:38:28
3285543,مرزیکلا,2026-09-25,باز,4250000,,,بله,2026-09-08T18:38:28
3285543,مرزیکلا,2026-09-26,باز,2600000,,,,2026-09-08T18:38:28
3285543,مرزیکلا,2026-09-27,باز,2600000,,,,2026-09-08T18:38:28
3285543,مرزیکلا,2026-09-28,باز,2600000,,,,2026-09-08T18:38:28
3285543,مرزیکلا,2026-09-29,باز,2600000,,,,2026-09-08T18:38:28
3285543,مرزیکلا,2026-09-30,باز,2600000,,,,2026-09-08T18:38:28
3285543,مرزیکلا,2026-10-01,باز,4250000,,,بله,2026-09-08T18:38:28
3285543,مرزیکلا,2026-10-02,باز,4250000,,,بله,2026-09-08T18:38:28
3285543,مرزیکلا,2026-10-03,باز,2600000,,,,2026-09-08T18:38:28
3285543,مرزیکلا,2026-10-04,باز,2600000,,,,2026-09-08T18:38:28
3285543,مرزیکلا,2026-10-05,باز,2600000,,,,2026-09-08T18:38:28
3285543,مرزیکلا,2026-10-06,باز,2600000,,,,2026-09-08T18:38:28
3285543,مرزیکلا,2026-10-07,باز,2600000,,,,2026-09-08T18:38:28
3285543,مرزیکلا,2026-10-08,باز,4250000,,,بله,2026-09-08T18:38:28
3285544,مرزیکلا,2026-09-08,باز,1850000,,,,2026-09-08T18:38:30
3285544,مرزیکلا,2026-09-09,باز,1850000,,,,2026-09-08T18:38:30
3285544,مرزیکلا,2026-09-10,باز,3100000,,,بله,2026-09-08T18:38:30
3285544,مرزیکلا,2026-09-11,باز,3100000,,,بله,2026-09-08T18:38:30
3285544,مرزیکلا,2026-09-12,باز,1850000,,,,2026-09-08T18:38:30
3285544,مرزیکلا,2026-09-13,باز,1850000,,,,2026-09-08T18:38:30
3285544,مرزیکلا,2026-09-14,باز,1850000,,,,2026-09-08T18:38:30
3285544,مرزیکلا,2026-09-15,باز,1850000,,,,2026-09-08T18:38:30
3285544,مرزیکلا,2026-09-16,باز,1850000,,,,2026-09-08T18:38:30
3285544,مرزیکلا,2026-09-17,باز,3100000,,,بله,2026-09-08T18:38:30
3285544,مرزیکلا,2026-09-18,باز,3100000,,,بله,2026-09-08T18:38:30
3285544,مرزیکلا,2026-09-19,باز,1850000,,,,2026-09-08T18:38:30
3285544,مرزیکلا,2026-09-20,باز,1850000,,,,2026-09-08T18:38:30
3285544,مرزیکلا,2026-09-21,باز,1850000,,,,2026-09-08T18:38:30
3285544,مرزیکلا,2026-09-22,باز,1850000,,,,2026-09-08T18:38:30
3285544,مرزیکلا,2026-09-23,باز,1850000,,,,2026-09-08T18:38:30
3285544,مرزیکلا,2026-09-24,باز,3100000,,,بله,2026-09-08T18:38:30
3285544,مرزیکلا,2026-09-25,باز,3100000,,,بله,2026-09-08T18:38:30
3285544,مرزیکلا,2026-09-26,باز,1850000,,,,2026-09-08T18:38:30
3285544,مرزیکلا,2026-09-27,باز,1850000,,,,2026-09-08T18:38:30
3285544,مرزیکلا,2026-09-28,باز,1850000,,,,2026-09-08T18:38:30
3285544,مرزیکلا,2026-09-29,باز,1850000,,,,2026-09-08T18:38:30
3285544,مرزیکلا,2026-09-30,باز,1850000,,,,2026-09-08T18:38:30
3285544,مرزیکلا,2026-10-01,باز,3100000,,,بله,2026-09-08T18:38:30
3285544,مرزیکلا,2026-10-02,باز,3100000,,,بله,2026-09-08T18:38:30
3285544,مرزیکلا,2026-10-03,باز,1850000,,,,2026-09-08T18:38:30
3285544,مرزیکلا,2026-10-04,باز,1850000,,,,2026-09-08T18:38:30
3285544,مرزیکلا,2026-10-05,باز,1850000,,,,2026-09-08T18:38:30
3285544,مرزیکلا,2026-10-06,باز,1850000,,,,2026-09-08T18:38:30
3285544,مرزیکلا,2026-10-07,باز,1850000,,,,2026-09-08T18:38:30
3285544,مرزیکلا,2026-10-08,باز,3100000,,,بله,2026-09-08T18:38:30
3285631,سیادرکا,2026-09-08,باز,2500000,,,,2026-09-08T18:38:35
3285631,سیادرکا,2026-09-09,باز,3000000,,,بله,2026-09-08T18:38:35
3285631,سیادرکا,2026-09-10,باز,3000000,,,بله,2026-09-08T18:38:35
3285631,سیادرکا,2026-09-11,باز,2500000,,,,2026-09-08T18:38:35
3285631,سیادرکا,2026-09-12,باز,2500000,,,,2026-09-08T18:38:35
3285631,سیادرکا,2026-09-13,باز,2500000,,,,2026-09-08T18:38:35
3285631,سیادرکا,2026-09-14,باز,2500000,,,,2026-09-08T18:38:35
3285631,سیادرکا,2026-09-15,باز,2500000,,,,2026-09-08T18:38:35
3285631,سیادرکا,2026-09-16,باز,3000000,,,بله,2026-09-08T18:38:35
3285631,سیادرکا,2026-09-17,باز,3000000,,,بله,2026-09-08T18:38:35
3285631,سیادرکا,2026-09-18,باز,2500000,,,,2026-09-08T18:38:35
3285631,سیادرکا,2026-09-19,باز,2500000,,,,2026-09-08T18:38:35
3285631,سیادرکا,2026-09-20,باز,2500000,,,,2026-09-08T18:38:35
3285631,سیادرکا,2026-09-21,باز,2500000,,,,2026-09-08T18:38:35
3285631,سیادرکا,2026-09-22,باز,2500000,,,,2026-09-08T18:38:35
3285631,سیادرکا,2026-09-23,باز,2300000,,,بله,2026-09-08T18:38:35
3285631,سیادرکا,2026-09-24,باز,2300000,,,بله,2026-09-08T18:38:35
3285631,سیادرکا,2026-09-25,باز,1300000,,,,2026-09-08T18:38:35
3285631,سیادرکا,2026-09-26,باز,1300000,,,,2026-09-08T18:38:35
3285631,سیادرکا,2026-09-27,باز,1300000,,,,2026-09-08T18:38:35
3285631,سیادرکا,2026-09-28,باز,1300000,,,,2026-09-08T18:38:35
3285631,سیادرکا,2026-09-29,باز,1300000,,,,2026-09-08T18:38:35
3285631,سیادرکا,2026-09-30,باز,2300000,,,بله,2026-09-08T18:38:35
3285631,سیادرکا,2026-10-01,باز,2300000,,,بله,2026-09-08T18:38:35
3285631,سیادرکا,2026-10-02,باز,1300000,,,,2026-09-08T18:38:35
3285631,سیادرکا,2026-10-03,باز,1300000,,,,2026-09-08T18:38:35
3285631,سیادرکا,2026-10-04,باز,1300000,,,,2026-09-08T18:38:35
3285631,سیادرکا,2026-10-05,باز,1300000,,,,2026-09-08T18:38:35
3285631,سیادرکا,2026-10-06,باز,1300000,,,,2026-09-08T18:38:35
3285631,سیادرکا,2026-10-07,باز,2300000,,,بله,2026-09-08T18:38:35
3285631,سیادرکا,2026-10-08,باز,2300000,,,بله,2026-09-08T18:38:35
3285766,بالفکلا,2026-09-08,بسته (مشاهده‌شده - دلیل نامشخص),5000000,,,,2026-09-08T18:38:37
3285766,بالفکلا,2026-09-09,بسته (مشاهده‌شده - دلیل نامشخص),7000000,,,بله,2026-09-08T18:38:37
3285766,بالفکلا,2026-09-10,بسته (مشاهده‌شده - دلیل نامشخص),7000000,,,بله,2026-09-08T18:38:37
3285766,بالفکلا,2026-09-11,بسته (مشاهده‌شده - دلیل نامشخص),5000000,,,,2026-09-08T18:38:37
3285766,بالفکلا,2026-09-12,بسته (مشاهده‌شده - دلیل نامشخص),5000000,,,,2026-09-08T18:38:37
3285766,بالفکلا,2026-09-13,بسته (مشاهده‌شده - دلیل نامشخص),5000000,,,,2026-09-08T18:38:37
3285766,بالفکلا,2026-09-14,بسته (مشاهده‌شده - دلیل نامشخص),5000000,,,,2026-09-08T18:38:37
3285766,بالفکلا,2026-09-15,باز,5000000,,,,2026-09-08T18:38:37
3285766,بالفکلا,2026-09-16,باز,7000000,,,بله,2026-09-08T18:38:37
3285766,بالفکلا,2026-09-17,باز,7000000,,,بله,2026-09-08T18:38:37
3285766,بالفکلا,2026-09-18,باز,5000000,,,,2026-09-08T18:38:37
3285766,بالفکلا,2026-09-19,باز,5000000,,,,2026-09-08T18:38:37
3285766,بالفکلا,2026-09-20,باز,5000000,,,,2026-09-08T18:38:37
3285766,بالفکلا,2026-09-21,باز,5000000,,,,2026-09-08T18:38:37
3285766,بالفکلا,2026-09-22,باز,5000000,,,,2026-09-08T18:38:37
3285766,بالفکلا,2026-09-23,باز,7000000,,,بله,2026-09-08T18:38:37
3285766,بالفکلا,2026-09-24,باز,7000000,,,بله,2026-09-08T18:38:37
3285766,بالفکلا,2026-09-25,باز,4500000,,,,2026-09-08T18:38:37
3285766,بالفکلا,2026-09-26,باز,4500000,,,,2026-09-08T18:38:37
3285766,بالفکلا,2026-09-27,باز,4500000,,,,2026-09-08T18:38:37
3285766,بالفکلا,2026-09-28,باز,4500000,,,,2026-09-08T18:38:37
3285766,بالفکلا,2026-09-29,باز,4500000,,,,2026-09-08T18:38:37
3285766,بالفکلا,2026-09-30,باز,7000000,,,بله,2026-09-08T18:38:37
3285766,بالفکلا,2026-10-01,باز,7000000,,,بله,2026-09-08T18:38:37
3285766,بالفکلا,2026-10-02,باز,4500000,,,,2026-09-08T18:38:37
3285766,بالفکلا,2026-10-03,باز,4500000,,,,2026-09-08T18:38:37
3285766,بالفکلا,2026-10-04,باز,4500000,,,,2026-09-08T18:38:37
3285766,بالفکلا,2026-10-05,باز,4500000,,,,2026-09-08T18:38:37
3285766,بالفکلا,2026-10-06,باز,4500000,,,,2026-09-08T18:38:37
3285766,بالفکلا,2026-10-07,باز,7000000,,,بله,2026-09-08T18:38:37
3285766,بالفکلا,2026-10-08,باز,7000000,,,بله,2026-09-08T18:38:37
3286272,درازکلا,2026-09-08,بسته (مشاهده‌شده - دلیل نامشخص),4900000,,,,2026-09-08T18:38:42
3286272,درازکلا,2026-09-09,بسته (مشاهده‌شده - دلیل نامشخص),5900000,,,بله,2026-09-08T18:38:42
3286272,درازکلا,2026-09-10,بسته (مشاهده‌شده - دلیل نامشخص),6900000,,,بله,2026-09-08T18:38:42
3286272,درازکلا,2026-09-11,بسته (مشاهده‌شده - دلیل نامشخص),5900000,,,,2026-09-08T18:38:42
3286272,درازکلا,2026-09-12,باز,5900000,,,,2026-09-08T18:38:42
3286272,درازکلا,2026-09-13,باز,5900000,,,,2026-09-08T18:38:42
3286272,درازکلا,2026-09-14,باز,5900000,,,,2026-09-08T18:38:42
3286272,درازکلا,2026-09-15,باز,5900000,,,,2026-09-08T18:38:42
3286272,درازکلا,2026-09-16,باز,6500000,,,بله,2026-09-08T18:38:42
3286272,درازکلا,2026-09-17,باز,7900000,,,بله,2026-09-08T18:38:42
3286272,درازکلا,2026-09-18,باز,5900000,,,,2026-09-08T18:38:42
3286272,درازکلا,2026-09-19,باز,5900000,,,,2026-09-08T18:38:42
3286272,درازکلا,2026-09-20,باز,5900000,,,,2026-09-08T18:38:42
3286272,درازکلا,2026-09-21,باز,5900000,,,,2026-09-08T18:38:42
3286272,درازکلا,2026-09-22,باز,5900000,,,,2026-09-08T18:38:42
3286272,درازکلا,2026-09-23,باز,6500000,,,بله,2026-09-08T18:38:42
3286272,درازکلا,2026-09-24,باز,6500000,,,بله,2026-09-08T18:38:42
3286272,درازکلا,2026-09-25,باز,4000000,,,,2026-09-08T18:38:42
3286272,درازکلا,2026-09-26,باز,5000000,,,,2026-09-08T18:38:42
3286272,درازکلا,2026-09-27,باز,5000000,,,,2026-09-08T18:38:42
3286272,درازکلا,2026-09-28,باز,5000000,,,,2026-09-08T18:38:42
3286272,درازکلا,2026-09-29,باز,5000000,,,,2026-09-08T18:38:42
3286272,درازکلا,2026-09-30,باز,6500000,,,بله,2026-09-08T18:38:42
3286272,درازکلا,2026-10-01,باز,6500000,,,بله,2026-09-08T18:38:42
3286272,درازکلا,2026-10-02,باز,4000000,,,,2026-09-08T18:38:42
3286272,درازکلا,2026-10-03,باز,5000000,,,,2026-09-08T18:38:42
3286272,درازکلا,2026-10-04,باز,5000000,,,,2026-09-08T18:38:42
3286272,درازکلا,2026-10-05,باز,5000000,,,,2026-09-08T18:38:42
3286272,درازکلا,2026-10-06,باز,5000000,,,,2026-09-08T18:38:42
3286272,درازکلا,2026-10-07,باز,6500000,,,بله,2026-09-08T18:38:42
3286272,درازکلا,2026-10-08,باز,6500000,,,بله,2026-09-08T18:38:42
3286779,بابلکنار,2026-09-08,بسته (مشاهده‌شده - دلیل نامشخص),2400000,,,,2026-09-08T18:38:44
3286779,بابلکنار,2026-09-09,بسته (مشاهده‌شده - دلیل نامشخص),2640000,,,بله,2026-09-08T18:38:44
3286779,بابلکنار,2026-09-10,بسته (مشاهده‌شده - دلیل نامشخص),4800000,,,بله,2026-09-08T18:38:44
3286779,بابلکنار,2026-09-11,باز,2400000,,,,2026-09-08T18:38:44
3286779,بابلکنار,2026-09-12,بسته (مشاهده‌شده - دلیل نامشخص),2400000,,,,2026-09-08T18:38:44
3286779,بابلکنار,2026-09-13,باز,2400000,,,,2026-09-08T18:38:44
3286779,بابلکنار,2026-09-14,باز,2400000,,,,2026-09-08T18:38:44
3286779,بابلکنار,2026-09-15,باز,2400000,,,,2026-09-08T18:38:44
3286779,بابلکنار,2026-09-16,باز,2640000,,,بله,2026-09-08T18:38:44
3286779,بابلکنار,2026-09-17,باز,4200000,,,بله,2026-09-08T18:38:44
3286779,بابلکنار,2026-09-18,بسته (مشاهده‌شده - دلیل نامشخص),2400000,,,,2026-09-08T18:38:44
3286779,بابلکنار,2026-09-19,بسته (مشاهده‌شده - دلیل نامشخص),2400000,,,,2026-09-08T18:38:44
3286779,بابلکنار,2026-09-20,باز,2400000,,,,2026-09-08T18:38:44
3286779,بابلکنار,2026-09-21,باز,2400000,,,,2026-09-08T18:38:44
3286779,بابلکنار,2026-09-22,باز,2400000,,,,2026-09-08T18:38:44
3286779,بابلکنار,2026-09-23,باز,3000000,,,بله,2026-09-08T18:38:44
3286779,بابلکنار,2026-09-24,باز,4200000,,,بله,2026-09-08T18:38:44
3286779,بابلکنار,2026-09-25,باز,2400000,,,,2026-09-08T18:38:44
3286779,بابلکنار,2026-09-26,باز,2400000,,,,2026-09-08T18:38:44
3286779,بابلکنار,2026-09-27,باز,2400000,,,,2026-09-08T18:38:44
3286779,بابلکنار,2026-09-28,باز,2400000,,,,2026-09-08T18:38:44
3286779,بابلکنار,2026-09-29,باز,2400000,,,,2026-09-08T18:38:44
3286779,بابلکنار,2026-09-30,باز,3000000,,,بله,2026-09-08T18:38:44
3286779,بابلکنار,2026-10-01,باز,4200000,,,بله,2026-09-08T18:38:44
3286779,بابلکنار,2026-10-02,باز,2400000,,,,2026-09-08T18:38:44
3286779,بابلکنار,2026-10-03,باز,2400000,,,,2026-09-08T18:38:44
3286779,بابلکنار,2026-10-04,باز,2400000,,,,2026-09-08T18:38:44
3286779,بابلکنار,2026-10-05,باز,2400000,,,,2026-09-08T18:38:44
3286779,بابلکنار,2026-10-06,باز,2400000,,,,2026-09-08T18:38:44
3286779,بابلکنار,2026-10-07,باز,3000000,,,بله,2026-09-08T18:38:44
3286779,بابلکنار,2026-10-08,باز,4200000,,,بله,2026-09-08T18:38:44
3287387,کبریاکلا,2026-09-08,بسته (مشاهده‌شده - دلیل نامشخص),4000000,,,,2026-09-08T18:38:46
3287387,کبریاکلا,2026-09-09,باز,4000000,,,بله,2026-09-08T18:38:46
3287387,کبریاکلا,2026-09-10,بسته (مشاهده‌شده - دلیل نامشخص),5000000,,,بله,2026-09-08T18:38:46
3287387,کبریاکلا,2026-09-11,بسته (مشاهده‌شده - دلیل نامشخص),5000000,,,,2026-09-08T18:38:46
3287387,کبریاکلا,2026-09-12,بسته (مشاهده‌شده - دلیل نامشخص),4000000,,,,2026-09-08T18:38:46
3287387,کبریاکلا,2026-09-13,باز,4000000,,,,2026-09-08T18:38:46
3287387,کبریاکلا,2026-09-14,باز,4000000,,,,2026-09-08T18:38:46
3287387,کبریاکلا,2026-09-15,باز,4000000,,,,2026-09-08T18:38:46
3287387,کبریاکلا,2026-09-16,باز,4000000,,,بله,2026-09-08T18:38:46
3287387,کبریاکلا,2026-09-17,باز,5000000,,,بله,2026-09-08T18:38:46
3287387,کبریاکلا,2026-09-18,باز,5000000,,,,2026-09-08T18:38:46
3287387,کبریاکلا,2026-09-19,باز,4000000,,,,2026-09-08T18:38:46
3287387,کبریاکلا,2026-09-20,باز,4000000,,,,2026-09-08T18:38:46
3287387,کبریاکلا,2026-09-21,باز,4000000,,,,2026-09-08T18:38:46
3287387,کبریاکلا,2026-09-22,باز,4000000,,,,2026-09-08T18:38:46
3287387,کبریاکلا,2026-09-23,باز,5000000,,,بله,2026-09-08T18:38:46
3287387,کبریاکلا,2026-09-24,باز,5000000,,,بله,2026-09-08T18:38:46
3287387,کبریاکلا,2026-09-25,باز,3500000,,,,2026-09-08T18:38:46
3287387,کبریاکلا,2026-09-26,باز,3500000,,,,2026-09-08T18:38:46
3287387,کبریاکلا,2026-09-27,باز,3500000,,,,2026-09-08T18:38:46
3287387,کبریاکلا,2026-09-28,باز,3500000,,,,2026-09-08T18:38:46
3287387,کبریاکلا,2026-09-29,باز,3500000,,,,2026-09-08T18:38:46
3287387,کبریاکلا,2026-09-30,باز,5000000,,,بله,2026-09-08T18:38:46
3287387,کبریاکلا,2026-10-01,باز,5000000,,,بله,2026-09-08T18:38:46
3287387,کبریاکلا,2026-10-02,باز,3500000,,,,2026-09-08T18:38:46
3287387,کبریاکلا,2026-10-03,باز,3500000,,,,2026-09-08T18:38:46
3287387,کبریاکلا,2026-10-04,باز,3500000,,,,2026-09-08T18:38:46
3287387,کبریاکلا,2026-10-05,باز,3500000,,,,2026-09-08T18:38:46
3287387,کبریاکلا,2026-10-06,باز,3500000,,,,2026-09-08T18:38:46
3287387,کبریاکلا,2026-10-07,باز,5000000,,,بله,2026-09-08T18:38:46
3287387,کبریاکلا,2026-10-08,باز,5000000,,,بله,2026-09-08T18:38:46
3288637,کاردرکلا,2026-09-08,بسته (مشاهده‌شده - دلیل نامشخص),7500000,,,,2026-09-08T18:38:47
3288637,کاردرکلا,2026-09-09,باز,9500000,10,,بله,2026-09-08T18:38:47
3288637,کاردرکلا,2026-09-10,بسته (مشاهده‌شده - دلیل نامشخص),12000000,,,بله,2026-09-08T18:38:47
3288637,کاردرکلا,2026-09-11,باز,7500000,,,,2026-09-08T18:38:47
3288637,کاردرکلا,2026-09-12,باز,7500000,,,,2026-09-08T18:38:47
3288637,کاردرکلا,2026-09-13,باز,7500000,,,,2026-09-08T18:38:47
3288637,کاردرکلا,2026-09-14,باز,7500000,,,,2026-09-08T18:38:47
3288637,کاردرکلا,2026-09-15,باز,7500000,,,,2026-09-08T18:38:47
3288637,کاردرکلا,2026-09-16,باز,9500000,,,بله,2026-09-08T18:38:47
3288637,کاردرکلا,2026-09-17,باز,12000000,,,بله,2026-09-08T18:38:47
3288637,کاردرکلا,2026-09-18,باز,7500000,,,,2026-09-08T18:38:47
3288637,کاردرکلا,2026-09-19,باز,7500000,,,,2026-09-08T18:38:47
3288637,کاردرکلا,2026-09-20,باز,7500000,,,,2026-09-08T18:38:47
3288637,کاردرکلا,2026-09-21,باز,7500000,,,,2026-09-08T18:38:47
3288637,کاردرکلا,2026-09-22,باز,7500000,,,,2026-09-08T18:38:47
3288637,کاردرکلا,2026-09-23,باز,10000000,,,بله,2026-09-08T18:38:47
3288637,کاردرکلا,2026-09-24,باز,10000000,,,بله,2026-09-08T18:38:47
3288637,کاردرکلا,2026-09-25,باز,6000000,,,,2026-09-08T18:38:47
3288637,کاردرکلا,2026-09-26,باز,6000000,,,,2026-09-08T18:38:47
3288637,کاردرکلا,2026-09-27,باز,6000000,,,,2026-09-08T18:38:47
3288637,کاردرکلا,2026-09-28,باز,6000000,,,,2026-09-08T18:38:47
3288637,کاردرکلا,2026-09-29,باز,6000000,,,,2026-09-08T18:38:47
3288637,کاردرکلا,2026-09-30,باز,10000000,,,بله,2026-09-08T18:38:47
3288637,کاردرکلا,2026-10-01,باز,10000000,,,بله,2026-09-08T18:38:47
3288637,کاردرکلا,2026-10-02,باز,6000000,,,,2026-09-08T18:38:47
3288637,کاردرکلا,2026-10-03,باز,6000000,,,,2026-09-08T18:38:47
3288637,کاردرکلا,2026-10-04,باز,6000000,,,,2026-09-08T18:38:47
3288637,کاردرکلا,2026-10-05,باز,6000000,,,,2026-09-08T18:38:47
3288637,کاردرکلا,2026-10-06,باز,6000000,,,,2026-09-08T18:38:47
3288637,کاردرکلا,2026-10-07,باز,10000000,,,بله,2026-09-08T18:38:47
3288637,کاردرکلا,2026-10-08,باز,10000000,,,بله,2026-09-08T18:38:47
3288689,کاردرکلا,2026-09-08,بسته (مشاهده‌شده - دلیل نامشخص),5000000,,,,2026-09-08T18:38:49
3288689,کاردرکلا,2026-09-09,بسته (مشاهده‌شده - دلیل نامشخص),6500000,,,بله,2026-09-08T18:38:49
3288689,کاردرکلا,2026-09-10,بسته (مشاهده‌شده - دلیل نامشخص),8000000,,,بله,2026-09-08T18:38:49
3288689,کاردرکلا,2026-09-11,بسته (مشاهده‌شده - دلیل نامشخص),5000000,,,,2026-09-08T18:38:49
3288689,کاردرکلا,2026-09-12,باز,5000000,,,,2026-09-08T18:38:49
3288689,کاردرکلا,2026-09-13,باز,5000000,,,,2026-09-08T18:38:49
3288689,کاردرکلا,2026-09-14,بسته (مشاهده‌شده - دلیل نامشخص),5000000,,,,2026-09-08T18:38:49
3288689,کاردرکلا,2026-09-15,باز,5000000,,,,2026-09-08T18:38:49
3288689,کاردرکلا,2026-09-16,باز,6500000,,,بله,2026-09-08T18:38:49
3288689,کاردرکلا,2026-09-17,باز,8000000,,,بله,2026-09-08T18:38:49
3288689,کاردرکلا,2026-09-18,باز,5000000,,,,2026-09-08T18:38:49
3288689,کاردرکلا,2026-09-19,باز,5000000,,,,2026-09-08T18:38:49
3288689,کاردرکلا,2026-09-20,باز,5000000,,,,2026-09-08T18:38:49
3288689,کاردرکلا,2026-09-21,باز,5000000,,,,2026-09-08T18:38:49
3288689,کاردرکلا,2026-09-22,باز,5000000,,,,2026-09-08T18:38:49
3288689,کاردرکلا,2026-09-23,باز,5500000,,,بله,2026-09-08T18:38:49
3288689,کاردرکلا,2026-09-24,باز,5500000,,,بله,2026-09-08T18:38:49
3288689,کاردرکلا,2026-09-25,باز,3500000,,,,2026-09-08T18:38:49
3288689,کاردرکلا,2026-09-26,باز,3500000,,,,2026-09-08T18:38:49
3288689,کاردرکلا,2026-09-27,باز,3500000,,,,2026-09-08T18:38:49
3288689,کاردرکلا,2026-09-28,باز,3500000,,,,2026-09-08T18:38:49
3288689,کاردرکلا,2026-09-29,بسته (مشاهده‌شده - دلیل نامشخص),3500000,,,,2026-09-08T18:38:49
3288689,کاردرکلا,2026-09-30,بسته (مشاهده‌شده - دلیل نامشخص),5500000,,,بله,2026-09-08T18:38:49
3288689,کاردرکلا,2026-10-01,بسته (مشاهده‌شده - دلیل نامشخص),5500000,,,بله,2026-09-08T18:38:49
3288689,کاردرکلا,2026-10-02,باز,3500000,,,,2026-09-08T18:38:49
3288689,کاردرکلا,2026-10-03,باز,3500000,,,,2026-09-08T18:38:49
3288689,کاردرکلا,2026-10-04,باز,3500000,,,,2026-09-08T18:38:49
3288689,کاردرکلا,2026-10-05,باز,3500000,,,,2026-09-08T18:38:49
3288689,کاردرکلا,2026-10-06,باز,3500000,,,,2026-09-08T18:38:49
3288689,کاردرکلا,2026-10-07,باز,5500000,,,بله,2026-09-08T18:38:49
3288689,کاردرکلا,2026-10-08,باز,5500000,,,بله,2026-09-08T18:38:49
3288899,بابلکنار,2026-09-08,بسته (مشاهده‌شده - دلیل نامشخص),4500000,,,,2026-09-08T18:38:51
3288899,بابلکنار,2026-09-09,باز,7500000,,,بله,2026-09-08T18:38:51
3288899,بابلکنار,2026-09-10,بسته (مشاهده‌شده - دلیل نامشخص),7500000,,,بله,2026-09-08T18:38:51
3288899,بابلکنار,2026-09-11,بسته (مشاهده‌شده - دلیل نامشخص),4500000,,,,2026-09-08T18:38:51
3288899,بابلکنار,2026-09-12,بسته (مشاهده‌شده - دلیل نامشخص),4500000,,,,2026-09-08T18:38:51
3288899,بابلکنار,2026-09-13,بسته (مشاهده‌شده - دلیل نامشخص),4500000,,,,2026-09-08T18:38:51
3288899,بابلکنار,2026-09-14,بسته (مشاهده‌شده - دلیل نامشخص),4500000,,,,2026-09-08T18:38:51
3288899,بابلکنار,2026-09-15,باز,4500000,,,,2026-09-08T18:38:51
3288899,بابلکنار,2026-09-16,باز,7500000,,,بله,2026-09-08T18:38:51
3288899,بابلکنار,2026-09-17,بسته (مشاهده‌شده - دلیل نامشخص),7500000,,,بله,2026-09-08T18:38:51
3288899,بابلکنار,2026-09-18,بسته (مشاهده‌شده - دلیل نامشخص),4500000,,,,2026-09-08T18:38:51
3288899,بابلکنار,2026-09-19,باز,4500000,,,,2026-09-08T18:38:51
3288899,بابلکنار,2026-09-20,باز,4500000,,,,2026-09-08T18:38:51
3288899,بابلکنار,2026-09-21,باز,4500000,,,,2026-09-08T18:38:51
3288899,بابلکنار,2026-09-22,باز,4500000,,,,2026-09-08T18:38:51
3288899,بابلکنار,2026-09-23,باز,7500000,,,بله,2026-09-08T18:38:51
3288899,بابلکنار,2026-09-24,باز,7500000,,,بله,2026-09-08T18:38:51
3288899,بابلکنار,2026-09-25,باز,4500000,,,,2026-09-08T18:38:51
3288899,بابلکنار,2026-09-26,باز,4500000,,,,2026-09-08T18:38:51
3288899,بابلکنار,2026-09-27,باز,4500000,,,,2026-09-08T18:38:51
3288899,بابلکنار,2026-09-28,باز,4500000,,,,2026-09-08T18:38:51
3288899,بابلکنار,2026-09-29,باز,4500000,,,,2026-09-08T18:38:51
3288899,بابلکنار,2026-09-30,باز,7500000,,,بله,2026-09-08T18:38:51
3288899,بابلکنار,2026-10-01,باز,7500000,,,بله,2026-09-08T18:38:51
3288899,بابلکنار,2026-10-02,باز,4500000,,,,2026-09-08T18:38:51
3288899,بابلکنار,2026-10-03,باز,4500000,,,,2026-09-08T18:38:51
3288899,بابلکنار,2026-10-04,باز,4500000,,,,2026-09-08T18:38:51
3288899,بابلکنار,2026-10-05,باز,4500000,,,,2026-09-08T18:38:51
3288899,بابلکنار,2026-10-06,باز,4500000,,,,2026-09-08T18:38:51
3288899,بابلکنار,2026-10-07,باز,7500000,,,بله,2026-09-08T18:38:51
3288899,بابلکنار,2026-10-08,باز,7500000,,,بله,2026-09-08T18:38:51
3289080,کاردرکلا,2026-09-08,باز,3800000,,,,2026-09-08T18:38:53
3289080,کاردرکلا,2026-09-09,بسته (مشاهده‌شده - دلیل نامشخص),7500000,,,بله,2026-09-08T18:38:53
3289080,کاردرکلا,2026-09-10,بسته (مشاهده‌شده - دلیل نامشخص),7500000,,,بله,2026-09-08T18:38:53
3289080,کاردرکلا,2026-09-11,باز,3800000,,,,2026-09-08T18:38:53
3289080,کاردرکلا,2026-09-12,باز,3800000,,,,2026-09-08T18:38:53
3289080,کاردرکلا,2026-09-13,باز,3800000,,,,2026-09-08T18:38:53
3289080,کاردرکلا,2026-09-14,باز,3800000,,,,2026-09-08T18:38:53
3289080,کاردرکلا,2026-09-15,باز,3800000,,,,2026-09-08T18:38:53
3289080,کاردرکلا,2026-09-16,باز,7500000,,,بله,2026-09-08T18:38:53
3289080,کاردرکلا,2026-09-17,باز,7500000,,,بله,2026-09-08T18:38:53
3289080,کاردرکلا,2026-09-18,باز,3800000,,,,2026-09-08T18:38:53
3289080,کاردرکلا,2026-09-19,باز,3800000,,,,2026-09-08T18:38:53
3289080,کاردرکلا,2026-09-20,باز,3800000,,,,2026-09-08T18:38:53
3289080,کاردرکلا,2026-09-21,باز,3800000,,,,2026-09-08T18:38:53
3289080,کاردرکلا,2026-09-22,باز,3800000,,,,2026-09-08T18:38:53
3289080,کاردرکلا,2026-09-23,باز,3500000,,,بله,2026-09-08T18:38:53
3289080,کاردرکلا,2026-09-24,باز,3500000,,,بله,2026-09-08T18:38:53
3289080,کاردرکلا,2026-09-25,باز,1500000,,,,2026-09-08T18:38:53
3289080,کاردرکلا,2026-09-26,باز,1500000,,,,2026-09-08T18:38:53
3289080,کاردرکلا,2026-09-27,باز,1500000,,,,2026-09-08T18:38:53
3289080,کاردرکلا,2026-09-28,باز,1500000,,,,2026-09-08T18:38:53
3289080,کاردرکلا,2026-09-29,باز,1500000,,,,2026-09-08T18:38:53
3289080,کاردرکلا,2026-09-30,باز,3500000,,,بله,2026-09-08T18:38:53
3289080,کاردرکلا,2026-10-01,باز,3500000,,,بله,2026-09-08T18:38:53
3289080,کاردرکلا,2026-10-02,باز,1500000,,,,2026-09-08T18:38:53
3289080,کاردرکلا,2026-10-03,باز,1500000,,,,2026-09-08T18:38:53
3289080,کاردرکلا,2026-10-04,باز,1500000,,,,2026-09-08T18:38:53
3289080,کاردرکلا,2026-10-05,باز,1500000,,,,2026-09-08T18:38:53
3289080,کاردرکلا,2026-10-06,باز,1500000,,,,2026-09-08T18:38:53
3289080,کاردرکلا,2026-10-07,باز,3500000,,,بله,2026-09-08T18:38:53
3289080,کاردرکلا,2026-10-08,باز,3500000,,,بله,2026-09-08T18:38:53
3289165,بابلکنار,2026-09-08,بسته (مشاهده‌شده - دلیل نامشخص),2500000,,,,2026-09-08T18:38:54
3289165,بابلکنار,2026-09-09,بسته (مشاهده‌شده - دلیل نامشخص),3500000,,,بله,2026-09-08T18:38:54
3289165,بابلکنار,2026-09-10,باز,3500000,,,بله,2026-09-08T18:38:54
3289165,بابلکنار,2026-09-11,باز,2500000,,,,2026-09-08T18:38:54
3289165,بابلکنار,2026-09-12,باز,2500000,,,,2026-09-08T18:38:54
3289165,بابلکنار,2026-09-13,باز,2500000,,,,2026-09-08T18:38:54
3289165,بابلکنار,2026-09-14,باز,2500000,,,,2026-09-08T18:38:54
3289165,بابلکنار,2026-09-15,باز,2500000,,,,2026-09-08T18:38:54
3289165,بابلکنار,2026-09-16,باز,3500000,,,بله,2026-09-08T18:38:54
3289165,بابلکنار,2026-09-17,باز,3500000,,,بله,2026-09-08T18:38:54
3289165,بابلکنار,2026-09-18,باز,2500000,,,,2026-09-08T18:38:54
3289165,بابلکنار,2026-09-19,باز,2500000,,,,2026-09-08T18:38:54
3289165,بابلکنار,2026-09-20,باز,2500000,,,,2026-09-08T18:38:54
3289165,بابلکنار,2026-09-21,باز,2500000,,,,2026-09-08T18:38:54
3289165,بابلکنار,2026-09-22,باز,2500000,,,,2026-09-08T18:38:54
3289165,بابلکنار,2026-09-23,باز,3500000,,,بله,2026-09-08T18:38:54
3289165,بابلکنار,2026-09-24,باز,3500000,,,بله,2026-09-08T18:38:54
3289165,بابلکنار,2026-09-25,باز,2000000,,,,2026-09-08T18:38:54
3289165,بابلکنار,2026-09-26,باز,2000000,,,,2026-09-08T18:38:54
3289165,بابلکنار,2026-09-27,باز,2000000,,,,2026-09-08T18:38:54
3289165,بابلکنار,2026-09-28,باز,2000000,,,,2026-09-08T18:38:54
3289165,بابلکنار,2026-09-29,باز,2000000,,,,2026-09-08T18:38:54
3289165,بابلکنار,2026-09-30,باز,3500000,,,بله,2026-09-08T18:38:54
3289165,بابلکنار,2026-10-01,باز,3500000,,,بله,2026-09-08T18:38:54
3289165,بابلکنار,2026-10-02,باز,2000000,,,,2026-09-08T18:38:54
3289165,بابلکنار,2026-10-03,باز,2000000,,,,2026-09-08T18:38:54
3289165,بابلکنار,2026-10-04,باز,2000000,,,,2026-09-08T18:38:54
3289165,بابلکنار,2026-10-05,باز,2000000,,,,2026-09-08T18:38:54
3289165,بابلکنار,2026-10-06,باز,2000000,,,,2026-09-08T18:38:54
3289165,بابلکنار,2026-10-07,باز,3500000,,,بله,2026-09-08T18:38:54
3289165,بابلکنار,2026-10-08,باز,3500000,,,بله,2026-09-08T18:38:54
3289303,کلاریکلا,2026-09-08,بسته (مشاهده‌شده - دلیل نامشخص),2000000,,,,2026-09-08T18:38:56
3289303,کلاریکلا,2026-09-09,بسته (مشاهده‌شده - دلیل نامشخص),2000000,,,بله,2026-09-08T18:38:56
3289303,کلاریکلا,2026-09-10,بسته (مشاهده‌شده - دلیل نامشخص),3500000,,,بله,2026-09-08T18:38:56
3289303,کلاریکلا,2026-09-11,بسته (مشاهده‌شده - دلیل نامشخص),2000000,,,,2026-09-08T18:38:56
3289303,کلاریکلا,2026-09-12,باز,2000000,,,,2026-09-08T18:38:56
3289303,کلاریکلا,2026-09-13,باز,2000000,,,,2026-09-08T18:38:56
3289303,کلاریکلا,2026-09-14,باز,2000000,,,,2026-09-08T18:38:56
3289303,کلاریکلا,2026-09-15,باز,2000000,,,,2026-09-08T18:38:56
3289303,کلاریکلا,2026-09-16,باز,2000000,,,بله,2026-09-08T18:38:56
3289303,کلاریکلا,2026-09-17,باز,3000000,,,بله,2026-09-08T18:38:56
3289303,کلاریکلا,2026-09-18,باز,2000000,,,,2026-09-08T18:38:56
3289303,کلاریکلا,2026-09-19,باز,2000000,,,,2026-09-08T18:38:56
3289303,کلاریکلا,2026-09-20,باز,2000000,,,,2026-09-08T18:38:56
3289303,کلاریکلا,2026-09-21,باز,2000000,,,,2026-09-08T18:38:56
3289303,کلاریکلا,2026-09-22,باز,2000000,,,,2026-09-08T18:38:56
3289303,کلاریکلا,2026-09-23,باز,2000000,,,بله,2026-09-08T18:38:56
3289303,کلاریکلا,2026-09-24,باز,3000000,,,بله,2026-09-08T18:38:56
3289303,کلاریکلا,2026-09-25,باز,2000000,,,,2026-09-08T18:38:56
3289303,کلاریکلا,2026-09-26,باز,2000000,,,,2026-09-08T18:38:56
3289303,کلاریکلا,2026-09-27,باز,2000000,,,,2026-09-08T18:38:56
3289303,کلاریکلا,2026-09-28,باز,2000000,,,,2026-09-08T18:38:56
3289303,کلاریکلا,2026-09-29,باز,2000000,,,,2026-09-08T18:38:56
3289303,کلاریکلا,2026-09-30,باز,2000000,,,بله,2026-09-08T18:38:56
3289303,کلاریکلا,2026-10-01,باز,3000000,,,بله,2026-09-08T18:38:56
3289303,کلاریکلا,2026-10-02,باز,2000000,,,,2026-09-08T18:38:56
3289303,کلاریکلا,2026-10-03,باز,2000000,,,,2026-09-08T18:38:56
3289303,کلاریکلا,2026-10-04,باز,2000000,,,,2026-09-08T18:38:56
3289303,کلاریکلا,2026-10-05,باز,2000000,,,,2026-09-08T18:38:56
3289303,کلاریکلا,2026-10-06,باز,2000000,,,,2026-09-08T18:38:56
3289303,کلاریکلا,2026-10-07,باز,2000000,,,بله,2026-09-08T18:38:56
3289303,کلاریکلا,2026-10-08,باز,3000000,,,بله,2026-09-08T18:38:56
3289341,قرآن تالار,2026-09-08,بسته (مشاهده‌شده - دلیل نامشخص),3200000,,,,2026-09-08T18:38:58
3289341,قرآن تالار,2026-09-09,بسته (مشاهده‌شده - دلیل نامشخص),3200000,,,بله,2026-09-08T18:38:58
3289341,قرآن تالار,2026-09-10,بسته (مشاهده‌شده - دلیل نامشخص),3600000,,,بله,2026-09-08T18:38:58
3289341,قرآن تالار,2026-09-11,بسته (مشاهده‌شده - دلیل نامشخص),3200000,,,,2026-09-08T18:38:58
3289341,قرآن تالار,2026-09-12,بسته (مشاهده‌شده - دلیل نامشخص),2800000,,,,2026-09-08T18:38:58
3289341,قرآن تالار,2026-09-13,بسته (مشاهده‌شده - دلیل نامشخص),2800000,,,,2026-09-08T18:38:58
3289341,قرآن تالار,2026-09-14,باز,2800000,,,,2026-09-08T18:38:58
3289341,قرآن تالار,2026-09-15,باز,2800000,,,,2026-09-08T18:38:58
3289341,قرآن تالار,2026-09-16,باز,3200000,,,بله,2026-09-08T18:38:58
3289341,قرآن تالار,2026-09-17,بسته (مشاهده‌شده - دلیل نامشخص),3200000,,,بله,2026-09-08T18:38:58
3289341,قرآن تالار,2026-09-18,بسته (مشاهده‌شده - دلیل نامشخص),2800000,,,,2026-09-08T18:38:58
3289341,قرآن تالار,2026-09-19,باز,2800000,,,,2026-09-08T18:38:58
3289341,قرآن تالار,2026-09-20,باز,2800000,,,,2026-09-08T18:38:58
3289341,قرآن تالار,2026-09-21,باز,2800000,,,,2026-09-08T18:38:58
3289341,قرآن تالار,2026-09-22,باز,2800000,,,,2026-09-08T18:38:58
3289341,قرآن تالار,2026-09-23,باز,2600000,,,بله,2026-09-08T18:38:58
3289341,قرآن تالار,2026-09-24,بسته (مشاهده‌شده - دلیل نامشخص),2600000,,,بله,2026-09-08T18:38:58
3289341,قرآن تالار,2026-09-25,بسته (مشاهده‌شده - دلیل نامشخص),2200000,,,,2026-09-08T18:38:58
3289341,قرآن تالار,2026-09-26,باز,2200000,,,,2026-09-08T18:38:58
3289341,قرآن تالار,2026-09-27,باز,2200000,,,,2026-09-08T18:38:58
3289341,قرآن تالار,2026-09-28,باز,2200000,,,,2026-09-08T18:38:58
3289341,قرآن تالار,2026-09-29,باز,2200000,,,,2026-09-08T18:38:58
3289341,قرآن تالار,2026-09-30,باز,2600000,,,بله,2026-09-08T18:38:58
3289341,قرآن تالار,2026-10-01,باز,2600000,,,بله,2026-09-08T18:38:58
3289341,قرآن تالار,2026-10-02,باز,2200000,,,,2026-09-08T18:38:58
3289341,قرآن تالار,2026-10-03,باز,2200000,,,,2026-09-08T18:38:58
3289341,قرآن تالار,2026-10-04,باز,2200000,,,,2026-09-08T18:38:58
3289341,قرآن تالار,2026-10-05,باز,2200000,,,,2026-09-08T18:38:58
3289341,قرآن تالار,2026-10-06,باز,2200000,,,,2026-09-08T18:38:58
3289341,قرآن تالار,2026-10-07,باز,2600000,,,بله,2026-09-08T18:38:58
3289341,قرآن تالار,2026-10-08,باز,2600000,,,بله,2026-09-08T18:38:58
3289537,امیرکلا,2026-09-08,بسته (مشاهده‌شده - دلیل نامشخص),4500000,,,,2026-09-08T18:38:59
3289537,امیرکلا,2026-09-09,باز,4500000,,,بله,2026-09-08T18:38:59
3289537,امیرکلا,2026-09-10,بسته (مشاهده‌شده - دلیل نامشخص),7500000,,,بله,2026-09-08T18:38:59
3289537,امیرکلا,2026-09-11,بسته (مشاهده‌شده - دلیل نامشخص),6550000,,,,2026-09-08T18:38:59
3289537,امیرکلا,2026-09-12,باز,6550000,,,,2026-09-08T18:38:59
3289537,امیرکلا,2026-09-13,باز,6550000,,,,2026-09-08T18:38:59
3289537,امیرکلا,2026-09-14,باز,6550000,,,,2026-09-08T18:38:59
3289537,امیرکلا,2026-09-15,باز,6550000,,,,2026-09-08T18:38:59
3289537,امیرکلا,2026-09-16,باز,7500000,,,بله,2026-09-08T18:38:59
3289537,امیرکلا,2026-09-17,باز,7500000,,,بله,2026-09-08T18:38:59
3289537,امیرکلا,2026-09-18,باز,6550000,,,,2026-09-08T18:38:59
3289537,امیرکلا,2026-09-19,باز,6550000,,,,2026-09-08T18:38:59
3289537,امیرکلا,2026-09-20,باز,6550000,,,,2026-09-08T18:38:59
3289537,امیرکلا,2026-09-21,باز,6550000,,,,2026-09-08T18:38:59
3289537,امیرکلا,2026-09-22,باز,6550000,,,,2026-09-08T18:38:59
3289537,امیرکلا,2026-09-23,باز,4500000,,,بله,2026-09-08T18:38:59
3289537,امیرکلا,2026-09-24,باز,4500000,,,بله,2026-09-08T18:38:59
3289537,امیرکلا,2026-09-25,باز,3500000,,,,2026-09-08T18:38:59
3289537,امیرکلا,2026-09-26,باز,3500000,,,,2026-09-08T18:38:59
3289537,امیرکلا,2026-09-27,باز,3500000,,,,2026-09-08T18:38:59
3289537,امیرکلا,2026-09-28,باز,3500000,,,,2026-09-08T18:38:59
3289537,امیرکلا,2026-09-29,باز,3500000,,,,2026-09-08T18:38:59
3289537,امیرکلا,2026-09-30,باز,4500000,,,بله,2026-09-08T18:38:59
3289537,امیرکلا,2026-10-01,باز,4500000,,,بله,2026-09-08T18:38:59
3289537,امیرکلا,2026-10-02,باز,3500000,,,,2026-09-08T18:38:59
3289537,امیرکلا,2026-10-03,باز,3500000,,,,2026-09-08T18:38:59
3289537,امیرکلا,2026-10-04,باز,3500000,,,,2026-09-08T18:38:59
3289537,امیرکلا,2026-10-05,باز,3500000,,,,2026-09-08T18:38:59
3289537,امیرکلا,2026-10-06,باز,3500000,,,,2026-09-08T18:38:59
3289537,امیرکلا,2026-10-07,باز,4500000,,,بله,2026-09-08T18:38:59
3289537,امیرکلا,2026-10-08,باز,4500000,,,بله,2026-09-08T18:38:59
3289543,بابلکنار,2026-09-08,بسته (مشاهده‌شده - دلیل نامشخص),5000000,10,,,2026-09-08T18:39:01
3289543,بابلکنار,2026-09-09,بسته (مشاهده‌شده - دلیل نامشخص),6000000,20,,بله,2026-09-08T18:39:01
3289543,بابلکنار,2026-09-10,بسته (مشاهده‌شده - دلیل نامشخص),6000000,20,,بله,2026-09-08T18:39:01
3289543,بابلکنار,2026-09-11,باز,5000000,,,,2026-09-08T18:39:01
3289543,بابلکنار,2026-09-12,باز,5000000,,,,2026-09-08T18:39:01
3289543,بابلکنار,2026-09-13,باز,5000000,,,,2026-09-08T18:39:01
3289543,بابلکنار,2026-09-14,باز,5000000,,,,2026-09-08T18:39:01
3289543,بابلکنار,2026-09-15,باز,5000000,,,,2026-09-08T18:39:01
3289543,بابلکنار,2026-09-16,باز,6000000,,,بله,2026-09-08T18:39:01
3289543,بابلکنار,2026-09-17,باز,6000000,,,بله,2026-09-08T18:39:01
3289543,بابلکنار,2026-09-18,باز,5000000,,,,2026-09-08T18:39:01
3289543,بابلکنار,2026-09-19,باز,5000000,,,,2026-09-08T18:39:01
3289543,بابلکنار,2026-09-20,باز,5000000,,,,2026-09-08T18:39:01
3289543,بابلکنار,2026-09-21,باز,5000000,,,,2026-09-08T18:39:01
3289543,بابلکنار,2026-09-22,باز,5000000,,,,2026-09-08T18:39:01
3289543,بابلکنار,2026-09-23,باز,5000000,,,بله,2026-09-08T18:39:01
3289543,بابلکنار,2026-09-24,باز,5000000,,,بله,2026-09-08T18:39:01
3289543,بابلکنار,2026-09-25,باز,4000000,,,,2026-09-08T18:39:01
3289543,بابلکنار,2026-09-26,باز,4000000,,,,2026-09-08T18:39:01
3289543,بابلکنار,2026-09-27,باز,4000000,,,,2026-09-08T18:39:01
3289543,بابلکنار,2026-09-28,باز,4000000,,,,2026-09-08T18:39:01
3289543,بابلکنار,2026-09-29,باز,4000000,,,,2026-09-08T18:39:01
3289543,بابلکنار,2026-09-30,باز,5000000,,,بله,2026-09-08T18:39:01
3289543,بابلکنار,2026-10-01,باز,5000000,,,بله,2026-09-08T18:39:01
3289543,بابلکنار,2026-10-02,باز,4000000,,,,2026-09-08T18:39:01
3289543,بابلکنار,2026-10-03,باز,4000000,,,,2026-09-08T18:39:01
3289543,بابلکنار,2026-10-04,باز,4000000,,,,2026-09-08T18:39:01
3289543,بابلکنار,2026-10-05,باز,4000000,,,,2026-09-08T18:39:01
3289543,بابلکنار,2026-10-06,باز,4000000,,,,2026-09-08T18:39:01
3289543,بابلکنار,2026-10-07,باز,5000000,,,بله,2026-09-08T18:39:01
3289543,بابلکنار,2026-10-08,باز,5000000,,,بله,2026-09-08T18:39:01
3289641,قرآن تالار,2026-09-08,بسته (مشاهده‌شده - دلیل نامشخص),2700000,,,,2026-09-08T18:39:03
3289641,قرآن تالار,2026-09-09,باز,3300000,,,بله,2026-09-08T18:39:03
3289641,قرآن تالار,2026-09-10,بسته (مشاهده‌شده - دلیل نامشخص),3300000,,,بله,2026-09-08T18:39:03
3289641,قرآن تالار,2026-09-11,بسته (مشاهده‌شده - دلیل نامشخص),2700000,,,,2026-09-08T18:39:03
3289641,قرآن تالار,2026-09-12,بسته (مشاهده‌شده - دلیل نامشخص),2700000,,,,2026-09-08T18:39:03
3289641,قرآن تالار,2026-09-13,باز,2700000,,,,2026-09-08T18:39:03
3289641,قرآن تالار,2026-09-14,باز,2700000,,,,2026-09-08T18:39:03
3289641,قرآن تالار,2026-09-15,باز,2700000,,,,2026-09-08T18:39:03
3289641,قرآن تالار,2026-09-16,بسته (مشاهده‌شده - دلیل نامشخص),3300000,,,بله,2026-09-08T18:39:03
3289641,قرآن تالار,2026-09-17,بسته (مشاهده‌شده - دلیل نامشخص),3300000,,,بله,2026-09-08T18:39:03
3289641,قرآن تالار,2026-09-18,بسته (مشاهده‌شده - دلیل نامشخص),2700000,,,,2026-09-08T18:39:03
3289641,قرآن تالار,2026-09-19,باز,2700000,,,,2026-09-08T18:39:03
3289641,قرآن تالار,2026-09-20,باز,2700000,,,,2026-09-08T18:39:03
3289641,قرآن تالار,2026-09-21,باز,2700000,,,,2026-09-08T18:39:03
3289641,قرآن تالار,2026-09-22,باز,2700000,,,,2026-09-08T18:39:03
3289641,قرآن تالار,2026-09-23,باز,2200000,,,بله,2026-09-08T18:39:03
3289641,قرآن تالار,2026-09-24,باز,2200000,,,بله,2026-09-08T18:39:03
3289641,قرآن تالار,2026-09-25,باز,1800000,,,,2026-09-08T18:39:03
3289641,قرآن تالار,2026-09-26,باز,1800000,,,,2026-09-08T18:39:03
3289641,قرآن تالار,2026-09-27,باز,1800000,,,,2026-09-08T18:39:03
3289641,قرآن تالار,2026-09-28,باز,1800000,,,,2026-09-08T18:39:03
3289641,قرآن تالار,2026-09-29,باز,1800000,,,,2026-09-08T18:39:03
3289641,قرآن تالار,2026-09-30,باز,2200000,,,بله,2026-09-08T18:39:03
3289641,قرآن تالار,2026-10-01,باز,2200000,,,بله,2026-09-08T18:39:03
3289641,قرآن تالار,2026-10-02,باز,1800000,,,,2026-09-08T18:39:03
3289641,قرآن تالار,2026-10-03,باز,1800000,,,,2026-09-08T18:39:03
3289641,قرآن تالار,2026-10-04,باز,1800000,,,,2026-09-08T18:39:03
3289641,قرآن تالار,2026-10-05,باز,1800000,,,,2026-09-08T18:39:03
3289641,قرآن تالار,2026-10-06,باز,1800000,,,,2026-09-08T18:39:03
3289641,قرآن تالار,2026-10-07,باز,2200000,,,بله,2026-09-08T18:39:03
3289641,قرآن تالار,2026-10-08,باز,2200000,,,بله,2026-09-08T18:39:03
3290023,درازکلا,2026-09-08,باز,2000000,,,,2026-09-08T18:39:04
3290023,درازکلا,2026-09-09,باز,3500000,,,بله,2026-09-08T18:39:04
3290023,درازکلا,2026-09-10,باز,3500000,,,بله,2026-09-08T18:39:04
3290023,درازکلا,2026-09-11,باز,2000000,,,,2026-09-08T18:39:04
3290023,درازکلا,2026-09-12,باز,2000000,,,,2026-09-08T18:39:04
3290023,درازکلا,2026-09-13,باز,2000000,,,,2026-09-08T18:39:04
3290023,درازکلا,2026-09-14,باز,2000000,,,,2026-09-08T18:39:04
3290023,درازکلا,2026-09-15,باز,2000000,,,,2026-09-08T18:39:04
3290023,درازکلا,2026-09-16,باز,3500000,,,بله,2026-09-08T18:39:04
3290023,درازکلا,2026-09-17,باز,3500000,,,بله,2026-09-08T18:39:04
3290023,درازکلا,2026-09-18,باز,2000000,,,,2026-09-08T18:39:04
3290023,درازکلا,2026-09-19,باز,2000000,,,,2026-09-08T18:39:04
3290023,درازکلا,2026-09-20,باز,2000000,,,,2026-09-08T18:39:04
3290023,درازکلا,2026-09-21,باز,2000000,,,,2026-09-08T18:39:04
3290023,درازکلا,2026-09-22,باز,2000000,,,,2026-09-08T18:39:04
3290023,درازکلا,2026-09-23,باز,3000000,,,بله,2026-09-08T18:39:04
3290023,درازکلا,2026-09-24,باز,3000000,,,بله,2026-09-08T18:39:04
3290023,درازکلا,2026-09-25,باز,2000000,,,,2026-09-08T18:39:04
3290023,درازکلا,2026-09-26,باز,2000000,,,,2026-09-08T18:39:04
3290023,درازکلا,2026-09-27,باز,2000000,,,,2026-09-08T18:39:04
3290023,درازکلا,2026-09-28,باز,2000000,,,,2026-09-08T18:39:04
3290023,درازکلا,2026-09-29,باز,2000000,,,,2026-09-08T18:39:04
3290023,درازکلا,2026-09-30,باز,3000000,,,بله,2026-09-08T18:39:04
3290023,درازکلا,2026-10-01,باز,3000000,,,بله,2026-09-08T18:39:04
3290023,درازکلا,2026-10-02,باز,2000000,,,,2026-09-08T18:39:04
3290023,درازکلا,2026-10-03,باز,2000000,,,,2026-09-08T18:39:04
3290023,درازکلا,2026-10-04,باز,2000000,,,,2026-09-08T18:39:04
3290023,درازکلا,2026-10-05,باز,2000000,,,,2026-09-08T18:39:04
3290023,درازکلا,2026-10-06,باز,2000000,,,,2026-09-08T18:39:04
3290023,درازکلا,2026-10-07,باز,3000000,,,بله,2026-09-08T18:39:04
3290023,درازکلا,2026-10-08,باز,3000000,,,بله,2026-09-08T18:39:04
3290694,مرزیکلا,2026-09-08,باز,2990000,,,,2026-09-08T18:39:09
3290694,مرزیکلا,2026-09-09,باز,3500000,,,بله,2026-09-08T18:39:09
3290694,مرزیکلا,2026-09-10,بسته (مشاهده‌شده - دلیل نامشخص),4000000,,,بله,2026-09-08T18:39:09
3290694,مرزیکلا,2026-09-11,باز,2900000,,,,2026-09-08T18:39:09
3290694,مرزیکلا,2026-09-12,باز,2900000,,,,2026-09-08T18:39:09
3290694,مرزیکلا,2026-09-13,باز,2900000,,,,2026-09-08T18:39:09
3290694,مرزیکلا,2026-09-14,باز,2900000,,,,2026-09-08T18:39:09
3290694,مرزیکلا,2026-09-15,باز,2900000,,,,2026-09-08T18:39:09
3290694,مرزیکلا,2026-09-16,باز,3500000,,,بله,2026-09-08T18:39:09
3290694,مرزیکلا,2026-09-17,باز,4000000,,,بله,2026-09-08T18:39:09
3290694,مرزیکلا,2026-09-18,باز,2900000,,,,2026-09-08T18:39:09
3290694,مرزیکلا,2026-09-19,باز,2900000,,,,2026-09-08T18:39:09
3290694,مرزیکلا,2026-09-20,باز,2900000,,,,2026-09-08T18:39:09
3290694,مرزیکلا,2026-09-21,باز,2900000,,,,2026-09-08T18:39:09
3290694,مرزیکلا,2026-09-22,باز,2900000,,,,2026-09-08T18:39:09
3290694,مرزیکلا,2026-09-23,باز,2000000,,,بله,2026-09-08T18:39:09
3290694,مرزیکلا,2026-09-24,باز,2000000,,,بله,2026-09-08T18:39:09
3290694,مرزیکلا,2026-09-25,باز,1350000,,,,2026-09-08T18:39:09
3290694,مرزیکلا,2026-09-26,باز,1350000,,,,2026-09-08T18:39:09
3290694,مرزیکلا,2026-09-27,باز,1350000,,,,2026-09-08T18:39:09
3290694,مرزیکلا,2026-09-28,باز,1350000,,,,2026-09-08T18:39:09
3290694,مرزیکلا,2026-09-29,باز,1350000,,,,2026-09-08T18:39:09
3290694,مرزیکلا,2026-09-30,باز,2000000,,,بله,2026-09-08T18:39:09
3290694,مرزیکلا,2026-10-01,باز,2000000,,,بله,2026-09-08T18:39:09
3290694,مرزیکلا,2026-10-02,باز,1350000,,,,2026-09-08T18:39:09
3290694,مرزیکلا,2026-10-03,باز,1350000,,,,2026-09-08T18:39:09
3290694,مرزیکلا,2026-10-04,باز,1350000,,,,2026-09-08T18:39:09
3290694,مرزیکلا,2026-10-05,باز,1350000,,,,2026-09-08T18:39:09
3290694,مرزیکلا,2026-10-06,باز,1350000,,,,2026-09-08T18:39:09
3290694,مرزیکلا,2026-10-07,باز,2000000,,,بله,2026-09-08T18:39:09
3290694,مرزیکلا,2026-10-08,باز,2000000,,,بله,2026-09-08T18:39:09
3290951,بابلکنار,2026-09-08,باز,3000000,10,,,2026-09-08T18:40:04
3290951,بابلکنار,2026-09-09,باز,4000000,,,بله,2026-09-08T18:40:04
3290951,بابلکنار,2026-09-10,باز,4000000,,,بله,2026-09-08T18:40:04
3290951,بابلکنار,2026-09-11,باز,3000000,,,,2026-09-08T18:40:04
3290951,بابلکنار,2026-09-12,باز,3000000,,,,2026-09-08T18:40:04
3290951,بابلکنار,2026-09-13,باز,3000000,,,,2026-09-08T18:40:04
3290951,بابلکنار,2026-09-14,باز,3000000,,,,2026-09-08T18:40:04
3290951,بابلکنار,2026-09-15,باز,3000000,,,,2026-09-08T18:40:04
3290951,بابلکنار,2026-09-16,باز,4000000,,,بله,2026-09-08T18:40:04
3290951,بابلکنار,2026-09-17,باز,4000000,,,بله,2026-09-08T18:40:04
3290951,بابلکنار,2026-09-18,باز,3000000,,,,2026-09-08T18:40:04
3290951,بابلکنار,2026-09-19,باز,3000000,,,,2026-09-08T18:40:04
3290951,بابلکنار,2026-09-20,باز,3000000,,,,2026-09-08T18:40:04
3290951,بابلکنار,2026-09-21,باز,3000000,,,,2026-09-08T18:40:04
3290951,بابلکنار,2026-09-22,باز,3000000,,,,2026-09-08T18:40:04
3290951,بابلکنار,2026-09-23,باز,2500000,,,بله,2026-09-08T18:40:04
3290951,بابلکنار,2026-09-24,باز,2500000,,,بله,2026-09-08T18:40:04
3290951,بابلکنار,2026-09-25,باز,1700000,,,,2026-09-08T18:40:04
3290951,بابلکنار,2026-09-26,باز,1700000,,,,2026-09-08T18:40:04
3290951,بابلکنار,2026-09-27,باز,1700000,,,,2026-09-08T18:40:04
3290951,بابلکنار,2026-09-28,باز,1700000,,,,2026-09-08T18:40:04
3290951,بابلکنار,2026-09-29,باز,1700000,,,,2026-09-08T18:40:04
3290951,بابلکنار,2026-09-30,باز,2500000,,,بله,2026-09-08T18:40:04
3290951,بابلکنار,2026-10-01,باز,2500000,,,بله,2026-09-08T18:40:04
3290951,بابلکنار,2026-10-02,باز,1700000,,,,2026-09-08T18:40:04
3290951,بابلکنار,2026-10-03,باز,1700000,,,,2026-09-08T18:40:04
3290951,بابلکنار,2026-10-04,باز,1700000,,,,2026-09-08T18:40:04
3290951,بابلکنار,2026-10-05,باز,1700000,,,,2026-09-08T18:40:04
3290951,بابلکنار,2026-10-06,باز,1700000,,,,2026-09-08T18:40:04
3290951,بابلکنار,2026-10-07,باز,2500000,,,بله,2026-09-08T18:40:04
3290951,بابلکنار,2026-10-08,باز,2500000,,,بله,2026-09-08T18:40:04
3290994,بزچفت,2026-09-08,باز,2400000,20,,,2026-09-08T18:40:06
3290994,بزچفت,2026-09-09,بسته (مشاهده‌شده - دلیل نامشخص),3500000,,,بله,2026-09-08T18:40:06
3290994,بزچفت,2026-09-10,بسته (مشاهده‌شده - دلیل نامشخص),4000000,,,بله,2026-09-08T18:40:06
3290994,بزچفت,2026-09-11,باز,3500000,,,,2026-09-08T18:40:06
3290994,بزچفت,2026-09-12,باز,3500000,,,,2026-09-08T18:40:06
3290994,بزچفت,2026-09-13,باز,3500000,,,,2026-09-08T18:40:06
3290994,بزچفت,2026-09-14,باز,3500000,,,,2026-09-08T18:40:06
3290994,بزچفت,2026-09-15,باز,3500000,,,,2026-09-08T18:40:06
3290994,بزچفت,2026-09-16,بسته (مشاهده‌شده - دلیل نامشخص),3500000,,,بله,2026-09-08T18:40:06
3290994,بزچفت,2026-09-17,بسته (مشاهده‌شده - دلیل نامشخص),4000000,,,بله,2026-09-08T18:40:06
3290994,بزچفت,2026-09-18,باز,3500000,,,,2026-09-08T18:40:06
3290994,بزچفت,2026-09-19,باز,3500000,,,,2026-09-08T18:40:06
3290994,بزچفت,2026-09-20,باز,3500000,,,,2026-09-08T18:40:06
3290994,بزچفت,2026-09-21,باز,3500000,,,,2026-09-08T18:40:06
3290994,بزچفت,2026-09-22,باز,3500000,,,,2026-09-08T18:40:06
3290994,بزچفت,2026-09-23,باز,3000000,,,بله,2026-09-08T18:40:06
3290994,بزچفت,2026-09-24,باز,3000000,,,بله,2026-09-08T18:40:06
3290994,بزچفت,2026-09-25,باز,3000000,,,,2026-09-08T18:40:06
3290994,بزچفت,2026-09-26,باز,3000000,,,,2026-09-08T18:40:06
3290994,بزچفت,2026-09-27,باز,3000000,,,,2026-09-08T18:40:06
3290994,بزچفت,2026-09-28,باز,3000000,,,,2026-09-08T18:40:06
3290994,بزچفت,2026-09-29,باز,3000000,,,,2026-09-08T18:40:06
3290994,بزچفت,2026-09-30,باز,3000000,,,بله,2026-09-08T18:40:06
3290994,بزچفت,2026-10-01,باز,3000000,,,بله,2026-09-08T18:40:06
3290994,بزچفت,2026-10-02,باز,3000000,,,,2026-09-08T18:40:06
3290994,بزچفت,2026-10-03,باز,3000000,,,,2026-09-08T18:40:06
3290994,بزچفت,2026-10-04,باز,3000000,,,,2026-09-08T18:40:06
3290994,بزچفت,2026-10-05,باز,3000000,,,,2026-09-08T18:40:06
3290994,بزچفت,2026-10-06,باز,3000000,,,,2026-09-08T18:40:06
3290994,بزچفت,2026-10-07,باز,3000000,,,بله,2026-09-08T18:40:06
3290994,بزچفت,2026-10-08,باز,3000000,,,بله,2026-09-08T18:40:06
3291154,بابلکنار,2026-09-08,بسته (مشاهده‌شده - دلیل نامشخص),6500000,,,,2026-09-08T18:40:07
3291154,بابلکنار,2026-09-09,باز,6500000,,,بله,2026-09-08T18:40:07
3291154,بابلکنار,2026-09-10,باز,9000000,,,بله,2026-09-08T18:40:07
3291154,بابلکنار,2026-09-11,باز,9000000,,,,2026-09-08T18:40:07
3291154,بابلکنار,2026-09-12,باز,9000000,,,,2026-09-08T18:40:07
3291154,بابلکنار,2026-09-13,باز,9000000,,,,2026-09-08T18:40:07
3291154,بابلکنار,2026-09-14,باز,9000000,,,,2026-09-08T18:40:07
3291154,بابلکنار,2026-09-15,باز,9000000,,,,2026-09-08T18:40:07
3291154,بابلکنار,2026-09-16,باز,9000000,,,بله,2026-09-08T18:40:07
3291154,بابلکنار,2026-09-17,باز,9000000,,,بله,2026-09-08T18:40:07
3291154,بابلکنار,2026-09-18,باز,9000000,,,,2026-09-08T18:40:07
3291154,بابلکنار,2026-09-19,باز,9000000,,,,2026-09-08T18:40:07
3291154,بابلکنار,2026-09-20,باز,9000000,,,,2026-09-08T18:40:07
3291154,بابلکنار,2026-09-21,باز,9000000,,,,2026-09-08T18:40:07
3291154,بابلکنار,2026-09-22,باز,9000000,,,,2026-09-08T18:40:07
3291154,بابلکنار,2026-09-23,باز,4500000,,,بله,2026-09-08T18:40:07
3291154,بابلکنار,2026-09-24,باز,4500000,,,بله,2026-09-08T18:40:07
3291154,بابلکنار,2026-09-25,باز,3800000,,,,2026-09-08T18:40:07
3291154,بابلکنار,2026-09-26,باز,3800000,,,,2026-09-08T18:40:07
3291154,بابلکنار,2026-09-27,باز,3800000,,,,2026-09-08T18:40:07
3291154,بابلکنار,2026-09-28,باز,3800000,,,,2026-09-08T18:40:07
3291154,بابلکنار,2026-09-29,باز,3800000,,,,2026-09-08T18:40:07
3291154,بابلکنار,2026-09-30,باز,4500000,,,بله,2026-09-08T18:40:07
3291154,بابلکنار,2026-10-01,باز,4500000,,,بله,2026-09-08T18:40:07
3291154,بابلکنار,2026-10-02,باز,3800000,,,,2026-09-08T18:40:07
3291154,بابلکنار,2026-10-03,باز,3800000,,,,2026-09-08T18:40:07
3291154,بابلکنار,2026-10-04,باز,3800000,,,,2026-09-08T18:40:07
3291154,بابلکنار,2026-10-05,باز,3800000,,,,2026-09-08T18:40:07
3291154,بابلکنار,2026-10-06,باز,3800000,,,,2026-09-08T18:40:07
3291154,بابلکنار,2026-10-07,باز,4500000,,,بله,2026-09-08T18:40:07
3291154,بابلکنار,2026-10-08,باز,4500000,,,بله,2026-09-08T18:40:07
3291369,کاردرکلا,2026-09-08,باز,5700000,,,,2026-09-08T18:40:09
3291369,کاردرکلا,2026-09-09,باز,5500000,,,بله,2026-09-08T18:40:09
3291369,کاردرکلا,2026-09-10,باز,5500000,,,بله,2026-09-08T18:40:09
3291369,کاردرکلا,2026-09-11,باز,5500000,,,,2026-09-08T18:40:09
3291369,کاردرکلا,2026-09-12,باز,7000000,,,,2026-09-08T18:40:09
3291369,کاردرکلا,2026-09-13,باز,7000000,,,,2026-09-08T18:40:09
3291369,کاردرکلا,2026-09-14,باز,7000000,,,,2026-09-08T18:40:09
3291369,کاردرکلا,2026-09-15,باز,7000000,,,,2026-09-08T18:40:09
3291369,کاردرکلا,2026-09-16,باز,8000000,,,بله,2026-09-08T18:40:09
3291369,کاردرکلا,2026-09-17,باز,8000000,,,بله,2026-09-08T18:40:09
3291369,کاردرکلا,2026-09-18,باز,7000000,,,,2026-09-08T18:40:09
3291369,کاردرکلا,2026-09-19,باز,7000000,,,,2026-09-08T18:40:09
3291369,کاردرکلا,2026-09-20,باز,7000000,,,,2026-09-08T18:40:09
3291369,کاردرکلا,2026-09-21,باز,7000000,,,,2026-09-08T18:40:09
3291369,کاردرکلا,2026-09-22,باز,7000000,,,,2026-09-08T18:40:09
3291369,کاردرکلا,2026-09-23,باز,4500000,,,بله,2026-09-08T18:40:09
3291369,کاردرکلا,2026-09-24,باز,4500000,,,بله,2026-09-08T18:40:09
3291369,کاردرکلا,2026-09-25,باز,3500000,,,,2026-09-08T18:40:09
3291369,کاردرکلا,2026-09-26,باز,3500000,,,,2026-09-08T18:40:09
3291369,کاردرکلا,2026-09-27,باز,3500000,,,,2026-09-08T18:40:09
3291369,کاردرکلا,2026-09-28,باز,3500000,,,,2026-09-08T18:40:09
3291369,کاردرکلا,2026-09-29,باز,3500000,,,,2026-09-08T18:40:09
3291369,کاردرکلا,2026-09-30,باز,4500000,,,بله,2026-09-08T18:40:09
3291369,کاردرکلا,2026-10-01,باز,4500000,,,بله,2026-09-08T18:40:09
3291369,کاردرکلا,2026-10-02,باز,3500000,,,,2026-09-08T18:40:09
3291369,کاردرکلا,2026-10-03,باز,3500000,,,,2026-09-08T18:40:09
3291369,کاردرکلا,2026-10-04,باز,3500000,,,,2026-09-08T18:40:09
3291369,کاردرکلا,2026-10-05,باز,3500000,,,,2026-09-08T18:40:09
3291369,کاردرکلا,2026-10-06,باز,3500000,,,,2026-09-08T18:40:09
3291369,کاردرکلا,2026-10-07,باز,4500000,,,بله,2026-09-08T18:40:09
3291369,کاردرکلا,2026-10-08,باز,4500000,,,بله,2026-09-08T18:40:09
3291421,قرآن تالار,2026-09-08,بسته (مشاهده‌شده - دلیل نامشخص),2700000,,,,2026-09-08T18:40:11
3291421,قرآن تالار,2026-09-09,بسته (مشاهده‌شده - دلیل نامشخص),3100000,,,بله,2026-09-08T18:40:11
3291421,قرآن تالار,2026-09-10,بسته (مشاهده‌شده - دلیل نامشخص),3100000,,,بله,2026-09-08T18:40:11
3291421,قرآن تالار,2026-09-11,بسته (مشاهده‌شده - دلیل نامشخص),2750000,,,,2026-09-08T18:40:11
3291421,قرآن تالار,2026-09-12,بسته (مشاهده‌شده - دلیل نامشخص),2750000,,,,2026-09-08T18:40:11
3291421,قرآن تالار,2026-09-13,بسته (مشاهده‌شده - دلیل نامشخص),2750000,,,,2026-09-08T18:40:11
3291421,قرآن تالار,2026-09-14,بسته (مشاهده‌شده - دلیل نامشخص),2750000,,,,2026-09-08T18:40:11
3291421,قرآن تالار,2026-09-15,بسته (مشاهده‌شده - دلیل نامشخص),2750000,,,,2026-09-08T18:40:11
3291421,قرآن تالار,2026-09-16,بسته (مشاهده‌شده - دلیل نامشخص),3100000,,,بله,2026-09-08T18:40:11
3291421,قرآن تالار,2026-09-17,بسته (مشاهده‌شده - دلیل نامشخص),3100000,,,بله,2026-09-08T18:40:11
3291421,قرآن تالار,2026-09-18,بسته (مشاهده‌شده - دلیل نامشخص),2750000,,,,2026-09-08T18:40:11
3291421,قرآن تالار,2026-09-19,بسته (مشاهده‌شده - دلیل نامشخص),2750000,,,,2026-09-08T18:40:11
3291421,قرآن تالار,2026-09-20,بسته (مشاهده‌شده - دلیل نامشخص),2750000,,,,2026-09-08T18:40:11
3291421,قرآن تالار,2026-09-21,بسته (مشاهده‌شده - دلیل نامشخص),2750000,,,,2026-09-08T18:40:11
3291421,قرآن تالار,2026-09-22,بسته (مشاهده‌شده - دلیل نامشخص),2750000,,,,2026-09-08T18:40:11
3291421,قرآن تالار,2026-09-23,باز,3200000,,,بله,2026-09-08T18:40:11
3291421,قرآن تالار,2026-09-24,باز,3200000,,,بله,2026-09-08T18:40:11
3291421,قرآن تالار,2026-09-25,بسته (مشاهده‌شده - دلیل نامشخص),2800000,,,,2026-09-08T18:40:11
3291421,قرآن تالار,2026-09-26,باز,2850000,,,,2026-09-08T18:40:11
3291421,قرآن تالار,2026-09-27,باز,2850000,,,,2026-09-08T18:40:11
3291421,قرآن تالار,2026-09-28,باز,2850000,,,,2026-09-08T18:40:11
3291421,قرآن تالار,2026-09-29,باز,2850000,,,,2026-09-08T18:40:11
3291421,قرآن تالار,2026-09-30,باز,3200000,,,بله,2026-09-08T18:40:11
3291421,قرآن تالار,2026-10-01,باز,3200000,,,بله,2026-09-08T18:40:11
3291421,قرآن تالار,2026-10-02,باز,2850000,,,,2026-09-08T18:40:11
3291421,قرآن تالار,2026-10-03,باز,2850000,,,,2026-09-08T18:40:11
3291421,قرآن تالار,2026-10-04,باز,2850000,,,,2026-09-08T18:40:11
3291421,قرآن تالار,2026-10-05,باز,2850000,,,,2026-09-08T18:40:11
3291421,قرآن تالار,2026-10-06,باز,2850000,,,,2026-09-08T18:40:11
3291421,قرآن تالار,2026-10-07,باز,3200000,,,بله,2026-09-08T18:40:11
3291421,قرآن تالار,2026-10-08,باز,3200000,,,بله,2026-09-08T18:40:11
3291958,کبریاکلا,2026-09-08,باز,3000000,,,,2026-09-08T18:40:14
3291958,کبریاکلا,2026-09-09,باز,3000000,,,بله,2026-09-08T18:40:14
3291958,کبریاکلا,2026-09-10,باز,4000000,,,بله,2026-09-08T18:40:14
3291958,کبریاکلا,2026-09-11,باز,3000000,,,,2026-09-08T18:40:14
3291958,کبریاکلا,2026-09-12,باز,3000000,,,,2026-09-08T18:40:14
3291958,کبریاکلا,2026-09-13,باز,3000000,,,,2026-09-08T18:40:14
3291958,کبریاکلا,2026-09-14,باز,3000000,,,,2026-09-08T18:40:14
3291958,کبریاکلا,2026-09-15,باز,3000000,,,,2026-09-08T18:40:14
3291958,کبریاکلا,2026-09-16,باز,3000000,,,بله,2026-09-08T18:40:14
3291958,کبریاکلا,2026-09-17,باز,3500000,,,بله,2026-09-08T18:40:14
3291958,کبریاکلا,2026-09-18,باز,3000000,,,,2026-09-08T18:40:14
3291958,کبریاکلا,2026-09-19,باز,3000000,,,,2026-09-08T18:40:14
3291958,کبریاکلا,2026-09-20,باز,3000000,,,,2026-09-08T18:40:14
3291958,کبریاکلا,2026-09-21,باز,3000000,,,,2026-09-08T18:40:14
3291958,کبریاکلا,2026-09-22,باز,3000000,,,,2026-09-08T18:40:14
3291958,کبریاکلا,2026-09-23,باز,3000000,,,بله,2026-09-08T18:40:14
3291958,کبریاکلا,2026-09-24,باز,3000000,,,بله,2026-09-08T18:40:14
3291958,کبریاکلا,2026-09-25,باز,2500000,,,,2026-09-08T18:40:14
3291958,کبریاکلا,2026-09-26,باز,2500000,,,,2026-09-08T18:40:14
3291958,کبریاکلا,2026-09-27,باز,2500000,,,,2026-09-08T18:40:14
3291958,کبریاکلا,2026-09-28,باز,2500000,,,,2026-09-08T18:40:14
3291958,کبریاکلا,2026-09-29,باز,2500000,,,,2026-09-08T18:40:14
3291958,کبریاکلا,2026-09-30,باز,3000000,,,بله,2026-09-08T18:40:14
3291958,کبریاکلا,2026-10-01,باز,3000000,,,بله,2026-09-08T18:40:14
3291958,کبریاکلا,2026-10-02,باز,2500000,,,,2026-09-08T18:40:14
3291958,کبریاکلا,2026-10-03,باز,2500000,,,,2026-09-08T18:40:14
3291958,کبریاکلا,2026-10-04,باز,2500000,,,,2026-09-08T18:40:14
3291958,کبریاکلا,2026-10-05,باز,2500000,,,,2026-09-08T18:40:14
3291958,کبریاکلا,2026-10-06,باز,2500000,,,,2026-09-08T18:40:14
3291958,کبریاکلا,2026-10-07,باز,3000000,,,بله,2026-09-08T18:40:14
3291958,کبریاکلا,2026-10-08,باز,3000000,,,بله,2026-09-08T18:40:14
3292427,کبریاکلا,2026-09-08,بسته (مشاهده‌شده - دلیل نامشخص),3500000,,,,2026-09-08T18:40:17
3292427,کبریاکلا,2026-09-09,باز,4500000,,,بله,2026-09-08T18:40:17
3292427,کبریاکلا,2026-09-10,بسته (مشاهده‌شده - دلیل نامشخص),4500000,,,بله,2026-09-08T18:40:17
3292427,کبریاکلا,2026-09-11,باز,3500000,,,,2026-09-08T18:40:17
3292427,کبریاکلا,2026-09-12,بسته (مشاهده‌شده - دلیل نامشخص),3500000,,,,2026-09-08T18:40:17
3292427,کبریاکلا,2026-09-13,باز,3500000,,,,2026-09-08T18:40:17
3292427,کبریاکلا,2026-09-14,باز,3500000,,,,2026-09-08T18:40:17
3292427,کبریاکلا,2026-09-15,باز,3500000,,,,2026-09-08T18:40:17
3292427,کبریاکلا,2026-09-16,باز,4500000,,,بله,2026-09-08T18:40:17
3292427,کبریاکلا,2026-09-17,بسته (مشاهده‌شده - دلیل نامشخص),4500000,,,بله,2026-09-08T18:40:17
3292427,کبریاکلا,2026-09-18,باز,3500000,,,,2026-09-08T18:40:17
3292427,کبریاکلا,2026-09-19,باز,3500000,,,,2026-09-08T18:40:17
3292427,کبریاکلا,2026-09-20,باز,3500000,,,,2026-09-08T18:40:17
3292427,کبریاکلا,2026-09-21,باز,3500000,,,,2026-09-08T18:40:17
3292427,کبریاکلا,2026-09-22,باز,3500000,,,,2026-09-08T18:40:17
3292427,کبریاکلا,2026-09-23,باز,4500000,,,بله,2026-09-08T18:40:17
3292427,کبریاکلا,2026-09-24,باز,4500000,,,بله,2026-09-08T18:40:17
3292427,کبریاکلا,2026-09-25,باز,4500000,,,,2026-09-08T18:40:17
3292427,کبریاکلا,2026-09-26,باز,4500000,,,,2026-09-08T18:40:17
3292427,کبریاکلا,2026-09-27,باز,4500000,,,,2026-09-08T18:40:17
3292427,کبریاکلا,2026-09-28,باز,4500000,,,,2026-09-08T18:40:17
3292427,کبریاکلا,2026-09-29,باز,4500000,,,,2026-09-08T18:40:17
3292427,کبریاکلا,2026-09-30,باز,4500000,,,بله,2026-09-08T18:40:17
3292427,کبریاکلا,2026-10-01,باز,4500000,,,بله,2026-09-08T18:40:17
3292427,کبریاکلا,2026-10-02,باز,4500000,,,,2026-09-08T18:40:17
3292427,کبریاکلا,2026-10-03,باز,4500000,,,,2026-09-08T18:40:17
3292427,کبریاکلا,2026-10-04,باز,4500000,,,,2026-09-08T18:40:17
3292427,کبریاکلا,2026-10-05,باز,4500000,,,,2026-09-08T18:40:17
3292427,کبریاکلا,2026-10-06,باز,4500000,,,,2026-09-08T18:40:17
3292427,کبریاکلا,2026-10-07,باز,4500000,,,بله,2026-09-08T18:40:17
3292427,کبریاکلا,2026-10-08,باز,4500000,,,بله,2026-09-08T18:40:17
3292440,بالفکلا,2026-09-08,بسته (مشاهده‌شده - دلیل نامشخص),2890000,,,,2026-09-08T18:40:19
3292440,بالفکلا,2026-09-09,بسته (مشاهده‌شده - دلیل نامشخص),3890000,,,بله,2026-09-08T18:40:19
3292440,بالفکلا,2026-09-10,بسته (مشاهده‌شده - دلیل نامشخص),3890000,,,بله,2026-09-08T18:40:19
3292440,بالفکلا,2026-09-11,بسته (مشاهده‌شده - دلیل نامشخص),2890000,,,,2026-09-08T18:40:19
3292440,بالفکلا,2026-09-12,بسته (مشاهده‌شده - دلیل نامشخص),2890000,,,,2026-09-08T18:40:19
3292440,بالفکلا,2026-09-13,بسته (مشاهده‌شده - دلیل نامشخص),2890000,,,,2026-09-08T18:40:19
3292440,بالفکلا,2026-09-14,بسته (مشاهده‌شده - دلیل نامشخص),2890000,,,,2026-09-08T18:40:19
3292440,بالفکلا,2026-09-15,بسته (مشاهده‌شده - دلیل نامشخص),2890000,,,,2026-09-08T18:40:19
3292440,بالفکلا,2026-09-16,باز,3890000,,,بله,2026-09-08T18:40:19
3292440,بالفکلا,2026-09-17,بسته (مشاهده‌شده - دلیل نامشخص),3890000,,,بله,2026-09-08T18:40:19
3292440,بالفکلا,2026-09-18,باز,2890000,,,,2026-09-08T18:40:19
3292440,بالفکلا,2026-09-19,باز,2890000,,,,2026-09-08T18:40:19
3292440,بالفکلا,2026-09-20,باز,2890000,,,,2026-09-08T18:40:19
3292440,بالفکلا,2026-09-21,باز,2890000,,,,2026-09-08T18:40:19
3292440,بالفکلا,2026-09-22,باز,2890000,,,,2026-09-08T18:40:19
3292440,بالفکلا,2026-09-23,باز,3650000,,,بله,2026-09-08T18:40:19
3292440,بالفکلا,2026-09-24,باز,3650000,,,بله,2026-09-08T18:40:19
3292440,بالفکلا,2026-09-25,باز,2540000,,,,2026-09-08T18:40:19
3292440,بالفکلا,2026-09-26,باز,2540000,,,,2026-09-08T18:40:19
3292440,بالفکلا,2026-09-27,باز,2540000,,,,2026-09-08T18:40:19
3292440,بالفکلا,2026-09-28,باز,2540000,,,,2026-09-08T18:40:19
3292440,بالفکلا,2026-09-29,باز,2540000,,,,2026-09-08T18:40:19
3292440,بالفکلا,2026-09-30,باز,3650000,,,بله,2026-09-08T18:40:19
3292440,بالفکلا,2026-10-01,بسته (مشاهده‌شده - دلیل نامشخص),3650000,,,بله,2026-09-08T18:40:19
3292440,بالفکلا,2026-10-02,بسته (مشاهده‌شده - دلیل نامشخص),2540000,,,,2026-09-08T18:40:19
3292440,بالفکلا,2026-10-03,باز,2540000,,,,2026-09-08T18:40:19
3292440,بالفکلا,2026-10-04,باز,2540000,,,,2026-09-08T18:40:19
3292440,بالفکلا,2026-10-05,باز,2540000,,,,2026-09-08T18:40:19
3292440,بالفکلا,2026-10-06,باز,2540000,,,,2026-09-08T18:40:19
3292440,بالفکلا,2026-10-07,باز,3650000,,,بله,2026-09-08T18:40:19
3292440,بالفکلا,2026-10-08,باز,3650000,,,بله,2026-09-08T18:40:19
3292527,گونه کلا,2026-09-08,بسته (مشاهده‌شده - دلیل نامشخص),9000000,,,,2026-09-08T18:40:20
3292527,گونه کلا,2026-09-09,بسته (مشاهده‌شده - دلیل نامشخص),13500000,,,بله,2026-09-08T18:40:20
3292527,گونه کلا,2026-09-10,بسته (مشاهده‌شده - دلیل نامشخص),15000000,,,بله,2026-09-08T18:40:20
3292527,گونه کلا,2026-09-11,بسته (مشاهده‌شده - دلیل نامشخص),12000000,,,,2026-09-08T18:40:20
3292527,گونه کلا,2026-09-12,باز,12000000,,,,2026-09-08T18:40:20
3292527,گونه کلا,2026-09-13,باز,12000000,,,,2026-09-08T18:40:20
3292527,گونه کلا,2026-09-14,باز,12000000,,,,2026-09-08T18:40:20
3292527,گونه کلا,2026-09-15,باز,12000000,,,,2026-09-08T18:40:20
3292527,گونه کلا,2026-09-16,باز,15000000,,,بله,2026-09-08T18:40:20
3292527,گونه کلا,2026-09-17,باز,15000000,,,بله,2026-09-08T18:40:20
3292527,گونه کلا,2026-09-18,باز,12000000,,,,2026-09-08T18:40:20
3292527,گونه کلا,2026-09-19,باز,12000000,,,,2026-09-08T18:40:20
3292527,گونه کلا,2026-09-20,باز,12000000,,,,2026-09-08T18:40:20
3292527,گونه کلا,2026-09-21,باز,12000000,,,,2026-09-08T18:40:20
3292527,گونه کلا,2026-09-22,باز,12000000,,,,2026-09-08T18:40:20
3292527,گونه کلا,2026-09-23,باز,15000000,,,بله,2026-09-08T18:40:20
3292527,گونه کلا,2026-09-24,باز,15000000,,,بله,2026-09-08T18:40:20
3292527,گونه کلا,2026-09-25,باز,10000000,,,,2026-09-08T18:40:20
3292527,گونه کلا,2026-09-26,باز,10000000,,,,2026-09-08T18:40:20
3292527,گونه کلا,2026-09-27,باز,10000000,,,,2026-09-08T18:40:20
3292527,گونه کلا,2026-09-28,باز,10000000,,,,2026-09-08T18:40:20
3292527,گونه کلا,2026-09-29,باز,10000000,,,,2026-09-08T18:40:20
3292527,گونه کلا,2026-09-30,باز,13000000,,,بله,2026-09-08T18:40:20
3292527,گونه کلا,2026-10-01,باز,13000000,,,بله,2026-09-08T18:40:20
3292527,گونه کلا,2026-10-02,باز,10000000,,,,2026-09-08T18:40:20
3292527,گونه کلا,2026-10-03,باز,10000000,,,,2026-09-08T18:40:20
3292527,گونه کلا,2026-10-04,باز,10000000,,,,2026-09-08T18:40:20
3292527,گونه کلا,2026-10-05,باز,10000000,,,,2026-09-08T18:40:20
3292527,گونه کلا,2026-10-06,باز,10000000,,,,2026-09-08T18:40:20
3292527,گونه کلا,2026-10-07,باز,13000000,,,بله,2026-09-08T18:40:20
3292527,گونه کلا,2026-10-08,باز,13000000,,,بله,2026-09-08T18:40:20
3292675,بابلکنار,2026-09-08,باز,3000000,,,,2026-09-08T18:40:22
3292675,بابلکنار,2026-09-09,باز,4000000,,,بله,2026-09-08T18:40:22
3292675,بابلکنار,2026-09-10,باز,4000000,,,بله,2026-09-08T18:40:22
3292675,بابلکنار,2026-09-11,باز,3000000,,,,2026-09-08T18:40:22
3292675,بابلکنار,2026-09-12,باز,3000000,,,,2026-09-08T18:40:22
3292675,بابلکنار,2026-09-13,باز,3000000,,,,2026-09-08T18:40:22
3292675,بابلکنار,2026-09-14,باز,3000000,,,,2026-09-08T18:40:22
3292675,بابلکنار,2026-09-15,باز,3000000,,,,2026-09-08T18:40:22
3292675,بابلکنار,2026-09-16,باز,4000000,,,بله,2026-09-08T18:40:22
3292675,بابلکنار,2026-09-17,باز,4000000,,,بله,2026-09-08T18:40:22
3292675,بابلکنار,2026-09-18,باز,3000000,,,,2026-09-08T18:40:22
3292675,بابلکنار,2026-09-19,باز,3000000,,,,2026-09-08T18:40:22
3292675,بابلکنار,2026-09-20,باز,3000000,,,,2026-09-08T18:40:22
3292675,بابلکنار,2026-09-21,باز,3000000,,,,2026-09-08T18:40:22
3292675,بابلکنار,2026-09-22,باز,3000000,,,,2026-09-08T18:40:22
3292675,بابلکنار,2026-09-23,باز,4000000,,,بله,2026-09-08T18:40:22
3292675,بابلکنار,2026-09-24,باز,4000000,,,بله,2026-09-08T18:40:22
3292675,بابلکنار,2026-09-25,باز,3000000,,,,2026-09-08T18:40:22
3292675,بابلکنار,2026-09-26,باز,3000000,,,,2026-09-08T18:40:22
3292675,بابلکنار,2026-09-27,باز,3000000,,,,2026-09-08T18:40:22
3292675,بابلکنار,2026-09-28,باز,3000000,,,,2026-09-08T18:40:22
3292675,بابلکنار,2026-09-29,باز,3000000,,,,2026-09-08T18:40:22
3292675,بابلکنار,2026-09-30,باز,4000000,,,بله,2026-09-08T18:40:22
3292675,بابلکنار,2026-10-01,باز,4000000,,,بله,2026-09-08T18:40:22
3292675,بابلکنار,2026-10-02,باز,3000000,,,,2026-09-08T18:40:22
3292675,بابلکنار,2026-10-03,باز,3000000,,,,2026-09-08T18:40:22
3292675,بابلکنار,2026-10-04,باز,3000000,,,,2026-09-08T18:40:22
3292675,بابلکنار,2026-10-05,باز,3000000,,,,2026-09-08T18:40:22
3292675,بابلکنار,2026-10-06,باز,3000000,,,,2026-09-08T18:40:22
3292675,بابلکنار,2026-10-07,باز,4000000,,,بله,2026-09-08T18:40:22
3292675,بابلکنار,2026-10-08,باز,4000000,,,بله,2026-09-08T18:40:22
3292926,بابلکنار,2026-09-08,بسته (مشاهده‌شده - دلیل نامشخص),4000000,,,,2026-09-08T18:40:47
3292926,بابلکنار,2026-09-09,بسته (مشاهده‌شده - دلیل نامشخص),5000000,,,بله,2026-09-08T18:40:47
3292926,بابلکنار,2026-09-10,بسته (مشاهده‌شده - دلیل نامشخص),7000000,,,بله,2026-09-08T18:40:47
3292926,بابلکنار,2026-09-11,باز,10000000,,,,2026-09-08T18:40:47
3292926,بابلکنار,2026-09-12,باز,10000000,,,,2026-09-08T18:40:47
3292926,بابلکنار,2026-09-13,باز,10000000,,,,2026-09-08T18:40:47
3292926,بابلکنار,2026-09-14,باز,10000000,,,,2026-09-08T18:40:47
3292926,بابلکنار,2026-09-15,باز,10000000,,,,2026-09-08T18:40:47
3292926,بابلکنار,2026-09-16,باز,10000000,,,بله,2026-09-08T18:40:47
3292926,بابلکنار,2026-09-17,باز,10000000,,,بله,2026-09-08T18:40:47
3292926,بابلکنار,2026-09-18,باز,10000000,,,,2026-09-08T18:40:47
3292926,بابلکنار,2026-09-19,باز,10000000,,,,2026-09-08T18:40:47
3292926,بابلکنار,2026-09-20,باز,10000000,,,,2026-09-08T18:40:47
3292926,بابلکنار,2026-09-21,باز,10000000,,,,2026-09-08T18:40:47
3292926,بابلکنار,2026-09-22,باز,10000000,,,,2026-09-08T18:40:47
3292926,بابلکنار,2026-09-23,باز,5000000,,,بله,2026-09-08T18:40:47
3292926,بابلکنار,2026-09-24,باز,5000000,,,بله,2026-09-08T18:40:47
3292926,بابلکنار,2026-09-25,باز,4000000,,,,2026-09-08T18:40:47
3292926,بابلکنار,2026-09-26,باز,4000000,,,,2026-09-08T18:40:47
3292926,بابلکنار,2026-09-27,باز,4000000,,,,2026-09-08T18:40:47
3292926,بابلکنار,2026-09-28,باز,4000000,,,,2026-09-08T18:40:47
3292926,بابلکنار,2026-09-29,باز,4000000,,,,2026-09-08T18:40:47
3292926,بابلکنار,2026-09-30,باز,5000000,,,بله,2026-09-08T18:40:47
3292926,بابلکنار,2026-10-01,باز,5000000,,,بله,2026-09-08T18:40:47
3292926,بابلکنار,2026-10-02,باز,3000000,,,,2026-09-08T18:40:47
3292926,بابلکنار,2026-10-03,باز,3000000,,,,2026-09-08T18:40:47
3292926,بابلکنار,2026-10-04,باز,3000000,,,,2026-09-08T18:40:47
3292926,بابلکنار,2026-10-05,باز,3000000,,,,2026-09-08T18:40:47
3292926,بابلکنار,2026-10-06,باز,3000000,,,,2026-09-08T18:40:47
3292926,بابلکنار,2026-10-07,باز,5000000,,,بله,2026-09-08T18:40:47
3292926,بابلکنار,2026-10-08,باز,5000000,,,بله,2026-09-08T18:40:47
3293455,درازکلا,2026-09-08,باز,3200000,,,,2026-09-08T18:40:49
3293455,درازکلا,2026-09-09,باز,3800000,,,بله,2026-09-08T18:40:49
3293455,درازکلا,2026-09-10,بسته (مشاهده‌شده - دلیل نامشخص),4800000,,,بله,2026-09-08T18:40:49
3293455,درازکلا,2026-09-11,باز,4000000,,,,2026-09-08T18:40:49
3293455,درازکلا,2026-09-12,باز,4400000,,,,2026-09-08T18:40:49
3293455,درازکلا,2026-09-13,باز,4300000,,,,2026-09-08T18:40:49
3293455,درازکلا,2026-09-14,باز,4300000,,,,2026-09-08T18:40:49
3293455,درازکلا,2026-09-15,باز,4300000,,,,2026-09-08T18:40:49
3293455,درازکلا,2026-09-16,باز,4500000,,,بله,2026-09-08T18:40:49
3293455,درازکلا,2026-09-17,باز,4800000,,,بله,2026-09-08T18:40:49
3293455,درازکلا,2026-09-18,باز,4000000,,,,2026-09-08T18:40:49
3293455,درازکلا,2026-09-19,باز,4500000,,,,2026-09-08T18:40:49
3293455,درازکلا,2026-09-20,باز,4500000,,,,2026-09-08T18:40:49
3293455,درازکلا,2026-09-21,باز,4500000,,,,2026-09-08T18:40:49
3293455,درازکلا,2026-09-22,باز,4500000,,,,2026-09-08T18:40:49
3293455,درازکلا,2026-09-23,باز,4800000,,,بله,2026-09-08T18:40:49
3293455,درازکلا,2026-09-24,باز,4800000,,,بله,2026-09-08T18:40:49
3293455,درازکلا,2026-09-25,باز,3000000,,,,2026-09-08T18:40:49
3293455,درازکلا,2026-09-26,باز,3000000,,,,2026-09-08T18:40:49
3293455,درازکلا,2026-09-27,باز,3000000,,,,2026-09-08T18:40:49
3293455,درازکلا,2026-09-28,باز,3000000,,,,2026-09-08T18:40:49
3293455,درازکلا,2026-09-29,باز,3000000,,,,2026-09-08T18:40:49
3293455,درازکلا,2026-09-30,باز,4800000,,,بله,2026-09-08T18:40:49
3293455,درازکلا,2026-10-01,باز,4800000,,,بله,2026-09-08T18:40:49
3293455,درازکلا,2026-10-02,باز,3000000,,,,2026-09-08T18:40:49
3293455,درازکلا,2026-10-03,باز,3000000,,,,2026-09-08T18:40:49
3293455,درازکلا,2026-10-04,باز,3000000,,,,2026-09-08T18:40:49
3293455,درازکلا,2026-10-05,باز,3000000,,,,2026-09-08T18:40:49
3293455,درازکلا,2026-10-06,باز,3000000,,,,2026-09-08T18:40:49
3293455,درازکلا,2026-10-07,باز,4800000,,,بله,2026-09-08T18:40:49
3293455,درازکلا,2026-10-08,باز,4800000,,,بله,2026-09-08T18:40:49
3293591,کاردرکلا,2026-09-08,بسته (مشاهده‌شده - دلیل نامشخص),3500000,,,,2026-09-08T18:40:51
3293591,کاردرکلا,2026-09-09,باز,4800000,,,بله,2026-09-08T18:40:51
3293591,کاردرکلا,2026-09-10,بسته (مشاهده‌شده - دلیل نامشخص),4800000,,,بله,2026-09-08T18:40:51
3293591,کاردرکلا,2026-09-11,بسته (مشاهده‌شده - دلیل نامشخص),3500000,,,,2026-09-08T18:40:51
3293591,کاردرکلا,2026-09-12,بسته (مشاهده‌شده - دلیل نامشخص),3500000,,,,2026-09-08T18:40:51
3293591,کاردرکلا,2026-09-13,بسته (مشاهده‌شده - دلیل نامشخص),3500000,,,,2026-09-08T18:40:51
3293591,کاردرکلا,2026-09-14,بسته (مشاهده‌شده - دلیل نامشخص),3500000,,,,2026-09-08T18:40:51
3293591,کاردرکلا,2026-09-15,بسته (مشاهده‌شده - دلیل نامشخص),3500000,,,,2026-09-08T18:40:51
3293591,کاردرکلا,2026-09-16,باز,4800000,,,بله,2026-09-08T18:40:51
3293591,کاردرکلا,2026-09-17,باز,4800000,,,بله,2026-09-08T18:40:51
3293591,کاردرکلا,2026-09-18,باز,3500000,,,,2026-09-08T18:40:51
3293591,کاردرکلا,2026-09-19,باز,3500000,,,,2026-09-08T18:40:51
3293591,کاردرکلا,2026-09-20,باز,3500000,,,,2026-09-08T18:40:51
3293591,کاردرکلا,2026-09-21,باز,3500000,,,,2026-09-08T18:40:51
3293591,کاردرکلا,2026-09-22,باز,3500000,,,,2026-09-08T18:40:51
3293591,کاردرکلا,2026-09-23,باز,3200000,,,بله,2026-09-08T18:40:51
3293591,کاردرکلا,2026-09-24,باز,3200000,,,بله,2026-09-08T18:40:51
3293591,کاردرکلا,2026-09-25,باز,2000000,,,,2026-09-08T18:40:51
3293591,کاردرکلا,2026-09-26,باز,2000000,,,,2026-09-08T18:40:51
3293591,کاردرکلا,2026-09-27,باز,2000000,,,,2026-09-08T18:40:51
3293591,کاردرکلا,2026-09-28,باز,2000000,,,,2026-09-08T18:40:51
3293591,کاردرکلا,2026-09-29,باز,2000000,,,,2026-09-08T18:40:51
3293591,کاردرکلا,2026-09-30,باز,3200000,,,بله,2026-09-08T18:40:51
3293591,کاردرکلا,2026-10-01,باز,3200000,,,بله,2026-09-08T18:40:51
3293591,کاردرکلا,2026-10-02,باز,2000000,,,,2026-09-08T18:40:51
3293591,کاردرکلا,2026-10-03,باز,2000000,,,,2026-09-08T18:40:51
3293591,کاردرکلا,2026-10-04,باز,2000000,,,,2026-09-08T18:40:51
3293591,کاردرکلا,2026-10-05,باز,2000000,,,,2026-09-08T18:40:51
3293591,کاردرکلا,2026-10-06,باز,2000000,,,,2026-09-08T18:40:51
3293591,کاردرکلا,2026-10-07,باز,3200000,,,بله,2026-09-08T18:40:51
3293591,کاردرکلا,2026-10-08,باز,3200000,,,بله,2026-09-08T18:40:51
3293613,شیردارکلا,2026-09-08,بسته (مشاهده‌شده - دلیل نامشخص),11500000,,,,2026-09-08T18:40:53
3293613,شیردارکلا,2026-09-09,بسته (مشاهده‌شده - دلیل نامشخص),14000000,,,بله,2026-09-08T18:40:53
3293613,شیردارکلا,2026-09-10,بسته (مشاهده‌شده - دلیل نامشخص),14000000,,,بله,2026-09-08T18:40:53
3293613,شیردارکلا,2026-09-11,باز,11500000,,,,2026-09-08T18:40:53
3293613,شیردارکلا,2026-09-12,باز,11500000,,,,2026-09-08T18:40:53
3293613,شیردارکلا,2026-09-13,باز,11500000,,,,2026-09-08T18:40:53
3293613,شیردارکلا,2026-09-14,بسته (مشاهده‌شده - دلیل نامشخص),11500000,,,,2026-09-08T18:40:53
3293613,شیردارکلا,2026-09-15,باز,11500000,,,,2026-09-08T18:40:53
3293613,شیردارکلا,2026-09-16,باز,14000000,,,بله,2026-09-08T18:40:53
3293613,شیردارکلا,2026-09-17,بسته (مشاهده‌شده - دلیل نامشخص),14000000,,,بله,2026-09-08T18:40:53
3293613,شیردارکلا,2026-09-18,باز,11500000,,,,2026-09-08T18:40:53
3293613,شیردارکلا,2026-09-19,باز,11500000,,,,2026-09-08T18:40:53
3293613,شیردارکلا,2026-09-20,باز,11500000,,,,2026-09-08T18:40:53
3293613,شیردارکلا,2026-09-21,باز,11500000,,,,2026-09-08T18:40:53
3293613,شیردارکلا,2026-09-22,باز,11500000,,,,2026-09-08T18:40:53
3293613,شیردارکلا,2026-09-23,باز,10500000,,,بله,2026-09-08T18:40:53
3293613,شیردارکلا,2026-09-24,باز,10500000,,,بله,2026-09-08T18:40:53
3293613,شیردارکلا,2026-09-25,باز,8000000,,,,2026-09-08T18:40:53
3293613,شیردارکلا,2026-09-26,باز,8000000,,,,2026-09-08T18:40:53
3293613,شیردارکلا,2026-09-27,باز,8000000,,,,2026-09-08T18:40:53
3293613,شیردارکلا,2026-09-28,باز,8000000,,,,2026-09-08T18:40:53
3293613,شیردارکلا,2026-09-29,باز,8000000,,,,2026-09-08T18:40:53
3293613,شیردارکلا,2026-09-30,باز,10500000,,,بله,2026-09-08T18:40:53
3293613,شیردارکلا,2026-10-01,باز,10500000,,,بله,2026-09-08T18:40:53
3293613,شیردارکلا,2026-10-02,باز,8000000,,,,2026-09-08T18:40:53
3293613,شیردارکلا,2026-10-03,باز,8000000,,,,2026-09-08T18:40:53
3293613,شیردارکلا,2026-10-04,باز,8000000,,,,2026-09-08T18:40:53
3293613,شیردارکلا,2026-10-05,باز,8000000,,,,2026-09-08T18:40:53
3293613,شیردارکلا,2026-10-06,باز,8000000,,,,2026-09-08T18:40:53
3293613,شیردارکلا,2026-10-07,باز,10500000,,,بله,2026-09-08T18:40:53
3293613,شیردارکلا,2026-10-08,باز,10500000,,,بله,2026-09-08T18:40:53
3293846,قرآن تالار,2026-09-08,بسته (مشاهده‌شده - دلیل نامشخص),3200000,,,,2026-09-08T18:40:54
3293846,قرآن تالار,2026-09-09,بسته (مشاهده‌شده - دلیل نامشخص),3500000,,,بله,2026-09-08T18:40:54
3293846,قرآن تالار,2026-09-10,بسته (مشاهده‌شده - دلیل نامشخص),3500000,,,بله,2026-09-08T18:40:54
3293846,قرآن تالار,2026-09-11,بسته (مشاهده‌شده - دلیل نامشخص),3200000,,,,2026-09-08T18:40:54
3293846,قرآن تالار,2026-09-12,بسته (مشاهده‌شده - دلیل نامشخص),3200000,,,,2026-09-08T18:40:54
3293846,قرآن تالار,2026-09-13,باز,3200000,,,,2026-09-08T18:40:54
3293846,قرآن تالار,2026-09-14,باز,3200000,,,,2026-09-08T18:40:54
3293846,قرآن تالار,2026-09-15,باز,3200000,,,,2026-09-08T18:40:54
3293846,قرآن تالار,2026-09-16,بسته (مشاهده‌شده - دلیل نامشخص),3500000,,,بله,2026-09-08T18:40:54
3293846,قرآن تالار,2026-09-17,بسته (مشاهده‌شده - دلیل نامشخص),3500000,,,بله,2026-09-08T18:40:54
3293846,قرآن تالار,2026-09-18,بسته (مشاهده‌شده - دلیل نامشخص),3200000,,,,2026-09-08T18:40:54
3293846,قرآن تالار,2026-09-19,باز,3200000,,,,2026-09-08T18:40:54
3293846,قرآن تالار,2026-09-20,باز,3200000,,,,2026-09-08T18:40:54
3293846,قرآن تالار,2026-09-21,باز,3200000,,,,2026-09-08T18:40:54
3293846,قرآن تالار,2026-09-22,باز,3200000,,,,2026-09-08T18:40:54
3293846,قرآن تالار,2026-09-23,باز,2800000,,,بله,2026-09-08T18:40:54
3293846,قرآن تالار,2026-09-24,باز,2800000,,,بله,2026-09-08T18:40:54
3293846,قرآن تالار,2026-09-25,باز,2800000,,,,2026-09-08T18:40:54
3293846,قرآن تالار,2026-09-26,باز,2800000,,,,2026-09-08T18:40:54
3293846,قرآن تالار,2026-09-27,باز,2800000,,,,2026-09-08T18:40:54
3293846,قرآن تالار,2026-09-28,باز,2800000,,,,2026-09-08T18:40:54
3293846,قرآن تالار,2026-09-29,باز,2800000,,,,2026-09-08T18:40:54
3293846,قرآن تالار,2026-09-30,باز,2800000,,,بله,2026-09-08T18:40:54
3293846,قرآن تالار,2026-10-01,باز,2800000,,,بله,2026-09-08T18:40:54
3293846,قرآن تالار,2026-10-02,باز,2800000,,,,2026-09-08T18:40:54
3293846,قرآن تالار,2026-10-03,باز,2800000,,,,2026-09-08T18:40:54
3293846,قرآن تالار,2026-10-04,باز,2800000,,,,2026-09-08T18:40:54
3293846,قرآن تالار,2026-10-05,باز,2800000,,,,2026-09-08T18:40:54
3293846,قرآن تالار,2026-10-06,باز,2800000,,,,2026-09-08T18:40:54
3293846,قرآن تالار,2026-10-07,باز,2800000,,,بله,2026-09-08T18:40:54
3293846,قرآن تالار,2026-10-08,باز,2800000,,,بله,2026-09-08T18:40:54
3293925,فرامرزکلا,2026-09-08,بسته (مشاهده‌شده - دلیل نامشخص),3000000,,,,2026-09-08T18:40:56
3293925,فرامرزکلا,2026-09-09,بسته (مشاهده‌شده - دلیل نامشخص),4200000,,,بله,2026-09-08T18:40:56
3293925,فرامرزکلا,2026-09-10,بسته (مشاهده‌شده - دلیل نامشخص),4200000,,,بله,2026-09-08T18:40:56
3293925,فرامرزکلا,2026-09-11,بسته (مشاهده‌شده - دلیل نامشخص),3000000,,,,2026-09-08T18:40:56
3293925,فرامرزکلا,2026-09-12,باز,3000000,,,,2026-09-08T18:40:56
3293925,فرامرزکلا,2026-09-13,باز,3000000,,,,2026-09-08T18:40:56
3293925,فرامرزکلا,2026-09-14,بسته (مشاهده‌شده - دلیل نامشخص),3000000,,,,2026-09-08T18:40:56
3293925,فرامرزکلا,2026-09-15,باز,3000000,,,,2026-09-08T18:40:56
3293925,فرامرزکلا,2026-09-16,باز,4200000,,,بله,2026-09-08T18:40:56
3293925,فرامرزکلا,2026-09-17,باز,4200000,,,بله,2026-09-08T18:40:56
3293925,فرامرزکلا,2026-09-18,باز,3000000,,,,2026-09-08T18:40:56
3293925,فرامرزکلا,2026-09-19,باز,3000000,,,,2026-09-08T18:40:56
3293925,فرامرزکلا,2026-09-20,باز,3000000,,,,2026-09-08T18:40:56
3293925,فرامرزکلا,2026-09-21,باز,3000000,,,,2026-09-08T18:40:56
3293925,فرامرزکلا,2026-09-22,باز,3000000,,,,2026-09-08T18:40:56
3293925,فرامرزکلا,2026-09-23,باز,5000000,,,بله,2026-09-08T18:40:56
3293925,فرامرزکلا,2026-09-24,باز,5000000,,,بله,2026-09-08T18:40:56
3293925,فرامرزکلا,2026-09-25,باز,3000000,,,,2026-09-08T18:40:56
3293925,فرامرزکلا,2026-09-26,باز,3000000,,,,2026-09-08T18:40:56
3293925,فرامرزکلا,2026-09-27,باز,3000000,,,,2026-09-08T18:40:56
3293925,فرامرزکلا,2026-09-28,باز,3000000,,,,2026-09-08T18:40:56
3293925,فرامرزکلا,2026-09-29,باز,3000000,,,,2026-09-08T18:40:56
3293925,فرامرزکلا,2026-09-30,باز,5000000,,,بله,2026-09-08T18:40:56
3293925,فرامرزکلا,2026-10-01,باز,5000000,,,بله,2026-09-08T18:40:56
3293925,فرامرزکلا,2026-10-02,باز,3000000,,,,2026-09-08T18:40:56
3293925,فرامرزکلا,2026-10-03,باز,3000000,,,,2026-09-08T18:40:56
3293925,فرامرزکلا,2026-10-04,باز,3000000,,,,2026-09-08T18:40:56
3293925,فرامرزکلا,2026-10-05,باز,3000000,,,,2026-09-08T18:40:56
3293925,فرامرزکلا,2026-10-06,باز,3000000,,,,2026-09-08T18:40:56
3293925,فرامرزکلا,2026-10-07,باز,5000000,,,بله,2026-09-08T18:40:56
3293925,فرامرزکلا,2026-10-08,باز,5000000,,,بله,2026-09-08T18:40:56
3293951,سیدکلا,2026-09-08,بسته (مشاهده‌شده - دلیل نامشخص),2500000,,,,2026-09-08T18:40:57
3293951,سیدکلا,2026-09-09,باز,3200000,,,بله,2026-09-08T18:40:57
3293951,سیدکلا,2026-09-10,بسته (مشاهده‌شده - دلیل نامشخص),3200000,,,بله,2026-09-08T18:40:57
3293951,سیدکلا,2026-09-11,باز,2500000,,,,2026-09-08T18:40:57
3293951,سیدکلا,2026-09-12,باز,2500000,,,,2026-09-08T18:40:57
3293951,سیدکلا,2026-09-13,باز,2500000,,,,2026-09-08T18:40:57
3293951,سیدکلا,2026-09-14,باز,2500000,,,,2026-09-08T18:40:57
3293951,سیدکلا,2026-09-15,باز,2500000,,,,2026-09-08T18:40:57
3293951,سیدکلا,2026-09-16,باز,3200000,,,بله,2026-09-08T18:40:57
3293951,سیدکلا,2026-09-17,باز,3200000,,,بله,2026-09-08T18:40:57
3293951,سیدکلا,2026-09-18,باز,2500000,,,,2026-09-08T18:40:57
3293951,سیدکلا,2026-09-19,باز,2500000,,,,2026-09-08T18:40:57
3293951,سیدکلا,2026-09-20,باز,2500000,,,,2026-09-08T18:40:57
3293951,سیدکلا,2026-09-21,باز,2500000,,,,2026-09-08T18:40:57
3293951,سیدکلا,2026-09-22,باز,2500000,,,,2026-09-08T18:40:57
3293951,سیدکلا,2026-09-23,باز,1500000,,,بله,2026-09-08T18:40:57
3293951,سیدکلا,2026-09-24,باز,1500000,,,بله,2026-09-08T18:40:57
3293951,سیدکلا,2026-09-25,باز,2800000,,,,2026-09-08T18:40:57
3293951,سیدکلا,2026-09-26,باز,2800000,,,,2026-09-08T18:40:57
3293951,سیدکلا,2026-09-27,باز,2800000,,,,2026-09-08T18:40:57
3293951,سیدکلا,2026-09-28,باز,2800000,,,,2026-09-08T18:40:57
3293951,سیدکلا,2026-09-29,باز,2800000,,,,2026-09-08T18:40:57
3293951,سیدکلا,2026-09-30,باز,1500000,,,بله,2026-09-08T18:40:57
3293951,سیدکلا,2026-10-01,باز,1500000,,,بله,2026-09-08T18:40:57
3293951,سیدکلا,2026-10-02,باز,2800000,,,,2026-09-08T18:40:57
3293951,سیدکلا,2026-10-03,باز,2800000,,,,2026-09-08T18:40:57
3293951,سیدکلا,2026-10-04,باز,2800000,,,,2026-09-08T18:40:57
3293951,سیدکلا,2026-10-05,باز,2800000,,,,2026-09-08T18:40:57
3293951,سیدکلا,2026-10-06,باز,2800000,,,,2026-09-08T18:40:57
3293951,سیدکلا,2026-10-07,باز,1500000,,,بله,2026-09-08T18:40:57
3293951,سیدکلا,2026-10-08,باز,1500000,,,بله,2026-09-08T18:40:57
3293997,بابلکنار,2026-09-08,بسته (مشاهده‌شده - دلیل نامشخص),4500000,,,,2026-09-08T18:40:59
3293997,بابلکنار,2026-09-09,باز,6000000,,,بله,2026-09-08T18:40:59
3293997,بابلکنار,2026-09-10,باز,6000000,,,بله,2026-09-08T18:40:59
3293997,بابلکنار,2026-09-11,بسته (مشاهده‌شده - دلیل نامشخص),4500000,,,,2026-09-08T18:40:59
3293997,بابلکنار,2026-09-12,باز,4500000,,,,2026-09-08T18:40:59
3293997,بابلکنار,2026-09-13,باز,4500000,,,,2026-09-08T18:40:59
3293997,بابلکنار,2026-09-14,باز,4500000,,,,2026-09-08T18:40:59
3293997,بابلکنار,2026-09-15,باز,4500000,,,,2026-09-08T18:40:59
3293997,بابلکنار,2026-09-16,بسته (مشاهده‌شده - دلیل نامشخص),6000000,,,بله,2026-09-08T18:40:59
3293997,بابلکنار,2026-09-17,باز,6000000,,,بله,2026-09-08T18:40:59
3293997,بابلکنار,2026-09-18,باز,4500000,,,,2026-09-08T18:40:59
3293997,بابلکنار,2026-09-19,باز,4500000,,,,2026-09-08T18:40:59
3293997,بابلکنار,2026-09-20,باز,4500000,,,,2026-09-08T18:40:59
3293997,بابلکنار,2026-09-21,باز,4500000,,,,2026-09-08T18:40:59
3293997,بابلکنار,2026-09-22,باز,4500000,,,,2026-09-08T18:40:59
3293997,بابلکنار,2026-09-23,باز,5000000,,,بله,2026-09-08T18:40:59
3293997,بابلکنار,2026-09-24,باز,5000000,,,بله,2026-09-08T18:40:59
3293997,بابلکنار,2026-09-25,باز,4000000,,,,2026-09-08T18:40:59
3293997,بابلکنار,2026-09-26,باز,4000000,,,,2026-09-08T18:40:59
3293997,بابلکنار,2026-09-27,باز,4000000,,,,2026-09-08T18:40:59
3293997,بابلکنار,2026-09-28,باز,4000000,,,,2026-09-08T18:40:59
3293997,بابلکنار,2026-09-29,باز,4000000,,,,2026-09-08T18:40:59
3293997,بابلکنار,2026-09-30,باز,5000000,,,بله,2026-09-08T18:40:59
3293997,بابلکنار,2026-10-01,بسته (مشاهده‌شده - دلیل نامشخص),5000000,,,بله,2026-09-08T18:40:59
3293997,بابلکنار,2026-10-02,بسته (مشاهده‌شده - دلیل نامشخص),4000000,,,,2026-09-08T18:40:59
3293997,بابلکنار,2026-10-03,باز,4000000,,,,2026-09-08T18:40:59
3293997,بابلکنار,2026-10-04,باز,4000000,,,,2026-09-08T18:40:59
3293997,بابلکنار,2026-10-05,باز,4000000,,,,2026-09-08T18:40:59
3293997,بابلکنار,2026-10-06,باز,4000000,,,,2026-09-08T18:40:59
3293997,بابلکنار,2026-10-07,باز,5000000,,,بله,2026-09-08T18:40:59
3293997,بابلکنار,2026-10-08,باز,5000000,,,بله,2026-09-08T18:40:59
3294219,درازکش,2026-09-08,بسته (مشاهده‌شده - دلیل نامشخص),2500000,,,,2026-09-08T18:41:03
3294219,درازکش,2026-09-09,بسته (مشاهده‌شده - دلیل نامشخص),4000000,,,بله,2026-09-08T18:41:03
3294219,درازکش,2026-09-10,بسته (مشاهده‌شده - دلیل نامشخص),4000000,,,بله,2026-09-08T18:41:03
3294219,درازکش,2026-09-11,بسته (مشاهده‌شده - دلیل نامشخص),2500000,,,,2026-09-08T18:41:03
3294219,درازکش,2026-09-12,بسته (مشاهده‌شده - دلیل نامشخص),2500000,,,,2026-09-08T18:41:03
3294219,درازکش,2026-09-13,بسته (مشاهده‌شده - دلیل نامشخص),2500000,,,,2026-09-08T18:41:03
3294219,درازکش,2026-09-14,بسته (مشاهده‌شده - دلیل نامشخص),2500000,,,,2026-09-08T18:41:03
3294219,درازکش,2026-09-15,بسته (مشاهده‌شده - دلیل نامشخص),2500000,,,,2026-09-08T18:41:03
3294219,درازکش,2026-09-16,بسته (مشاهده‌شده - دلیل نامشخص),4000000,,,بله,2026-09-08T18:41:03
3294219,درازکش,2026-09-17,بسته (مشاهده‌شده - دلیل نامشخص),4000000,,,بله,2026-09-08T18:41:03
3294219,درازکش,2026-09-18,بسته (مشاهده‌شده - دلیل نامشخص),2500000,,,,2026-09-08T18:41:03
3294219,درازکش,2026-09-19,بسته (مشاهده‌شده - دلیل نامشخص),2500000,,,,2026-09-08T18:41:03
3294219,درازکش,2026-09-20,بسته (مشاهده‌شده - دلیل نامشخص),2500000,,,,2026-09-08T18:41:03
3294219,درازکش,2026-09-21,بسته (مشاهده‌شده - دلیل نامشخص),2500000,,,,2026-09-08T18:41:03
3294219,درازکش,2026-09-22,بسته (مشاهده‌شده - دلیل نامشخص),2500000,,,,2026-09-08T18:41:03
3294219,درازکش,2026-09-23,بسته (مشاهده‌شده - دلیل نامشخص),3000000,,,بله,2026-09-08T18:41:03
3294219,درازکش,2026-09-24,بسته (مشاهده‌شده - دلیل نامشخص),3000000,,,بله,2026-09-08T18:41:03
3294219,درازکش,2026-09-25,بسته (مشاهده‌شده - دلیل نامشخص),2000000,,,,2026-09-08T18:41:03
3294219,درازکش,2026-09-26,باز,2000000,,,,2026-09-08T18:41:03
3294219,درازکش,2026-09-27,بسته (مشاهده‌شده - دلیل نامشخص),2000000,,,,2026-09-08T18:41:03
3294219,درازکش,2026-09-28,بسته (مشاهده‌شده - دلیل نامشخص),2000000,,,,2026-09-08T18:41:03
3294219,درازکش,2026-09-29,بسته (مشاهده‌شده - دلیل نامشخص),2000000,,,,2026-09-08T18:41:03
3294219,درازکش,2026-09-30,بسته (مشاهده‌شده - دلیل نامشخص),3000000,,,بله,2026-09-08T18:41:03
3294219,درازکش,2026-10-01,بسته (مشاهده‌شده - دلیل نامشخص),3000000,,,بله,2026-09-08T18:41:03
3294219,درازکش,2026-10-02,بسته (مشاهده‌شده - دلیل نامشخص),2000000,,,,2026-09-08T18:41:03
3294219,درازکش,2026-10-03,بسته (مشاهده‌شده - دلیل نامشخص),2000000,,,,2026-09-08T18:41:03
3294219,درازکش,2026-10-04,بسته (مشاهده‌شده - دلیل نامشخص),2000000,,,,2026-09-08T18:41:03
3294219,درازکش,2026-10-05,باز,2000000,,,,2026-09-08T18:41:03
3294219,درازکش,2026-10-06,باز,2000000,,,,2026-09-08T18:41:03
3294219,درازکش,2026-10-07,بسته (مشاهده‌شده - دلیل نامشخص),3000000,,,بله,2026-09-08T18:41:03
3294219,درازکش,2026-10-08,بسته (مشاهده‌شده - دلیل نامشخص),3000000,,,بله,2026-09-08T18:41:03
3294449,مرزیکلا,2026-09-08,بسته (مشاهده‌شده - دلیل نامشخص),2800000,,,,2026-09-08T18:41:05
3294449,مرزیکلا,2026-09-09,باز,3500000,,,بله,2026-09-08T18:41:05
3294449,مرزیکلا,2026-09-10,بسته (مشاهده‌شده - دلیل نامشخص),3500000,,,بله,2026-09-08T18:41:05
3294449,مرزیکلا,2026-09-11,بسته (مشاهده‌شده - دلیل نامشخص),2800000,,,,2026-09-08T18:41:05
3294449,مرزیکلا,2026-09-12,باز,2800000,,,,2026-09-08T18:41:05
3294449,مرزیکلا,2026-09-13,باز,2800000,,,,2026-09-08T18:41:05
3294449,مرزیکلا,2026-09-14,باز,2800000,,,,2026-09-08T18:41:05
3294449,مرزیکلا,2026-09-15,بسته (مشاهده‌شده - دلیل نامشخص),2800000,,,,2026-09-08T18:41:05
3294449,مرزیکلا,2026-09-16,باز,3500000,,,بله,2026-09-08T18:41:05
3294449,مرزیکلا,2026-09-17,باز,3500000,,,بله,2026-09-08T18:41:05
3294449,مرزیکلا,2026-09-18,باز,2800000,,,,2026-09-08T18:41:05
3294449,مرزیکلا,2026-09-19,باز,2800000,,,,2026-09-08T18:41:05
3294449,مرزیکلا,2026-09-20,باز,2800000,,,,2026-09-08T18:41:05
3294449,مرزیکلا,2026-09-21,باز,2800000,,,,2026-09-08T18:41:05
3294449,مرزیکلا,2026-09-22,باز,2800000,,,,2026-09-08T18:41:05
3294449,مرزیکلا,2026-09-23,باز,3500000,,,بله,2026-09-08T18:41:05
3294449,مرزیکلا,2026-09-24,باز,3500000,,,بله,2026-09-08T18:41:05
3294449,مرزیکلا,2026-09-25,باز,2800000,,,,2026-09-08T18:41:05
3294449,مرزیکلا,2026-09-26,باز,2800000,,,,2026-09-08T18:41:05
3294449,مرزیکلا,2026-09-27,باز,2800000,,,,2026-09-08T18:41:05
3294449,مرزیکلا,2026-09-28,باز,2800000,,,,2026-09-08T18:41:05
3294449,مرزیکلا,2026-09-29,باز,2800000,,,,2026-09-08T18:41:05
3294449,مرزیکلا,2026-09-30,باز,3500000,,,بله,2026-09-08T18:41:05
3294449,مرزیکلا,2026-10-01,باز,3500000,,,بله,2026-09-08T18:41:05
3294449,مرزیکلا,2026-10-02,باز,2800000,,,,2026-09-08T18:41:05
3294449,مرزیکلا,2026-10-03,باز,2800000,,,,2026-09-08T18:41:05
3294449,مرزیکلا,2026-10-04,باز,2800000,,,,2026-09-08T18:41:05
3294449,مرزیکلا,2026-10-05,باز,2800000,,,,2026-09-08T18:41:05
3294449,مرزیکلا,2026-10-06,باز,2800000,,,,2026-09-08T18:41:05
3294449,مرزیکلا,2026-10-07,باز,3500000,,,بله,2026-09-08T18:41:05
3294449,مرزیکلا,2026-10-08,باز,3500000,,,بله,2026-09-08T18:41:05
3295692,بابلکنار,2026-09-08,بسته (مشاهده‌شده - دلیل نامشخص),1500000,,,,2026-09-08T18:41:07
3295692,بابلکنار,2026-09-09,بسته (مشاهده‌شده - دلیل نامشخص),2500000,,,بله,2026-09-08T18:41:07
3295692,بابلکنار,2026-09-10,بسته (مشاهده‌شده - دلیل نامشخص),2500000,,,بله,2026-09-08T18:41:07
3295692,بابلکنار,2026-09-11,بسته (مشاهده‌شده - دلیل نامشخص),1500000,,,,2026-09-08T18:41:07
3295692,بابلکنار,2026-09-12,بسته (مشاهده‌شده - دلیل نامشخص),1500000,,,,2026-09-08T18:41:07
3295692,بابلکنار,2026-09-13,بسته (مشاهده‌شده - دلیل نامشخص),1500000,,,,2026-09-08T18:41:07
3295692,بابلکنار,2026-09-14,بسته (مشاهده‌شده - دلیل نامشخص),1500000,,,,2026-09-08T18:41:07
3295692,بابلکنار,2026-09-15,بسته (مشاهده‌شده - دلیل نامشخص),1500000,,,,2026-09-08T18:41:07
3295692,بابلکنار,2026-09-16,بسته (مشاهده‌شده - دلیل نامشخص),2500000,,,بله,2026-09-08T18:41:07
3295692,بابلکنار,2026-09-17,بسته (مشاهده‌شده - دلیل نامشخص),2500000,,,بله,2026-09-08T18:41:07
3295692,بابلکنار,2026-09-18,بسته (مشاهده‌شده - دلیل نامشخص),1500000,,,,2026-09-08T18:41:07
3295692,بابلکنار,2026-09-19,بسته (مشاهده‌شده - دلیل نامشخص),1500000,,,,2026-09-08T18:41:07
3295692,بابلکنار,2026-09-20,بسته (مشاهده‌شده - دلیل نامشخص),1500000,,,,2026-09-08T18:41:07
3295692,بابلکنار,2026-09-21,بسته (مشاهده‌شده - دلیل نامشخص),1500000,,,,2026-09-08T18:41:07
3295692,بابلکنار,2026-09-22,بسته (مشاهده‌شده - دلیل نامشخص),1500000,,,,2026-09-08T18:41:07
3295692,بابلکنار,2026-09-23,بسته (مشاهده‌شده - دلیل نامشخص),3500000,,,بله,2026-09-08T18:41:07
3295692,بابلکنار,2026-09-24,بسته (مشاهده‌شده - دلیل نامشخص),3500000,,,بله,2026-09-08T18:41:07
3295692,بابلکنار,2026-09-25,بسته (مشاهده‌شده - دلیل نامشخص),3000000,,,,2026-09-08T18:41:07
3295692,بابلکنار,2026-09-26,بسته (مشاهده‌شده - دلیل نامشخص),3000000,,,,2026-09-08T18:41:07
3295692,بابلکنار,2026-09-27,بسته (مشاهده‌شده - دلیل نامشخص),3000000,,,,2026-09-08T18:41:07
3295692,بابلکنار,2026-09-28,بسته (مشاهده‌شده - دلیل نامشخص),3000000,,,,2026-09-08T18:41:07
3295692,بابلکنار,2026-09-29,بسته (مشاهده‌شده - دلیل نامشخص),3000000,,,,2026-09-08T18:41:07
3295692,بابلکنار,2026-09-30,بسته (مشاهده‌شده - دلیل نامشخص),3500000,,,بله,2026-09-08T18:41:07
3295692,بابلکنار,2026-10-01,بسته (مشاهده‌شده - دلیل نامشخص),3500000,,,بله,2026-09-08T18:41:07
3295692,بابلکنار,2026-10-02,بسته (مشاهده‌شده - دلیل نامشخص),3000000,,,,2026-09-08T18:41:07
3295692,بابلکنار,2026-10-03,بسته (مشاهده‌شده - دلیل نامشخص),3000000,,,,2026-09-08T18:41:07
3295692,بابلکنار,2026-10-04,باز,3000000,,,,2026-09-08T18:41:07
3295692,بابلکنار,2026-10-05,باز,3000000,,,,2026-09-08T18:41:07
3295692,بابلکنار,2026-10-06,باز,3000000,,,,2026-09-08T18:41:07
3295692,بابلکنار,2026-10-07,باز,3500000,,,بله,2026-09-08T18:41:07
3295692,بابلکنار,2026-10-08,باز,3500000,,,بله,2026-09-08T18:41:07
3295889,ممرزکن,2026-09-08,بسته (مشاهده‌شده - دلیل نامشخص),1395000,,,,2026-09-08T18:41:11
3295889,ممرزکن,2026-09-09,بسته (مشاهده‌شده - دلیل نامشخص),2570000,,,بله,2026-09-08T18:41:11
3295889,ممرزکن,2026-09-10,بسته (مشاهده‌شده - دلیل نامشخص),2570000,,,بله,2026-09-08T18:41:11
3295889,ممرزکن,2026-09-11,بسته (مشاهده‌شده - دلیل نامشخص),1395000,,,,2026-09-08T18:41:11
3295889,ممرزکن,2026-09-12,بسته (مشاهده‌شده - دلیل نامشخص),1395000,,,,2026-09-08T18:41:11
3295889,ممرزکن,2026-09-13,بسته (مشاهده‌شده - دلیل نامشخص),1395000,,,,2026-09-08T18:41:11
3295889,ممرزکن,2026-09-14,بسته (مشاهده‌شده - دلیل نامشخص),1395000,,,,2026-09-08T18:41:11
3295889,ممرزکن,2026-09-15,بسته (مشاهده‌شده - دلیل نامشخص),1395000,,,,2026-09-08T18:41:11
3295889,ممرزکن,2026-09-16,بسته (مشاهده‌شده - دلیل نامشخص),2570000,,,بله,2026-09-08T18:41:11
3295889,ممرزکن,2026-09-17,بسته (مشاهده‌شده - دلیل نامشخص),2570000,,,بله,2026-09-08T18:41:11
3295889,ممرزکن,2026-09-18,بسته (مشاهده‌شده - دلیل نامشخص),1395000,,,,2026-09-08T18:41:11
3295889,ممرزکن,2026-09-19,بسته (مشاهده‌شده - دلیل نامشخص),1395000,,,,2026-09-08T18:41:11
3295889,ممرزکن,2026-09-20,بسته (مشاهده‌شده - دلیل نامشخص),1395000,,,,2026-09-08T18:41:11
3295889,ممرزکن,2026-09-21,بسته (مشاهده‌شده - دلیل نامشخص),1395000,,,,2026-09-08T18:41:11
3295889,ممرزکن,2026-09-22,باز,1395000,,,,2026-09-08T18:41:11
3295889,ممرزکن,2026-09-23,باز,2400000,,,بله,2026-09-08T18:41:11
3295889,ممرزکن,2026-09-24,باز,2400000,,,بله,2026-09-08T18:41:11
3295889,ممرزکن,2026-09-25,باز,2400000,,,,2026-09-08T18:41:11
3295889,ممرزکن,2026-09-26,باز,2400000,,,,2026-09-08T18:41:11
3295889,ممرزکن,2026-09-27,باز,2400000,,,,2026-09-08T18:41:11
3295889,ممرزکن,2026-09-28,باز,2400000,,,,2026-09-08T18:41:11
3295889,ممرزکن,2026-09-29,باز,2400000,,,,2026-09-08T18:41:11
3295889,ممرزکن,2026-09-30,باز,2400000,,,بله,2026-09-08T18:41:11
3295889,ممرزکن,2026-10-01,باز,2400000,,,بله,2026-09-08T18:41:11
3295889,ممرزکن,2026-10-02,باز,2400000,,,,2026-09-08T18:41:11
3295889,ممرزکن,2026-10-03,باز,2400000,,,,2026-09-08T18:41:11
3295889,ممرزکن,2026-10-04,باز,2400000,,,,2026-09-08T18:41:11
3295889,ممرزکن,2026-10-05,باز,2400000,,,,2026-09-08T18:41:11
3295889,ممرزکن,2026-10-06,باز,2400000,,,,2026-09-08T18:41:11
3295889,ممرزکن,2026-10-07,باز,2400000,,,بله,2026-09-08T18:41:11
3295889,ممرزکن,2026-10-08,باز,2400000,,,بله,2026-09-08T18:41:11
3296004,بابلکنار,2026-09-08,بسته (مشاهده‌شده - دلیل نامشخص),2490000,,,,2026-09-08T18:41:37
3296004,بابلکنار,2026-09-09,باز,2980000,,,بله,2026-09-08T18:41:37
3296004,بابلکنار,2026-09-10,باز,3600000,,,بله,2026-09-08T18:41:37
3296004,بابلکنار,2026-09-11,باز,2490000,,,,2026-09-08T18:41:37
3296004,بابلکنار,2026-09-12,باز,2490000,,,,2026-09-08T18:41:37
3296004,بابلکنار,2026-09-13,باز,2490000,,,,2026-09-08T18:41:37
3296004,بابلکنار,2026-09-14,باز,2490000,,,,2026-09-08T18:41:37
3296004,بابلکنار,2026-09-15,باز,2490000,,,,2026-09-08T18:41:37
3296004,بابلکنار,2026-09-16,باز,2980000,,,بله,2026-09-08T18:41:37
3296004,بابلکنار,2026-09-17,باز,3600000,,,بله,2026-09-08T18:41:37
3296004,بابلکنار,2026-09-18,باز,2490000,,,,2026-09-08T18:41:37
3296004,بابلکنار,2026-09-19,باز,2490000,,,,2026-09-08T18:41:37
3296004,بابلکنار,2026-09-20,باز,2490000,,,,2026-09-08T18:41:37
3296004,بابلکنار,2026-09-21,باز,2490000,,,,2026-09-08T18:41:37
3296004,بابلکنار,2026-09-22,باز,2490000,,,,2026-09-08T18:41:37
3296004,بابلکنار,2026-09-23,باز,2760000,,,بله,2026-09-08T18:41:37
3296004,بابلکنار,2026-09-24,باز,3280000,,,بله,2026-09-08T18:41:37
3296004,بابلکنار,2026-09-25,باز,1980000,,,,2026-09-08T18:41:37
3296004,بابلکنار,2026-09-26,باز,1980000,,,,2026-09-08T18:41:37
3296004,بابلکنار,2026-09-27,باز,1980000,,,,2026-09-08T18:41:37
3296004,بابلکنار,2026-09-28,باز,1980000,,,,2026-09-08T18:41:37
3296004,بابلکنار,2026-09-29,باز,1980000,,,,2026-09-08T18:41:37
3296004,بابلکنار,2026-09-30,باز,2760000,,,بله,2026-09-08T18:41:37
3296004,بابلکنار,2026-10-01,باز,3280000,,,بله,2026-09-08T18:41:37
3296004,بابلکنار,2026-10-02,باز,1980000,,,,2026-09-08T18:41:37
3296004,بابلکنار,2026-10-03,باز,1980000,,,,2026-09-08T18:41:37
3296004,بابلکنار,2026-10-04,باز,1980000,,,,2026-09-08T18:41:37
3296004,بابلکنار,2026-10-05,باز,1980000,,,,2026-09-08T18:41:37
3296004,بابلکنار,2026-10-06,باز,1980000,,,,2026-09-08T18:41:37
3296004,بابلکنار,2026-10-07,باز,2760000,,,بله,2026-09-08T18:41:37
3296004,بابلکنار,2026-10-08,باز,3280000,,,بله,2026-09-08T18:41:37
3296137,بابلکنار,2026-09-08,بسته (مشاهده‌شده - دلیل نامشخص),3000000,,,,2026-09-08T18:41:38
3296137,بابلکنار,2026-09-09,بسته (مشاهده‌شده - دلیل نامشخص),3800000,,,بله,2026-09-08T18:41:38
3296137,بابلکنار,2026-09-10,بسته (مشاهده‌شده - دلیل نامشخص),3800000,,,بله,2026-09-08T18:41:38
3296137,بابلکنار,2026-09-11,باز,3000000,,,,2026-09-08T18:41:38
3296137,بابلکنار,2026-09-12,باز,3000000,,,,2026-09-08T18:41:38
3296137,بابلکنار,2026-09-13,باز,3000000,,,,2026-09-08T18:41:38
3296137,بابلکنار,2026-09-14,باز,3000000,,,,2026-09-08T18:41:38
3296137,بابلکنار,2026-09-15,باز,3000000,,,,2026-09-08T18:41:38
3296137,بابلکنار,2026-09-16,باز,3800000,,,بله,2026-09-08T18:41:38
3296137,بابلکنار,2026-09-17,باز,3800000,,,بله,2026-09-08T18:41:38
3296137,بابلکنار,2026-09-18,باز,3000000,,,,2026-09-08T18:41:38
3296137,بابلکنار,2026-09-19,باز,3000000,,,,2026-09-08T18:41:38
3296137,بابلکنار,2026-09-20,باز,3000000,,,,2026-09-08T18:41:38
3296137,بابلکنار,2026-09-21,باز,3000000,,,,2026-09-08T18:41:38
3296137,بابلکنار,2026-09-22,باز,3000000,,,,2026-09-08T18:41:38
3296137,بابلکنار,2026-09-23,باز,3800000,,,بله,2026-09-08T18:41:38
3296137,بابلکنار,2026-09-24,باز,3800000,,,بله,2026-09-08T18:41:38
3296137,بابلکنار,2026-09-25,باز,3000000,,,,2026-09-08T18:41:38
3296137,بابلکنار,2026-09-26,باز,3000000,,,,2026-09-08T18:41:38
3296137,بابلکنار,2026-09-27,باز,3000000,,,,2026-09-08T18:41:38
3296137,بابلکنار,2026-09-28,باز,3000000,,,,2026-09-08T18:41:38
3296137,بابلکنار,2026-09-29,باز,3000000,,,,2026-09-08T18:41:38
3296137,بابلکنار,2026-09-30,باز,3800000,,,بله,2026-09-08T18:41:38
3296137,بابلکنار,2026-10-01,باز,3800000,,,بله,2026-09-08T18:41:38
3296137,بابلکنار,2026-10-02,باز,3000000,,,,2026-09-08T18:41:38
3296137,بابلکنار,2026-10-03,باز,3000000,,,,2026-09-08T18:41:38
3296137,بابلکنار,2026-10-04,باز,3000000,,,,2026-09-08T18:41:38
3296137,بابلکنار,2026-10-05,باز,3000000,,,,2026-09-08T18:41:38
3296137,بابلکنار,2026-10-06,باز,3000000,,,,2026-09-08T18:41:38
3296137,بابلکنار,2026-10-07,باز,3800000,,,بله,2026-09-08T18:41:38
3296137,بابلکنار,2026-10-08,باز,3800000,,,بله,2026-09-08T18:41:38
3297329,کبریاکلا,2026-09-08,باز,4200000,,,,2026-09-08T18:41:45
3297329,کبریاکلا,2026-09-09,باز,6500000,,,بله,2026-09-08T18:41:45
3297329,کبریاکلا,2026-09-10,بسته (مشاهده‌شده - دلیل نامشخص),6500000,,,بله,2026-09-08T18:41:45
3297329,کبریاکلا,2026-09-11,باز,4200000,,,,2026-09-08T18:41:45
3297329,کبریاکلا,2026-09-12,باز,4200000,,,,2026-09-08T18:41:45
3297329,کبریاکلا,2026-09-13,باز,4200000,,,,2026-09-08T18:41:45
3297329,کبریاکلا,2026-09-14,باز,4200000,,,,2026-09-08T18:41:45
3297329,کبریاکلا,2026-09-15,باز,4200000,,,,2026-09-08T18:41:45
3297329,کبریاکلا,2026-09-16,باز,6500000,,,بله,2026-09-08T18:41:45
3297329,کبریاکلا,2026-09-17,باز,6500000,,,بله,2026-09-08T18:41:45
3297329,کبریاکلا,2026-09-18,باز,4200000,,,,2026-09-08T18:41:45
3297329,کبریاکلا,2026-09-19,باز,3400000,,,,2026-09-08T18:41:45
3297329,کبریاکلا,2026-09-20,باز,4200000,,,,2026-09-08T18:41:45
3297329,کبریاکلا,2026-09-21,باز,4200000,,,,2026-09-08T18:41:45
3297329,کبریاکلا,2026-09-22,باز,4200000,,,,2026-09-08T18:41:45
3297329,کبریاکلا,2026-09-23,باز,5800000,,,بله,2026-09-08T18:41:45
3297329,کبریاکلا,2026-09-24,باز,6500000,,,بله,2026-09-08T18:41:45
3297329,کبریاکلا,2026-09-25,باز,4200000,,,,2026-09-08T18:41:45
3297329,کبریاکلا,2026-09-26,باز,4200000,,,,2026-09-08T18:41:45
3297329,کبریاکلا,2026-09-27,باز,4200000,,,,2026-09-08T18:41:45
3297329,کبریاکلا,2026-09-28,باز,4200000,,,,2026-09-08T18:41:45
3297329,کبریاکلا,2026-09-29,باز,4200000,,,,2026-09-08T18:41:45
3297329,کبریاکلا,2026-09-30,باز,5800000,,,بله,2026-09-08T18:41:45
3297329,کبریاکلا,2026-10-01,باز,6500000,,,بله,2026-09-08T18:41:45
3297329,کبریاکلا,2026-10-02,باز,4200000,,,,2026-09-08T18:41:45
3297329,کبریاکلا,2026-10-03,باز,4200000,,,,2026-09-08T18:41:45
3297329,کبریاکلا,2026-10-04,باز,4200000,,,,2026-09-08T18:41:45
3297329,کبریاکلا,2026-10-05,باز,4200000,,,,2026-09-08T18:41:45
3297329,کبریاکلا,2026-10-06,باز,4200000,,,,2026-09-08T18:41:45
3297329,کبریاکلا,2026-10-07,باز,5800000,,,بله,2026-09-08T18:41:45
3297329,کبریاکلا,2026-10-08,باز,6500000,,,بله,2026-09-08T18:41:45
3297585,سیدکلا,2026-09-08,بسته (مشاهده‌شده - دلیل نامشخص),2400000,10,,,2026-09-08T18:41:47
3297585,سیدکلا,2026-09-09,بسته (مشاهده‌شده - دلیل نامشخص),3650000,10,,بله,2026-09-08T18:41:47
3297585,سیدکلا,2026-09-10,بسته (مشاهده‌شده - دلیل نامشخص),3650000,10,,بله,2026-09-08T18:41:47
3297585,سیدکلا,2026-09-11,بسته (مشاهده‌شده - دلیل نامشخص),2400000,,,,2026-09-08T18:41:47
3297585,سیدکلا,2026-09-12,بسته (مشاهده‌شده - دلیل نامشخص),2400000,,,,2026-09-08T18:41:47
3297585,سیدکلا,2026-09-13,باز,2400000,,,,2026-09-08T18:41:47
3297585,سیدکلا,2026-09-14,بسته (مشاهده‌شده - دلیل نامشخص),2400000,,,,2026-09-08T18:41:47
3297585,سیدکلا,2026-09-15,بسته (مشاهده‌شده - دلیل نامشخص),2400000,,,,2026-09-08T18:41:47
3297585,سیدکلا,2026-09-16,باز,3650000,10,,بله,2026-09-08T18:41:47
3297585,سیدکلا,2026-09-17,باز,3650000,10,,بله,2026-09-08T18:41:47
3297585,سیدکلا,2026-09-18,باز,2400000,10,,,2026-09-08T18:41:47
3297585,سیدکلا,2026-09-19,باز,2400000,,,,2026-09-08T18:41:47
3297585,سیدکلا,2026-09-20,باز,2400000,,,,2026-09-08T18:41:47
3297585,سیدکلا,2026-09-21,باز,2400000,,,,2026-09-08T18:41:47
3297585,سیدکلا,2026-09-22,باز,2400000,,,,2026-09-08T18:41:47
3297585,سیدکلا,2026-09-23,باز,3700000,,,بله,2026-09-08T18:41:47
3297585,سیدکلا,2026-09-24,باز,3700000,,,بله,2026-09-08T18:41:47
3297585,سیدکلا,2026-09-25,باز,3200000,,,,2026-09-08T18:41:47
3297585,سیدکلا,2026-09-26,باز,3200000,,,,2026-09-08T18:41:47
3297585,سیدکلا,2026-09-27,باز,3200000,,,,2026-09-08T18:41:47
3297585,سیدکلا,2026-09-28,باز,3200000,,,,2026-09-08T18:41:47
3297585,سیدکلا,2026-09-29,باز,3200000,,,,2026-09-08T18:41:47
3297585,سیدکلا,2026-09-30,باز,3700000,,,بله,2026-09-08T18:41:47
3297585,سیدکلا,2026-10-01,باز,3700000,,,بله,2026-09-08T18:41:47
3297585,سیدکلا,2026-10-02,باز,3200000,,,,2026-09-08T18:41:47
3297585,سیدکلا,2026-10-03,باز,3200000,,,,2026-09-08T18:41:47
3297585,سیدکلا,2026-10-04,باز,3200000,,,,2026-09-08T18:41:47
3297585,سیدکلا,2026-10-05,باز,3200000,,,,2026-09-08T18:41:47
3297585,سیدکلا,2026-10-06,باز,3200000,,,,2026-09-08T18:41:47
3297585,سیدکلا,2026-10-07,باز,3700000,,,بله,2026-09-08T18:41:47
3297585,سیدکلا,2026-10-08,باز,3700000,,,بله,2026-09-08T18:41:47
3298314,کاردرکلا,2026-09-08,بسته (مشاهده‌شده - دلیل نامشخص),7800000,,,,2026-09-08T18:41:52
3298314,کاردرکلا,2026-09-09,بسته (مشاهده‌شده - دلیل نامشخص),11000000,,,,2026-09-08T18:41:52
3298314,کاردرکلا,2026-09-10,بسته (مشاهده‌شده - دلیل نامشخص),11000000,,,بله,2026-09-08T18:41:52
3298314,کاردرکلا,2026-09-11,بسته (مشاهده‌شده - دلیل نامشخص),7800000,,,,2026-09-08T18:41:52
3298314,کاردرکلا,2026-09-12,بسته (مشاهده‌شده - دلیل نامشخص),7800000,,,,2026-09-08T18:41:52
3298314,کاردرکلا,2026-09-13,بسته (مشاهده‌شده - دلیل نامشخص),7800000,,,,2026-09-08T18:41:52
3298314,کاردرکلا,2026-09-14,بسته (مشاهده‌شده - دلیل نامشخص),7800000,,,,2026-09-08T18:41:52
3298314,کاردرکلا,2026-09-15,بسته (مشاهده‌شده - دلیل نامشخص),7800000,,,,2026-09-08T18:41:52
3298314,کاردرکلا,2026-09-16,بسته (مشاهده‌شده - دلیل نامشخص),11000000,,,,2026-09-08T18:41:52
3298314,کاردرکلا,2026-09-17,بسته (مشاهده‌شده - دلیل نامشخص),11000000,,,بله,2026-09-08T18:41:52
3298314,کاردرکلا,2026-09-18,بسته (مشاهده‌شده - دلیل نامشخص),7800000,,,,2026-09-08T18:41:52
3298314,کاردرکلا,2026-09-19,بسته (مشاهده‌شده - دلیل نامشخص),7800000,,,,2026-09-08T18:41:52
3298314,کاردرکلا,2026-09-20,بسته (مشاهده‌شده - دلیل نامشخص),7800000,,,,2026-09-08T18:41:52
3298314,کاردرکلا,2026-09-21,بسته (مشاهده‌شده - دلیل نامشخص),7800000,,,,2026-09-08T18:41:52
3298314,کاردرکلا,2026-09-22,بسته (مشاهده‌شده - دلیل نامشخص),7800000,,,,2026-09-08T18:41:52
3298314,کاردرکلا,2026-09-23,بسته (مشاهده‌شده - دلیل نامشخص),7500000,,,,2026-09-08T18:41:52
3298314,کاردرکلا,2026-09-24,بسته (مشاهده‌شده - دلیل نامشخص),7500000,,,بله,2026-09-08T18:41:52
3298314,کاردرکلا,2026-09-25,باز,4850000,,,,2026-09-08T18:41:52
3298314,کاردرکلا,2026-09-26,بسته (مشاهده‌شده - دلیل نامشخص),4850000,,,,2026-09-08T18:41:52
3298314,کاردرکلا,2026-09-27,بسته (مشاهده‌شده - دلیل نامشخص),4850000,,,,2026-09-08T18:41:52
3298314,کاردرکلا,2026-09-28,باز,4850000,,,,2026-09-08T18:41:52
3298314,کاردرکلا,2026-09-29,باز,4850000,,,,2026-09-08T18:41:52
3298314,کاردرکلا,2026-09-30,باز,4850000,,,,2026-09-08T18:41:52
3298314,کاردرکلا,2026-10-01,باز,6000000,,,بله,2026-09-08T18:41:52
3298314,کاردرکلا,2026-10-02,باز,4850000,,,,2026-09-08T18:41:52
3298314,کاردرکلا,2026-10-03,باز,4850000,,,,2026-09-08T18:41:52
3298314,کاردرکلا,2026-10-04,باز,4850000,,,,2026-09-08T18:41:52
3298314,کاردرکلا,2026-10-05,باز,4850000,,,,2026-09-08T18:41:52
3298314,کاردرکلا,2026-10-06,باز,4850000,,,,2026-09-08T18:41:52
3298314,کاردرکلا,2026-10-07,باز,4850000,,,,2026-09-08T18:41:52
3298314,کاردرکلا,2026-10-08,باز,6000000,,,بله,2026-09-08T18:41:52
3298466,سیادرکا,2026-09-08,باز,3000000,,,,2026-09-08T18:41:54
3298466,سیادرکا,2026-09-09,باز,3500000,,,بله,2026-09-08T18:41:54
3298466,سیادرکا,2026-09-10,باز,3500000,,,بله,2026-09-08T18:41:54
3298466,سیادرکا,2026-09-11,باز,1500000,,,,2026-09-08T18:41:54
3298466,سیادرکا,2026-09-12,باز,1500000,,,,2026-09-08T18:41:54
3298466,سیادرکا,2026-09-13,باز,1500000,,,,2026-09-08T18:41:54
3298466,سیادرکا,2026-09-14,باز,1500000,,,,2026-09-08T18:41:54
3298466,سیادرکا,2026-09-15,باز,1500000,,,,2026-09-08T18:41:54
3298466,سیادرکا,2026-09-16,باز,3500000,,,بله,2026-09-08T18:41:54
3298466,سیادرکا,2026-09-17,باز,3500000,,,بله,2026-09-08T18:41:54
3298466,سیادرکا,2026-09-18,باز,1500000,,,,2026-09-08T18:41:54
3298466,سیادرکا,2026-09-19,باز,1500000,,,,2026-09-08T18:41:54
3298466,سیادرکا,2026-09-20,باز,1500000,,,,2026-09-08T18:41:54
3298466,سیادرکا,2026-09-21,باز,1500000,,,,2026-09-08T18:41:54
3298466,سیادرکا,2026-09-22,باز,1500000,,,,2026-09-08T18:41:54
3298466,سیادرکا,2026-09-23,باز,1500000,,,بله,2026-09-08T18:41:54
3298466,سیادرکا,2026-09-24,باز,1500000,,,بله,2026-09-08T18:41:54
3298466,سیادرکا,2026-09-25,باز,1500000,,,,2026-09-08T18:41:54
3298466,سیادرکا,2026-09-26,باز,1500000,,,,2026-09-08T18:41:54
3298466,سیادرکا,2026-09-27,باز,1500000,,,,2026-09-08T18:41:54
3298466,سیادرکا,2026-09-28,باز,1500000,,,,2026-09-08T18:41:54
3298466,سیادرکا,2026-09-29,باز,1500000,,,,2026-09-08T18:41:54
3298466,سیادرکا,2026-09-30,باز,1500000,,,بله,2026-09-08T18:41:54
3298466,سیادرکا,2026-10-01,باز,1500000,,,بله,2026-09-08T18:41:54
3298466,سیادرکا,2026-10-02,باز,1500000,,,,2026-09-08T18:41:54
3298466,سیادرکا,2026-10-03,باز,1500000,,,,2026-09-08T18:41:54
3298466,سیادرکا,2026-10-04,باز,1500000,,,,2026-09-08T18:41:54
3298466,سیادرکا,2026-10-05,باز,1500000,,,,2026-09-08T18:41:54
3298466,سیادرکا,2026-10-06,باز,1500000,,,,2026-09-08T18:41:54
3298466,سیادرکا,2026-10-07,باز,1500000,,,بله,2026-09-08T18:41:54
3298466,سیادرکا,2026-10-08,باز,1500000,,,بله,2026-09-08T18:41:54
3298479,گونه کلا,2026-09-08,بسته (مشاهده‌شده - دلیل نامشخص),2700000,,,,2026-09-08T18:41:56
3298479,گونه کلا,2026-09-09,باز,3500000,,,بله,2026-09-08T18:41:56
3298479,گونه کلا,2026-09-10,باز,5000000,,,بله,2026-09-08T18:41:56
3298479,گونه کلا,2026-09-11,باز,2700000,,,,2026-09-08T18:41:56
3298479,گونه کلا,2026-09-12,باز,2700000,,,,2026-09-08T18:41:56
3298479,گونه کلا,2026-09-13,باز,2700000,,,,2026-09-08T18:41:56
3298479,گونه کلا,2026-09-14,باز,2700000,,,,2026-09-08T18:41:56
3298479,گونه کلا,2026-09-15,باز,2700000,,,,2026-09-08T18:41:56
3298479,گونه کلا,2026-09-16,باز,3500000,,,بله,2026-09-08T18:41:56
3298479,گونه کلا,2026-09-17,باز,5000000,,,بله,2026-09-08T18:41:56
3298479,گونه کلا,2026-09-18,باز,2700000,,,,2026-09-08T18:41:56
3298479,گونه کلا,2026-09-19,باز,2700000,,,,2026-09-08T18:41:56
3298479,گونه کلا,2026-09-20,باز,2700000,,,,2026-09-08T18:41:56
3298479,گونه کلا,2026-09-21,باز,2700000,,,,2026-09-08T18:41:56
3298479,گونه کلا,2026-09-22,باز,2700000,,,,2026-09-08T18:41:56
3298479,گونه کلا,2026-09-23,باز,2300000,,,بله,2026-09-08T18:41:56
3298479,گونه کلا,2026-09-24,باز,2300000,,,بله,2026-09-08T18:41:56
3298479,گونه کلا,2026-09-25,باز,1400000,,,,2026-09-08T18:41:56
3298479,گونه کلا,2026-09-26,باز,1400000,,,,2026-09-08T18:41:56
3298479,گونه کلا,2026-09-27,باز,1400000,,,,2026-09-08T18:41:56
3298479,گونه کلا,2026-09-28,باز,1400000,,,,2026-09-08T18:41:56
3298479,گونه کلا,2026-09-29,باز,1400000,,,,2026-09-08T18:41:56
3298479,گونه کلا,2026-09-30,باز,2300000,,,بله,2026-09-08T18:41:56
3298479,گونه کلا,2026-10-01,باز,2300000,,,بله,2026-09-08T18:41:56
3298479,گونه کلا,2026-10-02,باز,1400000,,,,2026-09-08T18:41:56
3298479,گونه کلا,2026-10-03,باز,1400000,,,,2026-09-08T18:41:56
3298479,گونه کلا,2026-10-04,باز,1400000,,,,2026-09-08T18:41:56
3298479,گونه کلا,2026-10-05,باز,1400000,,,,2026-09-08T18:41:56
3298479,گونه کلا,2026-10-06,باز,1400000,,,,2026-09-08T18:41:56
3298479,گونه کلا,2026-10-07,باز,2300000,,,بله,2026-09-08T18:41:56
3298479,گونه کلا,2026-10-08,باز,2300000,,,بله,2026-09-08T18:41:56
3298554,مرزیکلا,2026-09-08,بسته (مشاهده‌شده - دلیل نامشخص),1800000,,,,2026-09-08T18:41:57
3298554,مرزیکلا,2026-09-09,بسته (مشاهده‌شده - دلیل نامشخص),3000000,,,بله,2026-09-08T18:41:57
3298554,مرزیکلا,2026-09-10,باز,3000000,,,بله,2026-09-08T18:41:57
3298554,مرزیکلا,2026-09-11,باز,1800000,,,,2026-09-08T18:41:57
3298554,مرزیکلا,2026-09-12,باز,1800000,,,,2026-09-08T18:41:57
3298554,مرزیکلا,2026-09-13,باز,1800000,,,,2026-09-08T18:41:57
3298554,مرزیکلا,2026-09-14,باز,1800000,,,,2026-09-08T18:41:57
3298554,مرزیکلا,2026-09-15,بسته (مشاهده‌شده - دلیل نامشخص),1800000,,,,2026-09-08T18:41:57
3298554,مرزیکلا,2026-09-16,بسته (مشاهده‌شده - دلیل نامشخص),3000000,,,بله,2026-09-08T18:41:57
3298554,مرزیکلا,2026-09-17,بسته (مشاهده‌شده - دلیل نامشخص),3000000,,,بله,2026-09-08T18:41:57
3298554,مرزیکلا,2026-09-18,بسته (مشاهده‌شده - دلیل نامشخص),1800000,,,,2026-09-08T18:41:57
3298554,مرزیکلا,2026-09-19,بسته (مشاهده‌شده - دلیل نامشخص),1800000,,,,2026-09-08T18:41:57
3298554,مرزیکلا,2026-09-20,بسته (مشاهده‌شده - دلیل نامشخص),1800000,,,,2026-09-08T18:41:57
3298554,مرزیکلا,2026-09-21,بسته (مشاهده‌شده - دلیل نامشخص),1800000,,,,2026-09-08T18:41:57
3298554,مرزیکلا,2026-09-22,بسته (مشاهده‌شده - دلیل نامشخص),1800000,,,,2026-09-08T18:41:57
3298554,مرزیکلا,2026-09-23,باز,2500000,,,بله,2026-09-08T18:41:57
3298554,مرزیکلا,2026-09-24,باز,2500000,,,بله,2026-09-08T18:41:57
3298554,مرزیکلا,2026-09-25,باز,2000000,,,,2026-09-08T18:41:57
3298554,مرزیکلا,2026-09-26,باز,2000000,,,,2026-09-08T18:41:57
3298554,مرزیکلا,2026-09-27,باز,2000000,,,,2026-09-08T18:41:57
3298554,مرزیکلا,2026-09-28,باز,2000000,,,,2026-09-08T18:41:57
3298554,مرزیکلا,2026-09-29,باز,2000000,,,,2026-09-08T18:41:57
3298554,مرزیکلا,2026-09-30,باز,2500000,,,بله,2026-09-08T18:41:57
3298554,مرزیکلا,2026-10-01,باز,2500000,,,بله,2026-09-08T18:41:57
3298554,مرزیکلا,2026-10-02,باز,2000000,,,,2026-09-08T18:41:57
3298554,مرزیکلا,2026-10-03,باز,2000000,,,,2026-09-08T18:41:57
3298554,مرزیکلا,2026-10-04,باز,2000000,,,,2026-09-08T18:41:57
3298554,مرزیکلا,2026-10-05,باز,2000000,,,,2026-09-08T18:41:57
3298554,مرزیکلا,2026-10-06,باز,2000000,,,,2026-09-08T18:41:57
3298554,مرزیکلا,2026-10-07,باز,2500000,,,بله,2026-09-08T18:41:57
3298554,مرزیکلا,2026-10-08,باز,2500000,,,بله,2026-09-08T18:41:57
3298750,شیردارکلا,2026-09-08,بسته (مشاهده‌شده - دلیل نامشخص),3530000,,,,2026-09-08T18:41:59
3298750,شیردارکلا,2026-09-09,باز,4000000,,,بله,2026-09-08T18:41:59
3298750,شیردارکلا,2026-09-10,باز,4000000,,,بله,2026-09-08T18:41:59
3298750,شیردارکلا,2026-09-11,باز,3530000,,,,2026-09-08T18:41:59
3298750,شیردارکلا,2026-09-12,باز,3530000,,,,2026-09-08T18:41:59
3298750,شیردارکلا,2026-09-13,باز,3530000,,,,2026-09-08T18:41:59
3298750,شیردارکلا,2026-09-14,باز,3530000,,,,2026-09-08T18:41:59
3298750,شیردارکلا,2026-09-15,باز,3530000,,,,2026-09-08T18:41:59
3298750,شیردارکلا,2026-09-16,باز,4000000,,,بله,2026-09-08T18:41:59
3298750,شیردارکلا,2026-09-17,باز,4000000,,,بله,2026-09-08T18:41:59
3298750,شیردارکلا,2026-09-18,باز,3530000,,,,2026-09-08T18:41:59
3298750,شیردارکلا,2026-09-19,باز,3530000,,,,2026-09-08T18:41:59
3298750,شیردارکلا,2026-09-20,باز,3530000,,,,2026-09-08T18:41:59
3298750,شیردارکلا,2026-09-21,باز,3530000,,,,2026-09-08T18:41:59
3298750,شیردارکلا,2026-09-22,باز,3530000,,,,2026-09-08T18:41:59
3298750,شیردارکلا,2026-09-23,باز,4000000,,,بله,2026-09-08T18:41:59
3298750,شیردارکلا,2026-09-24,باز,4000000,,,بله,2026-09-08T18:41:59
3298750,شیردارکلا,2026-09-25,باز,3000000,,,,2026-09-08T18:41:59
3298750,شیردارکلا,2026-09-26,باز,3000000,,,,2026-09-08T18:41:59
3298750,شیردارکلا,2026-09-27,باز,3000000,,,,2026-09-08T18:41:59
3298750,شیردارکلا,2026-09-28,باز,3000000,,,,2026-09-08T18:41:59
3298750,شیردارکلا,2026-09-29,باز,3000000,,,,2026-09-08T18:41:59
3298750,شیردارکلا,2026-09-30,باز,4000000,,,بله,2026-09-08T18:41:59
3298750,شیردارکلا,2026-10-01,باز,4000000,,,بله,2026-09-08T18:41:59
3298750,شیردارکلا,2026-10-02,باز,3000000,,,,2026-09-08T18:41:59
3298750,شیردارکلا,2026-10-03,باز,3000000,,,,2026-09-08T18:41:59
3298750,شیردارکلا,2026-10-04,باز,3000000,,,,2026-09-08T18:41:59
3298750,شیردارکلا,2026-10-05,باز,3000000,,,,2026-09-08T18:41:59
3298750,شیردارکلا,2026-10-06,باز,3000000,,,,2026-09-08T18:41:59
3298750,شیردارکلا,2026-10-07,باز,4000000,,,بله,2026-09-08T18:41:59
3298750,شیردارکلا,2026-10-08,باز,4000000,,,بله,2026-09-08T18:41:59
3298791,سیادرکا,2026-09-08,باز,1300000,,,,2026-09-08T18:42:01
3298791,سیادرکا,2026-09-09,باز,3000000,,,بله,2026-09-08T18:42:01
3298791,سیادرکا,2026-09-10,باز,3000000,,,بله,2026-09-08T18:42:01
3298791,سیادرکا,2026-09-11,باز,1300000,,,,2026-09-08T18:42:01
3298791,سیادرکا,2026-09-12,باز,1300000,,,,2026-09-08T18:42:01
3298791,سیادرکا,2026-09-13,باز,1300000,,,,2026-09-08T18:42:01
3298791,سیادرکا,2026-09-14,باز,1300000,,,,2026-09-08T18:42:01
3298791,سیادرکا,2026-09-15,باز,1300000,,,,2026-09-08T18:42:01
3298791,سیادرکا,2026-09-16,باز,3000000,,,بله,2026-09-08T18:42:01
3298791,سیادرکا,2026-09-17,باز,3000000,,,بله,2026-09-08T18:42:01
3298791,سیادرکا,2026-09-18,باز,1300000,,,,2026-09-08T18:42:01
3298791,سیادرکا,2026-09-19,باز,1300000,,,,2026-09-08T18:42:01
3298791,سیادرکا,2026-09-20,باز,1300000,,,,2026-09-08T18:42:01
3298791,سیادرکا,2026-09-21,باز,1300000,,,,2026-09-08T18:42:01
3298791,سیادرکا,2026-09-22,باز,1300000,,,,2026-09-08T18:42:01
3298791,سیادرکا,2026-09-23,باز,1800000,,,بله,2026-09-08T18:42:01
3298791,سیادرکا,2026-09-24,باز,1800000,,,بله,2026-09-08T18:42:01
3298791,سیادرکا,2026-09-25,باز,1500000,,,,2026-09-08T18:42:01
3298791,سیادرکا,2026-09-26,باز,1500000,,,,2026-09-08T18:42:01
3298791,سیادرکا,2026-09-27,باز,1500000,,,,2026-09-08T18:42:01
3298791,سیادرکا,2026-09-28,باز,1500000,,,,2026-09-08T18:42:01
3298791,سیادرکا,2026-09-29,باز,1500000,,,,2026-09-08T18:42:01
3298791,سیادرکا,2026-09-30,باز,1800000,,,بله,2026-09-08T18:42:01
3298791,سیادرکا,2026-10-01,باز,1800000,,,بله,2026-09-08T18:42:01
3298791,سیادرکا,2026-10-02,باز,1500000,,,,2026-09-08T18:42:01
3298791,سیادرکا,2026-10-03,باز,1500000,,,,2026-09-08T18:42:01
3298791,سیادرکا,2026-10-04,باز,1500000,,,,2026-09-08T18:42:01
3298791,سیادرکا,2026-10-05,باز,1500000,,,,2026-09-08T18:42:01
3298791,سیادرکا,2026-10-06,باز,1500000,,,,2026-09-08T18:42:01
3298791,سیادرکا,2026-10-07,باز,1800000,,,بله,2026-09-08T18:42:01
3298791,سیادرکا,2026-10-08,باز,1800000,,,بله,2026-09-08T18:42:01
3298804,کلاریکلا,2026-09-08,باز,2800000,,,,2026-09-08T18:42:02
3298804,کلاریکلا,2026-09-09,باز,3200000,,,بله,2026-09-08T18:42:02
3298804,کلاریکلا,2026-09-10,بسته (مشاهده‌شده - دلیل نامشخص),3500000,,,بله,2026-09-08T18:42:02
3298804,کلاریکلا,2026-09-11,باز,2800000,,,,2026-09-08T18:42:02
3298804,کلاریکلا,2026-09-12,باز,2800000,,,,2026-09-08T18:42:02
3298804,کلاریکلا,2026-09-13,باز,2600000,,,,2026-09-08T18:42:02
3298804,کلاریکلا,2026-09-14,باز,2800000,,,,2026-09-08T18:42:02
3298804,کلاریکلا,2026-09-15,باز,2800000,,,,2026-09-08T18:42:02
3298804,کلاریکلا,2026-09-16,باز,3200000,,,بله,2026-09-08T18:42:02
3298804,کلاریکلا,2026-09-17,باز,3500000,,,بله,2026-09-08T18:42:02
3298804,کلاریکلا,2026-09-18,باز,3000000,,,,2026-09-08T18:42:02
3298804,کلاریکلا,2026-09-19,باز,3000000,,,,2026-09-08T18:42:02
3298804,کلاریکلا,2026-09-20,باز,3000000,,,,2026-09-08T18:42:02
3298804,کلاریکلا,2026-09-21,باز,3000000,,,,2026-09-08T18:42:02
3298804,کلاریکلا,2026-09-22,باز,3000000,,,,2026-09-08T18:42:02
3298804,کلاریکلا,2026-09-23,باز,3000000,,,بله,2026-09-08T18:42:02
3298804,کلاریکلا,2026-09-24,باز,3000000,,,بله,2026-09-08T18:42:02
3298804,کلاریکلا,2026-09-25,باز,2500000,,,,2026-09-08T18:42:02
3298804,کلاریکلا,2026-09-26,باز,2500000,,,,2026-09-08T18:42:02
3298804,کلاریکلا,2026-09-27,باز,2500000,,,,2026-09-08T18:42:02
3298804,کلاریکلا,2026-09-28,باز,2500000,,,,2026-09-08T18:42:02
3298804,کلاریکلا,2026-09-29,باز,2500000,,,,2026-09-08T18:42:02
3298804,کلاریکلا,2026-09-30,باز,3000000,,,بله,2026-09-08T18:42:02
3298804,کلاریکلا,2026-10-01,باز,3000000,,,بله,2026-09-08T18:42:02
3298804,کلاریکلا,2026-10-02,باز,2500000,,,,2026-09-08T18:42:02
3298804,کلاریکلا,2026-10-03,باز,2500000,,,,2026-09-08T18:42:02
3298804,کلاریکلا,2026-10-04,باز,2500000,,,,2026-09-08T18:42:02
3298804,کلاریکلا,2026-10-05,باز,2500000,,,,2026-09-08T18:42:02
3298804,کلاریکلا,2026-10-06,باز,2500000,,,,2026-09-08T18:42:02
3298804,کلاریکلا,2026-10-07,باز,3000000,,,بله,2026-09-08T18:42:02
3298804,کلاریکلا,2026-10-08,باز,3000000,,,بله,2026-09-08T18:42:02
3299010,کاردرکلا,2026-09-08,بسته (مشاهده‌شده - دلیل نامشخص),4000000,,,,2026-09-08T18:42:04
3299010,کاردرکلا,2026-09-09,باز,5000000,,,بله,2026-09-08T18:42:04
3299010,کاردرکلا,2026-09-10,باز,5000000,,,بله,2026-09-08T18:42:04
3299010,کاردرکلا,2026-09-11,باز,4000000,,,,2026-09-08T18:42:04
3299010,کاردرکلا,2026-09-12,بسته (مشاهده‌شده - دلیل نامشخص),4000000,,,,2026-09-08T18:42:04
3299010,کاردرکلا,2026-09-13,بسته (مشاهده‌شده - دلیل نامشخص),4000000,,,,2026-09-08T18:42:04
3299010,کاردرکلا,2026-09-14,بسته (مشاهده‌شده - دلیل نامشخص),4000000,,,,2026-09-08T18:42:04
3299010,کاردرکلا,2026-09-15,باز,4000000,,,,2026-09-08T18:42:04
3299010,کاردرکلا,2026-09-16,باز,5000000,,,بله,2026-09-08T18:42:04
3299010,کاردرکلا,2026-09-17,باز,5000000,,,بله,2026-09-08T18:42:04
3299010,کاردرکلا,2026-09-18,باز,4000000,,,,2026-09-08T18:42:04
3299010,کاردرکلا,2026-09-19,باز,4000000,,,,2026-09-08T18:42:04
3299010,کاردرکلا,2026-09-20,باز,4000000,,,,2026-09-08T18:42:04
3299010,کاردرکلا,2026-09-21,باز,4000000,,,,2026-09-08T18:42:04
3299010,کاردرکلا,2026-09-22,باز,4000000,,,,2026-09-08T18:42:04
3299010,کاردرکلا,2026-09-23,باز,4000000,,,بله,2026-09-08T18:42:04
3299010,کاردرکلا,2026-09-24,باز,4000000,,,بله,2026-09-08T18:42:04
3299010,کاردرکلا,2026-09-25,باز,3500000,,,,2026-09-08T18:42:04
3299010,کاردرکلا,2026-09-26,باز,3500000,,,,2026-09-08T18:42:04
3299010,کاردرکلا,2026-09-27,باز,3500000,,,,2026-09-08T18:42:04
3299010,کاردرکلا,2026-09-28,باز,3500000,,,,2026-09-08T18:42:04
3299010,کاردرکلا,2026-09-29,باز,3500000,,,,2026-09-08T18:42:04
3299010,کاردرکلا,2026-09-30,باز,4000000,,,بله,2026-09-08T18:42:04
3299010,کاردرکلا,2026-10-01,باز,4000000,,,بله,2026-09-08T18:42:04
3299010,کاردرکلا,2026-10-02,باز,3500000,,,,2026-09-08T18:42:04
3299010,کاردرکلا,2026-10-03,باز,3500000,,,,2026-09-08T18:42:04
3299010,کاردرکلا,2026-10-04,باز,3500000,,,,2026-09-08T18:42:04
3299010,کاردرکلا,2026-10-05,باز,3500000,,,,2026-09-08T18:42:04
3299010,کاردرکلا,2026-10-06,باز,3500000,,,,2026-09-08T18:42:04
3299010,کاردرکلا,2026-10-07,باز,4000000,,,بله,2026-09-08T18:42:04
3299010,کاردرکلا,2026-10-08,باز,4000000,,,بله,2026-09-08T18:42:04
3299029,سیادرکا,2026-09-08,باز,2200000,,,,2026-09-08T18:42:06
3299029,سیادرکا,2026-09-09,باز,3000000,,,بله,2026-09-08T18:42:06
3299029,سیادرکا,2026-09-10,باز,3000000,,,بله,2026-09-08T18:42:06
3299029,سیادرکا,2026-09-11,باز,2200000,,,,2026-09-08T18:42:06
3299029,سیادرکا,2026-09-12,باز,2200000,,,,2026-09-08T18:42:06
3299029,سیادرکا,2026-09-13,باز,2200000,,,,2026-09-08T18:42:06
3299029,سیادرکا,2026-09-14,باز,2200000,,,,2026-09-08T18:42:06
3299029,سیادرکا,2026-09-15,باز,2200000,,,,2026-09-08T18:42:06
3299029,سیادرکا,2026-09-16,باز,3000000,,,بله,2026-09-08T18:42:06
3299029,سیادرکا,2026-09-17,باز,3000000,,,بله,2026-09-08T18:42:06
3299029,سیادرکا,2026-09-18,باز,2200000,,,,2026-09-08T18:42:06
3299029,سیادرکا,2026-09-19,باز,2200000,,,,2026-09-08T18:42:06
3299029,سیادرکا,2026-09-20,باز,2200000,,,,2026-09-08T18:42:06
3299029,سیادرکا,2026-09-21,باز,2200000,,,,2026-09-08T18:42:06
3299029,سیادرکا,2026-09-22,باز,2200000,,,,2026-09-08T18:42:06
3299029,سیادرکا,2026-09-23,باز,1800000,,,بله,2026-09-08T18:42:06
3299029,سیادرکا,2026-09-24,باز,1800000,,,بله,2026-09-08T18:42:06
3299029,سیادرکا,2026-09-25,باز,1250000,,,,2026-09-08T18:42:06
3299029,سیادرکا,2026-09-26,باز,1250000,,,,2026-09-08T18:42:06
3299029,سیادرکا,2026-09-27,باز,1250000,,,,2026-09-08T18:42:06
3299029,سیادرکا,2026-09-28,باز,1250000,,,,2026-09-08T18:42:06
3299029,سیادرکا,2026-09-29,باز,1250000,,,,2026-09-08T18:42:06
3299029,سیادرکا,2026-09-30,باز,1800000,,,بله,2026-09-08T18:42:06
3299029,سیادرکا,2026-10-01,باز,1800000,,,بله,2026-09-08T18:42:06
3299029,سیادرکا,2026-10-02,باز,1250000,,,,2026-09-08T18:42:06
3299029,سیادرکا,2026-10-03,باز,1250000,,,,2026-09-08T18:42:06
3299029,سیادرکا,2026-10-04,باز,1250000,,,,2026-09-08T18:42:06
3299029,سیادرکا,2026-10-05,باز,1250000,,,,2026-09-08T18:42:06
3299029,سیادرکا,2026-10-06,باز,1250000,,,,2026-09-08T18:42:06
3299029,سیادرکا,2026-10-07,باز,1800000,,,بله,2026-09-08T18:42:06
3299029,سیادرکا,2026-10-08,باز,1800000,,,بله,2026-09-08T18:42:06
3299360,بابلکنار,2026-09-08,باز,2500000,,,,2026-09-08T18:42:09
3299360,بابلکنار,2026-09-09,باز,2500000,,,بله,2026-09-08T18:42:09
3299360,بابلکنار,2026-09-10,باز,2500000,,,بله,2026-09-08T18:42:09
3299360,بابلکنار,2026-09-11,باز,2500000,,,,2026-09-08T18:42:09
3299360,بابلکنار,2026-09-12,باز,2500000,,,,2026-09-08T18:42:09
3299360,بابلکنار,2026-09-13,باز,2500000,,,,2026-09-08T18:42:09
3299360,بابلکنار,2026-09-14,باز,2500000,,,,2026-09-08T18:42:09
3299360,بابلکنار,2026-09-15,باز,2500000,,,,2026-09-08T18:42:09
3299360,بابلکنار,2026-09-16,باز,2500000,,,بله,2026-09-08T18:42:09
3299360,بابلکنار,2026-09-17,باز,2500000,,,بله,2026-09-08T18:42:09
3299360,بابلکنار,2026-09-18,باز,2500000,,,,2026-09-08T18:42:09
3299360,بابلکنار,2026-09-19,باز,2500000,,,,2026-09-08T18:42:09
3299360,بابلکنار,2026-09-20,باز,2500000,,,,2026-09-08T18:42:09
3299360,بابلکنار,2026-09-21,باز,2500000,,,,2026-09-08T18:42:09
3299360,بابلکنار,2026-09-22,باز,2500000,,,,2026-09-08T18:42:09
3299360,بابلکنار,2026-09-23,باز,2000000,,,بله,2026-09-08T18:42:09
3299360,بابلکنار,2026-09-24,باز,2000000,,,بله,2026-09-08T18:42:09
3299360,بابلکنار,2026-09-25,باز,2000000,,,,2026-09-08T18:42:09
3299360,بابلکنار,2026-09-26,باز,2000000,,,,2026-09-08T18:42:09
3299360,بابلکنار,2026-09-27,باز,2000000,,,,2026-09-08T18:42:09
3299360,بابلکنار,2026-09-28,باز,2000000,,,,2026-09-08T18:42:09
3299360,بابلکنار,2026-09-29,باز,2000000,,,,2026-09-08T18:42:09
3299360,بابلکنار,2026-09-30,باز,2000000,,,بله,2026-09-08T18:42:09
3299360,بابلکنار,2026-10-01,باز,2000000,,,بله,2026-09-08T18:42:09
3299360,بابلکنار,2026-10-02,باز,2000000,,,,2026-09-08T18:42:09
3299360,بابلکنار,2026-10-03,باز,2000000,,,,2026-09-08T18:42:09
3299360,بابلکنار,2026-10-04,باز,2000000,,,,2026-09-08T18:42:09
3299360,بابلکنار,2026-10-05,باز,2000000,,,,2026-09-08T18:42:09
3299360,بابلکنار,2026-10-06,باز,2000000,,,,2026-09-08T18:42:09
3299360,بابلکنار,2026-10-07,باز,2000000,,,بله,2026-09-08T18:42:09
3299360,بابلکنار,2026-10-08,باز,2000000,,,بله,2026-09-08T18:42:09
3299674,بابلکنار,2026-09-08,بسته (مشاهده‌شده - دلیل نامشخص),5000000,,,,2026-09-08T18:42:11
3299674,بابلکنار,2026-09-09,بسته (مشاهده‌شده - دلیل نامشخص),6500000,,,بله,2026-09-08T18:42:11
3299674,بابلکنار,2026-09-10,بسته (مشاهده‌شده - دلیل نامشخص),8000000,,,بله,2026-09-08T18:42:11
3299674,بابلکنار,2026-09-11,بسته (مشاهده‌شده - دلیل نامشخص),5000000,,,,2026-09-08T18:42:11
3299674,بابلکنار,2026-09-12,بسته (مشاهده‌شده - دلیل نامشخص),5000000,,,,2026-09-08T18:42:11
3299674,بابلکنار,2026-09-13,بسته (مشاهده‌شده - دلیل نامشخص),5000000,,,,2026-09-08T18:42:11
3299674,بابلکنار,2026-09-14,باز,5000000,,,,2026-09-08T18:42:11
3299674,بابلکنار,2026-09-15,باز,5000000,,,,2026-09-08T18:42:11
3299674,بابلکنار,2026-09-16,بسته (مشاهده‌شده - دلیل نامشخص),6500000,,,بله,2026-09-08T18:42:11
3299674,بابلکنار,2026-09-17,بسته (مشاهده‌شده - دلیل نامشخص),8000000,,,بله,2026-09-08T18:42:11
3299674,بابلکنار,2026-09-18,باز,5000000,,,,2026-09-08T18:42:11
3299674,بابلکنار,2026-09-19,باز,5000000,,,,2026-09-08T18:42:11
3299674,بابلکنار,2026-09-20,باز,5000000,,,,2026-09-08T18:42:11
3299674,بابلکنار,2026-09-21,باز,5000000,,,,2026-09-08T18:42:11
3299674,بابلکنار,2026-09-22,باز,5000000,,,,2026-09-08T18:42:11
3299674,بابلکنار,2026-09-23,باز,8000000,,,بله,2026-09-08T18:42:11
3299674,بابلکنار,2026-09-24,باز,8000000,,,بله,2026-09-08T18:42:11
3299674,بابلکنار,2026-09-25,باز,5000000,,,,2026-09-08T18:42:11
3299674,بابلکنار,2026-09-26,باز,5000000,,,,2026-09-08T18:42:11
3299674,بابلکنار,2026-09-27,باز,5000000,,,,2026-09-08T18:42:11
3299674,بابلکنار,2026-09-28,باز,5000000,,,,2026-09-08T18:42:11
3299674,بابلکنار,2026-09-29,باز,5000000,,,,2026-09-08T18:42:11
3299674,بابلکنار,2026-09-30,باز,8000000,,,بله,2026-09-08T18:42:11
3299674,بابلکنار,2026-10-01,باز,8000000,,,بله,2026-09-08T18:42:11
3299674,بابلکنار,2026-10-02,باز,5000000,,,,2026-09-08T18:42:11
3299674,بابلکنار,2026-10-03,باز,5000000,,,,2026-09-08T18:42:11
3299674,بابلکنار,2026-10-04,باز,5000000,,,,2026-09-08T18:42:11
3299674,بابلکنار,2026-10-05,باز,5000000,,,,2026-09-08T18:42:11
3299674,بابلکنار,2026-10-06,باز,5000000,,,,2026-09-08T18:42:11
3299674,بابلکنار,2026-10-07,باز,8000000,,,بله,2026-09-08T18:42:11
3299674,بابلکنار,2026-10-08,باز,8000000,,,بله,2026-09-08T18:42:11
3299911,چهره,2026-09-08,بسته (مشاهده‌شده - دلیل نامشخص),6500000,,,,2026-09-08T18:42:13
3299911,چهره,2026-09-09,بسته (مشاهده‌شده - دلیل نامشخص),7700000,,,بله,2026-09-08T18:42:13
3299911,چهره,2026-09-10,بسته (مشاهده‌شده - دلیل نامشخص),7700000,,,بله,2026-09-08T18:42:13
3299911,چهره,2026-09-11,بسته (مشاهده‌شده - دلیل نامشخص),6500000,,,,2026-09-08T18:42:13
3299911,چهره,2026-09-12,باز,6500000,,,,2026-09-08T18:42:13
3299911,چهره,2026-09-13,باز,6500000,,,,2026-09-08T18:42:13
3299911,چهره,2026-09-14,باز,6500000,,,,2026-09-08T18:42:13
3299911,چهره,2026-09-15,باز,6500000,,,,2026-09-08T18:42:13
3299911,چهره,2026-09-16,باز,7700000,,,بله,2026-09-08T18:42:13
3299911,چهره,2026-09-17,باز,7700000,,,بله,2026-09-08T18:42:13
3299911,چهره,2026-09-18,باز,6500000,,,,2026-09-08T18:42:13
3299911,چهره,2026-09-19,باز,6500000,,,,2026-09-08T18:42:13
3299911,چهره,2026-09-20,باز,6500000,,,,2026-09-08T18:42:13
3299911,چهره,2026-09-21,باز,6500000,,,,2026-09-08T18:42:13
3299911,چهره,2026-09-22,باز,6500000,,,,2026-09-08T18:42:13
3299911,چهره,2026-09-23,باز,7000000,,,بله,2026-09-08T18:42:13
3299911,چهره,2026-09-24,باز,7000000,,,بله,2026-09-08T18:42:13
3299911,چهره,2026-09-25,باز,5000000,,,,2026-09-08T18:42:13
3299911,چهره,2026-09-26,باز,5000000,,,,2026-09-08T18:42:13
3299911,چهره,2026-09-27,باز,5000000,,,,2026-09-08T18:42:13
3299911,چهره,2026-09-28,باز,5000000,,,,2026-09-08T18:42:13
3299911,چهره,2026-09-29,باز,5000000,,,,2026-09-08T18:42:13
3299911,چهره,2026-09-30,باز,7000000,,,بله,2026-09-08T18:42:13
3299911,چهره,2026-10-01,باز,7000000,,,بله,2026-09-08T18:42:13
3299911,چهره,2026-10-02,باز,5000000,,,,2026-09-08T18:42:13
3299911,چهره,2026-10-03,باز,5000000,,,,2026-09-08T18:42:13
3299911,چهره,2026-10-04,باز,5000000,,,,2026-09-08T18:42:13
3299911,چهره,2026-10-05,باز,5000000,,,,2026-09-08T18:42:13
3299911,چهره,2026-10-06,باز,5000000,,,,2026-09-08T18:42:13
3299911,چهره,2026-10-07,باز,7000000,,,بله,2026-09-08T18:42:13
3299911,چهره,2026-10-08,باز,7000000,,,بله,2026-09-08T18:42:13
3299964,کاردرکلا,2026-09-08,بسته (مشاهده‌شده - دلیل نامشخص),4000000,,,,2026-09-08T18:42:14
3299964,کاردرکلا,2026-09-09,باز,4000000,,,بله,2026-09-08T18:42:14
3299964,کاردرکلا,2026-09-10,بسته (مشاهده‌شده - دلیل نامشخص),4000000,,,بله,2026-09-08T18:42:14
3299964,کاردرکلا,2026-09-11,باز,4000000,,,,2026-09-08T18:42:14
3299964,کاردرکلا,2026-09-12,باز,4000000,,,,2026-09-08T18:42:14
3299964,کاردرکلا,2026-09-13,باز,4000000,,,,2026-09-08T18:42:14
3299964,کاردرکلا,2026-09-14,باز,4000000,,,,2026-09-08T18:42:14
3299964,کاردرکلا,2026-09-15,باز,4000000,,,,2026-09-08T18:42:14
3299964,کاردرکلا,2026-09-16,باز,4000000,,,بله,2026-09-08T18:42:14
3299964,کاردرکلا,2026-09-17,باز,4000000,,,بله,2026-09-08T18:42:14
3299964,کاردرکلا,2026-09-18,باز,4000000,,,,2026-09-08T18:42:14
3299964,کاردرکلا,2026-09-19,باز,4000000,,,,2026-09-08T18:42:14
3299964,کاردرکلا,2026-09-20,باز,4000000,,,,2026-09-08T18:42:14
3299964,کاردرکلا,2026-09-21,باز,4000000,,,,2026-09-08T18:42:14
3299964,کاردرکلا,2026-09-22,باز,4000000,,,,2026-09-08T18:42:14
3299964,کاردرکلا,2026-09-23,باز,3000000,,,بله,2026-09-08T18:42:14
3299964,کاردرکلا,2026-09-24,باز,3000000,,,بله,2026-09-08T18:42:14
3299964,کاردرکلا,2026-09-25,باز,2500000,,,,2026-09-08T18:42:14
3299964,کاردرکلا,2026-09-26,باز,2500000,,,,2026-09-08T18:42:14
3299964,کاردرکلا,2026-09-27,باز,2500000,,,,2026-09-08T18:42:14
3299964,کاردرکلا,2026-09-28,باز,2500000,,,,2026-09-08T18:42:14
3299964,کاردرکلا,2026-09-29,باز,2500000,,,,2026-09-08T18:42:14
3299964,کاردرکلا,2026-09-30,باز,3000000,,,بله,2026-09-08T18:42:14
3299964,کاردرکلا,2026-10-01,باز,3000000,,,بله,2026-09-08T18:42:14
3299964,کاردرکلا,2026-10-02,باز,2500000,,,,2026-09-08T18:42:14
3299964,کاردرکلا,2026-10-03,باز,2500000,,,,2026-09-08T18:42:14
3299964,کاردرکلا,2026-10-04,باز,2500000,,,,2026-09-08T18:42:14
3299964,کاردرکلا,2026-10-05,باز,2500000,,,,2026-09-08T18:42:14
3299964,کاردرکلا,2026-10-06,باز,2500000,,,,2026-09-08T18:42:14
3299964,کاردرکلا,2026-10-07,باز,3000000,,,بله,2026-09-08T18:42:14
3299964,کاردرکلا,2026-10-08,باز,3000000,,,بله,2026-09-08T18:42:14
3300314,شیردارکلا,2026-09-08,باز,3500000,,,,2026-09-08T18:42:16
3300314,شیردارکلا,2026-09-09,باز,7500000,,,بله,2026-09-08T18:42:16
3300314,شیردارکلا,2026-09-10,باز,7500000,,,بله,2026-09-08T18:42:16
3300314,شیردارکلا,2026-09-11,باز,3500000,,,,2026-09-08T18:42:16
3300314,شیردارکلا,2026-09-12,باز,3500000,,,,2026-09-08T18:42:16
3300314,شیردارکلا,2026-09-13,باز,3500000,,,,2026-09-08T18:42:16
3300314,شیردارکلا,2026-09-14,باز,3500000,,,,2026-09-08T18:42:16
3300314,شیردارکلا,2026-09-15,باز,3500000,,,,2026-09-08T18:42:16
3300314,شیردارکلا,2026-09-16,باز,7500000,,,بله,2026-09-08T18:42:16
3300314,شیردارکلا,2026-09-17,باز,7500000,,,بله,2026-09-08T18:42:16
3300314,شیردارکلا,2026-09-18,باز,3500000,,,,2026-09-08T18:42:16
3300314,شیردارکلا,2026-09-19,باز,3500000,,,,2026-09-08T18:42:16
3300314,شیردارکلا,2026-09-20,باز,3500000,,,,2026-09-08T18:42:16
3300314,شیردارکلا,2026-09-21,باز,3500000,,,,2026-09-08T18:42:16
3300314,شیردارکلا,2026-09-22,باز,3500000,,,,2026-09-08T18:42:16
3300314,شیردارکلا,2026-09-23,باز,5000000,,,بله,2026-09-08T18:42:16
3300314,شیردارکلا,2026-09-24,باز,5000000,,,بله,2026-09-08T18:42:16
3300314,شیردارکلا,2026-09-25,باز,2500000,,,,2026-09-08T18:42:16
3300314,شیردارکلا,2026-09-26,باز,2500000,,,,2026-09-08T18:42:16
3300314,شیردارکلا,2026-09-27,باز,2500000,,,,2026-09-08T18:42:16
3300314,شیردارکلا,2026-09-28,باز,2500000,,,,2026-09-08T18:42:16
3300314,شیردارکلا,2026-09-29,باز,2500000,,,,2026-09-08T18:42:16
3300314,شیردارکلا,2026-09-30,باز,5000000,,,بله,2026-09-08T18:42:16
3300314,شیردارکلا,2026-10-01,باز,5000000,,,بله,2026-09-08T18:42:16
3300314,شیردارکلا,2026-10-02,باز,2500000,,,,2026-09-08T18:42:16
3300314,شیردارکلا,2026-10-03,باز,2500000,,,,2026-09-08T18:42:16
3300314,شیردارکلا,2026-10-04,باز,2500000,,,,2026-09-08T18:42:16
3300314,شیردارکلا,2026-10-05,باز,2500000,,,,2026-09-08T18:42:16
3300314,شیردارکلا,2026-10-06,باز,2500000,,,,2026-09-08T18:42:16
3300314,شیردارکلا,2026-10-07,باز,5000000,,,بله,2026-09-08T18:42:16
3300314,شیردارکلا,2026-10-08,باز,5000000,,,بله,2026-09-08T18:42:16
3300600,درازکلا,2026-09-08,باز,1500000,,,,2026-09-08T18:42:18
3300600,درازکلا,2026-09-09,باز,1850000,,,بله,2026-09-08T18:42:18
3300600,درازکلا,2026-09-10,باز,2000000,,,بله,2026-09-08T18:42:18
3300600,درازکلا,2026-09-11,باز,1800000,,,,2026-09-08T18:42:18
3300600,درازکلا,2026-09-12,بسته (مشاهده‌شده - دلیل نامشخص),1800000,,,,2026-09-08T18:42:18
3300600,درازکلا,2026-09-13,باز,1800000,,,,2026-09-08T18:42:18
3300600,درازکلا,2026-09-14,باز,1800000,,,,2026-09-08T18:42:18
3300600,درازکلا,2026-09-15,باز,1800000,,,,2026-09-08T18:42:18
3300600,درازکلا,2026-09-16,باز,1850000,,,بله,2026-09-08T18:42:18
3300600,درازکلا,2026-09-17,باز,2000000,,,بله,2026-09-08T18:42:18
3300600,درازکلا,2026-09-18,باز,1800000,,,,2026-09-08T18:42:18
3300600,درازکلا,2026-09-19,باز,1800000,,,,2026-09-08T18:42:18
3300600,درازکلا,2026-09-20,باز,1800000,,,,2026-09-08T18:42:18
3300600,درازکلا,2026-09-21,باز,1800000,,,,2026-09-08T18:42:18
3300600,درازکلا,2026-09-22,باز,1800000,,,,2026-09-08T18:42:18
3300600,درازکلا,2026-09-23,باز,1800000,,,بله,2026-09-08T18:42:18
3300600,درازکلا,2026-09-24,باز,1800000,,,بله,2026-09-08T18:42:18
3300600,درازکلا,2026-09-25,باز,900000,,,,2026-09-08T18:42:18
3300600,درازکلا,2026-09-26,باز,900000,,,,2026-09-08T18:42:18
3300600,درازکلا,2026-09-27,باز,900000,,,,2026-09-08T18:42:18
3300600,درازکلا,2026-09-28,باز,900000,,,,2026-09-08T18:42:18
3300600,درازکلا,2026-09-29,باز,900000,,,,2026-09-08T18:42:18
3300600,درازکلا,2026-09-30,باز,1800000,,,بله,2026-09-08T18:42:18
3300600,درازکلا,2026-10-01,باز,1800000,,,بله,2026-09-08T18:42:18
3300600,درازکلا,2026-10-02,باز,900000,,,,2026-09-08T18:42:18
3300600,درازکلا,2026-10-03,باز,900000,,,,2026-09-08T18:42:18
3300600,درازکلا,2026-10-04,باز,900000,,,,2026-09-08T18:42:18
3300600,درازکلا,2026-10-05,باز,900000,,,,2026-09-08T18:42:18
3300600,درازکلا,2026-10-06,باز,900000,,,,2026-09-08T18:42:18
3300600,درازکلا,2026-10-07,باز,1800000,,,بله,2026-09-08T18:42:18
3300600,درازکلا,2026-10-08,باز,1800000,,,بله,2026-09-08T18:42:18
3301189,بابلکنار,2026-09-08,باز,2800000,,,,2026-09-08T18:42:23
3301189,بابلکنار,2026-09-09,باز,3500000,,,بله,2026-09-08T18:42:23
3301189,بابلکنار,2026-09-10,باز,3500000,,,بله,2026-09-08T18:42:23
3301189,بابلکنار,2026-09-11,باز,2800000,,,,2026-09-08T18:42:23
3301189,بابلکنار,2026-09-12,باز,2800000,,,,2026-09-08T18:42:23
3301189,بابلکنار,2026-09-13,باز,2800000,,,,2026-09-08T18:42:23
3301189,بابلکنار,2026-09-14,باز,2800000,,,,2026-09-08T18:42:23
3301189,بابلکنار,2026-09-15,باز,2800000,,,,2026-09-08T18:42:23
3301189,بابلکنار,2026-09-16,باز,3500000,,,بله,2026-09-08T18:42:23
3301189,بابلکنار,2026-09-17,باز,3500000,,,بله,2026-09-08T18:42:23
3301189,بابلکنار,2026-09-18,باز,2800000,,,,2026-09-08T18:42:23
3301189,بابلکنار,2026-09-19,باز,2800000,,,,2026-09-08T18:42:23
3301189,بابلکنار,2026-09-20,باز,2800000,,,,2026-09-08T18:42:23
3301189,بابلکنار,2026-09-21,باز,2800000,,,,2026-09-08T18:42:23
3301189,بابلکنار,2026-09-22,باز,2800000,,,,2026-09-08T18:42:23
3301189,بابلکنار,2026-09-23,باز,2500000,,,بله,2026-09-08T18:42:23
3301189,بابلکنار,2026-09-24,باز,2500000,,,بله,2026-09-08T18:42:23
3301189,بابلکنار,2026-09-25,باز,2200000,,,,2026-09-08T18:42:23
3301189,بابلکنار,2026-09-26,باز,2200000,,,,2026-09-08T18:42:23
3301189,بابلکنار,2026-09-27,باز,2200000,,,,2026-09-08T18:42:23
3301189,بابلکنار,2026-09-28,باز,2200000,,,,2026-09-08T18:42:23
3301189,بابلکنار,2026-09-29,باز,2200000,,,,2026-09-08T18:42:23
3301189,بابلکنار,2026-09-30,باز,2500000,,,بله,2026-09-08T18:42:23
3301189,بابلکنار,2026-10-01,باز,2500000,,,بله,2026-09-08T18:42:23
3301189,بابلکنار,2026-10-02,باز,2200000,,,,2026-09-08T18:42:23
3301189,بابلکنار,2026-10-03,باز,2200000,,,,2026-09-08T18:42:23
3301189,بابلکنار,2026-10-04,باز,2200000,,,,2026-09-08T18:42:23
3301189,بابلکنار,2026-10-05,باز,2200000,,,,2026-09-08T18:42:23
3301189,بابلکنار,2026-10-06,باز,2200000,,,,2026-09-08T18:42:23
3301189,بابلکنار,2026-10-07,باز,2500000,,,بله,2026-09-08T18:42:23
3301189,بابلکنار,2026-10-08,باز,2500000,,,بله,2026-09-08T18:42:23
3302909,درازکلا,2026-09-08,باز,2500000,,,,2026-09-08T18:42:30
3302909,درازکلا,2026-09-09,باز,3000000,,,بله,2026-09-08T18:42:30
3302909,درازکلا,2026-09-10,باز,3000000,,,بله,2026-09-08T18:42:30
3302909,درازکلا,2026-09-11,باز,2500000,,,,2026-09-08T18:42:30
3302909,درازکلا,2026-09-12,باز,2500000,,,,2026-09-08T18:42:30
3302909,درازکلا,2026-09-13,باز,2500000,,,,2026-09-08T18:42:30
3302909,درازکلا,2026-09-14,باز,2500000,,,,2026-09-08T18:42:30
3302909,درازکلا,2026-09-15,باز,2500000,,,,2026-09-08T18:42:30
3302909,درازکلا,2026-09-16,باز,3000000,,,بله,2026-09-08T18:42:30
3302909,درازکلا,2026-09-17,باز,3000000,,,بله,2026-09-08T18:42:30
3302909,درازکلا,2026-09-18,باز,2500000,,,,2026-09-08T18:42:30
3302909,درازکلا,2026-09-19,باز,2500000,,,,2026-09-08T18:42:30
3302909,درازکلا,2026-09-20,باز,2500000,,,,2026-09-08T18:42:30
3302909,درازکلا,2026-09-21,باز,2500000,,,,2026-09-08T18:42:30
3302909,درازکلا,2026-09-22,باز,2500000,,,,2026-09-08T18:42:30
3302909,درازکلا,2026-09-23,باز,3000000,,,بله,2026-09-08T18:42:30
3302909,درازکلا,2026-09-24,باز,3000000,,,بله,2026-09-08T18:42:30
3302909,درازکلا,2026-09-25,باز,2500000,,,,2026-09-08T18:42:30
3302909,درازکلا,2026-09-26,باز,2500000,,,,2026-09-08T18:42:30
3302909,درازکلا,2026-09-27,باز,2500000,,,,2026-09-08T18:42:30
3302909,درازکلا,2026-09-28,باز,2500000,,,,2026-09-08T18:42:30
3302909,درازکلا,2026-09-29,باز,2500000,,,,2026-09-08T18:42:30
3302909,درازکلا,2026-09-30,باز,3000000,,,بله,2026-09-08T18:42:30
3302909,درازکلا,2026-10-01,باز,3000000,,,بله,2026-09-08T18:42:30
3302909,درازکلا,2026-10-02,باز,2500000,,,,2026-09-08T18:42:30
3302909,درازکلا,2026-10-03,باز,2500000,,,,2026-09-08T18:42:30
3302909,درازکلا,2026-10-04,باز,2500000,,,,2026-09-08T18:42:30
3302909,درازکلا,2026-10-05,باز,2500000,,,,2026-09-08T18:42:30
3302909,درازکلا,2026-10-06,باز,2500000,,,,2026-09-08T18:42:30
3302909,درازکلا,2026-10-07,باز,3000000,,,بله,2026-09-08T18:42:30
3302909,درازکلا,2026-10-08,باز,3000000,,,بله,2026-09-08T18:42:30
3303922,بابلکنار,2026-09-08,بسته (مشاهده‌شده - دلیل نامشخص),2500000,,,,2026-09-08T18:42:35
3303922,بابلکنار,2026-09-09,بسته (مشاهده‌شده - دلیل نامشخص),2500000,,,بله,2026-09-08T18:42:35
3303922,بابلکنار,2026-09-10,بسته (مشاهده‌شده - دلیل نامشخص),5000000,,,بله,2026-09-08T18:42:35
3303922,بابلکنار,2026-09-11,بسته (مشاهده‌شده - دلیل نامشخص),2300000,,,,2026-09-08T18:42:35
3303922,بابلکنار,2026-09-12,بسته (مشاهده‌شده - دلیل نامشخص),2300000,,,,2026-09-08T18:42:35
3303922,بابلکنار,2026-09-13,بسته (مشاهده‌شده - دلیل نامشخص),2300000,,,,2026-09-08T18:42:35
3303922,بابلکنار,2026-09-14,بسته (مشاهده‌شده - دلیل نامشخص),2300000,,,,2026-09-08T18:42:35
3303922,بابلکنار,2026-09-15,بسته (مشاهده‌شده - دلیل نامشخص),2300000,,,,2026-09-08T18:42:35
3303922,بابلکنار,2026-09-16,بسته (مشاهده‌شده - دلیل نامشخص),3000000,,,بله,2026-09-08T18:42:35
3303922,بابلکنار,2026-09-17,بسته (مشاهده‌شده - دلیل نامشخص),5000000,,,بله,2026-09-08T18:42:35
3303922,بابلکنار,2026-09-18,بسته (مشاهده‌شده - دلیل نامشخص),2300000,,,,2026-09-08T18:42:35
3303922,بابلکنار,2026-09-19,بسته (مشاهده‌شده - دلیل نامشخص),2300000,,,,2026-09-08T18:42:35
3303922,بابلکنار,2026-09-20,بسته (مشاهده‌شده - دلیل نامشخص),2300000,,,,2026-09-08T18:42:35
3303922,بابلکنار,2026-09-21,بسته (مشاهده‌شده - دلیل نامشخص),2300000,,,,2026-09-08T18:42:35
3303922,بابلکنار,2026-09-22,بسته (مشاهده‌شده - دلیل نامشخص),2300000,,,,2026-09-08T18:42:35
3303922,بابلکنار,2026-09-23,باز,2500000,,,بله,2026-09-08T18:42:35
3303922,بابلکنار,2026-09-24,باز,2500000,,,بله,2026-09-08T18:42:35
3303922,بابلکنار,2026-09-25,باز,1000000,,,,2026-09-08T18:42:35
3303922,بابلکنار,2026-09-26,باز,1000000,,,,2026-09-08T18:42:35
3303922,بابلکنار,2026-09-27,باز,1000000,,,,2026-09-08T18:42:35
3303922,بابلکنار,2026-09-28,باز,1000000,,,,2026-09-08T18:42:35
3303922,بابلکنار,2026-09-29,باز,1000000,,,,2026-09-08T18:42:35
3303922,بابلکنار,2026-09-30,باز,2500000,,,بله,2026-09-08T18:42:35
3303922,بابلکنار,2026-10-01,باز,2500000,,,بله,2026-09-08T18:42:35
3303922,بابلکنار,2026-10-02,باز,1000000,,,,2026-09-08T18:42:35
3303922,بابلکنار,2026-10-03,باز,1000000,,,,2026-09-08T18:42:35
3303922,بابلکنار,2026-10-04,باز,1000000,,,,2026-09-08T18:42:35
3303922,بابلکنار,2026-10-05,باز,1000000,,,,2026-09-08T18:42:35
3303922,بابلکنار,2026-10-06,باز,1000000,,,,2026-09-08T18:42:35
3303922,بابلکنار,2026-10-07,باز,2500000,,,بله,2026-09-08T18:42:35
3303922,بابلکنار,2026-10-08,باز,2500000,,,بله,2026-09-08T18:42:35
3304015,شیردارکلا,2026-09-08,بسته (مشاهده‌شده - دلیل نامشخص),7500000,,,,2026-09-08T18:42:37
3304015,شیردارکلا,2026-09-09,بسته (مشاهده‌شده - دلیل نامشخص),7500000,,,بله,2026-09-08T18:42:37
3304015,شیردارکلا,2026-09-10,بسته (مشاهده‌شده - دلیل نامشخص),7500000,,,بله,2026-09-08T18:42:37
3304015,شیردارکلا,2026-09-11,باز,7500000,,,,2026-09-08T18:42:37
3304015,شیردارکلا,2026-09-12,باز,7600000,,,,2026-09-08T18:42:37
3304015,شیردارکلا,2026-09-13,باز,7600000,,,,2026-09-08T18:42:37
3304015,شیردارکلا,2026-09-14,باز,7600000,,,,2026-09-08T18:42:37
3304015,شیردارکلا,2026-09-15,باز,8000000,,,,2026-09-08T18:42:37
3304015,شیردارکلا,2026-09-16,باز,10000000,,,بله,2026-09-08T18:42:37
3304015,شیردارکلا,2026-09-17,باز,10000000,,,بله,2026-09-08T18:42:37
3304015,شیردارکلا,2026-09-18,باز,10000000,,,,2026-09-08T18:42:37
3304015,شیردارکلا,2026-09-19,باز,10000000,,,,2026-09-08T18:42:37
3304015,شیردارکلا,2026-09-20,باز,10000000,,,,2026-09-08T18:42:37
3304015,شیردارکلا,2026-09-21,باز,10000000,,,,2026-09-08T18:42:37
3304015,شیردارکلا,2026-09-22,باز,10000000,,,,2026-09-08T18:42:37
3304015,شیردارکلا,2026-09-23,باز,8000000,,,بله,2026-09-08T18:42:37
3304015,شیردارکلا,2026-09-24,باز,8000000,,,بله,2026-09-08T18:42:37
3304015,شیردارکلا,2026-09-25,باز,6000000,,,,2026-09-08T18:42:37
3304015,شیردارکلا,2026-09-26,باز,6000000,,,,2026-09-08T18:42:37
3304015,شیردارکلا,2026-09-27,باز,6000000,,,,2026-09-08T18:42:37
3304015,شیردارکلا,2026-09-28,باز,6000000,,,,2026-09-08T18:42:37
3304015,شیردارکلا,2026-09-29,باز,6000000,,,,2026-09-08T18:42:37
3304015,شیردارکلا,2026-09-30,باز,8000000,,,بله,2026-09-08T18:42:37
3304015,شیردارکلا,2026-10-01,باز,8000000,,,بله,2026-09-08T18:42:37
3304015,شیردارکلا,2026-10-02,باز,6000000,,,,2026-09-08T18:42:37
3304015,شیردارکلا,2026-10-03,باز,6000000,,,,2026-09-08T18:42:37
3304015,شیردارکلا,2026-10-04,باز,6000000,,,,2026-09-08T18:42:37
3304015,شیردارکلا,2026-10-05,باز,6000000,,,,2026-09-08T18:42:37
3304015,شیردارکلا,2026-10-06,باز,6000000,,,,2026-09-08T18:42:37
3304015,شیردارکلا,2026-10-07,باز,8000000,,,بله,2026-09-08T18:42:37
3304015,شیردارکلا,2026-10-08,باز,8000000,,,بله,2026-09-08T18:42:37
3304871,کاردرکلا,2026-09-08,بسته (مشاهده‌شده - دلیل نامشخص),2980000,,,,2026-09-08T18:42:40
3304871,کاردرکلا,2026-09-09,بسته (مشاهده‌شده - دلیل نامشخص),3850000,,,بله,2026-09-08T18:42:40
3304871,کاردرکلا,2026-09-10,بسته (مشاهده‌شده - دلیل نامشخص),3850000,,,بله,2026-09-08T18:42:40
3304871,کاردرکلا,2026-09-11,بسته (مشاهده‌شده - دلیل نامشخص),3200000,,,,2026-09-08T18:42:40
3304871,کاردرکلا,2026-09-12,بسته (مشاهده‌شده - دلیل نامشخص),2980000,,,,2026-09-08T18:42:40
3304871,کاردرکلا,2026-09-13,بسته (مشاهده‌شده - دلیل نامشخص),3500000,,,,2026-09-08T18:42:40
3304871,کاردرکلا,2026-09-14,بسته (مشاهده‌شده - دلیل نامشخص),3500000,,,,2026-09-08T18:42:40
3304871,کاردرکلا,2026-09-15,باز,3500000,,,,2026-09-08T18:42:40
3304871,کاردرکلا,2026-09-16,بسته (مشاهده‌شده - دلیل نامشخص),4500000,,,بله,2026-09-08T18:42:40
3304871,کاردرکلا,2026-09-17,بسته (مشاهده‌شده - دلیل نامشخص),4500000,,,بله,2026-09-08T18:42:40
3304871,کاردرکلا,2026-09-18,باز,3750000,,,,2026-09-08T18:42:40
3304871,کاردرکلا,2026-09-19,باز,3500000,,,,2026-09-08T18:42:40
3304871,کاردرکلا,2026-09-20,باز,3500000,,,,2026-09-08T18:42:40
3304871,کاردرکلا,2026-09-21,باز,3500000,,,,2026-09-08T18:42:40
3304871,کاردرکلا,2026-09-22,باز,3500000,,,,2026-09-08T18:42:40
3304871,کاردرکلا,2026-09-23,باز,3900000,,,بله,2026-09-08T18:42:40
3304871,کاردرکلا,2026-09-24,باز,3900000,,,بله,2026-09-08T18:42:40
3304871,کاردرکلا,2026-09-25,باز,3200000,,,,2026-09-08T18:42:40
3304871,کاردرکلا,2026-09-26,باز,3200000,,,,2026-09-08T18:42:40
3304871,کاردرکلا,2026-09-27,باز,3200000,,,,2026-09-08T18:42:40
3304871,کاردرکلا,2026-09-28,باز,3200000,,,,2026-09-08T18:42:40
3304871,کاردرکلا,2026-09-29,باز,3200000,,,,2026-09-08T18:42:40
3304871,کاردرکلا,2026-09-30,باز,3900000,,,بله,2026-09-08T18:42:40
3304871,کاردرکلا,2026-10-01,باز,3900000,,,بله,2026-09-08T18:42:40
3304871,کاردرکلا,2026-10-02,باز,3200000,,,,2026-09-08T18:42:40
3304871,کاردرکلا,2026-10-03,باز,3200000,,,,2026-09-08T18:42:40
3304871,کاردرکلا,2026-10-04,باز,3200000,,,,2026-09-08T18:42:40
3304871,کاردرکلا,2026-10-05,باز,3200000,,,,2026-09-08T18:42:40
3304871,کاردرکلا,2026-10-06,باز,3200000,,,,2026-09-08T18:42:40
3304871,کاردرکلا,2026-10-07,باز,3900000,,,بله,2026-09-08T18:42:40
3304871,کاردرکلا,2026-10-08,باز,3900000,,,بله,2026-09-08T18:42:40
3305398,مرزیکلا,2026-09-08,بسته (مشاهده‌شده - دلیل نامشخص),3000000,,,,2026-09-08T18:42:56
3305398,مرزیکلا,2026-09-09,باز,4000000,,,بله,2026-09-08T18:42:56
3305398,مرزیکلا,2026-09-10,بسته (مشاهده‌شده - دلیل نامشخص),4000000,,,بله,2026-09-08T18:42:56
3305398,مرزیکلا,2026-09-11,باز,3500000,,,,2026-09-08T18:42:56
3305398,مرزیکلا,2026-09-12,باز,3500000,,,,2026-09-08T18:42:56
3305398,مرزیکلا,2026-09-13,باز,3500000,,,,2026-09-08T18:42:56
3305398,مرزیکلا,2026-09-14,باز,3500000,,,,2026-09-08T18:42:56
3305398,مرزیکلا,2026-09-15,باز,3500000,,,,2026-09-08T18:42:56
3305398,مرزیکلا,2026-09-16,باز,4000000,,,بله,2026-09-08T18:42:56
3305398,مرزیکلا,2026-09-17,باز,4000000,,,بله,2026-09-08T18:42:56
3305398,مرزیکلا,2026-09-18,باز,3500000,,,,2026-09-08T18:42:56
3305398,مرزیکلا,2026-09-19,باز,3500000,,,,2026-09-08T18:42:56
3305398,مرزیکلا,2026-09-20,باز,3500000,,,,2026-09-08T18:42:56
3305398,مرزیکلا,2026-09-21,باز,3500000,,,,2026-09-08T18:42:56
3305398,مرزیکلا,2026-09-22,باز,3500000,,,,2026-09-08T18:42:56
3305398,مرزیکلا,2026-09-23,باز,4000000,,,بله,2026-09-08T18:42:56
3305398,مرزیکلا,2026-09-24,باز,4000000,,,بله,2026-09-08T18:42:56
3305398,مرزیکلا,2026-09-25,باز,2200000,,,,2026-09-08T18:42:56
3305398,مرزیکلا,2026-09-26,باز,2200000,,,,2026-09-08T18:42:56
3305398,مرزیکلا,2026-09-27,باز,2200000,,,,2026-09-08T18:42:56
3305398,مرزیکلا,2026-09-28,باز,2200000,,,,2026-09-08T18:42:56
3305398,مرزیکلا,2026-09-29,باز,2200000,,,,2026-09-08T18:42:56
3305398,مرزیکلا,2026-09-30,باز,4000000,,,بله,2026-09-08T18:42:56
3305398,مرزیکلا,2026-10-01,باز,4000000,,,بله,2026-09-08T18:42:56
3305398,مرزیکلا,2026-10-02,باز,2200000,,,,2026-09-08T18:42:56
3305398,مرزیکلا,2026-10-03,باز,2200000,,,,2026-09-08T18:42:56
3305398,مرزیکلا,2026-10-04,باز,2200000,,,,2026-09-08T18:42:56
3305398,مرزیکلا,2026-10-05,باز,2200000,,,,2026-09-08T18:42:56
3305398,مرزیکلا,2026-10-06,باز,2200000,,,,2026-09-08T18:42:56
3305398,مرزیکلا,2026-10-07,باز,4000000,,,بله,2026-09-08T18:42:56
3305398,مرزیکلا,2026-10-08,باز,4000000,,,بله,2026-09-08T18:42:56
3305556,سیدکلا,2026-09-08,بسته (مشاهده‌شده - دلیل نامشخص),7000000,,,,2026-09-08T18:42:58
3305556,سیدکلا,2026-09-09,بسته (مشاهده‌شده - دلیل نامشخص),8500000,,,بله,2026-09-08T18:42:58
3305556,سیدکلا,2026-09-10,بسته (مشاهده‌شده - دلیل نامشخص),8500000,,,بله,2026-09-08T18:42:58
3305556,سیدکلا,2026-09-11,بسته (مشاهده‌شده - دلیل نامشخص),7000000,,,,2026-09-08T18:42:58
3305556,سیدکلا,2026-09-12,بسته (مشاهده‌شده - دلیل نامشخص),7000000,,,,2026-09-08T18:42:58
3305556,سیدکلا,2026-09-13,بسته (مشاهده‌شده - دلیل نامشخص),7000000,,,,2026-09-08T18:42:58
3305556,سیدکلا,2026-09-14,باز,7000000,,,,2026-09-08T18:42:58
3305556,سیدکلا,2026-09-15,باز,7000000,,,,2026-09-08T18:42:58
3305556,سیدکلا,2026-09-16,باز,8500000,,,بله,2026-09-08T18:42:58
3305556,سیدکلا,2026-09-17,بسته (مشاهده‌شده - دلیل نامشخص),8500000,,,بله,2026-09-08T18:42:58
3305556,سیدکلا,2026-09-18,باز,7000000,,,,2026-09-08T18:42:58
3305556,سیدکلا,2026-09-19,باز,7000000,,,,2026-09-08T18:42:58
3305556,سیدکلا,2026-09-20,باز,7000000,,,,2026-09-08T18:42:58
3305556,سیدکلا,2026-09-21,باز,7000000,,,,2026-09-08T18:42:58
3305556,سیدکلا,2026-09-22,باز,7000000,,,,2026-09-08T18:42:58
3305556,سیدکلا,2026-09-23,باز,7500000,,,بله,2026-09-08T18:42:58
3305556,سیدکلا,2026-09-24,باز,7500000,,,بله,2026-09-08T18:42:58
3305556,سیدکلا,2026-09-25,باز,6500000,,,,2026-09-08T18:42:58
3305556,سیدکلا,2026-09-26,باز,6500000,,,,2026-09-08T18:42:58
3305556,سیدکلا,2026-09-27,باز,6500000,,,,2026-09-08T18:42:58
3305556,سیدکلا,2026-09-28,باز,6500000,,,,2026-09-08T18:42:58
3305556,سیدکلا,2026-09-29,باز,6500000,,,,2026-09-08T18:42:58
3305556,سیدکلا,2026-09-30,باز,7500000,,,بله,2026-09-08T18:42:58
3305556,سیدکلا,2026-10-01,باز,7500000,,,بله,2026-09-08T18:42:58
3305556,سیدکلا,2026-10-02,باز,6500000,,,,2026-09-08T18:42:58
3305556,سیدکلا,2026-10-03,باز,6500000,,,,2026-09-08T18:42:58
3305556,سیدکلا,2026-10-04,باز,6500000,,,,2026-09-08T18:42:58
3305556,سیدکلا,2026-10-05,باز,6500000,,,,2026-09-08T18:42:58
3305556,سیدکلا,2026-10-06,باز,6500000,,,,2026-09-08T18:42:58
3305556,سیدکلا,2026-10-07,باز,7500000,,,بله,2026-09-08T18:42:58
3305556,سیدکلا,2026-10-08,باز,7500000,,,بله,2026-09-08T18:42:58
3305898,شیردارکلا,2026-09-08,باز,4100000,,,,2026-09-08T18:42:59
3305898,شیردارکلا,2026-09-09,باز,4100000,,,بله,2026-09-08T18:42:59
3305898,شیردارکلا,2026-09-10,باز,4500000,,,بله,2026-09-08T18:42:59
3305898,شیردارکلا,2026-09-11,باز,4500000,,,,2026-09-08T18:42:59
3305898,شیردارکلا,2026-09-12,باز,4000000,,,,2026-09-08T18:42:59
3305898,شیردارکلا,2026-09-13,باز,4000000,,,,2026-09-08T18:42:59
3305898,شیردارکلا,2026-09-14,باز,4000000,,,,2026-09-08T18:42:59
3305898,شیردارکلا,2026-09-15,باز,4000000,,,,2026-09-08T18:42:59
3305898,شیردارکلا,2026-09-16,باز,4000000,,,بله,2026-09-08T18:42:59
3305898,شیردارکلا,2026-09-17,باز,4500000,,,بله,2026-09-08T18:42:59
3305898,شیردارکلا,2026-09-18,باز,4500000,,,,2026-09-08T18:42:59
3305898,شیردارکلا,2026-09-19,باز,4000000,,,,2026-09-08T18:42:59
3305898,شیردارکلا,2026-09-20,باز,4000000,,,,2026-09-08T18:42:59
3305898,شیردارکلا,2026-09-21,باز,4000000,,,,2026-09-08T18:42:59
3305898,شیردارکلا,2026-09-22,باز,4000000,,,,2026-09-08T18:42:59
3305898,شیردارکلا,2026-09-23,باز,4000000,,,بله,2026-09-08T18:42:59
3305898,شیردارکلا,2026-09-24,باز,4000000,,,بله,2026-09-08T18:42:59
3305898,شیردارکلا,2026-09-25,باز,3500000,,,,2026-09-08T18:42:59
3305898,شیردارکلا,2026-09-26,باز,3500000,,,,2026-09-08T18:42:59
3305898,شیردارکلا,2026-09-27,باز,3500000,,,,2026-09-08T18:42:59
3305898,شیردارکلا,2026-09-28,باز,3500000,,,,2026-09-08T18:42:59
3305898,شیردارکلا,2026-09-29,باز,3500000,,,,2026-09-08T18:42:59
3305898,شیردارکلا,2026-09-30,باز,4000000,,,بله,2026-09-08T18:42:59
3305898,شیردارکلا,2026-10-01,باز,4000000,,,بله,2026-09-08T18:42:59
3305898,شیردارکلا,2026-10-02,باز,3500000,,,,2026-09-08T18:42:59
3305898,شیردارکلا,2026-10-03,باز,3500000,,,,2026-09-08T18:42:59
3305898,شیردارکلا,2026-10-04,باز,3500000,,,,2026-09-08T18:42:59
3305898,شیردارکلا,2026-10-05,باز,3500000,,,,2026-09-08T18:42:59
3305898,شیردارکلا,2026-10-06,باز,3500000,,,,2026-09-08T18:42:59
3305898,شیردارکلا,2026-10-07,باز,4000000,,,بله,2026-09-08T18:42:59
3305898,شیردارکلا,2026-10-08,باز,4000000,,,بله,2026-09-08T18:42:59
3306471,ممرزکن,2026-09-08,بسته (مشاهده‌شده - دلیل نامشخص),3500000,,,,2026-09-08T18:43:03
3306471,ممرزکن,2026-09-09,بسته (مشاهده‌شده - دلیل نامشخص),4000000,,,بله,2026-09-08T18:43:03
3306471,ممرزکن,2026-09-10,باز,4000000,,,بله,2026-09-08T18:43:03
3306471,ممرزکن,2026-09-11,باز,3500000,,,,2026-09-08T18:43:03
3306471,ممرزکن,2026-09-12,باز,3500000,,,,2026-09-08T18:43:03
3306471,ممرزکن,2026-09-13,باز,3500000,,,,2026-09-08T18:43:03
3306471,ممرزکن,2026-09-14,باز,3500000,,,,2026-09-08T18:43:03
3306471,ممرزکن,2026-09-15,باز,3500000,,,,2026-09-08T18:43:03
3306471,ممرزکن,2026-09-16,باز,4000000,,,بله,2026-09-08T18:43:03
3306471,ممرزکن,2026-09-17,باز,4000000,,,بله,2026-09-08T18:43:03
3306471,ممرزکن,2026-09-18,باز,3500000,,,,2026-09-08T18:43:03
3306471,ممرزکن,2026-09-19,باز,3500000,,,,2026-09-08T18:43:03
3306471,ممرزکن,2026-09-20,باز,3500000,,,,2026-09-08T18:43:03
3306471,ممرزکن,2026-09-21,باز,3500000,,,,2026-09-08T18:43:03
3306471,ممرزکن,2026-09-22,باز,3500000,,,,2026-09-08T18:43:03
3306471,ممرزکن,2026-09-23,باز,3500000,,,بله,2026-09-08T18:43:03
3306471,ممرزکن,2026-09-24,باز,3500000,,,بله,2026-09-08T18:43:03
3306471,ممرزکن,2026-09-25,باز,3000000,,,,2026-09-08T18:43:03
3306471,ممرزکن,2026-09-26,باز,3000000,,,,2026-09-08T18:43:03
3306471,ممرزکن,2026-09-27,باز,3000000,,,,2026-09-08T18:43:03
3306471,ممرزکن,2026-09-28,باز,3000000,,,,2026-09-08T18:43:03
3306471,ممرزکن,2026-09-29,باز,3000000,,,,2026-09-08T18:43:03
3306471,ممرزکن,2026-09-30,باز,3500000,,,بله,2026-09-08T18:43:03
3306471,ممرزکن,2026-10-01,باز,3500000,,,بله,2026-09-08T18:43:03
3306471,ممرزکن,2026-10-02,باز,3000000,,,,2026-09-08T18:43:03
3306471,ممرزکن,2026-10-03,باز,3000000,,,,2026-09-08T18:43:03
3306471,ممرزکن,2026-10-04,باز,3000000,,,,2026-09-08T18:43:03
3306471,ممرزکن,2026-10-05,باز,3000000,,,,2026-09-08T18:43:03
3306471,ممرزکن,2026-10-06,باز,3000000,,,,2026-09-08T18:43:03
3306471,ممرزکن,2026-10-07,باز,3500000,,,بله,2026-09-08T18:43:03
3306471,ممرزکن,2026-10-08,باز,3500000,,,بله,2026-09-08T18:43:03
3306732,مرزیکلا,2026-09-08,بسته (مشاهده‌شده - دلیل نامشخص),2500000,,,,2026-09-08T18:43:04
3306732,مرزیکلا,2026-09-09,باز,2800000,,,بله,2026-09-08T18:43:04
3306732,مرزیکلا,2026-09-10,باز,2800000,,,بله,2026-09-08T18:43:04
3306732,مرزیکلا,2026-09-11,باز,2500000,,,,2026-09-08T18:43:04
3306732,مرزیکلا,2026-09-12,باز,2500000,,,,2026-09-08T18:43:04
3306732,مرزیکلا,2026-09-13,باز,2500000,,,,2026-09-08T18:43:04
3306732,مرزیکلا,2026-09-14,باز,2500000,,,,2026-09-08T18:43:04
3306732,مرزیکلا,2026-09-15,باز,2500000,,,,2026-09-08T18:43:04
3306732,مرزیکلا,2026-09-16,باز,2800000,,,بله,2026-09-08T18:43:04
3306732,مرزیکلا,2026-09-17,باز,2800000,,,بله,2026-09-08T18:43:04
3306732,مرزیکلا,2026-09-18,باز,2500000,,,,2026-09-08T18:43:04
3306732,مرزیکلا,2026-09-19,باز,2500000,,,,2026-09-08T18:43:04
3306732,مرزیکلا,2026-09-20,باز,2500000,,,,2026-09-08T18:43:04
3306732,مرزیکلا,2026-09-21,باز,2500000,,,,2026-09-08T18:43:04
3306732,مرزیکلا,2026-09-22,باز,2500000,,,,2026-09-08T18:43:04
3306732,مرزیکلا,2026-09-23,باز,2200000,,,بله,2026-09-08T18:43:04
3306732,مرزیکلا,2026-09-24,باز,2200000,,,بله,2026-09-08T18:43:04
3306732,مرزیکلا,2026-09-25,باز,2000000,,,,2026-09-08T18:43:04
3306732,مرزیکلا,2026-09-26,باز,2000000,,,,2026-09-08T18:43:04
3306732,مرزیکلا,2026-09-27,باز,2000000,,,,2026-09-08T18:43:04
3306732,مرزیکلا,2026-09-28,باز,2000000,,,,2026-09-08T18:43:04
3306732,مرزیکلا,2026-09-29,باز,2000000,,,,2026-09-08T18:43:04
3306732,مرزیکلا,2026-09-30,باز,2200000,,,بله,2026-09-08T18:43:04
3306732,مرزیکلا,2026-10-01,باز,2200000,,,بله,2026-09-08T18:43:04
3306732,مرزیکلا,2026-10-02,باز,2000000,,,,2026-09-08T18:43:04
3306732,مرزیکلا,2026-10-03,باز,2000000,,,,2026-09-08T18:43:04
3306732,مرزیکلا,2026-10-04,باز,2000000,,,,2026-09-08T18:43:04
3306732,مرزیکلا,2026-10-05,باز,2000000,,,,2026-09-08T18:43:04
3306732,مرزیکلا,2026-10-06,باز,2000000,,,,2026-09-08T18:43:04
3306732,مرزیکلا,2026-10-07,باز,2200000,,,بله,2026-09-08T18:43:04
3306732,مرزیکلا,2026-10-08,باز,2200000,,,بله,2026-09-08T18:43:04
3307566,مرزیکلا,2026-09-08,بسته (مشاهده‌شده - دلیل نامشخص),5000000,,,,2026-09-08T18:43:09
3307566,مرزیکلا,2026-09-09,بسته (مشاهده‌شده - دلیل نامشخص),7000000,,,بله,2026-09-08T18:43:09
3307566,مرزیکلا,2026-09-10,بسته (مشاهده‌شده - دلیل نامشخص),7000000,,,بله,2026-09-08T18:43:09
3307566,مرزیکلا,2026-09-11,بسته (مشاهده‌شده - دلیل نامشخص),5000000,,,,2026-09-08T18:43:09
3307566,مرزیکلا,2026-09-12,باز,5000000,,,,2026-09-08T18:43:09
3307566,مرزیکلا,2026-09-13,باز,5000000,,,,2026-09-08T18:43:09
3307566,مرزیکلا,2026-09-14,باز,5000000,,,,2026-09-08T18:43:09
3307566,مرزیکلا,2026-09-15,باز,5000000,,,,2026-09-08T18:43:09
3307566,مرزیکلا,2026-09-16,باز,7000000,,,بله,2026-09-08T18:43:09
3307566,مرزیکلا,2026-09-17,باز,7000000,,,بله,2026-09-08T18:43:09
3307566,مرزیکلا,2026-09-18,باز,5000000,,,,2026-09-08T18:43:09
3307566,مرزیکلا,2026-09-19,باز,5000000,,,,2026-09-08T18:43:09
3307566,مرزیکلا,2026-09-20,باز,5000000,,,,2026-09-08T18:43:09
3307566,مرزیکلا,2026-09-21,باز,5000000,,,,2026-09-08T18:43:09
3307566,مرزیکلا,2026-09-22,باز,5000000,,,,2026-09-08T18:43:09
3307566,مرزیکلا,2026-09-23,باز,6500000,,,بله,2026-09-08T18:43:09
3307566,مرزیکلا,2026-09-24,باز,6500000,,,بله,2026-09-08T18:43:09
3307566,مرزیکلا,2026-09-25,باز,4500000,,,,2026-09-08T18:43:09
3307566,مرزیکلا,2026-09-26,باز,4500000,,,,2026-09-08T18:43:09
3307566,مرزیکلا,2026-09-27,باز,4500000,,,,2026-09-08T18:43:09
3307566,مرزیکلا,2026-09-28,باز,4500000,,,,2026-09-08T18:43:09
3307566,مرزیکلا,2026-09-29,باز,4500000,,,,2026-09-08T18:43:09
3307566,مرزیکلا,2026-09-30,باز,6500000,,,بله,2026-09-08T18:43:09
3307566,مرزیکلا,2026-10-01,باز,6500000,,,بله,2026-09-08T18:43:09
3307566,مرزیکلا,2026-10-02,باز,4500000,,,,2026-09-08T18:43:09
3307566,مرزیکلا,2026-10-03,باز,4500000,,,,2026-09-08T18:43:09
3307566,مرزیکلا,2026-10-04,باز,4500000,,,,2026-09-08T18:43:09
3307566,مرزیکلا,2026-10-05,باز,4500000,,,,2026-09-08T18:43:09
3307566,مرزیکلا,2026-10-06,باز,4500000,,,,2026-09-08T18:43:09
3307566,مرزیکلا,2026-10-07,باز,6500000,,,بله,2026-09-08T18:43:09
3307566,مرزیکلا,2026-10-08,باز,6500000,,,بله,2026-09-08T18:43:09
3307915,بابلکنار,2026-09-08,باز,4000000,,,,2026-09-08T18:43:10
3307915,بابلکنار,2026-09-09,باز,6000000,,,بله,2026-09-08T18:43:10
3307915,بابلکنار,2026-09-10,باز,7500000,,,بله,2026-09-08T18:43:10
3307915,بابلکنار,2026-09-11,باز,4000000,,,,2026-09-08T18:43:10
3307915,بابلکنار,2026-09-12,باز,4000000,,,,2026-09-08T18:43:10
3307915,بابلکنار,2026-09-13,باز,4000000,,,,2026-09-08T18:43:10
3307915,بابلکنار,2026-09-14,باز,4000000,,,,2026-09-08T18:43:10
3307915,بابلکنار,2026-09-15,باز,4000000,,,,2026-09-08T18:43:10
3307915,بابلکنار,2026-09-16,باز,6000000,,,بله,2026-09-08T18:43:10
3307915,بابلکنار,2026-09-17,باز,7500000,,,بله,2026-09-08T18:43:10
3307915,بابلکنار,2026-09-18,باز,4000000,,,,2026-09-08T18:43:10
3307915,بابلکنار,2026-09-19,باز,4000000,,,,2026-09-08T18:43:10
3307915,بابلکنار,2026-09-20,باز,4000000,,,,2026-09-08T18:43:10
3307915,بابلکنار,2026-09-21,باز,4000000,,,,2026-09-08T18:43:10
3307915,بابلکنار,2026-09-22,باز,4000000,,,,2026-09-08T18:43:10
3307915,بابلکنار,2026-09-23,باز,6000000,,,بله,2026-09-08T18:43:10
3307915,بابلکنار,2026-09-24,باز,6000000,,,بله,2026-09-08T18:43:10
3307915,بابلکنار,2026-09-25,باز,4000000,,,,2026-09-08T18:43:10
3307915,بابلکنار,2026-09-26,باز,4000000,,,,2026-09-08T18:43:10
3307915,بابلکنار,2026-09-27,باز,4000000,,,,2026-09-08T18:43:10
3307915,بابلکنار,2026-09-28,باز,4000000,,,,2026-09-08T18:43:10
3307915,بابلکنار,2026-09-29,باز,4000000,,,,2026-09-08T18:43:10
3307915,بابلکنار,2026-09-30,باز,6000000,,,بله,2026-09-08T18:43:10
3307915,بابلکنار,2026-10-01,باز,6000000,,,بله,2026-09-08T18:43:10
3307915,بابلکنار,2026-10-02,باز,4000000,,,,2026-09-08T18:43:10
3307915,بابلکنار,2026-10-03,باز,4000000,,,,2026-09-08T18:43:10
3307915,بابلکنار,2026-10-04,باز,4000000,,,,2026-09-08T18:43:10
3307915,بابلکنار,2026-10-05,باز,4000000,,,,2026-09-08T18:43:10
3307915,بابلکنار,2026-10-06,باز,4000000,,,,2026-09-08T18:43:10
3307915,بابلکنار,2026-10-07,باز,6000000,,,بله,2026-09-08T18:43:10
3307915,بابلکنار,2026-10-08,باز,6000000,,,بله,2026-09-08T18:43:10
3308283,ممرزکن,2026-09-08,بسته (مشاهده‌شده - دلیل نامشخص),2700000,,,,2026-09-08T18:43:13
3308283,ممرزکن,2026-09-09,بسته (مشاهده‌شده - دلیل نامشخص),3700000,,,بله,2026-09-08T18:43:13
3308283,ممرزکن,2026-09-10,بسته (مشاهده‌شده - دلیل نامشخص),3700000,,,بله,2026-09-08T18:43:13
3308283,ممرزکن,2026-09-11,باز,2700000,,,,2026-09-08T18:43:13
3308283,ممرزکن,2026-09-12,باز,2700000,,,,2026-09-08T18:43:13
3308283,ممرزکن,2026-09-13,باز,2700000,,,,2026-09-08T18:43:13
3308283,ممرزکن,2026-09-14,باز,2700000,,,,2026-09-08T18:43:13
3308283,ممرزکن,2026-09-15,باز,2700000,,,,2026-09-08T18:43:13
3308283,ممرزکن,2026-09-16,باز,3700000,,,بله,2026-09-08T18:43:13
3308283,ممرزکن,2026-09-17,باز,3700000,,,بله,2026-09-08T18:43:13
3308283,ممرزکن,2026-09-18,باز,2700000,,,,2026-09-08T18:43:13
3308283,ممرزکن,2026-09-19,باز,2700000,,,,2026-09-08T18:43:13
3308283,ممرزکن,2026-09-20,باز,2700000,,,,2026-09-08T18:43:13
3308283,ممرزکن,2026-09-21,باز,2700000,,,,2026-09-08T18:43:13
3308283,ممرزکن,2026-09-22,باز,2700000,,,,2026-09-08T18:43:13
3308283,ممرزکن,2026-09-23,باز,2500000,,,بله,2026-09-08T18:43:13
3308283,ممرزکن,2026-09-24,باز,2500000,,,بله,2026-09-08T18:43:13
3308283,ممرزکن,2026-09-25,باز,2000000,,,,2026-09-08T18:43:13
3308283,ممرزکن,2026-09-26,باز,2000000,,,,2026-09-08T18:43:13
3308283,ممرزکن,2026-09-27,باز,2000000,,,,2026-09-08T18:43:13
3308283,ممرزکن,2026-09-28,باز,2000000,,,,2026-09-08T18:43:13
3308283,ممرزکن,2026-09-29,باز,2000000,,,,2026-09-08T18:43:13
3308283,ممرزکن,2026-09-30,باز,2500000,,,بله,2026-09-08T18:43:13
3308283,ممرزکن,2026-10-01,باز,2500000,,,بله,2026-09-08T18:43:13
3308283,ممرزکن,2026-10-02,باز,2000000,,,,2026-09-08T18:43:13
3308283,ممرزکن,2026-10-03,باز,2000000,,,,2026-09-08T18:43:13
3308283,ممرزکن,2026-10-04,باز,2000000,,,,2026-09-08T18:43:13
3308283,ممرزکن,2026-10-05,باز,2000000,,,,2026-09-08T18:43:13
3308283,ممرزکن,2026-10-06,باز,2000000,,,,2026-09-08T18:43:13
3308283,ممرزکن,2026-10-07,باز,2500000,,,بله,2026-09-08T18:43:13
3308283,ممرزکن,2026-10-08,باز,2500000,,,بله,2026-09-08T18:43:13
3308708,بالفکلا,2026-09-08,باز,3000000,,,,2026-09-08T18:43:19
3308708,بالفکلا,2026-09-09,باز,7000000,,,بله,2026-09-08T18:43:19
3308708,بالفکلا,2026-09-10,باز,7000000,,,بله,2026-09-08T18:43:19
3308708,بالفکلا,2026-09-11,باز,3000000,,,,2026-09-08T18:43:19
3308708,بالفکلا,2026-09-12,باز,3000000,,,,2026-09-08T18:43:19
3308708,بالفکلا,2026-09-13,باز,3000000,,,,2026-09-08T18:43:19
3308708,بالفکلا,2026-09-14,باز,3000000,,,,2026-09-08T18:43:19
3308708,بالفکلا,2026-09-15,باز,3000000,,,,2026-09-08T18:43:19
3308708,بالفکلا,2026-09-16,باز,7000000,,,بله,2026-09-08T18:43:19
3308708,بالفکلا,2026-09-17,باز,7000000,,,بله,2026-09-08T18:43:19
3308708,بالفکلا,2026-09-18,باز,3000000,,,,2026-09-08T18:43:19
3308708,بالفکلا,2026-09-19,باز,3000000,,,,2026-09-08T18:43:19
3308708,بالفکلا,2026-09-20,باز,3000000,,,,2026-09-08T18:43:19
3308708,بالفکلا,2026-09-21,باز,3000000,,,,2026-09-08T18:43:19
3308708,بالفکلا,2026-09-22,باز,3000000,,,,2026-09-08T18:43:19
3308708,بالفکلا,2026-09-23,باز,3000000,,,بله,2026-09-08T18:43:19
3308708,بالفکلا,2026-09-24,باز,3000000,,,بله,2026-09-08T18:43:19
3308708,بالفکلا,2026-09-25,باز,2500000,,,,2026-09-08T18:43:19
3308708,بالفکلا,2026-09-26,باز,2500000,,,,2026-09-08T18:43:19
3308708,بالفکلا,2026-09-27,باز,2500000,,,,2026-09-08T18:43:19
3308708,بالفکلا,2026-09-28,باز,2500000,,,,2026-09-08T18:43:19
3308708,بالفکلا,2026-09-29,باز,2500000,,,,2026-09-08T18:43:19
3308708,بالفکلا,2026-09-30,باز,3000000,,,بله,2026-09-08T18:43:19
3308708,بالفکلا,2026-10-01,باز,3000000,,,بله,2026-09-08T18:43:19
3308708,بالفکلا,2026-10-02,باز,2500000,,,,2026-09-08T18:43:19
3308708,بالفکلا,2026-10-03,باز,2500000,,,,2026-09-08T18:43:19
3308708,بالفکلا,2026-10-04,باز,2500000,,,,2026-09-08T18:43:19
3308708,بالفکلا,2026-10-05,باز,2500000,,,,2026-09-08T18:43:19
3308708,بالفکلا,2026-10-06,باز,2500000,,,,2026-09-08T18:43:19
3308708,بالفکلا,2026-10-07,باز,3000000,,,بله,2026-09-08T18:43:19
3308708,بالفکلا,2026-10-08,باز,3000000,,,بله,2026-09-08T18:43:19
3308856,درازکلا,2026-09-08,بسته (مشاهده‌شده - دلیل نامشخص),3890000,,,,2026-09-08T18:43:20
3308856,درازکلا,2026-09-09,باز,4230000,,,بله,2026-09-08T18:43:20
3308856,درازکلا,2026-09-10,باز,7500000,,,بله,2026-09-08T18:43:20
3308856,درازکلا,2026-09-11,بسته (مشاهده‌شده - دلیل نامشخص),4230000,,,,2026-09-08T18:43:20
3308856,درازکلا,2026-09-12,باز,3890000,,,,2026-09-08T18:43:20
3308856,درازکلا,2026-09-13,باز,3890000,,,,2026-09-08T18:43:20
3308856,درازکلا,2026-09-14,باز,3890000,,,,2026-09-08T18:43:20
3308856,درازکلا,2026-09-15,باز,3890000,,,,2026-09-08T18:43:20
3308856,درازکلا,2026-09-16,باز,4230000,,,بله,2026-09-08T18:43:20
3308856,درازکلا,2026-09-17,باز,7500000,,,بله,2026-09-08T18:43:20
3308856,درازکلا,2026-09-18,باز,4230000,,,,2026-09-08T18:43:20
3308856,درازکلا,2026-09-19,باز,4230000,,,,2026-09-08T18:43:20
3308856,درازکلا,2026-09-20,بسته (مشاهده‌شده - دلیل نامشخص),2250000,,,,2026-09-08T18:43:20
3308856,درازکلا,2026-09-21,باز,4230000,,,,2026-09-08T18:43:20
3308856,درازکلا,2026-09-22,باز,4230000,,,,2026-09-08T18:43:20
3308856,درازکلا,2026-09-23,باز,5890000,,,بله,2026-09-08T18:43:20
3308856,درازکلا,2026-09-24,باز,5890000,,,بله,2026-09-08T18:43:20
3308856,درازکلا,2026-09-25,باز,2250000,,,,2026-09-08T18:43:20
3308856,درازکلا,2026-09-26,باز,2250000,,,,2026-09-08T18:43:20
3308856,درازکلا,2026-09-27,باز,2250000,,,,2026-09-08T18:43:20
3308856,درازکلا,2026-09-28,باز,2250000,,,,2026-09-08T18:43:20
3308856,درازکلا,2026-09-29,باز,2250000,,,,2026-09-08T18:43:20
3308856,درازکلا,2026-09-30,باز,5890000,,,بله,2026-09-08T18:43:20
3308856,درازکلا,2026-10-01,باز,5890000,,,بله,2026-09-08T18:43:20
3308856,درازکلا,2026-10-02,باز,2250000,,,,2026-09-08T18:43:20
3308856,درازکلا,2026-10-03,باز,2250000,,,,2026-09-08T18:43:20
3308856,درازکلا,2026-10-04,باز,2250000,,,,2026-09-08T18:43:20
3308856,درازکلا,2026-10-05,باز,2250000,,,,2026-09-08T18:43:20
3308856,درازکلا,2026-10-06,باز,2250000,,,,2026-09-08T18:43:20
3308856,درازکلا,2026-10-07,باز,5890000,,,بله,2026-09-08T18:43:20
3308856,درازکلا,2026-10-08,باز,5890000,,,بله,2026-09-08T18:43:20
3309125,بالف کلا,2026-09-08,باز,5000000,,,,2026-09-08T18:43:22
3309125,بالف کلا,2026-09-09,باز,8000000,,,بله,2026-09-08T18:43:22
3309125,بالف کلا,2026-09-10,باز,8000000,,,بله,2026-09-08T18:43:22
3309125,بالف کلا,2026-09-11,باز,5000000,,,,2026-09-08T18:43:22
3309125,بالف کلا,2026-09-12,باز,5000000,,,,2026-09-08T18:43:22
3309125,بالف کلا,2026-09-13,باز,5000000,,,,2026-09-08T18:43:22
3309125,بالف کلا,2026-09-14,باز,5000000,,,,2026-09-08T18:43:22
3309125,بالف کلا,2026-09-15,باز,5000000,,,,2026-09-08T18:43:22
3309125,بالف کلا,2026-09-16,باز,8000000,,,بله,2026-09-08T18:43:22
3309125,بالف کلا,2026-09-17,باز,8000000,,,بله,2026-09-08T18:43:22
3309125,بالف کلا,2026-09-18,باز,5000000,,,,2026-09-08T18:43:22
3309125,بالف کلا,2026-09-19,باز,5000000,,,,2026-09-08T18:43:22
3309125,بالف کلا,2026-09-20,باز,5000000,,,,2026-09-08T18:43:22
3309125,بالف کلا,2026-09-21,باز,5000000,,,,2026-09-08T18:43:22
3309125,بالف کلا,2026-09-22,باز,5000000,,,,2026-09-08T18:43:22
3309125,بالف کلا,2026-09-23,باز,6000000,,,بله,2026-09-08T18:43:22
3309125,بالف کلا,2026-09-24,باز,6000000,,,بله,2026-09-08T18:43:22
3309125,بالف کلا,2026-09-25,باز,6000000,,,,2026-09-08T18:43:22
3309125,بالف کلا,2026-09-26,باز,6000000,,,,2026-09-08T18:43:22
3309125,بالف کلا,2026-09-27,باز,6000000,,,,2026-09-08T18:43:22
3309125,بالف کلا,2026-09-28,باز,6000000,,,,2026-09-08T18:43:22
3309125,بالف کلا,2026-09-29,باز,6000000,,,,2026-09-08T18:43:22
3309125,بالف کلا,2026-09-30,باز,6000000,,,بله,2026-09-08T18:43:22
3309125,بالف کلا,2026-10-01,باز,6000000,,,بله,2026-09-08T18:43:22
3309125,بالف کلا,2026-10-02,باز,6000000,,,,2026-09-08T18:43:22
3309125,بالف کلا,2026-10-03,باز,6000000,,,,2026-09-08T18:43:22
3309125,بالف کلا,2026-10-04,باز,6000000,,,,2026-09-08T18:43:22
3309125,بالف کلا,2026-10-05,باز,6000000,,,,2026-09-08T18:43:22
3309125,بالف کلا,2026-10-06,باز,6000000,,,,2026-09-08T18:43:22
3309125,بالف کلا,2026-10-07,باز,6000000,,,بله,2026-09-08T18:43:22
3309125,بالف کلا,2026-10-08,باز,6000000,,,بله,2026-09-08T18:43:22
3310486,سیدکلا,2026-09-08,بسته (مشاهده‌شده - دلیل نامشخص),3000000,20,,,2026-09-08T18:43:24
3310486,سیدکلا,2026-09-09,بسته (مشاهده‌شده - دلیل نامشخص),4000000,20,,بله,2026-09-08T18:43:24
3310486,سیدکلا,2026-09-10,بسته (مشاهده‌شده - دلیل نامشخص),4000000,20,,بله,2026-09-08T18:43:24
3310486,سیدکلا,2026-09-11,بسته (مشاهده‌شده - دلیل نامشخص),3000000,20,,,2026-09-08T18:43:24
3310486,سیدکلا,2026-09-12,باز,3000000,20,,,2026-09-08T18:43:24
3310486,سیدکلا,2026-09-13,باز,3000000,20,,,2026-09-08T18:43:24
3310486,سیدکلا,2026-09-14,باز,3000000,20,,,2026-09-08T18:43:24
3310486,سیدکلا,2026-09-15,باز,3000000,20,,,2026-09-08T18:43:24
3310486,سیدکلا,2026-09-16,باز,4000000,20,,بله,2026-09-08T18:43:24
3310486,سیدکلا,2026-09-17,باز,4000000,20,,بله,2026-09-08T18:43:24
3310486,سیدکلا,2026-09-18,باز,3000000,20,,,2026-09-08T18:43:24
3310486,سیدکلا,2026-09-19,باز,3000000,20,,,2026-09-08T18:43:24
3310486,سیدکلا,2026-09-20,باز,3000000,20,,,2026-09-08T18:43:24
3310486,سیدکلا,2026-09-21,باز,3000000,20,,,2026-09-08T18:43:24
3310486,سیدکلا,2026-09-22,باز,3000000,20,,,2026-09-08T18:43:24
3310486,سیدکلا,2026-09-23,باز,3500000,20,,بله,2026-09-08T18:43:24
3310486,سیدکلا,2026-09-24,باز,3500000,20,,بله,2026-09-08T18:43:24
3310486,سیدکلا,2026-09-25,باز,2800000,20,,,2026-09-08T18:43:24
3310486,سیدکلا,2026-09-26,باز,2800000,20,,,2026-09-08T18:43:24
3310486,سیدکلا,2026-09-27,باز,2800000,20,,,2026-09-08T18:43:24
3310486,سیدکلا,2026-09-28,باز,2800000,20,,,2026-09-08T18:43:24
3310486,سیدکلا,2026-09-29,باز,2800000,20,,,2026-09-08T18:43:24
3310486,سیدکلا,2026-09-30,باز,3500000,20,,بله,2026-09-08T18:43:24
3310486,سیدکلا,2026-10-01,باز,3500000,20,,بله,2026-09-08T18:43:24
3310486,سیدکلا,2026-10-02,باز,2800000,20,,,2026-09-08T18:43:24
3310486,سیدکلا,2026-10-03,باز,2800000,20,,,2026-09-08T18:43:24
3310486,سیدکلا,2026-10-04,باز,2800000,20,,,2026-09-08T18:43:24
3310486,سیدکلا,2026-10-05,باز,2800000,20,,,2026-09-08T18:43:24
3310486,سیدکلا,2026-10-06,باز,2800000,20,,,2026-09-08T18:43:24
3310486,سیدکلا,2026-10-07,باز,3500000,20,,بله,2026-09-08T18:43:24
3310486,سیدکلا,2026-10-08,باز,3500000,20,,بله,2026-09-08T18:43:24
