شناسه,لینک_مستقیم,عنوان,روستا,روستا_مطمئن,دسته_پرونده,نوع_مبهم,نوع_کلبه_از_API,متراژ_بنا_م2,متراژ_زمین_م2,تعداد_اتاق_خواب,ظرفیت_پایه,ظرفیت_حداکثر,امتیاز_کلی,تعداد_نظرات_API,امتیاز_دقت,امتیاز_ارتباط,امتیاز_پاکیزگی,امتیاز_موقعیت,امتیاز_تحویل,امتیاز_ارزش,تاریخ_اولین_نظر,تاریخ_آخرین_نظر,نشان_ها,میزبان_نام,میزبان_عضویت_از,میزبان_نرخ_پذیرش_درصد,میزبان_زمان_پاسخ_دقیقه,حداقل_شب,حداکثر_شب,شرایط_لغو,ملک_دربست_یا_مشترک,هزینه_نفر_اضافه_تومان,جکوزی,محل_جکوزی,استخر,گرمایش_استخر,چشم_انداز_جنگل,چشم_انداز_رودخانه,حیاط_اختصاصی_محصور,حریم_خصوصی,حضور_میزبان_یا_واحد_دیگر,پارکینگ,کیفیت_مسیر,اینترنت_وای_فای,سرمایش,گرمایش,حیوان_خانگی,موقعیت_توضیح,طول_جغرافیایی,عرض_جغرافیایی,وضعیت_API,منابع_شناسایی
3146451,/room/3146451,کلبه چوبی دوبلکس در بابلکنار - نزدیک مرزیکلا,مرزیکلا,بله,main,,کلبه، کلبه چوبی,60,1000,1,2,4,4.7,235,4.8,4.8,4.6,4.5,4.9,4.7,2019-07-03,2026-09-03,اقامتگاه پلاس؛ رزرو فوری؛ میزبان منظم؛ ویدیو دارد,فتحعلی,2019-06-20,100,84,1,,متوسط,مشترک (فضای مشترک با میزبان یا مهمان دیگر),300000,,,,,ذکر شده,,,مستقر است,مشترک (فضای مشترک با میزبان یا مهمان دیگر),ذکر شده,,ذکر شده,دو دستگاه اسپلیت 12000,یک شعله بخاری گازی,پذیرش (قانون صریح),,52.7391,36.3549,active,corpus، db، sweep
3148363,/room/3148363,کلبه جنگلی بالکن دار در بابلکنار - نزدیک مرزیکلا,مرزیکلا,بله,main,,کلبه، کلبه چوبی,42,1000,1,2,4,4.4,216,4.1,4.4,4.3,4.3,4.9,4.2,2019-10-03,2026-09-03,رزرو فوری؛ میزبان منظم؛ ویدیو دارد,فتحعلی,2019-06-20,100,84,1,,متوسط,مشترک (فضای مشترک با میزبان یا مهمان دیگر),300000,,,,,ذکر شده,,,مستقر است,مشترک (فضای مشترک با میزبان یا مهمان دیگر),ذکر شده,,ذکر شده,یک دستگاه اسپلیت 12000 در طبقه پایین,یک شعله بخاری گازی,پذیرش (قانون صریح),,52.7391,36.3549,active,corpus، db، sweep
3149747,/room/3149747,کلبه دوبلکس در سیدکلا بابلکنار,سیدکلا,بله,main,,کلبه، اقامتگاه بوم‌گردی، سوئیت,56,6000,1,5,5,4.5,28,4.5,4.3,4.7,4.7,5,3.8,2019-12-23,2026-06-23,رزرو فوری؛ میزبان منظم؛ ویدیو دارد,میراحسان,2019-12-09,98,146,1,,متوسط,مشترک (فضای مشترک با میزبان یا مهمان دیگر),0,,,,,,,ذکر شده,,مشترک (فضای مشترک با میزبان یا مهمان دیگر),ذکر شده,,,یک دستگاه کولر اسپیلت ۱۲۰۰۰ در پذیرایی,یک شعله بخاری گازی در پذیرایی,پذیرش (قانون صریح),,52.783,36.3136,active,cabins، corpus، db، search، sweep
3151473,/room/3151473,کلبه چوبی و جنگلی در بابلکنار - تیرکن,تیرکن,بله,main,,کلبه، سوئیت، کلبه چوبی,70,700,1,5,7,4.9,45,4.9,5,4.7,4.9,5,4.8,2020-06-16,2026-09-02,اقامتگاه پلاس؛ میزبان منظم,محمد اسماعیل,2020-05-25,89,211,1,,متوسط,دربست,500000,,,,,,,ذکر شده,,,ذکر شده,,,یک دستگاه اسپلیت 12000 در اتاق خواب,یک شعله بخاری گازی در اتاق خواب,پذیرش (قانون صریح),,52.7317,36.273,active,corpus، db، sweep
3151648,/room/3151648,کلبه جنگلی در بابلکنار با ویو زیبا - کاردرکلا,کاردرکلا,بله,main,,کلبه، خانه روستایی,50,9999,1,3,4,4.7,155,4.8,4.9,4.2,4.7,5,4.4,2020-05-30,2026-09-01,ویدیو دارد,شهرام,2020-05-21,80,168,1,,متوسط,مشترک (فضای مشترک با میزبان یا مهمان دیگر),300000,,,,,ذکر شده,,ذکر شده,,مشترک (فضای مشترک با میزبان یا مهمان دیگر),ذکر شده,,,,یک شعله بخاری گازی در پذیرایی و یک شعله در اتاق خواب,پذیرش (قانون صریح),,52.7663,36.3063,active,cabins، corpus، db، sweep
3152855,/room/3152855,کلبه چوبی با جکوزی در بابلکنار - نزدیک مرزیکلا,مرزیکلا,بله,main,,کلبه، سوئیت، کلبه چوبی,50,1000,0,2,2,4.8,137,4.6,5,4.8,4.7,5,4.8,2020-07-15,2026-08-30,اقامتگاه پلاس؛ میزبان منظم؛ ویدیو دارد,فتحعلی,2019-06-20,100,83,1,,متوسط,مشترک (فضای مشترک با میزبان یا مهمان دیگر),0,دارد,2 نفره,,,ذکر شده,,,مستقر است,مشترک (فضای مشترک با میزبان یا مهمان دیگر),ذکر شده,,ذکر شده,یک دستگاه اسپلیت 12000,یک شعله بخاری گازی,پذیرش (قانون صریح),,52.7391,36.3549,active,corpus، db، sweep
3153216,/room/3153216,کلبه جنگلی استخردار در کاردکلا بابلکنار - کلبه ۲,کاردرکلا,بله,main,,کلبه، ویلا، کلبه چوبی,75,400,1,3,6,4.8,32,4.8,5,4.6,4.7,5,4.7,2020-08-26,2026-08-24,اقامتگاه پلاس,کاظم,2020-08-13,93,232,1,,سخت,دربست,700000,,,دارد,,,,ذکر شده,دنج و سرسبز در جاده لفور در روستای خوش آب و هوای کاردرکلا با فا,,ذکر شده,,,یک دستگاه اسپلیت 18000 در پذیرایی,یک شعله بخاری گازی در پذیرایی,پذیرش (قانون صریح),,52.7711,36.301,active,cabins، corpus، db، sweep
3153254,/room/3153254,کلبه جنگلی نزدیک لفور - افراسی,لفور,بله,main,,کلبه، کلبه چوبی,70,140,1,5,8,4.3,51,4.7,4.3,3.3,4.7,4.8,4.2,2020-08-26,2026-08-26,,محمد,2020-08-16,89,280,1,,متوسط,مشترک (فضای مشترک با میزبان یا مهمان دیگر),950000,,,,,ذکر شده,,,,مشترک (فضای مشترک با میزبان یا مهمان دیگر),ذکر شده,,,کولر گازی پنجره ای 24000 در پذیرایی,یک شعله بخاری گازی در پذیرایی,پذیرش (قانون صریح),,52.7206,36.2549,active,corpus
3154396,/room/3154396,کلبه چوبی جکوزی دار در بابلکنار,شیردارکلا,بله,main,,کلبه، کلبه چوبی,70,1000,0,4,5,4.7,29,4.8,4.8,4.5,4.6,5,4.4,2021-06-10,2025-08-30,,علیرضا,2019-10-06,100,392,1,,متوسط,مشترک (فضای مشترک با میزبان یا مهمان دیگر),800000,دارد,4 نفره,,,ذکر شده,,ذکر شده,,مشترک (فضای مشترک با میزبان یا مهمان دیگر),ذکر شده,,,اسپیلت 18000 در پذیرایی,یک شعله بخاری گازی در پذیرایی,پذیرش (قانون صریح),,52.7733,36.3395,active,cabins، corpus، db، sweep
3157431,/room/3157431,کلبه چوبی جنگلی در بابلکنار - نزدیک مرزیکلا,مرزیکلا,بله,main,,کلبه، کلبه چوبی,30,1000,0,2,3,4.7,285,4.7,4.9,4.4,4.7,5,4.7,2021-06-19,2026-09-01,اقامتگاه پلاس؛ رزرو فوری؛ میزبان منظم؛ ویدیو دارد,فتحعلی,2019-06-20,100,83,1,,متوسط,مشترک (فضای مشترک با میزبان یا مهمان دیگر),300000,,,,,ذکر شده,,,مستقر است,مشترک (فضای مشترک با میزبان یا مهمان دیگر),ذکر شده,,ذکر شده,یک دستگاه اسپلیت 12000,یک شعله بخاری گازی,پذیرش (قانون صریح),,52.7391,36.3549,active,corpus، db، sweep
3161999,/room/3161999,رزرو کلبه چوبی دوبلکس در بابلکنار - گونه کلا,گونه کلا,بله,main,,کلبه,80,1000,1,6,6,4.5,5,4.4,5,4.4,4.2,4.8,4.2,2022-05-04,2025-09-17,,پویا,2022-01-16,39,308,1,,متوسط,دربست,1000000,دارد,دو نفره,,,,ذکر شده,ذکر شده,,,ذکر شده,,,,یک شعله بخاری گازی در پذیرایی,پذیرش (قانون صریح),,52.7856,36.3348,active,cabins، db، sweep
3162290,/room/3162290,رزرو کلبه جنگلی در بابلکنار - جاجن,بابلکنار,نامطمئن,main,,کلبه، خانه روستایی,60,500,1,2,4,5,2,5,5,5,5,5,5,2024-05-01,2026-08-26,,حامد,2022-02-01,50,405,1,,سخت,مشترک (فضای مشترک با میزبان یا مهمان دیگر),500000,,,,,ذکر شده,,ذکر شده,,مشترک (فضای مشترک با میزبان یا مهمان دیگر),ذکر شده,,,,دو شعله بخاری گازی در اتاق ها,پذیرش (قانون صریح),,52.709,36.2987,active,db، sweep
3164126,/room/3164126,منزل مبله در لفور سوادکوه,لفور,بله,main,بله - عنوان هم کلبه هم ویلا,کلبه، خانه روستایی,150,2000,3,4,18,4.9,96,4.9,5,4.8,5,5,4.8,2022-09-14,2026-08-30,اقامتگاه پلاس,محمد,2022-06-05,90,267,1,,سخت,مشترک (فضای مشترک با میزبان یا مهمان دیگر),600000,,,,,,,ذکر شده,,مشترک (فضای مشترک با میزبان یا مهمان دیگر),ذکر شده,,,یک دستگاه کولر اسپلیت 24000 در پذیرایی و یک دستگاه اسپلیت 12000 در یک اتاق خواب,یک شعله بخاری گازی در پذیرایی و یک شعله بخاری گازی در هر اتاق خواب ها,پذیرش (قانون صریح),,52.8246,36.23,active,corpus
3164138,/room/3164138,کلبه دو طبقه در لفور سوادکوه,لفور,بله,main,,کلبه,50,2000,1,4,8,4.8,66,4.9,4.9,4.6,5,4.9,4.7,2022-09-14,2026-09-04,اقامتگاه پلاس,محمد,2022-06-05,90,267,1,,متوسط,مشترک (فضای مشترک با میزبان یا مهمان دیگر),600000,,,,,,,ذکر شده,,مشترک (فضای مشترک با میزبان یا مهمان دیگر),ذکر شده,,,یک اسپلیت ۱۲ هزار در طبقه بالاو یک اسپلیت ۱۲۰۰۰ در طبقه همکف وجود دارد,یک شعله بخاری گازی در پذیرایی و یک شعله بخاری گازی در اتاق خواب,پذیرش (قانون صریح),,52.8246,36.2291,active,corpus
3164283,/room/3164283,کلبه چوبی در بابلکنار - مرزیکلا,مرزیکلا,بله,main,,کلبه، کلبه چوبی,42,800,0,5,5,4.3,1,5,5,4,4,4,4,2022-08-31,2022-08-31,,اسمعیل,2020-08-20,100,364,1,,سخت,مشترک (فضای مشترک با میزبان یا مهمان دیگر),400000,,,,,,,ذکر شده,مستقر است,مشترک (فضای مشترک با میزبان یا مهمان دیگر),ذکر شده,,,اسپیلت 18000 در پذیرایی,اسپیلت 18000 در پذیرایی,پذیرش (قانون صریح),,52.7366,36.3596,active,db، sweep
3164584,/room/3164584,کلبه سوئیسی جکوزی دار در سوادکوه,,نامطمئن,main,,کلبه، کلبه سوئیسی، کلبه چوبی,70,230,1,2,3,4.9,552,5,4.9,4.9,4.7,4.9,4.7,2022-04-12,2026-08-31,اقامتگاه پلاس؛ رزرو فوری؛ اقامتگاه خاص,صالح,2021-08-18,98,65,1,,سخت,دربست,900000,دارد,وان جکوزی دو نفره,,,ذکر شده,,ذکر شده,,,ذکر شده,,,اسپلیت ۱۸هزار,شوفاژ,پذیرش (قانون صریح),,52.7164,36.3643,active,corpus، db، sweep
3165107,/room/3165107,اجاره کلبه جنگلی در بابلکنار - کادرکلا,کاردرکلا,بله,main,,کلبه، کلبه چوبی,30,5000,1,3,4,4.4,176,4.4,4.9,3.7,4.6,4.9,4.1,2022-05-02,2026-07-29,اقامتگاه خاص؛ ویدیو دارد,شهرام,2020-05-21,81,165,1,,متوسط,مشترک (فضای مشترک با میزبان یا مهمان دیگر),300000,,,,,ذکر شده,ذکر شده,,دنج و آرام در منطقه جنگلی با چشم اندازی زیبا از طبیعت سرسبز در ,مشترک (فضای مشترک با میزبان یا مهمان دیگر),ذکر شده,,,اسپیلت ۱۲۰۰۰,یک شعله بخاری گازی در پذیرایی,پذیرش (قانون صریح),,52.7663,36.3014,active,cabins، corpus، db، sweep
3165298,/room/3165298,اجاره خانه دوبلکس در بابلکنار - چهره,چهره,بله,main,بله - عنوان هم کلبه هم ویلا,ویلا,140,250,2,3,4,4.9,9,4.8,5,4.3,5,5,5,2025-06-09,2026-08-11,اقامتگاه پلاس؛ رزرو فوری,فرید,2024-10-20,100,123,1,,متوسط,دربست,400000,,,,,,,ذکر شده,,,ذکر شده,,,یک دستگاه کولر پنجره ایی,یک شعله بخاری گازی در پذیرایی و یک شعله بخاری گازی در دو اتاق خواب,پذیرش (قانون صریح),,52.7273,36.347,active,db
3168158,/room/3168158,کلبه چوبی دوبلکس در بابلکنار - رئیس کلا,رئیسکلا,بله,main,,کلبه، سوئیت، کلبه سوئیسی، ویلا، کلبه چوبی,65,1000,1,2,4,4.8,249,4.9,4.8,4.7,4.7,5,4.7,2022-06-11,2026-09-01,اقامتگاه پلاس؛ رزرو فوری,رضا,2022-06-01,99,79,1,,سخت,دربست,250000,,,,,ذکر شده,,ذکر شده,دنج با چشم انداز بینظیر و بکر در باغ‌ مرکبات به مساحت ۲۰۰۰ متر ,,ذکر شده,,,کولر اسپیلت ۱۸۰۰۰ در پذیرایی,بخاری‌‌گازی‌در‌طبقه‌پایین‌وبخاری‌برقی‌اتاق‌خواب,پذیرش (قانون صریح),,52.7377,36.3714,active,corpus، db، search، sweep
3169828,/room/3169828,کلبه چوبی در بابلکنار - تیرکن,تیرکن,بله,main,,کلبه، کلبه چوبی,30,200,0,3,3,4.9,36,5,4.9,4.5,4.9,5,4.9,2023-03-30,2026-08-19,اقامتگاه پلاس,محمد اسماعیل,2020-05-25,89,211,1,,متوسط,دربست,300000,,,,,,,ذکر شده,,,ذکر شده,,,یک دستگاه اسپیلت 12000,یک شعله بخاری گازی,پذیرش (قانون صریح),,52.7256,36.2679,active,corpus، db، sweep
3172176,/room/3172176,کلبه سوئیسی با جکوزی در بابلکنار - هلی خال,بابلکنار,نامطمئن,main,,کلبه، کلبه سوئیسی، کلبه چوبی,40,250,1,2,3,4.7,90,4.9,4.9,4.4,4.6,4.7,4.6,2022-09-08,2026-08-29,اقامتگاه پلاس,علی,2022-07-23,74,279,1,,متوسط,دربست,300000,دارد,دو نفره,,,,,ذکر شده,,,ذکر شده,,,یک دستگاه اسپیلت ۲۴۰۰۰ در پذیرایی,یک شعله بخاری گازی در پذیرایی,پذیرش (قانون صریح),,52.7051,36.3326,active,corpus، db، sweep
3173430,/room/3173430,خانه چوبی دو طبقه با چشم انداز دریاچه لفور,لفور,بله,main,,کلبه، سوئیت، ویلا,60,300,1,2,2,4.7,60,4.8,5,4.5,5,5,4.2,2024-03-23,2026-08-26,اقامتگاه پلاس؛ اقامتگاه خاص,مهدی,2024-03-12,88,247,2,,سخت,دربست,0,,,,,,,,,,ذکر شده,,,یک دستگاه اسپیلت 18000 در طبقه بالا,یک شعله بخاری گازی در طبقه بالا,پذیرش (قانون صریح),,52.796,36.2211,active,corpus
3173539,/room/3173539,اجاره کلبه چوبی جنگلی در بابلکنار - کاردرکلا,کاردرکلا,بله,main,,کلبه، کلبه چوبی,40,600,1,4,4,4.4,152,4.5,4.7,3.9,4.3,5,4.2,2023-03-31,2026-03-24,اقامتگاه خاص؛ ویدیو دارد,شهرام,2020-05-21,80,168,1,,متوسط,مشترک (فضای مشترک با میزبان یا مهمان دیگر),300000,,,,,ذکر شده,ذکر شده,,دنج و آرام در منطقه جنگلی با چشم اندازی زیبا از طبیعت در روستای,مشترک (فضای مشترک با میزبان یا مهمان دیگر),ذکر شده,,,یک دستگاه اسپلیت 12000 در پذیرایی,یک شعله بخاری گازی در پذیرایی,پذیرش (قانون صریح),,52.7663,36.3014,active,cabins، corpus، db، sweep
3174191,/room/3174191,کلبه چوبی جکوزی دار در بابلکنار - اطلس ۱,بابلکنار,نامطمئن,main,,کلبه، کلبه سوئیسی، کلبه چوبی,50,500,1,2,4,4.8,160,4.9,5,4.7,4.6,5,4.8,2022-09-02,2026-08-21,اقامتگاه پلاس,امیرضا,2022-08-22,98,273,1,,سخت,دربست,500000,دارد,دو نفره,,,,,,,,,,,یک دستگاه اسپیلت ۱۸۰۰۰ در پذیرایی,یک شعله بخاری گازی در پذیرایی,پذیرش (قانون صریح),,52.7469,36.3641,active,corpus، db، search، sweep
3174226,/room/3174226,کلبه چوبی در بابلکنار - مرزیکلا - اطلس ۲,مرزیکلا,بله,main,,کلبه، کلبه سوئیسی، کلبه چوبی,50,500,1,2,4,4.7,153,4.6,5,4.5,4.6,5,4.6,2022-09-16,2026-08-23,اقامتگاه پلاس,امیرضا,2022-08-22,98,273,1,,سخت,دربست,500000,دارد,جکوزی در جوار یک کلبه دیگر در محله سیادرکا مرزیکلا واقع شده است که تا شیرگاه حدود ۲۰ ,,,,,ذکر شده,,,,,,یک دستگاه اسپیلت ۱۸۰۰۰ در پذیرایی,یک شعله بخاری گازی در پذیرایی,پذیرش (قانون صریح),,52.7469,36.3641,active,corpus، db، sweep
3174812,/room/3174812,اجاره کلبه سوئیسی در بابلکنار - چهره,چهره,بله,main,,کلبه، کلبه سوئیسی، کلبه چوبی,45,400,1,2,6,4.5,118,4.4,4.8,3.9,4.5,4.9,4.5,2022-09-04,2026-08-20,,خدیجه,2022-09-04,85,199,1,,سخت,مشترک (فضای مشترک با میزبان یا مهمان دیگر),250000,,,,,,,ذکر شده,دنج در روستای چهره واقع شده است که تا شیرگاه حدود ۲۰ کیلومتر و ,مشترک (فضای مشترک با میزبان یا مهمان دیگر),ذکر شده,,,یک دستگاه اسپلیت 24000 در پذیرایی,یک شعله بخاری گازی در پذیرایی,پذیرش (قانون صریح),,52.7284,36.3439,active,corpus، db، sweep
3176224,/room/3176224,کلبه سوئیسی استخردار در بابلکنار,شیردارکلا,بله,main,,کلبه، کلبه سوئیسی، کلبه چوبی,90,2000,2,4,5,4.7,36,4.8,4.8,4.6,4.7,4.9,4.6,2022-11-09,2026-05-25,رزرو فوری,علیرضا,2019-10-06,100,392,1,,سخت,دربست,900000,,,دارد,,ذکر شده,ذکر شده,ذکر شده,دنج و حیاطی سرسبز، در منطقه ی بابلکنار واقع شده است که حدود ۱۲ ,,ذکر شده,,,یک دستگاه اسپیلت 18000 در پذیرایی,پکیج - رادیاتور,پذیرش (قانون صریح),,52.7733,36.3395,active,cabins، corpus، db، sweep
3176328,/room/3176328,رزرو کلبه چوبی دوبلکس در شیرگاه - گونه کلا,گونه کلا,بله,main,,کلبه، کلبه چوبی,40,4000,1,4,4,4.8,97,4.9,4.8,4.8,4.9,5,4.8,2022-09-27,2026-08-27,اقامتگاه پلاس,سید جواد,2022-09-21,94,266,1,,سخت,مشترک (فضای مشترک با میزبان یا مهمان دیگر),300000,,,,,,,ذکر شده,,مشترک (فضای مشترک با میزبان یا مهمان دیگر),ذکر شده,,,یک دستگاه اسپلیت ۱۸۰۰۰ در بهار خواب,یک شعله بخاری گازی,پذیرش (قانون صریح),,52.7979,36.3327,active,corpus
3176580,/room/3176580,کلبه سوئیسی جکوزی دار در بابلکنار - چهره,چهره,بله,main,,کلبه، کلبه سوئیسی، کلبه چوبی,60,170,1,2,3,4.8,234,5,4.9,4.8,4.7,5,4.6,2022-09-30,2026-09-03,اقامتگاه پلاس؛ رزرو فوری,پیمان,2022-09-24,99,64,1,,سخت,دربست,500000,دارد,وان جکوزی دو نفره,,,,,ذکر شده,دنج و زیبا و حیاط دنج مجهز به آبنما در روستای خوش آب و هوای چهر,,ذکر شده,,,دو دستگاه اسپلیت دو منظوره ۱۲۰۰۰ در پذیرایی و اتاق خواب,یک شعله بخاری گازی، یک دستگاه بخاری برقی، یک دستگاه اسپلیت دو منظوره ۱۲۰۰۰ در پذیرایی,پذیرش (قانون صریح),,52.7131,36.3453,active,corpus، db، search، sweep
3177124,/room/3177124,کلبه چوبی جکوزی دار نزدیک لفور - آرتینا ۱,لفور,بله,main,,کلبه، کلبه چوبی,75,1000,0,2,4,4.9,88,4.9,4.9,4.9,5,5,4.7,2022-10-25,2026-08-13,اقامتگاه پلاس؛ رزرو فوری؛ لوکس؛ ویدیو دارد,حسین,2022-10-02,98,54,1,,متوسط,مشترک (فضای مشترک با میزبان یا مهمان دیگر),1250000,دارد,وان جکوزی دو نفره,,,,ذکر شده,ذکر شده,,مشترک (فضای مشترک با میزبان یا مهمان دیگر),ذکر شده,,ذکر شده,یک دستگاه اسپیلت 24000 و 12000 در پذیرایی,پکیج - رادیاتور و یک دستگاه اسپیلت دومنظوره ۲۴۰۰۰ و یک دستگاه 12000 در پذیرایی,پذیرش (قانون صریح),,52.7837,36.2963,active,corpus، db، search، sweep
3177174,/room/3177174,کلبه چوبی جکوزی دار نزدیک لفور- آرتینا ۳,لفور,بله,main,,کلبه، کلبه چوبی,65,1000,0,2,3,4.9,104,5,5,4.8,5,5,4.7,2022-10-26,2026-08-24,اقامتگاه پلاس؛ رزرو فوری؛ ویدیو دارد,حسین,2022-10-02,98,54,1,,متوسط,مشترک (فضای مشترک با میزبان یا مهمان دیگر),1250000,دارد,جکوزی دو نفره,,,,ذکر شده,ذکر شده,,مشترک (فضای مشترک با میزبان یا مهمان دیگر),ذکر شده,,ذکر شده,یک دستگاه اسپیلت ۱۸۰۰۰ و یک دستگاه اسپیلت ۱۲۰۰۰ در نشیمن,پکیج - شوفاژ و یک دستگاه اسپیلت 18000 و یک دستگاه اسپیلت 12000 دومنظوره در نشیمن,پذیرش (قانون صریح),,52.7842,36.2965,active,corpus، db، sweep
3177175,/room/3177175,کلبه سوئیسی جکوزی دار نزدیک لفور - آرتینا ۲,لفور,بله,main,,کلبه، کلبه سوئیسی، کلبه چوبی,60,1000,1,2,2,4.9,110,5,4.9,4.7,4.9,5,4.7,2022-10-18,2026-08-16,اقامتگاه پلاس؛ رزرو فوری؛ اقامتگاه خاص؛ لوکس؛ ویدیو دارد,حسین,2022-10-02,98,54,1,,متوسط,مشترک (فضای مشترک با میزبان یا مهمان دیگر),0,دارد,وان جکوزی دو نفره,,,,ذکر شده,ذکر شده,,مشترک (فضای مشترک با میزبان یا مهمان دیگر),ذکر شده,,ذکر شده,یک دستگاه اسپلیت 12000 دومنظوره در پذیرایی و یک دستگاه اسپلیت 18000 دومنظوره در اتاق خواب,پکیج - شوفاژ و یک دستگاه اسپلیت 12000 دومنظوره در پذیرایی و یک دستگاه اسپلیت 18000 دومنظوره در اتاق خواب,پذیرش (قانون صریح),,52.784,36.2964,active,corpus، db، sweep
3178324,/room/3178324,کلبه سنتی با چشم انداز زیبا در لفور - میرارکلا,لفور,بله,main,,کلبه، کلبه چوبی,100,250,1,4,10,4.6,148,4.7,4.7,4.4,4.7,4.9,4.3,2022-10-28,2026-08-06,اقامتگاه پلاس؛ رزرو فوری؛ اقامتگاه خاص,یحیی,2022-10-23,96,172,2,,متوسط,مشترک (فضای مشترک با میزبان یا مهمان دیگر),1000000,,,,,,,,,مشترک (فضای مشترک با میزبان یا مهمان دیگر),ذکر شده,,,یک دستگاه اسپیلت ۲۴۰۰۰ در پذیرایی,یک شعله بخاری گازی در پذیرایی,پذیرش (قانون صریح),,52.794,36.2197,active,corpus
3178842,/room/3178842,اجاره کلبه سوئیسی در بابلکنار - سیادرکا,سیادرکا,بله,main,,کلبه، کلبه سوئیسی، کلبه چوبی,120,1000,1,6,8,4.6,185,4.8,4.7,4.3,4.6,4.9,4.4,2022-11-29,2026-08-28,اقامتگاه پلاس؛ رزرو فوری,فاطمه زهرا,2022-11-19,96,74,1,,متوسط,دربست,400000,,,دارد,استخر آبگرم در بابلکنار - سیادرکا**,,,ذکر شده,دنج و آرام از روستای سیادرکا با فاصله حدود ۲۵ کیلومتری از مرکز ,,ذکر شده,,,سالن پذیرایی یک اسپلیت ۳۰۰۰۰ دارد.,سالن پذیرایی و اتاق خواب به رادیاتور مجهز است.,پذیرش (قانون صریح),,52.7398,36.3618,active,corpus، db، search، sweep
3178917,/room/3178917,کلبه سوئیسی استخردار در سوادکوه - شیردارکلا,شیردارکلا,بله,main,,کلبه، کلبه سوئیسی، کلبه چوبی,120,800,3,6,6,4.9,172,4.9,5,4.8,4.8,5,4.8,2022-11-15,2026-08-31,اقامتگاه پلاس؛ رزرو فوری؛ اقامتگاه خاص,محمد مهدی,2022-11-06,86,116,1,,سخت,دربست,250000,,,دارد,استخر روباز آبگرم، زمین والیبال، آلاچیق و حیاطی دلباز و د,,ذکر شده,ذکر شده,مست و پارک جنگلی جوارم از جاذبه های دیدنی و گردشگری قابل دسترسی,,ذکر شده,,,یک دستگاه اسپیلت ۲۴۰۰۰ در اتاق طبقه بالا و یک دستگاه اسپلیت ۱۲۰۰۰ در دو اتاق طبقه پایین,گرمایش از کف,پذیرش (قانون صریح),,52.774,36.3337,active,cabins، corpus، db، sweep
3179336,/room/3179336,کلبه سوئیسی با وان جکوزی در بابلکنار- سیدکلا,سیدکلا,بله,main,,کلبه، کلبه سوئیسی، کلبه چوبی,68,200,1,4,5,4.8,182,4.9,4.9,4.5,4.7,5,4.9,2023-01-05,2026-09-01,اقامتگاه پلاس؛ رزرو فوری,حسن,2022-12-05,97,40,1,,سخت,دربست,400000,دارد,وان جکوزی 2 نفره,,,,,ذکر شده,دنج، چشم انداز زیبای شالیزارهای سرسبز و درختان و وان جکوزی در م,,ذکر شده,,,یک دستگاه اسپیلت ۲۴۰۰۰ در پذیرایی,یک شعله بخاری گازی در پذیرایی,پذیرش (قانون صریح),,52.7904,36.3152,active,cabins، corpus، db، sweep
3179404,/room/3179404,اجاره کلبه چوبی نزدیک لفور - سیدکلا,سیدکلا,بله,main,,کلبه، اقامتگاه بوم‌گردی، سوئیت، کلبه چوبی,65,4000,1,2,4,4.7,5,4.8,5,4.4,4.6,5,4.2,2023-06-03,2024-03-21,,محمدرضا,2023-05-20,48,401,1,,سخت,مشترک (فضای مشترک با میزبان یا مهمان دیگر),700000,,,,,,,ذکر شده,,مشترک (فضای مشترک با میزبان یا مهمان دیگر),ذکر شده,,,یک دستگاه اسپیلت ۱۸۰۰۰,یک شعله بخاری گازی در پذیرایی,پذیرش (قانون صریح),,52.7921,36.3094,active,cabins، db، sweep
3179485,/room/3179485,کلبه سوئیسی در لفور ویو دریاچه - میرارکلا,لفور,بله,main,,کلبه، کلبه سوئیسی، کلبه چوبی,120,5000,2,4,6,4.4,155,4.5,4.3,3.6,4.9,4.8,4,2022-12-06,2026-08-29,ویدیو دارد,محمد,2022-11-16,95,367,1,,سخت,مشترک (فضای مشترک با میزبان یا مهمان دیگر),800000,,,,,ذکر شده,,,مستر دارد با محوطه ای سرسبز، حوضچه آبگرم و دلنشین و تراسی با چش,مشترک (فضای مشترک با میزبان یا مهمان دیگر),,,,یک دستگاه اسپلیت ۱۸۰۰۰ در پذیرایی، یک دستگاه اسپلیت ۱۲۰۰۰ در هر اتاق خواب,پکیج، شوفاژ,,,52.7875,36.2208,active,corpus
3180461,/room/3180461,کلبه چوبی در پارک جنگلی بزچفت - طبقه اول,بزچفت,بله,main,,کلبه، کلبه چوبی,65,1200,2,3,6,4.9,4,5,5,4.3,5,5,5,2023-08-21,2026-08-11,,احمد,2023-01-10,100,475,2,,متوسط,مشترک (فضای مشترک با میزبان یا مهمان دیگر),500000,,,,,,,ذکر شده,دنج و سرسبز در پارک جنگلی و گردشگری بزچفت واقع شده است که با شه,مشترک (فضای مشترک با میزبان یا مهمان دیگر),ذکر شده,,,یک دستگاه اسپلیت ۱۸۰۰۰ موجود است.,یک شعله بخاری گازی در پذیرایی,پذیرش (قانون صریح),,52.7781,36.3732,active,db، sweep
3180488,/room/3180488,کلبه سوئیسی در لفور - امام کلا,لفور,بله,main,,کلبه، کلبه سوئیسی، کلبه چوبی,45,190,1,2,4,4.9,26,5,5,4.9,4.6,5,4.7,2023-04-19,2026-07-03,اقامتگاه پلاس؛ رزرو فوری,آیت اله,2023-04-11,100,54,1,,سخت,دربست,500000,,,,,,,ذکر شده,دنج در منطقه آرام روستای امام کلا و با فاصله حدود ۷ کیلومتری از,,ذکر شده,,,اسپیلت ۳۰۰۰۰ یک عدد در پذیرایی,یک شعله بخاری گازی در پذیرایی,,,52.7007,36.1884,active,corpus
3180634,/room/3180634,کلبه سوئیسی در بابلکنار - بزچفت,بزچفت,بله,main,,کلبه، کلبه سوئیسی,40,250,1,2,4,4.8,95,4.9,4.8,4.6,4.7,4.9,4.7,2023-01-11,2026-09-01,اقامتگاه پلاس,عبداله,2022-12-28,94,299,1,,سخت,دربست,200000,,,,,,,,دنج و آرام از روستای بزچفت و با فاصله حدود ۱۵ کیلومتری از مرکز ,,ذکر شده,,,یک دستگاه اسپیلت ۹۰۰۰ در پذیرایی,پکیج - رادیاتور و یک شعله بخاری گازی در پذیرایی,پذیرش (قانون صریح),,52.775,36.3769,active,corpus، db، sweep
3180870,/room/3180870,کلبه سوئیسی در بابلکنار - سیاه درکا - و ۳,بابلکنار,نامطمئن,main,,کلبه، سوئیت، کلبه سوئیسی,75,5000,1,2,4,4.2,25,4.2,4.2,3,4.5,4.8,4.3,2023-01-18,2026-08-31,,افشین,2022-12-25,47,169,1,,متوسط,مشترک (فضای مشترک با میزبان یا مهمان دیگر),50000,,,,,,,ذکر شده,,مشترک (فضای مشترک با میزبان یا مهمان دیگر),ذکر شده,,,,یک شعله بخاری گازی در پذیرایی,پذیرش (قانون صریح),,52.7485,36.3646,active,db، sweep
3181043,/room/3181043,اجاره کلبه سوئیسی بابلکنار  - سیاه درکا - و ۵,بابلکنار,نامطمئن,main,,کلبه، سوئیت، کلبه سوئیسی,75,5000,1,2,4,4.3,31,4.6,4.3,4.3,4.1,4.6,3.7,2023-02-08,2026-03-30,,افشین,2022-12-25,46,169,1,,متوسط,مشترک (فضای مشترک با میزبان یا مهمان دیگر),150000,,,,,,,,دنج و زیبا از روستای سیاه درکا و با فاصله حدود ۲۰ کیلومتری از م,مشترک (فضای مشترک با میزبان یا مهمان دیگر),ذکر شده,,,سالن پذیرایی و اتاق خواب هر کدام یک اسپلیت ۱۲۰۰۰ دارد.,یک بخاری گازی در سالن پذیرایی موجود است.,پذیرش (قانون صریح),,52.7456,36.362,active,corpus، db، sweep
3181918,/room/3181918,کلبه سوئیسی جکوزی دار نزدیک لفور - سیدکلا,سیدکلا,بله,main,,کلبه، کلبه سوئیسی، کلبه چوبی,78,240,1,4,7,4.5,283,4.5,4.5,3.9,4.8,4.9,4.4,2023-02-06,2026-08-07,اقامتگاه پلاس؛ رزرو فوری,عیسی,2023-01-19,91,141,1,,سخت,دربست,350000,دارد,وان جکوزی دونفره,,,,,,دنج با چشم انداز سرسبز در محیطی امن و آرام در روستای خوش آب و ه,,ذکر شده,,,یک دستگاه اسپیلت ۲۴۰۰۰ در پذیرایی,یک شعله بخاری گازی در پذیرایی,پذیرش (قانون صریح),,52.7905,36.3163,active,cabins، corpus، db، sweep
3182019,/room/3182019,اجاره کلبه سوئیسی بابلکنار  - سیاه درکا - و ۲,بابلکنار,نامطمئن,main,,کلبه، سوئیت، کلبه سوئیسی,55,5000,1,2,4,4.7,26,4.8,4.8,4.6,4.8,4.7,4.7,2023-02-11,2026-08-21,,افشین,2022-12-25,47,169,1,,متوسط,مشترک (فضای مشترک با میزبان یا مهمان دیگر),600000,,,,,,,,دنج و زیبا از روستای سیاه درکا و با فاصله حدود ۲۰ کیلومتری از م,مشترک (فضای مشترک با میزبان یا مهمان دیگر),ذکر شده,,,سالن پذیرایی و اتاق خواب هر کدام یک اسپلیت ۱۲۰۰۰ دارد.,سالن پذیرایی بخاری گازی دارد.,پذیرش (قانون صریح),,52.7599,36.36,active,corpus، db، sweep
3184142,/room/3184142,اجاره خانه چوبی استخردار در سیدکلا بابلکنار,سیدکلا,بله,main,,کلبه، کلبه چوبی,60,100,1,4,6,4.5,21,4.6,4.7,4.3,4.6,4.8,4.3,2023-04-02,2026-08-08,,کاظم,2023-02-25,69,96,2,,متوسط,دربست,400000,,,دارد,استخر آبگرم ، آلاچیق  و حیاط زیبا در منطقه ای دنج و,,,ذکر شده,دنج و آرام از روستای سیدکلا و با فاصله حدود ۱۳ کیلومتری از مرکز,,ذکر شده,,,سالن پذیرایی اسپلیت ۱۸۰۰۰دارد.,سالن پذیرایی و اتاق خواب ، هر یک به بخاری گازی مجهز است.,پذیرش (قانون صریح),,52.7811,36.3184,active,cabins، db، sweep
3184833,/room/3184833,اجاره کلبه چوبی دوبلکس در بابلکنار - درازکلا,درازکلا,بله,main,,کلبه، کلبه چوبی,60,500,1,2,4,4.5,22,5,4.7,4.5,4.5,4.3,4,2023-03-25,2026-05-26,,ابراهیم,2023-03-01,96,167,1,,متوسط,مشترک (فضای مشترک با میزبان یا مهمان دیگر),400000,,,,,ذکر شده,,ذکر شده,,مشترک (فضای مشترک با میزبان یا مهمان دیگر),ذکر شده,,,یک دستگاه اسپیلت ۲۴۰۰۰ در پذیرایی,یک شعله بخاری گازی در پذیرایی,پذیرش (قانون صریح),,52.7162,36.3235,active,db، sweep
3185525,/room/3185525,اجاره کلبه چوبی در بابلکنار - موزی کتی,بابلکنار,نامطمئن,main,,کلبه، کلبه چوبی,50,500,1,2,4,4.7,30,4.9,4.9,4.5,4.5,5,4.6,2023-03-16,2026-08-07,اقامتگاه پلاس,حمیدرضا,2023-03-08,88,247,1,,متوسط,دربست,500000,,,,,,,ذکر شده,,,ذکر شده,,,,یک شعله بخاری گازی در پذیرایی,پذیرش (قانون صریح),,52.7138,36.3225,active,corpus، db، sweep
3186801,/room/3186801,کلبه سوئیسی بابلکنار - بالف کلا غربی - سورپرایز,بالفکلا,بله,main,,کلبه، کلبه سوئیسی، کلبه چوبی,42,8000,1,2,4,4.9,114,5,5,4.5,5,5,5,2023-03-18,2026-07-02,اقامتگاه پلاس؛ رزرو فوری,مبینا,2021-11-27,89,226,1,,سخت,مشترک (فضای مشترک با میزبان یا مهمان دیگر),400000,,,,,,,ذکر شده,,مشترک (فضای مشترک با میزبان یا مهمان دیگر),ذکر شده,,,یک دستگاه اسپلیت ۲۴۰۰۰ در پذیرایی,یک دستگاه شومینه برقی,پذیرش (قانون صریح),,52.7498,36.3335,active,corpus، db، sweep
3186809,/room/3186809,اجاره کلبه سوئیسی در چهره بابلکنار,چهره,بله,main,,کلبه، کلبه سوئیسی، کلبه چوبی,70,1500,1,4,6,4.9,35,5,5,4.6,4.9,5,4.7,2023-03-25,2026-06-29,اقامتگاه پلاس؛ رزرو فوری,نوربخش,2023-03-18,95,121,1,,متوسط,مشترک (فضای مشترک با میزبان یا مهمان دیگر),500000,,,,,,,,دنج و زیبا از روستای چهره و با فاصله حدود ۳۰ کیلومتری از سوادکو,مشترک (فضای مشترک با میزبان یا مهمان دیگر),ذکر شده,,,یک دستگاه اسپیلت ۱۲۰۰۰ در طبقه پایین و یک دستگاه اسپیلت ۱۲۰۰۰ در طبقه بالا,سالن پذیرایی و اتاق خواب و سرویس بهداشتی دارای رادیاتور دارد.,پذیرش (قانون صریح),,52.7214,36.3464,active,corpus، db، sweep
3186851,/room/3186851,اجاره کلبه سوئیسی در لفور - امام کلا,لفور,بله,main,,کلبه، کلبه سوئیسی، کلبه چوبی,70,300,1,4,6,4.7,37,4.8,5,4.4,4.7,5,4.3,2023-04-20,2026-08-24,اقامتگاه پلاس,فرزاد,2023-04-09,94,198,1,,سخت,مشترک (فضای مشترک با میزبان یا مهمان دیگر),400000,,,,,,,ذکر شده,دنج در منطقه آرام روستای امام کلا و با فاصله حدود ۴ کیلومتری از,مشترک (فضای مشترک با میزبان یا مهمان دیگر),ذکر شده,,,اسپیلت ۱۸۰۰۰ یک عدد در پذیرایی,یک شعله بخاری گازی در پذیرایی,پذیرش (قانون صریح),,52.6985,36.1919,active,corpus
3186964,/room/3186964,کلبه سوئیسی با جکوزی در بابلکنار - گونه کلا,گونه کلا,بله,main,,کلبه، کلبه سوئیسی، کلبه چوبی,150,1000,1,2,4,4.9,114,5,5,5,4.9,5,4.7,2023-04-11,2026-08-02,اقامتگاه پلاس؛ رزرو فوری,الناز,2023-04-09,100,112,1,,سخت,مشترک (فضای مشترک با میزبان یا مهمان دیگر),1000000,دارد,جکوزی ۴ نفره,,,ذکر شده,,ذکر شده,دنج در منطقه ی زیبا و آرام روستای گونه کلا و با فاصله حدود ۱۳ ک,مشترک (فضای مشترک با میزبان یا مهمان دیگر),ذکر شده,,,یک دستگاه اسپیلت ۲۴هزار در پذیرایی و یک دستگاه اسپلیت ۱۲هزار در اتاق,پکیج و شوفاژ,پذیرش (قانون صریح),,52.7815,36.3227,active,cabins، corpus، db، sweep
3187595,/room/3187595,اجاره کلبه چوبی در لفور - پاشاکلا - یکخوابه,لفور,بله,main,,کلبه، کلبه چوبی,35,1000,1,4,8,4.7,53,5,4.9,4.1,4.9,4.9,4.5,2023-09-05,2026-09-03,اقامتگاه پلاس؛ اقامتگاه خاص,سینا,2023-08-06,78,316,1,,سخت,مشترک (فضای مشترک با میزبان یا مهمان دیگر),300000,,,,,,,ذکر شده,,مشترک (فضای مشترک با میزبان یا مهمان دیگر),ذکر شده,,,یک دستگاه اسپلیت دو منظوره ۲۴۰۰۰ در پذیرایی,یک دستگاه اسپلیت دو منظوره ۲۴۰۰۰ در پذیرایی,پذیرش (قانون صریح),,52.8001,36.2373,active,corpus
3187864,/room/3187864,کلبه سوئیسی استخردار در مرزیکلا,مرزیکلا,بله,main,,کلبه، کلبه سوئیسی، کلبه چوبی,40,560,1,2,4,4.6,46,4.4,5,4.2,4.3,5,4.3,2023-04-23,2026-08-28,اقامتگاه پلاس,کامبیز,2023-04-10,91,186,1,,متوسط,مشترک (فضای مشترک با میزبان یا مهمان دیگر),150000,,,دارد,,,,ذکر شده,,مشترک (فضای مشترک با میزبان یا مهمان دیگر),ذکر شده,,,یک دستگاه اسپیلت ۲۴۰۰۰ در پذیرایی,یک شعله بخاری گازی در پذیرایی,پذیرش (قانون صریح),,52.7421,36.3644,active,corpus، db
3189251,/room/3189251,خانه چوبی نزدیک برکه در لفور - طبقه اول,لفور,بله,main,,کلبه، سوئیت، کلبه چوبی,65,4000,2,4,10,4.4,81,4.1,4.5,4.1,4.4,4.8,4.5,2023-08-06,2026-09-03,رزرو فوری؛ اقامتگاه خاص,سمیرا,2023-04-11,89,104,1,,سخت,مشترک (فضای مشترک با میزبان یا مهمان دیگر),200000,,,,,,,,,مشترک (فضای مشترک با میزبان یا مهمان دیگر),ذکر شده,,,اسپیلت ۲۴۰۰۰ یک عدد در پذیرایی,یک شعله بخاری گازی در پذیرایی و یک شعله در هر اتاق خواب,پذیرش (قانون صریح),,52.7045,36.1756,active,corpus
3190268,/room/3190268,کلبه چوبی در بابلکنار - شیردارکلا - ط بالا,شیردارکلا,بله,main,,کلبه، ویلا، کلبه چوبی,55,500,1,3,6,4.8,24,5,5,4.8,4.6,5,4.6,2023-04-29,2026-06-24,,میلاد,2020-06-15,43,153,1,,سخت,دربست,400000,,,,,,,ذکر شده,,,ذکر شده,,,سالن پذیرایی یک اسپلیت ۲۴۰۰۰ دارد.,سالن پذیرایی و اتاق خواب به رادیاتور مجهز است.,پذیرش (قانون صریح),,52.7767,36.3402,active,cabins، corpus، db، sweep
3190495,/room/3190495,کلبه چوبی استخردار در مرزیکلا,مرزیکلا,بله,main,,کلبه، کلبه چوبی,95,500,2,4,6,4.9,163,5,5,4.7,4.8,5,4.8,2023-04-19,2026-09-02,اقامتگاه پلاس؛ رزرو فوری,عباس,2023-04-11,100,60,1,,متوسط,دربست,800000,,,دارد,,,,ذکر شده,دنج با حدود ۸ پله دسترسی در طبقه بالا قرار دارد,,ذکر شده,,,یک دستگاه اسپیلت 12000 در پذیرایی و یک دستگاه اسپیلت 9000 در هر اتاق خواب,یک شعله بخاری گازی در پذیرایی در طبقه پایین,پذیرش (قانون صریح),,52.7386,36.368,active,corpus، db، search
3190552,/room/3190552,اجاره کلبه چوبی در سوادکوه - سیدکلا,سیدکلا,بله,main,,کلبه، ویلا، کلبه چوبی,60,800,1,4,6,5,35,5,5,5,5,5,5,2023-08-23,2026-05-29,اقامتگاه پلاس,صدیقه,2023-07-22,73,242,1,,متوسط,دربست,500000,,,,,,,ذکر شده,,,ذکر شده,,,یک دستگاه اسپلیت ۲۵۰۰۰ در پذیرایی,یک شعله بخاری گازی در پذیرایی,پذیرش (قانون صریح),,52.7811,36.3173,active,cabins، corpus، db، search، sweep
3190700,/room/3190700,اجاره کلبه چوبی در بابلکنار - سیدکلا,سیدکلا,بله,main,,کلبه، ویلا، کلبه چوبی,100,1500,2,4,6,4.9,42,4.9,5,4.9,4.7,5,4.8,2023-10-07,2026-08-08,اقامتگاه پلاس؛ رزرو فوری,لیلا,2023-10-03,100,20,1,,متوسط,دربست,550000,,,,,,,ذکر شده,,,ذکر شده,,,یک دستگاه کولر اسپیلت ۱۸۰۰۰ در پذیرایی,یک شعله بخاری گازی در پذیرایی و یک شعله بخاری گازی در هر اتاق خواب,پذیرش (قانون صریح),,52.7899,36.3149,active,cabins، corpus، db، search، sweep
3190982,/room/3190982,خانه حیاط دار در بابل - درازکلا,درازکلا,بله,main,بله - عنوان هم کلبه هم ویلا,سوئیت,65,350,1,4,6,4.3,26,4.3,4.5,3.5,4.7,5,3.8,2023-09-15,2026-06-24,,حسین,2023-05-31,80,331,1,,متوسط,دربست,150000,,,,,ذکر شده,,ذکر شده,دنج در روستای خوش آب و هوای درازکلا واقع شده که تا شهر شیرگاه ح,,ذکر شده,,,یک دستگاه اسپلیت دو منظوره ۱۸۰۰۰ در پذیرایی,یک شعله بخاری گازی در پذیرایی,پذیرش (قانون صریح),,52.7297,36.3316,active,db
3191722,/room/3191722,کلبه چوبی در بابلکنار - فراملک,فراملک,بله,main,,کلبه، کلبه چوبی,75,300,2,2,6,4.7,42,4.8,4.8,4.6,4.6,4.9,4.7,2025-09-30,2026-09-01,اقامتگاه پلاس,محمد,2025-09-22,94,245,1,,متوسط,دربست,500000,,,,,,,ذکر شده,,,ذکر شده,,,یک دستگاه اسپیلت 18000 در پذیرایی و یک دستگاه اسپیلت 12000 در اتاق خواب طبقه بالا,یک شعله بخاری گازی در پذیرایی، یک شعله بخاری گازی در هر اتاق خواب,پذیرش (قانون صریح),,52.7015,36.2811,active,corpus، db، sweep
3191901,/room/3191901,اجاره کلبه چوبی در بابل - هلی خال,,نامطمئن,main,,کلبه، کلبه سوئیسی، کلبه چوبی,50,300,1,2,4,4.4,16,4.5,4.4,4.3,4.5,4.8,4.3,2023-05-04,2026-05-05,,قاسم,2023-04-26,30,211,1,,متوسط,دربست,500000,,,,,,,ذکر شده,دنج با ۱۰ پله دسترسی در قسمت بالا قرار دارد,,ذکر شده,,,یک دستگاه اسپیلت ۱۸۰۰۰ در اتاق بالا,یک شعله بخاری گازی در پذیرایی,پذیرش (قانون صریح),,52.7043,36.3297,active,db، sweep
3191936,/room/3191936,کلبه سوئیسی در بابلکنار - مرزیکلا,مرزیکلا,بله,main,,کلبه، کلبه سوئیسی، کلبه چوبی,50,560,1,2,4,4.9,21,5,5,4.8,4.8,5,4.7,2023-04-12,2026-04-02,,کامبیز,2023-04-10,91,186,1,,متوسط,مشترک (فضای مشترک با میزبان یا مهمان دیگر),200000,,,,,ذکر شده,,ذکر شده,,مشترک (فضای مشترک با میزبان یا مهمان دیگر),ذکر شده,,,یک دستگاه اسپیلت ۲۴۰۰۰ در پذیرایی,یک شعله بخاری گازی در پذیرایی,پذیرش (قانون صریح),,52.7323,36.3678,inactive,db، sweep
3192015,/room/3192015,کلبه استخردار در بابلکنار,بابلکنار,نامطمئن,main,,کلبه، کلبه چوبی,70,4000,1,4,6,4.8,20,4.9,4.8,4.7,5,5,4.6,2023-05-02,2026-06-11,,محمدرضا,2023-04-08,64,196,1,,متوسط,دربست,1000000,,,دارد,,,,ذکر شده,,,ذکر شده,,,یک دستگاه اسپیلت ۲۴۰۰۰ در پایین و ۱۲۰۰۰ در بالا,سالن پذیرایی و اتاق خواب به رادیاتور مجهز است.,پذیرش (قانون صریح),,52.7875,36.3337,active,db، sweep
3192184,/room/3192184,کلبه سوئیسی استخردار در بابلکنار - کاردگرکلا,کاردرکلا,بله,main,,کلبه، کلبه سوئیسی، کلبه چوبی,65,250,1,2,6,4.7,95,4.8,4.8,4.6,4.6,4.9,4.6,2023-08-15,2026-08-29,اقامتگاه پلاس,سارا,2023-05-20,89,211,1,,سخت,دربست,400000,,,دارد,,,,ذکر شده,دنج و آرام در روستا کاردگرکلا با فاصله حدود ۱۷ کیلومتر از شهر ش,,ذکر شده,,,اسپیلت ۳۲۰۰۰ یک عدد در پذیرایی,پکیج و شوفاژ,پذیرش (قانون صریح),,52.7658,36.3082,active,cabins، corpus، db، sweep
3192700,/room/3192700,اجاره کلبه چوبی جنگلی در بابلکنار - مرزیکتی,بابلکنار,نامطمئن,main,,کلبه، کلبه چوبی,40,950,1,4,6,4.6,68,4.8,4.8,3.9,4.8,4.9,4.4,2023-05-12,2026-06-01,اقامتگاه پلاس,زمان,2023-04-13,84,281,1,,متوسط,مشترک (فضای مشترک با میزبان یا مهمان دیگر),300000,,,,,ذکر شده,ذکر شده,,دنج و آرام در منطقه جنگلی با چشم اندازی زیبا از طبیعت در روستای,مشترک (فضای مشترک با میزبان یا مهمان دیگر),ذکر شده,,,یک دستگاه اسپیلت ۱۸۰۰۰ در پذیرایی,اسپیلت دو منظوره,پذیرش (قانون صریح),,52.7798,36.2962,active,corpus، db، sweep
3193647,/room/3193647,اجاره کلبه چوبی در بابلکنار - کاردرکلا,کاردرکلا,بله,main,,کلبه، کلبه چوبی,60,200,0,3,5,4.7,7,5,4.7,4.4,4.6,5,4.3,2023-06-03,2024-08-30,,عباس,2023-04-26,15,48,1,,متوسط,مشترک (فضای مشترک با میزبان یا مهمان دیگر),6000,,,,,,,,دنج و پیمودن تعداد ۱۴ پله، در طبقه بالای یک ساختمان دو طبقه در ,مشترک (فضای مشترک با میزبان یا مهمان دیگر),ذکر شده,,,یک دستگاه اسپلیت ۱۸۰۰۰ موجود است.,پکیج - شوفاژ,پذیرش (قانون صریح),,52.7712,36.2995,active,cabins، db، sweep
3193879,/room/3193879,کلبه چوبی در بابلکنار - سیاه درکا,بابلکنار,نامطمئن,main,,کلبه، کلبه چوبی,50,5000,1,2,4,5,137,5,5,4.9,5,5,4.9,2023-05-09,2026-09-02,اقامتگاه پلاس؛ رزرو فوری,سیدمجتبی,2023-04-19,97,62,1,,سخت,دربست,400000,,,,,,,,,,ذکر شده,,,یک دستگاه اسپلیت ۱۸۰۰۰ در پذیرایی,یک شعله بخاری گازی در پذیرایی,پذیرش (قانون صریح),,52.7573,36.3602,active,corpus، db، sweep
3194108,/room/3194108,کلبه سوئیسی در لفور - میرارکلا,لفور,بله,main,,کلبه، کلبه سوئیسی,35,300,1,2,4,4.9,92,5,5,4.7,4.8,5,4.7,2023-09-05,2026-08-26,اقامتگاه پلاس,علی,2023-08-30,94,164,1,,سخت,مشترک (فضای مشترک با میزبان یا مهمان دیگر),1500000,,,,,,,ذکر شده,,مشترک (فضای مشترک با میزبان یا مهمان دیگر),ذکر شده,,,یک دستگاه اسپلیت ۱۸۰۰۰ در پذیرایی,یک شعله بخاری گازی در پذیرایی,پذیرش (قانون صریح),,52.7969,36.2216,active,corpus، search
3194695,/room/3194695,اجاره کلبه چوبی دوبلکس در بابلکنار - سیادرکا,سیادرکا,بله,main,,کلبه، کلبه چوبی,87,200,1,4,4,4.7,65,4.8,4.8,4.7,4.6,4.8,4.8,2023-05-03,2026-09-03,اقامتگاه پلاس,آرمین,2023-05-03,85,283,1,,سخت,دربست,300000,دارد,۶ نفره,,,,,ذکر شده,,,ذکر شده,,,اسپیلت ۲۴۰۰۰ یک عدد در پذیرایی,یک شعله بخاری گازی در پذیرایی,پذیرش (قانون صریح),,52.7449,36.3617,active,corpus، db، sweep
3194752,/room/3194752,اجاره کلبه چوبی در بابلکنار - کاردرکلا,کاردرکلا,بله,main,,کلبه، کلبه چوبی,100,5000,2,4,10,4.8,16,4.7,4.9,4.8,4.6,4.9,4.7,2023-09-06,2025-12-10,,خدیجه,2023-05-13,97,174,1,,متوسط,مشترک (فضای مشترک با میزبان یا مهمان دیگر),500000,,,,,,,ذکر شده,,مشترک (فضای مشترک با میزبان یا مهمان دیگر),ذکر شده,,,یک دستگاه اسپلیت ۱۸۰۰۰ در پذیرایی,یک شعله بخاری گازی در پذیرایی,پذیرش (قانون صریح),,52.7561,36.289,active,cabins، db، sweep
3194884,/room/3194884,اجاره کلبه در سیادرکا بابلکنار,سیادرکا,بله,main,,کلبه,35,400,1,2,4,4.9,6,5,5,5,4.8,4.8,4.5,2025-06-03,2026-06-14,,ملیکا,2023-05-06,85,216,1,,متوسط,دربست,200000,,,,,,,,دنج از روستای سیادرکا و با فاصله حدود ۲۰ کیلومتری از شیرگاه واق,,,,,سالن پذیرایی یک اسپلیت ۲۴۰۰۰ دارد.,یک شعله بخاری گازی در سالن پذیرایی,پذیرش (قانون صریح),,52.7554,36.3643,active,db، sweep
3195220,/room/3195220,اجاره کلبه سنتی نزدیک لفور - سیدکلا,سیدکلا,بله,main,,کلبه، اقامتگاه بوم‌گردی,95,4000,2,4,6,2.8,1,3,3,2,5,3,1,2024-05-01,2024-05-01,,محمدرضا,2023-05-20,47,401,1,,سخت,مشترک (فضای مشترک با میزبان یا مهمان دیگر),900000,,,,,,,ذکر شده,دنج، دو اتاق خواب و تراس می باشد,مشترک (فضای مشترک با میزبان یا مهمان دیگر),ذکر شده,,,,یک شعله بخاری گازی در پذیرایی,پذیرش (قانون صریح),,52.7921,36.3094,active,cabins، db، sweep
3195657,/room/3195657,کلبه سوئیسی در کالیکلا لفور,لفور,بله,main,,کلبه، کلبه سوئیسی، کلبه چوبی,60,200,1,2,6,4.8,135,4.7,4.8,4.8,4.9,5,4.7,2023-05-14,2026-09-03,اقامتگاه پلاس؛ رزرو فوری,مجتبی,2023-05-08,91,112,1,,سخت,دربست,900000,,,,,,,ذکر شده,دنج و آرام در روستای کالیکلا با فاصله حدود ۳۰ کیلومتر از مرکز ش,,ذکر شده,,,اسپیلت ۱۸۰۰۰ یک عدد در پذیرایی,یک شعله بخاری گازی در پذیرایی,پذیرش (قانون صریح),,52.7358,36.2289,active,corpus
3195933,/room/3195933,کلبه سوئیسی نزدیک لفور - سیدکلا,سیدکلا,بله,main,,کلبه، اقامتگاه بوم‌گردی، کلبه سوئیسی، کلبه چوبی,65,4000,1,2,4,4.6,28,4.7,4.9,4.3,4.6,4.9,4.4,2023-06-01,2025-10-30,,محمدرضا,2023-05-20,47,401,1,,سخت,مشترک (فضای مشترک با میزبان یا مهمان دیگر),700000,,,,,,,ذکر شده,دنج مجهز به میز و صندلی و حیاط سرسبز و چشم انداز زیبا در مجاورت,مشترک (فضای مشترک با میزبان یا مهمان دیگر),ذکر شده,,,یک دستگاه اسپیلت ۱۸۰۰۰,یک شعله بخاری گازی در پذیرایی,پذیرش (قانون صریح),,52.7921,36.3095,active,cabins، corpus، db، sweep
3196659,/room/3196659,کلبه سوئیسی جکوزی دار در مرزیکلا,مرزیکلا,بله,main,,کلبه، کلبه سوئیسی,70,1000,1,4,4,4.6,148,4.7,4.8,4.4,4.4,4.9,4.4,2023-05-31,2026-08-23,اقامتگاه پلاس؛ رزرو فوری,سید حامد,2022-05-30,94,72,1,,سخت,مشترک (فضای مشترک با میزبان یا مهمان دیگر),400000,دارد,4 نفره,,,,,ذکر شده,,مشترک (فضای مشترک با میزبان یا مهمان دیگر),ذکر شده,,,یک دستگاه اسپلیت ۲۴۰۰۰ در پذیرایی,یک شعله بخاری گازی در سالن پذیرایی، بخاری برقی  هم دارد.,پذیرش (قانون صریح),,52.7379,36.3723,active,corpus، db، search
3196695,/room/3196695,کلبه چوبی با ویو ابدی در شیرگاه - گونه کلا,گونه کلا,بله,main,,کلبه، کلبه چوبی,60,1000,2,4,6,4.8,57,4.8,4.9,4.7,4.7,5,4.7,2023-06-09,2026-08-28,اقامتگاه پلاس,سید جواد,2022-09-21,94,266,1,,سخت,مشترک (فضای مشترک با میزبان یا مهمان دیگر),400000,,,,,,,ذکر شده,,مشترک (فضای مشترک با میزبان یا مهمان دیگر),ذکر شده,,,یک دستگاه اسپلیت ۲۴۰۰۰ در پذیرایی,یک شعله بخاری گازی در پذیرایی,پذیرش (قانون صریح),,52.7979,36.3327,active,corpus
3198108,/room/3198108,ویلا سوئیسی در بابلکنار - کاردرکلا,کاردرکلا,بله,main,بله - عنوان هم کلبه هم ویلا,کلبه، کلبه سوئیسی، ویلا,75,250,1,2,5,4.7,28,5,5,4.4,4.6,5,4.4,2024-05-31,2026-05-14,اقامتگاه پلاس,امین,2023-06-05,85,307,1,,سخت,دربست,200000,,,,,,,ذکر شده,دنج و چشم انداز بی نظیر از درختان و شالیزار در روستای خوش آب و ,,ذکر شده,,,یک دستگاه اسپلیت ۱۸۰۰۰ در پذیرایی,یک شعله بخاری گازی در پذیرایی,پذیرش (قانون صریح),,52.7715,36.303,active,cabins، corpus، db، sweep
3198234,/room/3198234,اجاره کلبه سوئدی نزدیک لفور - سیدکلا - ۲,سیدکلا,بله,main,,کلبه، اقامتگاه بوم‌گردی، کلبه چوبی,80,4000,1,2,4,4.2,13,4.5,4.1,4.1,4.5,4.5,3.8,2023-09-05,2024-09-02,اقامتگاه خاص,محمدرضا,2023-05-20,47,401,1,,سخت,مشترک (فضای مشترک با میزبان یا مهمان دیگر),900000,,,,,,,ذکر شده,دنج مجهز به میز و صندلی و حیاط سرسبز و چشم انداز زیبا در مجاورت,مشترک (فضای مشترک با میزبان یا مهمان دیگر),ذکر شده,,,یک دستگاه اسپیلت ۲۴۰۰۰,یک شعله بخاری گازی در پذیرایی,پذیرش (قانون صریح),,52.7921,36.3094,active,cabins، db، sweep
3198301,/room/3198301,اجاره کلبه سوئدی نزدیک لفور - سیدکلا,سیدکلا,بله,main,,کلبه، اقامتگاه بوم‌گردی، کلبه چوبی,80,4000,1,2,4,4.7,3,5,5,4.3,5,4.7,4.3,2023-07-05,2025-10-03,اقامتگاه خاص,محمدرضا,2023-05-20,47,401,1,,سخت,مشترک (فضای مشترک با میزبان یا مهمان دیگر),700000,,,,,,,ذکر شده,دنج مجهز به میز و صندلی و حیاط سرسبز و چشم انداز زیبا در مجاورت,مشترک (فضای مشترک با میزبان یا مهمان دیگر),ذکر شده,,,یک دستگاه اسپیلت ۲۴۰۰۰ در پذیرایی,یک شعله بخاری گازی در پذیرایی,پذیرش (قانون صریح),,52.7921,36.3096,active,cabins، db، sweep
3198940,/room/3198940,کلبه چوبی جکوزی دار در بابلکنار - گونه کلا,گونه کلا,بله,main,,کلبه، کلبه چوبی,40,250,1,6,6,4.7,20,4.8,4.8,4.8,4.4,5,4.2,2023-07-22,2026-06-04,,پوریا,2023-06-20,0,134,1,,متوسط,دربست,500000,دارد,2 نفره,,,,,ذکر شده,مست و پارک جنگلی جوارم از جاذبه های دیدنی و گردشگری قابل دسترسی,,ذکر شده,,,اسپلیت ۱۸۰۰۰ دومنظوره در طبقه بالا,یک شعله بخاری گازی در پذیرایی و یک دستگاه اسپلیت ۱۸ هزار دو منظوره در طبقه بالا,پذیرش (قانون صریح),,52.7856,36.3347,inactive,db، sweep
3199443,/room/3199443,اجاره کلبه چوبی در بابلکنار - شیردارکلا,شیردارکلا,بله,main,,کلبه، کلبه چوبی,75,150,1,4,6,5,1,5,5,5,5,5,5,2023-07-10,2023-07-10,,علی,2023-06-20,75,967,1,,متوسط,دربست,100000,دارد,دو نفره,,,,,ذکر شده,,,ذکر شده,,,یک دستگاه اسپلیت ۱۲۰۰۰ در پذیرایی، یک دستگاه اسپلیت ۱۲۰۰۰ در اتاق خواب,یک شعله بخاری گازی در پذیرایی,پذیرش (قانون صریح),,52.7636,36.3386,active,cabins، db، sweep
3199786,/room/3199786,کلبه در بابلکنار - گونه کلا,گونه کلا,بله,main,,کلبه، کلبه چوبی,60,500,1,4,6,4.5,9,4.4,4.8,4,4.6,4.9,4.2,2023-08-02,2026-06-22,,ابراهیم,2023-07-08,100,125,1,,متوسط,مشترک (فضای مشترک با میزبان یا مهمان دیگر),200000,دارد,دو نفره,,,,,ذکر شده,,مشترک (فضای مشترک با میزبان یا مهمان دیگر),ذکر شده,,,سالن پذیرایی یک اسپلیت ۳۰۰۰۰ دارد.,یک شعله بخاری گازی در سالن پذیرایی,پذیرش (قانون صریح),,52.7862,36.3315,active,cabins، db، sweep
3201318,/room/3201318,کلبه حیاط دار در بابلکنار - سیدکلا,سیدکلا,بله,main,,اقامتگاه بوم‌گردی، خانه روستایی، سوئیت,60,200,1,4,6,4.9,168,4.9,4.8,4.9,4.9,4.9,4.8,2023-07-16,2026-07-10,اقامتگاه پلاس؛ رزرو فوری,فائزه,2023-07-16,99,289,1,10,متوسط,دربست,500000,,,,,,,ذکر شده,,,ذکر شده,,,یک دستگاه اسپیلت ۱۸ هزار در پذیرایی,دو شعله بخاری گازی در پذیرایی و اتاق خواب,پذیرش (قانون صریح),,52.7808,36.3173,active,cabins، db
3201653,/room/3201653,اجاره کلبه چوبی جکوزی دار در بابلکنار - هلی خال,بابلکنار,نامطمئن,main,,کلبه، کلبه چوبی,72,200,1,4,4,4.5,21,4.3,4.9,4.7,3.9,4.9,4.1,2023-09-27,2026-06-15,,فائزه,2023-07-16,64,302,1,,سخت,دربست,500000,دارد,۴ نفره,,,,,ذکر شده,,,ذکر شده,,,یک دستگاه اسپلیت ۱۸۰۰۰ در اتاق خواب بالا,یک شعله بخاری گازی در سالن پذیرایی,پذیرش (قانون صریح),,52.6866,36.3368,active,db، sweep
3202504,/room/3202504,کلبه چوبی جکوزی دار در بابلکنار - درازکلا,درازکلا,بله,main,,کلبه، کلبه سوئیسی، ویلا,65,200,1,2,6,4.7,10,4.8,4.8,4.7,4.4,5,4.5,2023-08-19,2025-12-29,,حمید,2023-08-09,0,35,1,,متوسط,دربست,400000,دارد,جکوزی در روستا درازکلا واقع شده که تا شیرگاه حدود ۲۰ کیلومتر فاصله دارد,,,,,ذکر شده,دنج در طبقه بالا و با دسترسی حدود ۱۲ پله تعبیه شده است,,ذکر شده,,,یک دستگاه اسپلیت ۱۸۰۰۰ در پذیرایی,یک شعله بخاری گازی در پذیرایی,پذیرش (قانون صریح),,52.7139,36.3382,inactive,db، sweep
3202823,/room/3202823,کلبه سوئیسی در بابلکنار - درازکلا,درازکلا,بله,main,,کلبه، کلبه سوئیسی، کلبه چوبی,50,800,1,2,2,4.6,51,4.6,4.9,4.4,4.4,5,4.2,2023-11-09,2026-05-02,اقامتگاه پلاس؛ رزرو فوری,امیرحسین,2023-10-01,98,140,1,,متوسط,دربست,0,,,,,ذکر شده,,ذکر شده,دنج، حیاطی دلباز در روستا جنگلی درازکلا واقع شده که تا شیرگاه ح,,ذکر شده,,,یک دستگاه کولر اسپیلت ۲۴۰۰۰ در پذیرایی,یک شعله بخاری گازی در پذیرایی و یک شعله بخاری گازی در  اتاق خواب,پذیرش (قانون صریح),,52.729,36.3359,active,corpus، db، sweep
3203064,/room/3203064,اجاره کلبه سوئیسی در سوادکوه - درازکلا,درازکلا,بله,main,,کلبه، کلبه سوئیسی,45,200,1,2,4,5,113,4.9,5,5,4.9,5,5,2023-08-06,2026-08-26,اقامتگاه پلاس,کورش,2023-08-02,98,164,1,,سخت,دربست,4200000,,,,,ذکر شده,,ذکر شده,,,ذکر شده,,,یک دستگاه اسپلیت 18000 در پذیرایی و یک دستگاه اسپلیت 12000 در یک اتاق خواب,یک شعله بخاری گازی در پذیرایی طبقه پایین,پذیرش (قانون صریح),,52.7361,36.3385,active,corpus، db، sweep
3203377,/room/3203377,اجاره کلبه چوبی حیاط دار در بابلکنار - چهره,چهره,بله,main,,کلبه، کلبه چوبی,35,2000,0,4,6,4.9,43,4.8,5,4.8,4.8,5,4.9,2023-08-23,2026-08-20,اقامتگاه پلاس,میلاد,2023-08-07,79,357,1,,متوسط,دربست,350000,,,,,,,,,,ذکر شده,,,یک دستگاه اسپیلت ۲۴ هزار در پذیرایی,یک شعله بخاری گازی در پذیرایی,پذیرش (قانون صریح),,52.7225,36.3477,active,corpus، db، sweep
3204245,/room/3204245,کلبه چوبی در لفور - پاشاکلا - لب رودخانه,لفور,بله,main,,کلبه، کلبه چوبی,18,2000,0,3,4,4.8,185,4.9,4.8,4.6,4.9,5,4.7,2023-09-02,2026-09-02,اقامتگاه پلاس,سینا,2023-08-06,78,315,1,,سخت,مشترک (فضای مشترک با میزبان یا مهمان دیگر),300000,,,,,,,ذکر شده,دنج در یک مجموعه اقامتی ۴ واحدی در مجاورت رودخانه و پرورش ماهی ,مشترک (فضای مشترک با میزبان یا مهمان دیگر),ذکر شده,,,یک دستگاه اسپلیت دو منظوره ۱۲۰۰۰,یک دستگاه اسپلیت دو منظوره ۱۲۰۰۰,پذیرش (قانون صریح),,52.8001,36.2373,active,corpus
3204775,/room/3204775,کلبه سوئیسی جکوزی دار در بابلکنار - مرزیکلا,مرزیکلا,بله,main,,کلبه، کلبه سوئیسی، کلبه چوبی,50,250,1,2,3,4.7,78,4.8,4.8,4.7,4.6,5,4.4,2023-10-02,2026-07-10,اقامتگاه پلاس؛ رزرو فوری,رضا,2022-06-01,99,79,1,,سخت,دربست,350000,دارد,3 نفره,,,,,ذکر شده,,,ذکر شده,,,یک دستگاه اسپیلت ۱۲۰۰۰ در پذیرایی و یک دستگاه اسپلیت ۱۲۰۰۰ در اتاق خواب بالا,یک شعله بخاری گازی در پذیرایی,پذیرش (قانون صریح),,52.7379,36.3716,active,corpus، db، search، sweep
3206003,/room/3206003,کلبه سوئدی در لفور - شاهکلا,لفور,بله,main,,کلبه، کلبه چوبی,50,300,1,3,5,4.9,152,4.9,5,4.9,4.8,5,4.9,2023-09-28,2026-09-05,اقامتگاه پلاس؛ رزرو فوری؛ اقامتگاه خاص؛ ویدیو دارد,نیما,2022-04-05,95,65,1,,سخت,دربست,1000000,,,,,ذکر شده,,,دنج از جنگل های هیرکانی روستای شاهکلا واقع شده و در فاصله ۱۵ کی,,ذکر شده,,,یک دستگاه کولر اسپیلت ۱۸۰۰۰ در پذیرایی,یک شعله بخاری گازی در پذیرایی,پذیرش (قانون صریح),,52.7059,36.1743,active,corpus
3206100,/room/3206100,اجاره کلبه سوئیسی در بابلکنار - چهره,چهره,بله,main,,کلبه، کلبه سوئیسی، ویلا، کلبه چوبی,50,200,1,2,4,4.8,43,4.8,4.8,4.8,4.4,5,4.9,2023-10-20,2026-08-04,,محمدرضا,2023-09-26,65,83,1,,سخت,دربست,300000,,,,,,,,,,ذکر شده,,,یک دستگاه اسپلیت ۱۰۰۰۰ در پذیرایی پایین و یک دستگاه اسپلیت ۱۰۰۰۰ در اتاق خواب,یک شعله بخاری گازی در پذیرایی و یک دستگاه بخاری برقی در اتاق خواب,پذیرش (قانون صریح),,52.7132,36.3456,active,corpus، db، sweep
3206573,/room/3206573,کلبه چوبی دوبلکس نزدیک لفور - سیدکلا,سیدکلا,بله,main,,کلبه، ویلا، کلبه چوبی,60,1500,2,3,6,4.7,122,4.8,4.8,4.2,4.8,4.9,4.7,2023-11-30,2026-08-23,اقامتگاه پلاس؛ رزرو فوری,ابوالفضل,2022-06-12,96,159,1,,سخت,دربست,400000,,,,,,,ذکر شده,,,ذکر شده,,,یک دستگاه اسپلیت 18000 در پذیرایی,پکیج - شوفاژ,پذیرش (قانون صریح),,52.7954,36.3107,active,cabins، corpus، db، search، sweep
3206720,/room/3206720,کلبه چوبی جکوزی دار در بابلکنار - سیدکلا,سیدکلا,بله,main,,کلبه,75,1000,2,4,7,4.7,10,4.7,4.3,4.7,5,5,4.3,2023-09-24,2026-07-15,اقامتگاه پلاس,عاطفه,2023-09-20,94,432,1,,متوسط,مشترک (فضای مشترک با میزبان یا مهمان دیگر),550000,دارد,4 نفره,,,ذکر شده,,,مستر می باشد، با ایوان و چشم انداز کوه و جنگل در فاصله حدود ۱۵ ,مشترک (فضای مشترک با میزبان یا مهمان دیگر),ذکر شده,,,یک دستگاه کولر پنجره ای در پذیرایی,شوفاژ موتورخانه,پذیرش (قانون صریح),,52.7948,36.3107,active,cabins، db، sweep
3207306,/room/3207306,اجاره کلبه سوئیسی در بابلکنار - شیردارکلا,شیردارکلا,بله,main,,کلبه، کلبه سوئیسی، کلبه چوبی,70,100,1,4,6,4.6,26,4.6,4.9,4.1,4.6,4.9,4.4,2024-06-05,2026-08-06,اقامتگاه پلاس,ابوالحسن,2024-05-27,89,203,1,,متوسط,دربست,400000,,,,,,,ذکر شده,,,ذکر شده,,,یک دستگاه اسپیلت 36000 در طبقه بالا,پکیج - شوفاژ,,,52.7715,36.3411,active,cabins، corpus، db، sweep
3208040,/room/3208040,اجاره کلبه چوبی در بابلکنار - کاردرکلا,کاردرکلا,بله,main,,کلبه، کلبه چوبی,70,5000,0,3,6,4.4,12,4.8,4.2,4.3,4.4,4.8,4,2023-10-25,2025-11-24,,خدیجه,2023-05-13,97,174,1,,متوسط,دربست,500000,,,,,,,,دنج و بالکنی با چشم انداز زیبا در روستای خوش آب و هوا کاردرکلا ,,ذکر شده,,,یک دستگاه کولر اسپیلت ۱۲۰۰۰ در بالکن,یک شعله بخاری گازی در پذیرایی,پذیرش (قانون صریح),,52.7563,36.2903,active,cabins، db، sweep
3208548,/room/3208548,کلبه سوئیسی در بابلکنار - کاردرکلا,کاردرکلا,بله,main,,کلبه، کلبه سوئیسی، کلبه چوبی,84,200,1,4,6,4.8,36,4.9,5,4.4,4.7,5,4.7,2023-11-29,2026-09-02,اقامتگاه پلاس؛ رزرو فوری,مهدی,2023-10-10,97,134,1,,متوسط,دربست,500000,,,,,,,ذکر شده,دنج و بالکنی با چشم انداز زیبا در روستای خوش آب و هوا کاردرکلا ,,ذکر شده,,,یک دستگاه اسپلیت ۱۸۰۰۰ در پذیرایی,یک شعله بخاری گازی در پذیرایی,پذیرش (قانون صریح),,52.7601,36.3058,active,cabins، corpus، db، search، sweep
3208972,/room/3208972,کلبه سوئیسی جکوزی دار در بابلکنار - سیاه درکا,بابلکنار,نامطمئن,main,,کلبه، کلبه چوبی,50,120,1,4,4,4.5,97,4.7,4.4,4.5,4.3,4.6,4.4,2024-02-07,2026-08-12,اقامتگاه پلاس,آرمان,2024-01-28,83,344,1,,سخت,دربست,300000,دارد,وان جکوزی ۲ نفره,,,,,ذکر شده,دنج و خوش آب و هوای سیاه درکا واقع شده است که حدود ۱۰ کیلومتر ب,,ذکر شده,,,یک دستگاه اسپیلت 30000 در پذیرایی,یک شعله بخاری گازی در پذیرایی,پذیرش (قانون صریح),,52.7495,36.3617,active,corpus، db، sweep
3209080,/room/3209080,کلبه سوئیسی استخردار در بابلکنار - شیردارکلا,شیردارکلا,بله,main,,کلبه، کلبه سوئیسی، کلبه چوبی,70,200,1,4,4,4.1,10,4.2,4.6,3.4,4.4,4,3.8,2025-06-05,2026-07-05,,سعید,2023-10-16,58,352,1,,سخت,دربست,300000,,,دارد,استخر آبگرم، بالکن با چشم انداز زیبا در روستای خوش ,,,ذکر شده,,,ذکر شده,,,یک دستگاه اسپلیت ۱۸۰۰۰ در پذیرایی,یک شعله بخاری گازی در پذیرایی,پذیرش (قانون صریح),,52.7753,36.3386,active,cabins، db، sweep
3209086,/room/3209086,اجاره کلبه سوئدی در نزدیکی لفور - قرآن تلار,قرآن تالار,بله,main,,کلبه، کلبه چوبی,75,600,2,4,6,4.9,49,5,4.9,4.4,5,5,4.7,2023-10-26,2026-08-31,اقامتگاه پلاس؛ اقامتگاه خاص,سید کاظم,2023-10-15,97,114,1,,متوسط,دربست,500000,,,,,,,ذکر شده,,,,,,یک دستگاه کولر اسپلیت ۱۸۰۰۰ در پذیرایی و یک دستگاه کولر اسپیلت ۱۲۰۰۰ در یک اتاق خواب,یک دستگاه کولر اسپلیت ۱۸۰۰۰ دو منظوره در پذیرایی و یک دستگاه کولر اسپیلت ۱۲۰۰۰ دو منظوره در یک اتاق خواب,پذیرش (قانون صریح),,52.7802,36.2963,active,cabins، corpus، db، sweep
3209354,/room/3209354,کلبه سوئیسی بابلکنار- بالف کلا غربی - ماه عسل,بالفکلا,بله,main,,کلبه، کلبه سوئیسی، کلبه چوبی,42,8000,1,2,4,4.6,13,5,5,3.8,4.4,5,4.4,2023-10-19,2026-05-28,اقامتگاه پلاس؛ رزرو فوری,مبینا,2021-11-27,89,228,1,,سخت,مشترک (فضای مشترک با میزبان یا مهمان دیگر),400000,,,,,,,ذکر شده,,مشترک (فضای مشترک با میزبان یا مهمان دیگر),ذکر شده,,,یک دستگاه اسپلیت ۲۴۰۰۰ در پذیرایی,یک دستگاه شومینه برقی,پذیرش (قانون صریح),,52.7498,36.3335,active,db، sweep
3209355,/room/3209355,کلبه سوئیسی در بابلکنار - بالف کلا غربی - vip,بالفکلا,بله,main,,کلبه، کلبه سوئیسی، کلبه چوبی,42,8000,1,2,4,4.9,13,5,5,4.9,4.8,5,4.8,2023-11-07,2026-04-13,,مبینا,2021-11-27,89,226,1,,سخت,مشترک (فضای مشترک با میزبان یا مهمان دیگر),400000,,,,,,,ذکر شده,,مشترک (فضای مشترک با میزبان یا مهمان دیگر),ذکر شده,,,یک دستگاه اسپلیت ۲۴۰۰۰ در پذیرایی,یک دستگاه شومینه برقی,پذیرش (قانون صریح),,52.7498,36.3335,active,db، sweep
3209766,/room/3209766,کلبه سوئیسی جکوزی دار در بابلکنار - درازکلا,درازکلا,بله,main,,کلبه، کلبه سوئیسی، کلبه چوبی,60,1000,1,2,6,4.9,33,5,5,4.8,4.8,5,4.5,2023-10-24,2026-08-23,اقامتگاه پلاس,یوسف,2022-11-14,90,283,1,,سخت,مشترک (فضای مشترک با میزبان یا مهمان دیگر),500000,دارد,وان جکوزی 2 نفره,,,,,ذکر شده,دنج و وان جکوزی ۲ نفره در جوار ۲ اقامتگاه دیگر در باغی زیبا و س,مشترک (فضای مشترک با میزبان یا مهمان دیگر),ذکر شده,,,یک دستگاه اسپیلت ۱۲۰۰۰ در پذیرایی,یک شعله بخاری گازی در پذیرایی,پذیرش (قانون صریح),,52.7109,36.3398,active,corpus، db، sweep
3210863,/room/3210863,کلبه دوبلکس استخردار در لفور - نفت چال,لفور,بله,main,,کلبه,60,2000,1,4,5,4.6,54,4.5,4.6,4.8,4.5,4.9,4,2023-12-31,2026-08-28,اقامتگاه پلاس؛ رزرو فوری,ناصر,2023-11-20,94,155,1,,متوسط,مشترک (فضای مشترک با میزبان یا مهمان دیگر),1000000,,,دارد,استخر سرپوشیده آبگرم و تراسی دلباز رو به منظره دلنشین در میا,ذکر شده,,ذکر شده,,مشترک (فضای مشترک با میزبان یا مهمان دیگر),ذکر شده,,,یک دستگاه اسپیلت ۱۸۰۰۰ در پذیرایی,پکیج - رادیاتور,پذیرش (قانون صریح),,52.8224,36.231,active,corpus
3212136,/room/3212136,کلبه سوئیسی جکوزی دار در بابلکنار - قرآن تالار,قرآن تالار,بله,main,,کلبه، کلبه سوئیسی، کلبه چوبی,70,200,2,4,6,4.7,175,4.8,4.8,4.2,4.6,4.9,4.6,2023-12-11,2026-08-30,اقامتگاه پلاس؛ رزرو فوری,محسن,2023-11-23,87,207,1,,سخت,دربست,800000,دارد,4 نفره,,,,,ذکر شده,,,ذکر شده,,,یک دستگاه کولر اسپیلت ۱۸۰۰۰ در طبقه پایین و یک دستگاه کولر اسپیلت ۱۲۰۰۰ در طبقه بالا,پکیج - شوفاژ,پذیرش (قانون صریح),,52.7778,36.3068,active,cabins، corpus، db، search، sweep
3212511,/room/3212511,کلبه چوبی دوبلکس در بابلکنار - قرآن تالار,قرآن تالار,بله,main,,کلبه، کلبه چوبی,40,200,1,2,6,4.8,38,4.8,4.9,4.8,4.6,4.8,4.7,2024-05-02,2026-08-17,اقامتگاه پلاس؛ رزرو فوری,مهدی,2023-12-02,100,67,1,,متوسط,مشترک (فضای مشترک با میزبان یا مهمان دیگر),300000,,,,,,,ذکر شده,دنج در منطقه لفور در روستای قرآن تالار واقع شده و تا شیرگاه حدو,مشترک (فضای مشترک با میزبان یا مهمان دیگر),ذکر شده,,,یک دستگاه کولر اسپیلت 18000 در پذیرایی,یک شعله بخاری گازی در پذیرایی طبقه پایین,پذیرش (قانون صریح),,52.7788,36.305,active,cabins، corpus، db، search، sweep
3212564,/room/3212564,کلبه سوئیسی جکوزی دار رو به دریاچه در لفور,لفور,بله,main,,کلبه، کلبه سوئیسی، کلبه چوبی,35,300,1,2,3,4.9,117,5,5,4.8,4.8,5,4.7,2023-12-14,2026-09-01,اقامتگاه پلاس,علی,2023-08-30,94,164,1,,سخت,مشترک (فضای مشترک با میزبان یا مهمان دیگر),1500000,دارد,۲ نفره,,,,,ذکر شده,,مشترک (فضای مشترک با میزبان یا مهمان دیگر),ذکر شده,,,یک دستگاه اسپلیت ۱۸۰۰۰ در پذیرایی,یک شعله بخاری گازی در پذیرایی,پذیرش (قانون صریح),,52.7969,36.2216,active,corpus
3212575,/room/3212575,ویلا چوبی در بابلکنار - گونه کلا,گونه کلا,بله,main,بله - عنوان هم کلبه هم ویلا,کلبه، ویلا,75,300,2,4,4,5,25,4.9,5,5,4.9,5,5,2024-02-23,2026-08-26,,رمضانعلی,2023-12-04,47,497,1,,متوسط,دربست,200000,,,,,,,,دنج می باشد,,ذکر شده,,,یک دستگاه اسپلیت ۳۰۰۰۰ در پذیرایی,یک شعله بخاری گازی در پذیرایی,پذیرش (قانون صریح),,52.7802,36.3368,active,cabins، corpus، db، sweep
3213707,/room/3213707,کلبه سوئیسی جکوزی دار در بابلکنار - درازکلا,درازکلا,بله,main,,کلبه، کلبه سوئیسی، کلبه چوبی,60,500,1,2,4,4.8,65,4.8,5,4.9,4.5,4.9,4.5,2024-10-09,2026-09-04,اقامتگاه پلاس,سمانه,2023-12-18,97,120,1,,سخت,دربست,700000,دارد,2 نفره,,,,,ذکر شده,دنج در باغی زیبا و سرسبز و در روستای خوش آب و هوای درازکلا واقع,,ذکر شده,,,۲تا اسپلیت,یک شعله بخاری گازی در پذیرایی,پذیرش (قانون صریح),,52.7095,36.3409,active,corpus، db، sweep
3214155,/room/3214155,کلبه سوئیسی در لفور - رئیسکلا,رئیسکلا,بله,main,,کلبه، کلبه سوئیسی، کلبه چوبی,90,180,2,4,6,4.3,41,4,4.8,3.8,4.3,4.9,4,2024-01-21,2026-08-20,,مرتضی,2023-12-26,90,140,1,,متوسط,مشترک (فضای مشترک با میزبان یا مهمان دیگر),300000,,,,,,,,,مشترک (فضای مشترک با میزبان یا مهمان دیگر),ذکر شده,,,یک دستگاه کولر اسپیلت ۱۸۰۰۰ در پذیرایی و یک دستگاه کولر اسپیلت ۱۲۰۰۰ در هر اتاق خواب,یک شعله بخاری گازی در پذیرایی و یک دستگاه کولر اسپیلت ۱۸۰۰۰ دو منظوره در پذیرایی، یک دستگاه کولر اسپیلت ۱۲۰۰۰ دو منظوره در هر اتاق خواب,پذیرش (قانون صریح),,52.7132,36.2126,active,corpus
3214205,/room/3214205,کلبه سوئیسی در بابلکنار - سیاه درکا,بابلکنار,نامطمئن,main,,کلبه، کلبه سوئیسی، کلبه چوبی,50,200,1,2,4,4.8,7,4.9,4.9,4.7,4.7,5,4.4,2024-05-20,2026-09-01,,عهدیه,2023-12-25,75,67,1,,متوسط,دربست,350000,,,,,,,ذکر شده,,,ذکر شده,,,یک دستگاه اسپیلت 18000 در پذیرایی,یک شعله بخاری گازی در پذیرایی,پذیرش (قانون صریح),,52.7457,36.363,active,db، sweep
3215006,/room/3215006,کلبه سوئیسی با وان جکوزی در لفور - آغوزبن,لفور,بله,main,,کلبه، کلبه سوئیسی، کلبه چوبی,60,350,1,2,4,4.4,34,4.8,4.4,3.5,4.5,4.9,4.1,2024-01-15,2026-08-06,,اسفندیار,2024-01-14,82,65,1,,متوسط,دربست,950000,دارد,وان جکوزی دونفره,,,,,ذکر شده,دنج با دسترسی حدود ۸ پله در روستای آغوزبن واقع شده است که حدود ,,ذکر شده,,,,یک شعله بخاری گازی در پذیرایی و یک شعله بخاری گازی در یک اتاق خواب,پذیرش (قانون صریح),,52.7165,36.2327,active,corpus
3215235,/room/3215235,کلبه سوئیسی جکوزی دار در بابلکنار - درازکلا,درازکلا,بله,main,,کلبه، کلبه سوئیسی، کلبه چوبی,70,400,1,2,4,4.7,31,4.9,4.6,4.7,4.7,5,4.1,2024-03-20,2026-09-01,اقامتگاه پلاس,مهناز,2024-01-10,79,572,1,,سخت,دربست,700000,دارد,2 نفره,,,,,ذکر شده,دنج در روستای سرسبز درازکلا واقع شده است که حدود ۱۰ کیلومتر با ,,ذکر شده,,,یک دستگاه اسپیلت ۱۲۰۰۰ در طبقه بالا و یک دستگاه اسپلیت ۱۲۰۰۰ در طبقه پایین,یک شعله بخاری گازی در پذیرایی,پذیرش (قانون صریح),,52.7115,36.3398,active,corpus، db، sweep
3215808,/room/3215808,کلبه سوئیسی جکوزی دار در بابلکنار - سید کلا,سیدکلا,بله,main,,کلبه، کلبه سوئیسی، کلبه چوبی,130,300,2,4,6,4.8,22,4.9,4.8,5,4.9,4.9,4.8,2024-03-14,2026-07-28,,یوسفعلی,2024-01-27,57,146,1,,سخت,دربست,1000000,دارد,4 نفره,,,,,ذکر شده,دنج و آرام در روستای سیدکلا از منطقه بابلکنار و با فاصله حدود ۲,,ذکر شده,,,یک دستگاه اسپیلت ۲۴۰۰۰ در پذیرایی پایین و یک دستگاه اسپیلت ۱۲۰۰۰ در دو اتاق بالا,پکیج و شوفاژ,پذیرش (قانون صریح),,52.79,36.307,active,cabins، db، sweep
3216368,/room/3216368,کلبه سوئیسی تراس دار در بابلکنار - مرزیکلا,مرزیکلا,بله,main,,کلبه، کلبه سوئیسی، ویلا,85,200,2,2,6,4.9,40,4.8,4.9,4.9,4.8,4.9,4.8,2024-02-07,2026-09-01,اقامتگاه پلاس؛ رزرو فوری,حسن,2024-01-30,100,80,1,,متوسط,دربست,700000,,,,,,,ذکر شده,,,ذکر شده,,,یک دستگاه کولر اسپیلت 24000 در پذیرایی,پکیج - رادیاتور در طبقه همکف,پذیرش (قانون صریح),,52.7323,36.3716,active,corpus، db، search، sweep
3216857,/room/3216857,کلبه سوئیسی در لفور - درزیکلا - کلبه ۱,لفور,بله,main,,کلبه، کلبه سوئیسی، کلبه چوبی,84,250,1,4,8,4.3,38,4.6,4.2,3.6,4.7,4.8,3.9,2024-04-22,2026-08-25,رزرو فوری,میلاد,2022-08-30,91,80,1,,سخت,مشترک (فضای مشترک با میزبان یا مهمان دیگر),800000,,,,,,,ذکر شده,دنج و در مجاورت یک کلبه دیگر در روستای خوش آب و هوای درزیکلا با,مشترک (فضای مشترک با میزبان یا مهمان دیگر),ذکر شده,,,یک دستگاه کولر اسپلیت 24000 در پذیرایی,پیکچ - شوفاژ,پذیرش (قانون صریح),,52.7333,36.2175,active,corpus
3216934,/room/3216934,کلبه سوئیسی در بابلکنار - آرکا,بابلکنار,نامطمئن,main,,کلبه، کلبه سوئیسی، کلبه چوبی,72,170,1,3,5,4.8,28,4.8,4.8,4.8,4.6,4.8,4.8,2024-04-08,2026-09-01,اقامتگاه پلاس؛ رزرو فوری,ذکریا,2024-02-15,93,182,1,,متوسط,دربست,450000,,,,,,,ذکر شده,دنج در روستای آرکا از توابع بندپی شرقی با فاصله حدود۲۰ کیلومتری,,ذکر شده,,,یک دستگاه اسپلیت 18000 در پذیرایی,یک شعله بخاری گازی در پذیرایی و یک دستگاه اسپلیت 18000 دو منظوره در پذیرایی,پذیرش (قانون صریح),,52.6537,36.3326,active,corpus، db، sweep
3217663,/room/3217663,اجاره کلبه سوئیسی در بابل - ویارسره,,نامطمئن,main,,کلبه، کلبه سوئیسی، کلبه چوبی,60,200,1,2,4,4.8,9,5,5,4.8,4.6,4.8,4.8,2024-03-25,2025-10-19,,زهرا,2024-02-12,67,311,1,,متوسط,دربست,400000,,,,,,,ذکر شده,,,ذکر شده,,,,یک شعله بخاری گازی در پذیرایی,پذیرش (قانون صریح),,52.6955,36.3267,active,db، sweep
3218074,/room/3218074,اجاره کلبه سوئیسی در بابلکنار - درازکلا,درازکلا,بله,main,,کلبه,90,1000,1,2,4,4.7,4,4.8,5,4.3,4.5,5,4.8,2025-08-27,2026-08-04,,امیرحسین,2024-02-29,43,75,2,,متوسط,دربست,300000,,,,,ذکر شده,,ذکر شده,,,ذکر شده,,,یک دستگاه کولر اسپیلت 24000 در پذیرایی,یک شعله بخاری گازی در پذیرایی,پذیرش (قانون صریح),,52.7033,36.3311,active,db، sweep
3218424,/room/3218424,کلبه چوبی جکوزی دار در بابلکنار - کاردرکلا,کاردرکلا,بله,main,,کلبه، کلبه چوبی,100,300,2,2,6,4.9,13,5,5,5,5,5,4.4,2024-03-14,2026-08-13,اقامتگاه پلاس؛ رزرو فوری,خدیجه,2023-05-13,97,174,1,,متوسط,دربست,750000,دارد,4 نفره,,,,,ذکر شده,دنج و سرسبز در جاده لفور در روستای خوش آب و هوای کاردرکلا واقع ,,ذکر شده,,,یک دستگاه کولر اسپیلت 24000 در پذیرایی,یک شعله بخاری گازی در پذیرایی و یک شعله بخاری گازی در هر اتاق خواب,پذیرش (قانون صریح),,52.7631,36.3042,active,cabins، db، sweep
3218462,/room/3218462,اجاره کلبه سوئیسی در بابلکنار - سیادرکا,سیادرکا,بله,main,,کلبه، کلبه سوئیسی، کلبه چوبی,75,180,1,3,5,4.4,9,4.7,4,4.3,4.6,4.6,4.4,2024-06-19,2026-09-03,,حسنعلی,2024-02-22,19,231,1,,سخت,دربست,500000,,,,,,,ذکر شده,دنجی قرار دارد,,ذکر شده,,,یک دستگاه کولر اسپیلت 30000 در پذیرایی,یک شعله بخاری گازی در پذیرایی,پذیرش (قانون صریح),,52.7539,36.3644,active,db، sweep
3219335,/room/3219335,اجاره کلبه سنتی در بابلکنار - درازکش,درازکش,بله,main,,کلبه,70,700,1,2,4,4.4,3,4.3,5,3.7,5,5,3.7,2024-09-27,2026-06-23,,خسرو,2024-05-14,50,250,1,,متوسط,دربست,100000,,,,,,,ذکر شده,,,ذکر شده,,,یک دستگاه کولر اسپیلت 12000 در پذیرایی,یک شعله بخاری گازی در پذیرایی و یک شعله بخاری گازی در یک اتاق خواب,پذیرش (قانون صریح),,52.6668,36.2711,active,db، sweep
3220619,/room/3220619,کلبه سوئیسی جکوزی دار در لفور - امام کلا,لفور,بله,main,,کلبه، کلبه سوئیسی، کلبه چوبی,55,220,1,4,4,4.6,31,4.8,4.7,4.5,4.6,4.9,4.3,2024-06-18,2026-09-04,اقامتگاه پلاس؛ رزرو فوری,آیت اله,2023-04-11,100,54,1,,سخت,دربست,500000,دارد,2 نفره,,,,,ذکر شده,دنج و وان جکوزی در منطقه آرام روستای امام کلا و با فاصله حدود ۷,,ذکر شده,,,یک دستگاه اسپیلت 30 هزار در پذیرایی,پکیج و شوفاژ,,,52.7004,36.1891,active,corpus
3220977,/room/3220977,کلبه سوئیسی در بابلکنار - بالف کلا غربی,بالفکلا,بله,main,,کلبه، کلبه سوئیسی,50,150,1,2,4,5,177,5,5,4.9,4.9,5,4.9,2024-03-20,2026-09-03,اقامتگاه پلاس,علی,2024-03-10,97,320,1,,متوسط,دربست,400000,,,,,ذکر شده,,ذکر شده,,,,,,یک دستگاه اسپیلت 30000 در پذیرایی,دو دستگاه بخاری برقی,پذیرش (قانون صریح),,52.7487,36.3367,active,corpus، db، sweep
3221027,/room/3221027,ویلا سوئیسی جکوزی دار در بابلکنار - کاردرکلا,کاردرکلا,بله,main,بله - عنوان هم کلبه هم ویلا,کلبه، کلبه سوئیسی، ویلا، کلبه چوبی,100,200,1,2,4,4.6,13,4.6,4.8,4.1,4.6,5,4.5,2024-03-23,2026-08-19,,علی,2019-09-08,86,437,1,,سخت,مشترک (فضای مشترک با میزبان یا مهمان دیگر),500000,دارد,4 نفره,,,,,ذکر شده,,مشترک (فضای مشترک با میزبان یا مهمان دیگر),ذکر شده,,,,یک شعله بخاری گازی در پذیرایی,پذیرش (قانون صریح),,52.7688,36.3013,active,cabins، db، sweep
3221180,/room/3221180,کلبه کنار رودخانه در بابلکنار - رئیس کلا,رئیسکلا,بله,main,,کلبه، کلبه سوئیسی، کلبه چوبی,60,300,1,4,4,4.8,114,4.8,5,4.5,4.8,5,4.8,2024-04-27,2026-08-29,اقامتگاه پلاس؛ رزرو فوری,محمد,2024-04-14,97,24,1,,سخت,دربست,100000,,,,,,,ذکر شده,,,ذکر شده,,,یک دستگاه اسپلیت 18000 در اتاق خواب بالا,یک شعله بخاری گازی در پذیرایی,پذیرش (قانون صریح),,52.7286,36.3731,active,corpus، db، search، sweep
3222129,/room/3222129,کلبه سوئیسی با وان جکوزی در اطراف بابلکنار,بابلکنار,نامطمئن,main,,کلبه، کلبه سوئیسی، کلبه چوبی,90,150,1,2,4,4.8,298,4.8,4.8,4.8,4.7,4.9,4.7,2024-03-21,2026-09-03,اقامتگاه پلاس؛ رزرو فوری,لیلا,2024-03-18,92,127,1,,سخت,دربست,300000,دارد,وان جکوزی سه نفره,,,,,ذکر شده,,,ذکر شده,,,یک دستگاه کولر اسپیلت 30000 در پذیرایی,یک شعله بخاری گازی در پذیرایی,پذیرش (قانون صریح),,52.7175,36.3629,active,corpus، db، sweep
3222143,/room/3222143,کلبه سوئیسی در لفور - آغوزبن,لفور,بله,main,,کلبه، کلبه سوئیسی، کلبه چوبی,25,5000,1,2,2,4.9,173,5,5,4.8,4.9,5,4.8,2024-05-05,2026-08-14,اقامتگاه پلاس,فرشته,2019-11-02,95,227,1,,متوسط,دربست,450000,,,,,ذکر شده,,ذکر شده,دنج و آرام در روستای آغوزبن منطقه کالیکلا واقع شده است که تا من,,ذکر شده,,,یک دستگاه اسپلیت 18000 در پذیرایی,یک شعله بخاری گازی در پذیرایی,پذیرش (قانون صریح),,52.722,36.2315,active,corpus
3222177,/room/3222177,اجاره کلبه چوبی دوبلکس در لفور  - افراسی,لفور,بله,main,,کلبه، کلبه چوبی,80,350,1,4,6,4.8,49,4.9,5,4.8,4.8,4.9,4.7,2024-05-15,2026-08-25,اقامتگاه پلاس؛ رزرو فوری,ابوالفضل,2024-05-05,100,95,1,,متوسط,دربست,500000,,,,,,,,,,,,,یک دستگاه کولر اسپلیت 24000 در پذیرایی,یک شعله بخاری گازی در پذیرایی,پذیرش (قانون صریح),,52.7195,36.2564,active,corpus
3222284,/room/3222284,کلبه سوئیسی در بابلکنار - درازکلا,درازکلا,بله,main,,کلبه، کلبه سوئیسی,53,7000,1,2,2,4.7,38,4.8,4.8,4.4,4.7,4.9,4.6,2024-04-01,2026-08-22,اقامتگاه پلاس؛ رزرو فوری,مبینا,2021-11-27,89,226,1,,متوسط,دربست,400000,,,,,,,ذکر شده,دنج، حیاط دلباز و باربیکیو در روستای درازکلا با چشم انداز باغ م,,ذکر شده,,,اسپلیت ۲۴ هزار بالایک دستگاه اسپیلت 24000 در پذیرایی,یک شعله بخاری گازی در پذیرایی پایین,پذیرش (قانون صریح),,52.7498,36.3337,active,corpus، db، sweep
3222336,/room/3222336,کلبه چوبی دوبلکس در لفور - افراسی,لفور,بله,main,,کلبه، کلبه چوبی,60,600,1,4,6,4.7,35,4.8,5,4.3,4.8,5,4.5,2024-05-01,2026-08-27,اقامتگاه پلاس؛ رزرو فوری,الهام,2022-09-15,95,98,1,,متوسط,دربست,500000,,,,,,,,,,ذکر شده,,,یک دستگاه اسپیلت ۱۸۰۰۰۰ در پذیرایی,یک شعله بخاری گازی در پذیرایی,پذیرش (قانون صریح),,52.7194,36.2566,active,corpus
3222490,/room/3222490,اجاره کلبه سوئیسی با چشم انداز سد لفور,لفور,بله,main,,کلبه، کلبه سوئیسی، کلبه چوبی,60,200,1,4,4,4.8,37,4.9,4.8,4.6,4.9,4.9,4.6,2024-08-24,2026-06-20,اقامتگاه پلاس,حسین,2023-12-13,84,317,1,,متوسط,دربست,300000,,,,,,,ذکر شده,,,ذکر شده,,,یک دستگاه کولر اسپیلت 24000 در پذیرایی,پکیج - شوفاژ,پذیرش (قانون صریح),,52.787,36.22,active,corpus
3222812,/room/3222812,کلبه چوبی استخردار در بابلکنار - شیردارکلا,شیردارکلا,بله,main,,کلبه، ویلا، کلبه چوبی,105,260,2,6,8,4.9,32,5,5,4.8,4.9,4.9,4.9,2024-05-02,2026-09-02,اقامتگاه پلاس,ضرغام,2024-04-06,73,222,1,,سخت,دربست,400000,,,دارد,استخر روباز آبگرم، بالکنی دلنشین، چشم اندازی زیبا و طبقه ,,,ذکر شده,,,ذکر شده,,,یک دستگاه اسپلیت 24000 در پذیرایی و یک دستگاه اسپلیت 18000 در هر پذیرایی بالا,پکیج و رادیاتور,پذیرش (قانون صریح),,52.7709,36.339,active,cabins، corpus، db، sweep
3223206,/room/3223206,اجاره کلبه چوبی دوبلکس در بابلکنار - کبریاکلا,کبریاکلا,بله,main,,کلبه، کلبه چوبی,110,1200,2,2,4,4.6,5,4.4,5,3.8,5,5,4.4,2025-10-09,2026-05-27,,خرم,2024-05-13,68,249,1,,متوسط,مشترک (فضای مشترک با میزبان یا مهمان دیگر),250000,,,,,,,ذکر شده,,مشترک (فضای مشترک با میزبان یا مهمان دیگر),ذکر شده,,,یک دستگاه اسپیلت 18000 در پذیرایی طبقه پایین,یک شعله بخاری گازی در پذیرایی و یک شعله بخاری گازی در یک اتاق خواب,پذیرش (قانون صریح),,52.7264,36.3267,active,db، sweep
3223541,/room/3223541,کلبه سوئیسی جکوزی دار در بابلکنار - درازکلا,درازکلا,بله,main,,کلبه، کلبه سوئیسی، کلبه چوبی,60,300,1,2,4,4.3,43,4.3,4.7,3.8,4.2,4.7,4.2,2024-05-01,2026-06-14,,احسان,2024-04-08,85,172,1,,متوسط,مشترک (فضای مشترک با میزبان یا مهمان دیگر),500000,دارد,2 نفره,,,,,ذکر شده,,مشترک (فضای مشترک با میزبان یا مهمان دیگر),ذکر شده,,,یک دستگاه اسپلیت 12000 در پذیرایی و اتاق خواب,یک شعله بخاری گازی در پذیرایی,پذیرش (قانون صریح),,52.7135,36.3217,active,corpus، db، sweep
3223855,/room/3223855,کلبه چوبی در بابلکنار - سیادرکا,سیادرکا,بله,main,,کلبه، ویلا، کلبه چوبی,50,1700,1,4,6,4.7,52,4.8,4.7,4.7,4.6,4.8,4.7,2024-05-27,2026-09-02,اقامتگاه پلاس,محمدرضا,2024-04-14,84,269,1,,متوسط,مشترک (فضای مشترک با میزبان یا مهمان دیگر),150000,,,,,,,ذکر شده,,مشترک (فضای مشترک با میزبان یا مهمان دیگر),ذکر شده,,,یک دستگاه اسپلیت 24000 در پذیرایی,یک شعله بخاری گازی در پذیرایی,پذیرش (قانون صریح),,52.7499,36.3597,active,corpus، db، sweep
3223870,/room/3223870,اجاره کلبه چوبی استخردار در بابلکنار - گونه کلا,گونه کلا,بله,main,,کلبه، کلبه چوبی,50,200,1,4,6,4.9,20,5,5,4.7,4.8,5,4.7,2024-04-25,2026-07-04,,سید میثم,2022-11-27,0,535,1,,سخت,دربست,500000,,,دارد,استخر آبگرم، بالکن و حیاطی دلباز در روستای خوش آب و,,,ذکر شده,,,ذکر شده,,,یک دستگاه کولر اسپیلت 18000 در پذیرایی و یک دستگاه کولر اسپیلت 12000 در اتاق خواب,پکیج - شوفاژ,پذیرش (قانون صریح),,52.7846,36.3349,inactive,db
3224141,/room/3224141,کلبه سوئیسی استخردار در بابلکنار - بالفکلا,بالفکلا,بله,main,,کلبه، کلبه سوئیسی، کلبه چوبی,150,1000,3,4,8,4.8,48,4.9,4.9,4.8,4.7,5,4.7,2024-05-27,2026-09-02,اقامتگاه پلاس؛ رزرو فوری,حسین,2024-05-07,98,28,1,,متوسط,مشترک (فضای مشترک با میزبان یا مهمان دیگر),998000,,,دارد,,,,ذکر شده,,مشترک (فضای مشترک با میزبان یا مهمان دیگر),ذکر شده,,,یک دستگاه اسپلیت 240000 در پذیرایی و یک دستگاه اسپلیت 18000 در بین دو اتاق خواب طبقه بالا,یک شعله بخاری گازی در پذیرایی و یک شعله بخاری گازی در یک اتاق خواب,پذیرش (قانون صریح),,52.7501,36.3468,active,corpus، db، search، sweep
3224334,/room/3224334,کلبه سوئیسی جکوزی دار در بابلکنار - گونه کلا,گونه کلا,بله,main,,کلبه,80,200,1,4,10,5,1,5,5,5,5,5,5,2025-06-16,2025-06-16,,سمیرا,2023-07-22,27,270,1,,متوسط,مشترک (فضای مشترک با میزبان یا مهمان دیگر),500000,دارد,2 نفره,,,,,ذکر شده,دنج در منطقه روستایی و خوش آب و هوای گونه کلا واقع شده که تا شی,مشترک (فضای مشترک با میزبان یا مهمان دیگر),ذکر شده,,,یک دستگاه اسپلیت 30000 در پذیرایی,یک شعله بخاری گازی در پذیرایی,پذیرش (قانون صریح),,52.7896,36.3328,active,cabins، db، sweep
3224492,/room/3224492,کلبه سوئیسی استخردار در بابلکنار - شیردارکلا,شیردارکلا,بله,main,,کلبه، کلبه سوئیسی، ویلا، کلبه چوبی,100,560,2,4,6,4.7,4,4.8,5,4.8,4.8,5,4,2024-07-17,2025-03-20,,عقیل,2024-04-23,45,33,2,,متوسط,مشترک (فضای مشترک با میزبان یا مهمان دیگر),500000,,,دارد,استخر سرپوشیده آبگرم، تراسی دلباز و محوطه ای زیبا با دسترسی ,,,,,مشترک (فضای مشترک با میزبان یا مهمان دیگر),ذکر شده,,,یک عدد اسپلیت ۲۴هزار و ۲ عدد اسپلیت ۱۲هزار,پکیج - رادیاتور,پذیرش (قانون صریح),,52.7636,36.3407,active,cabins، db، sweep
3224789,/room/3224789,کلبه سوئیسی در بابلکنار - سیادرکلا,سیادرکلا,بله,main,,کلبه، کلبه سوئیسی، کلبه چوبی,60,200,1,2,4,5,29,5,5,4.9,4.9,5,5,2024-08-13,2026-08-15,اقامتگاه پلاس؛ رزرو فوری,ناصر,2024-08-05,100,112,1,,متوسط,دربست,350000,,,,,ذکر شده,,ذکر شده,,,ذکر شده,,,یک دستگاه کولر اسپلیت ۲۴۰۰۰ در اتاق خواب بالا,یک شعله بخاری گازی در پذیرایی,پذیرش (قانون صریح),,52.7399,36.3619,active,corpus، db، search، sweep
3224799,/room/3224799,کلبه سوئیسی در بابلکنار - بزچفت,بزچفت,بله,main,,کلبه، کلبه سوئیسی، کلبه چوبی,50,200,1,4,5,4.1,38,4.2,4.2,3.4,4.5,4.5,3.9,2024-06-02,2026-08-26,,مهدی,2024-05-16,78,391,1,,متوسط,مشترک (فضای مشترک با میزبان یا مهمان دیگر),500000,,,,,,,ذکر شده,دنج و سرسبز در روستای خوش آب و هوای بزچفت با فاصله حدود ۲۵ کیلو,مشترک (فضای مشترک با میزبان یا مهمان دیگر),ذکر شده,,,یک دستگاه کولر اسپیلت 24000 در پذیرایی,یک شعله بخاری گازی در پذیرایی,پذیرش (قانون صریح),,52.7695,36.3799,active,corpus، db، sweep
3224873,/room/3224873,کلبه چوبی در بابلکنار - کاردکرکلا,کاردرکلا,بله,main,,کلبه، کلبه چوبی,70,1000,1,2,4,5,128,5,5,5,4.9,5,5,2024-04-28,2026-08-27,اقامتگاه پلاس؛ رزرو فوری,حسین,2024-04-25,98,136,1,,متوسط,دربست,350000,,,,,ذکر شده,,,,,,,,یک دستگاه اسپیلت 10000 در پذیرایی,یک شعله بخاری گازی در پذیرایی,پذیرش (قانون صریح),,52.7569,36.2899,active,cabins، corpus، db، sweep
3225284,/room/3225284,اجاره کلبه سوئیسی در لفور - بورخانی,لفور,بله,main,,کلبه، کلبه سوئیسی، ویلا، کلبه چوبی,55,100,2,4,5,4.9,33,5,4.9,4.9,4.6,5,5,2024-05-02,2026-09-01,اقامتگاه پلاس؛ رزرو فوری,محمد,2023-09-19,100,23,1,,سخت,دربست,800000,دارد,2 نفره,,,,,ذکر شده,,,ذکر شده,,,یک دستگاه اسپلیت 24000 در اتاق خواب,پکیج - رادیاتور,پذیرش (قانون صریح),,52.8347,36.2348,active,corpus
3225446,/room/3225446,کلبه سوئیسی با جکوزی در بابلکنار - سیدکلا,سیدکلا,بله,main,,کلبه، کلبه سوئیسی، کلبه چوبی,80,700,1,2,4,4.8,42,4.9,4.8,4.8,4.7,4.9,4.6,2024-04-08,2026-08-15,اقامتگاه پلاس؛ رزرو فوری,لیلا,2023-10-03,100,20,1,,متوسط,دربست,750000,دارد,4 نفره,,,ذکر شده,,ذکر شده,دنج در محیطی امن با چشم انداز زیبا در روستای سید کلا واقع شده ک,,ذکر شده,,,یک دستگاه اسپیلت 24000 در پذیرایی,یک شعله بخاری گازی در پذیرایی,پذیرش (قانون صریح),,52.7903,36.3166,active,cabins، corpus، db، search، sweep
3225771,/room/3225771,اجاره کلبه سوئیسی در لفور - میرارکلا,لفور,بله,main,,کلبه,150,500,2,4,6,4.5,43,4.7,4.7,4.1,4.6,4.7,4.2,2024-05-17,2026-07-26,,محمد,2022-11-16,95,367,1,,سخت,مشترک (فضای مشترک با میزبان یا مهمان دیگر),800000,دارد,جکوزی چهارنفره,,,ذکر شده,,,مستر دارد با محوطه ای سرسبز و دلنشین و تراسی با چشم انداز بی نظ,مشترک (فضای مشترک با میزبان یا مهمان دیگر),,,,یک دستگاه اسپیلت 18 هزار در پذیرایی و یک دستگاه اسپیلت 12 هزار در  هر اتاق خواب,یک شعله بخاری گازی در پذیرایی و یک شعله بخاری گازی در اتاق خواب پایین,,,52.7864,36.2196,active,corpus
3225787,/room/3225787,کلبه سوئیسی جکوزی دار در بابلکنار - درازکش,درازکش,بله,main,,کلبه، کلبه سوئیسی، ویلا، کلبه چوبی,80,1000,2,4,8,4.7,81,4.9,4.9,4.7,4.4,4.9,4.5,2024-07-14,2026-08-10,اقامتگاه پلاس؛ رزرو فوری,سمیه,2024-05-15,98,45,1,,سخت,مشترک (فضای مشترک با میزبان یا مهمان دیگر),600000,دارد,2 نفره,,,,,ذکر شده,,مشترک (فضای مشترک با میزبان یا مهمان دیگر),ذکر شده,,,یک اسپیلت ۱۲هزار در سالن پذیرایی,یک شعله بخاری گازی و اسپیلت دو منظوره ۱۲هزار در پذیرایی,پذیرش (قانون صریح),,52.6782,36.2725,active,corpus، db، sweep
3225855,/room/3225855,کلبه استخردار در بابلکنار - کاردرکلا - کلبه ۱,کاردرکلا,بله,main,,ویلا,100,450,2,4,8,4.7,25,4.9,4.9,4.2,4.6,4.9,4.6,,,اقامتگاه پلاس,کاظم,2020-08-13,93,229,1,,سخت,دربست,700000,,,دارد,استخر سرپوشیده آبگرم با چشم اندازی زیبا در محیطی دنج و سرسبز,,,ذکر شده,دنج و سرسبز در جاده لفور در روستای خوش آب و هوای کاردرکلا با فا,,ذکر شده,,,یک دستگاه اسپلیت 18000 در پذیرایی و یک دستگاه اسپلیت 12000 در طبقه دوم,پکیچ - شوفاژ,پذیرش (قانون صریح),,52.7662,36.3015,active,cabins، db
3228098,/room/3228098,اجاره کلبه دو طبقه در لفور - شاهکلا,لفور,بله,main,,کلبه، کلبه چوبی,60,2000,1,2,6,4.6,39,4.6,5,4.1,4.6,5,4.5,,,اقامتگاه پلاس,مهرداد,2024-05-15,98,120,1,,متوسط,مشترک (فضای مشترک با میزبان یا مهمان دیگر),300000,دارد,وان جکوزی بیرون از خانه و در طبقه پایین قرار دارد.,,,,,,دنج از جنگل های هیرکانی در روستای شاهکلا واقع شده و در فاصله حد,مشترک (فضای مشترک با میزبان یا مهمان دیگر),,,,یک دستگاه کولر اسپیلت 12000 در پذیرایی,یک شعله بخاری گازی در هر طبقه,پذیرش (قانون صریح),,52.6986,36.19,active,corpus
3228116,/room/3228116,کلبه سوئیسی در لفور - شارقلت,لفور,بله,main,,کلبه، کلبه سوئیسی، کلبه چوبی,45,200,1,4,4,4.8,68,4.9,4.8,4.6,4.8,4.9,4.6,,,اقامتگاه پلاس؛ رزرو فوری,اکبر,2023-09-04,93,58,1,,سخت,مشترک (فضای مشترک با میزبان یا مهمان دیگر),500000,دارد,دو نفره در تراس,,,ذکر شده,,ذکر شده,,مشترک (فضای مشترک با میزبان یا مهمان دیگر),ذکر شده,,,یک دستگاه کولر اسپلیت 18000  در پذیرایی,یک شعله بخاری گازی در پذیرایی,پذیرش (قانون صریح),,52.7914,36.2563,active,corpus
3228266,/room/3228266,اجاره ویلا سوئیسی در بابلکنار - رئیس کلا,رئیسکلا,بله,main,بله - عنوان هم کلبه هم ویلا,کلبه,80,250,1,3,5,4.7,96,4.8,5,4.5,4.3,5,4.7,,,اقامتگاه پلاس؛ رزرو فوری,سرکارخانم لیلا,2024-04-23,97,178,1,,متوسط,دربست,200000,,,,,,,ذکر شده,مست و پارک جنگلی جوارم از جاذبه های دیدنی و گردشگری قابل دسترسی,,ذکر شده,,,یک دستگاه اسپلیت 12000 در پذیرایی و یک دستگاه اسپلیت 12000 در اتاق خواب,پکیج - رادیاتور,پذیرش (قانون صریح),,52.7391,36.3718,active,corpus، db، sweep
3228478,/room/3228478,کلبه سوئیسی استخردار در بابلکنار - گونه کلا,گونه کلا,بله,main,,کلبه، کلبه سوئیسی,200,1000,2,4,6,4.9,34,4.9,4.8,5,4.8,4.9,4.9,,,اقامتگاه پلاس؛ رزرو فوری,شهریار,2024-04-21,100,54,1,,سخت,دربست,1500000,,,دارد,,,,ذکر شده,,,ذکر شده,,,یک دستگاه اسپلیت 24000 در پذیرایی و یک دستگاه اسپلیت ۱۲۰۰۰ برای هر اتاق خواب,پکیچ - رادیاتور,پذیرش (قانون صریح),,52.7773,36.3357,active,cabins، corpus، db، sweep
3228846,/room/3228846,کلبه چوبی جکوزی دار در لفور - امام کلا,لفور,بله,main,,کلبه، ویلا، کلبه چوبی,50,500,2,4,7,4.6,54,4.6,4.7,4.3,4.6,5,4.4,,,اقامتگاه پلاس؛ ویدیو دارد,فاطمه,2024-08-18,89,187,1,,متوسط,مشترک (فضای مشترک با میزبان یا مهمان دیگر),400000,دارد,2 نفره,,,,,ذکر شده,دنج از جنگل های هیرکانی روستای امامکلا واقع شده و در فاصله حدود,مشترک (فضای مشترک با میزبان یا مهمان دیگر),ذکر شده,,,یک دستگاه کولر اسپلیت 12000 در پذیرایی.   .یک عدد پنکه ایستاده,یک شعله بخاری گازی در پذیرایی و یک شعله بخاری گازی در هر اتاق خواب,پذیرش (قانون صریح),,52.7001,36.1815,active,corpus
3228941,/room/3228941,کلبه چوبی در شیرگاه - گونه کلا,گونه کلا,بله,main,,کلبه، کلبه چوبی,70,1000,1,4,4,4.8,23,4.7,4.8,4.7,4.8,5,4.6,,,اقامتگاه پلاس,عبدالله,2024-05-19,95,295,1,,سخت,دربست,150000,,,,,ذکر شده,,ذکر شده,دنج و چشم انداز کوه و جنگل در روستای گونه کلا با فاصله حدود ۱۰ ,,ذکر شده,,,یک دستگاه کولر اسپلیت 18000 در پذیرایی,یک شعله بخاری گازی در پذیرایی,پذیرش (قانون صریح),,52.79,36.3328,active,cabins، corpus، db، sweep
3229028,/room/3229028,کلبه در بابلکنار - چهره,چهره,بله,main,,کلبه، خانه روستایی,50,700,1,4,6,5,2,5,5,5,5,5,5,,,,سعید,2023-05-18,23,248,1,,آسان,مشترک (فضای مشترک با میزبان یا مهمان دیگر),250000,,,,,ذکر شده,,,,مشترک (فضای مشترک با میزبان یا مهمان دیگر),ذکر شده,,,یک دستگاه اسپیلت 12000 در پذیرایی,یک شعله بخاری گازی و یک دستگاه بخاری برقی,پذیرش (قانون صریح),,52.7174,36.3465,suspend,db، sweep
3229175,/room/3229175,کلبه سوئیسی جکوزی دار در لفور - شاهکلا - ۲,لفور,بله,main,,کلبه، کلبه سوئیسی، کلبه چوبی,75,5000,1,2,4,4.9,142,5,5,5,4.8,5,4.9,,,اقامتگاه پلاس؛ رزرو فوری,مجید,2024-04-27,98,66,1,,سخت,مشترک (فضای مشترک با میزبان یا مهمان دیگر),750000,دارد,3 نفره,,,ذکر شده,,ذکر شده,دنج از جنگل های هیرکانی روستای شاهکلا واقع شده و در فاصله ۱۵ کی,مشترک (فضای مشترک با میزبان یا مهمان دیگر),ذکر شده,,,یک دستگاه اسپلیت 18000 در پذیرایی و یک دستگاه اسپلیت 9000 در اتاق خواب,گرمایش از کف,پذیرش (قانون صریح),,52.6996,36.1828,active,corpus
3229810,/room/3229810,کلبه سوئیسی در شیرگاه - گونه کلا,گونه کلا,بله,main,,کلبه، کلبه سوئیسی، کلبه چوبی,80,300,1,4,6,4.8,56,4.7,5,4.7,4.6,5,4.7,,,اقامتگاه پلاس,مانا,2024-05-22,83,129,1,,سخت,دربست,500000,,,,,,,ذکر شده,دنج و سرسبز در روستای گونه کلا از توابع منطقه بابلکنار واقع شده,,ذکر شده,,,یک دستگاه اسپیلت ۲۴ هزار در اتاق خواب,پکیج و شوفاژ,پذیرش (قانون صریح),,52.8022,36.329,active,corpus
3229822,/room/3229822,اجاره کلبه سوئیسی در سوادکوه - درازکلا,درازکلا,بله,main,,کلبه، کلبه سوئیسی، کلبه چوبی,80,500,1,2,4,5,6,5,5,5,5,5,5,,,اقامتگاه پلاس؛ رزرو فوری,عباس,2025-05-04,90,121,1,,متوسط,دربست,400000,,,,,,,ذکر شده,,,ذکر شده,,,یک دستگاه کولر اسپلیت 18000 در پذیرایی و یک دستگاه اسپلیت 12000 در یک اتاق خواب,یک شعله بخاری گازی در پذیرایی,پذیرش (قانون صریح),,52.7194,36.3322,active,db، sweep
3229848,/room/3229848,اجاره کلبه سوئیسی در لفور - بورخانی,لفور,بله,main,,کلبه، کلبه سوئیسی,60,300,2,3,4,4.9,39,4.9,5,4.9,4.7,5,4.6,,,اقامتگاه پلاس,محدثه,2024-05-02,92,293,1,,متوسط,دربست,700000,دارد,دو نفره,,,,,ذکر شده,,,ذکر شده,,,یک دستگاه اسپلیت 18000 در پذیرایی و یک دستگاه اسپلیت 24000 در اتاق خواب,یک شعله بخاری گازی در پذیرایی,پذیرش (قانون صریح),,52.834,36.2361,active,corpus
3230009,/room/3230009,اجاره کلبه سوئیسی در بابلکنار - کاردرکلا - تی تی,کاردرکلا,بله,main,,کلبه، کلبه سوئیسی، کلبه چوبی,80,4000,1,2,4,4.9,11,4.9,4.9,4.9,4.9,4.9,4.8,,,,امیر,2024-05-15,85,150,1,,سخت,مشترک (فضای مشترک با میزبان یا مهمان دیگر),600000,,,,,,,ذکر شده,دنج و سرسبز در جاده لفور در روستای خوش آب و هوای کاردرکلا با فا,مشترک (فضای مشترک با میزبان یا مهمان دیگر),,,,یک دستگاه اسپلیت 18000 در پذیرایی,یک شعله بخاری گازی در پذیرایی,پذیرش (قانون صریح),,52.7625,36.3029,active,cabins، db، sweep
3230201,/room/3230201,کلبه سوئیسی در بابلکنار - چهره,چهره,بله,main,,کلبه، کلبه چوبی,36,500,1,2,3,4.8,44,4.9,5,4.8,4.8,4.9,4.6,,,اقامتگاه پلاس,آذر,2024-04-22,96,287,1,,متوسط,مشترک (فضای مشترک با میزبان یا مهمان دیگر),250000,,,,,,,,,مشترک (فضای مشترک با میزبان یا مهمان دیگر),ذکر شده,,,یک دستگاه اسپیلت 12000 در پذیرایی و اتاق خواب,,پذیرش (قانون صریح),,52.7131,36.3457,active,corpus، db، sweep
3230204,/room/3230204,اجاره کلبه چوبی در بابلکنار - چهره,چهره,بله,main,,کلبه، کلبه چوبی,32,500,1,2,3,5,49,5,5,4.9,4.9,4.9,5,,,اقامتگاه پلاس,آذر,2024-04-22,96,287,1,,متوسط,مشترک (فضای مشترک با میزبان یا مهمان دیگر),300000,,,,,,,,,مشترک (فضای مشترک با میزبان یا مهمان دیگر),ذکر شده,,,,,پذیرش (قانون صریح),,52.713,36.3457,active,corpus، db، sweep
3230419,/room/3230419,کلبه چوبی دوطبقه در رئیس کلا لفور,رئیس کلا,بله,main,,کلبه، ویلا,80,200,1,4,5,4.8,83,4.9,4.9,4.8,4.6,5,4.6,,,اقامتگاه پلاس؛ رزرو فوری,هانیه,2024-05-02,100,30,1,,متوسط,مشترک (فضای مشترک با میزبان یا مهمان دیگر),300000,,,,,ذکر شده,,ذکر شده,دنج از روستای رئیس کلا در منطقه لفور و با فاصله حدود ۳۵ کیلومتر,مشترک (فضای مشترک با میزبان یا مهمان دیگر),ذکر شده,,,یک دستگاه اسپلیت ۱۲ هزار,یک شعله بخاری گازی در هر طبقه و یک شعله شومینه در طبقه دوم,پذیرش (قانون صریح),,52.7108,36.2121,active,corpus
3232243,/room/3232243,اجاره کلبه سوئیسی در بابلکنار - سیاه درکا,بابلکنار,نامطمئن,main,,کلبه، کلبه سوئیسی، کلبه چوبی,45,120,1,2,4,4.9,41,4.9,4.9,4.8,4.9,4.9,5,,,اقامتگاه پلاس,نادیا,2024-05-27,83,208,1,,متوسط,دربست,300000,,,,,,,ذکر شده,دنج و خوش آب و هوای سیاه درکا واقع شده است که حدود ۱۰ کیلومتر ب,,ذکر شده,,,یک دستگاه اسپلیت 12000 در پذیرایی,یک شعله بخاری گازی,پذیرش (قانون صریح),,52.7493,36.3617,active,corpus، db، sweep
3232417,/room/3232417,کلبه سوئیسی با جکوزی در بابلکنار - کاردرکلا,کاردرکلا,بله,main,,کلبه، کلبه سوئیسی، کلبه چوبی,65,5000,1,2,4,4.3,48,4.5,4.4,3.8,4.5,4.7,4.2,,,,علی,2022-07-23,74,280,1,,متوسط,دربست,350000,دارد,2 نفره,,,,,ذکر شده,دنج و سرسبز در جاده لفور در روستای خوش آب و هوای کاردرکلا با فا,,ذکر شده,,,یک دستگاه اسپلیت 24000 در پذیرایی,یک شعله بخاری گازی در پذیرایی,پذیرش (قانون صریح),,52.7611,36.3085,active,cabins، corpus، db، sweep
3232477,/room/3232477,کلبه سوئیسی جکوزی دار در لفور - شاهکلا,لفور,بله,main,,کلبه، کلبه سوئیسی، کلبه چوبی,60,120,1,2,4,4.7,195,4.8,4.9,4.4,4.4,5,4.5,,,اقامتگاه پلاس؛ رزرو فوری,مصطفی,2024-05-26,97,121,1,,سخت,مشترک (فضای مشترک با میزبان یا مهمان دیگر),300000,دارد,2 نفره,,,,ذکر شده,ذکر شده,دنج از جنگل های هیرکانی روستای شاهکلا واقع شده و در فاصله ۱۵ کی,مشترک (فضای مشترک با میزبان یا مهمان دیگر),,,,یک دستگاه کولر اسپیلت 24000 در پذیرایی,یک شعله بخاری گازی در پذیرایی,پذیرش (قانون صریح),,52.6985,36.1901,active,corpus
3232686,/room/3232686,کلبه سوئیسی جکوزی دار در لفور - شاهکلا,لفور,بله,main,,کلبه، کلبه سوئیسی، کلبه چوبی,70,150,2,2,6,4.8,139,4.9,4.8,4.8,4.6,4.9,4.7,,,اقامتگاه پلاس؛ رزرو فوری,مجید,2024-04-27,98,66,1,,سخت,دربست,500000,دارد,4 نفره,,,ذکر شده,,ذکر شده,دنج از جنگل های هیرکانی روستای شاهکلا واقع شده و در فاصله ۱۵ کی,,ذکر شده,,,یک دستگاه کولر اسپیلت 18000 در پذیرایی و یک دستگاه کولر اسپیلت 12000 در هر اتاق خواب,پکیج - شوفاژ,پذیرش (قانون صریح),,52.7001,36.1838,active,corpus
3232777,/room/3232777,کلبه سوئیسی جنگلی در شاه کلاه لفور - دوخوابه,لفور,بله,main,,کلبه، کلبه سوئیسی، ویلا، کلبه چوبی,65,150,2,4,6,4.9,63,5,5,4.8,4.9,5,4.8,,,اقامتگاه پلاس؛ رزرو فوری,محمود,2024-06-10,99,63,1,,سخت,دربست,500000,دارد,جکوزی ۴ نفره در حیاط,,,,,ذکر شده,,,ذکر شده,,,یک دستگاه اسپلیت 18000 در پذیرایی و یک دستگاه اسپلیت 12000 در هر اتاق خواب,پکیج - رادیاتور,پذیرش (قانون صریح),,52.7011,36.1818,active,corpus
3232801,/room/3232801,اجاره کلبه سوئیسی در لفور - امام کلا,لفور,بله,main,,کلبه، کلبه سوئیسی، کلبه چوبی,70,400,1,4,6,4.7,42,4.8,4.7,4.6,4.7,5,4.5,,,اقامتگاه پلاس؛ رزرو فوری,شاهین,2024-05-13,98,65,1,,متوسط,مشترک (فضای مشترک با میزبان یا مهمان دیگر),500000,,,,,ذکر شده,,,دنج و سرسبز در روستای امام کلا از توابع منطقه لفور واقع شده که ,مشترک (فضای مشترک با میزبان یا مهمان دیگر),ذکر شده,,,یک دستگاه کولر اسپلیت 18000 در اتاق خواب طبقه دوم,یک شعله بخاری گازی در پذیرایی,پذیرش (قانون صریح),,52.7006,36.1841,active,corpus
3232910,/room/3232910,کلبه سوئیسی جنگلی در شاه کلاه لفور - یکخوابه,لفور,بله,main,,کلبه، کلبه سوئیسی، کلبه چوبی,80,150,1,2,4,5,34,5,5,5,5,5,4.9,,,اقامتگاه پلاس؛ رزرو فوری,محمود,2024-06-10,99,63,1,,سخت,دربست,500000,دارد,جکوزی دو نفره در حیاط,,,,,ذکر شده,دنج و تراسی دلنشین در مجاورت کلبه دیگر با دسترسی حدود ۷ پله در ,,ذکر شده,,,یک دستگاه اسپلیت 18000 در پذیریی و یک دستگاه اسپلیت 12000 در اتاق خواب,پکیج - رادیاتور,پذیرش (قانون صریح),,52.7012,36.182,active,corpus
3234218,/room/3234218,کلبه سوئیسی در بابلکنار - ازارسی,بابلکنار,نامطمئن,main,,کلبه، کلبه سوئیسی، کلبه چوبی,70,800,1,2,4,4.9,47,5,4.6,5,4.9,5,4.9,,,اقامتگاه پلاس؛ رزرو فوری,روح الله,2024-05-30,0,48,1,,سخت,مشترک (فضای مشترک با میزبان یا مهمان دیگر),300000,,,,,,,ذکر شده,,مشترک (فضای مشترک با میزبان یا مهمان دیگر),ذکر شده,,,یک دستگاه اسپلیت 24000 و یک دستگاه اسپلیت ۱۲۰۰۰ در پذیرایی، یک دستگاه اسپلیت ۹۰۰۰ در اتاق خواب,یک شعله بخاری گازی در پذیرایی,پذیرش (قانون صریح),,52.6987,36.3487,inactive,corpus، db، sweep
3234324,/room/3234324,کلبه چوبی جکوزی دار در لفور - امام کلا,لفور,بله,main,,کلبه، کلبه چوبی,90,2000,2,4,4,4.6,40,4.8,4.9,4.1,4.6,4.9,4.4,,,اقامتگاه پلاس,بهروز,2024-06-30,70,206,1,,سخت,مشترک (فضای مشترک با میزبان یا مهمان دیگر),1500000,دارد,2 نفره,,,ذکر شده,,,دنج و آرامشبخش از جنگل های هیرکانی و پوشیده از درخت، با چشم اند,مشترک (فضای مشترک با میزبان یا مهمان دیگر),ذکر شده,,,یک دستگاه اسپلیت 32000 در پذیرایی طبقه پایین,یک شعله بخاری گازی در پذیرایی و یک شعله بخاری گازی در هر اتاق خواب,پذیرش (قانون صریح),,52.701,36.1946,active,corpus
3234782,/room/3234782,اجاره کلبه سوئیسی در بابلکنار - شیردارکلا,شیردارکلا,بله,main,,کلبه، کلبه سوئیسی، کلبه چوبی,65,100,1,2,4,4.4,26,3.8,4.8,4,4.8,4.7,4.3,,,,کاوه,2021-06-07,79,153,1,,سخت,دربست,1000000,دارد,دو نفره در طبقه بالا,,,,,ذکر شده,دنج و ایوان در منطقه شیردارکلا واقع شده است که تا شهر شیرگاه حد,,ذکر شده,,,یک دستگاه اسپیلت 24000 در طبقه پایین,یک دستگاه اسپیلت 24000 دو منظوره در پذیرایی و یک عدد هیتر برقی در طبقه بالا,پذیرش (قانون صریح),,52.7752,36.338,active,cabins، corpus، db، sweep
3234857,/room/3234857,خانه جکوزی دار در بابلکنار - نزدیک مرزیکلا,مرزیکلا,بله,main,بله - عنوان هم کلبه هم ویلا,ویلا,140,400,2,4,6,5,23,5,4.9,4.9,5,5,4.9,,,اقامتگاه پلاس؛ رزرو فوری,سامان,2024-06-25,100,120,1,,متوسط,دربست,500000,دارد,۴ نفره در تراس,,,ذکر شده,ذکر شده,ذکر شده,,,ذکر شده,,,اسپیلت 30000 در پذیرایی,سیستم پکیج رادیاتور,پذیرش (قانون صریح),,52.7394,36.3556,active,db
3235121,/room/3235121,اجاره کلبه سوئیسی در بابلکنار - بزچفت,بزچفت,بله,main,,کلبه، کلبه سوئیسی، کلبه چوبی,60,400,1,2,4,4.6,13,5,5,3.8,4.5,5,4.5,,,اقامتگاه پلاس,جاوید,2024-10-15,80,298,1,,آسان,دربست,100000,,,,,,,ذکر شده,,,ذکر شده,,,یک دستگاه اسپلیت 12000 در پذیرایی,یک دستگاه بخاری برقی,,,52.7478,36.3857,active,db، sweep
3235299,/room/3235299,اجاره کلبه سوئیسی در بابلکنار - گونه کلا,گونه کلا,بله,main,,کلبه، کلبه سوئیسی، کلبه چوبی,70,85,1,4,6,4.7,40,4.8,4.6,4.3,4.9,5,4.7,,,اقامتگاه پلاس,مختار,2024-05-21,93,252,1,,متوسط,مشترک (فضای مشترک با میزبان یا مهمان دیگر),300000,,,,,ذکر شده,,,دنج با چشم انداز زیبای جنگل های هیرکانی در روستای سرسبز و خوش آ,مشترک (فضای مشترک با میزبان یا مهمان دیگر),ذکر شده,,,یک دستگاه اسپیلت 24000 در پذیرایی,یک شعله بخاری گازی در پذیرایی,پذیرش (قانون صریح),,52.7928,36.3358,active,cabins، corpus، db، sweep
3235515,/room/3235515,اجاره کلبه سوئیسی در بابلکنار - کبریاکلا,کبریاکلا,بله,main,,کلبه، کلبه سوئیسی، ویلا، کلبه چوبی,60,4000,0,2,5,4.2,3,4.3,4.3,3.3,4.7,5,3.3,,,میزبان منظم,فاطمه,2024-06-12,40,140,1,,سخت,مشترک (فضای مشترک با میزبان یا مهمان دیگر),500000,دارد,وان جکوزی 4 نفره,,,,,ذکر شده,دنج فضاسازی شده در جوار واحدی دیگر در روستای خوش آب و هوای کبری,مشترک (فضای مشترک با میزبان یا مهمان دیگر),ذکر شده,,,یک دستگاه اسپلیت 12000 در پذیرای,دو شعله بخاری گازی در پذیرایی,پذیرش (قانون صریح),,52.7277,36.3271,active,db، sweep
3235525,/room/3235525,خانه با معماری چوبی در بابلکنار - کبریاکلا,کبریاکلا,بله,main,,کلبه، کلبه چوبی,70,4000,1,2,5,5,1,5,5,5,5,5,5,,,,فاطمه,2024-06-12,40,140,1,,سخت,مشترک (فضای مشترک با میزبان یا مهمان دیگر),10000,دارد,وان جکوزی 4 نفره,,,,,ذکر شده,,مشترک (فضای مشترک با میزبان یا مهمان دیگر),ذکر شده,,,یک دستگاه اسپلیت 24000 در پذیرایی,یک شعله بخاری گازی در پذیرایی,پذیرش (قانون صریح),,52.7277,36.3272,active,db، sweep
3235621,/room/3235621,خانه جکوزی دار در بابلکنار - سیادرکا,سیادرکا,بله,main,بله - عنوان هم کلبه هم ویلا,سوئیت,70,300,1,2,5,4.9,50,5,4.9,4.9,4.8,5,4.9,,,اقامتگاه پلاس؛ رزرو فوری,امیر محمد,2024-06-11,90,124,1,,سخت,مشترک (فضای مشترک با میزبان یا مهمان دیگر),400000,دارد,2 نفره,,,,,ذکر شده,دنج در روستای خوش آب و هوای سیادرکا واقع شده است که حدود ۲ کیلو,مشترک (فضای مشترک با میزبان یا مهمان دیگر),ذکر شده,,,کولر اسپیلیت ۱۸ هزار,پکیج - رادیاتور,پذیرش (قانون صریح),,52.7564,36.362,active,db
3236158,/room/3236158,کلبه سوئیسی با جکوزی در بابلکنار - گونه کلا,گونه کلا,بله,main,,کلبه، کلبه سوئیسی، کلبه چوبی,50,250,1,4,6,4.9,11,5,5,4.8,5,5,4.8,,,,پوریا,2023-06-20,0,134,1,,متوسط,مشترک (فضای مشترک با میزبان یا مهمان دیگر),500000,دارد,جکوزی دونفره,,,,,ذکر شده,مست و پارک جنگلی جوارم از جاذبه های دیدنی و گردشگری قابل دسترسی,مشترک (فضای مشترک با میزبان یا مهمان دیگر),ذکر شده,,,یک دستگاه اسپلیت 30000 در پذیرایی,یک شعله بخاری گازی در پذیرایی,پذیرش (قانون صریح),,52.785,36.3349,inactive,db
3236345,/room/3236345,کلبه سوئیسی جکوزی دار در لفور - مرزیدره,لفور,بله,main,,کلبه، کلبه سوئیسی، ویلا، کلبه چوبی,107,300,2,4,5,4.6,60,4.6,4.8,4.3,4.7,5,4.4,,,اقامتگاه پلاس,ولی,2024-06-19,97,281,1,,متوسط,دربست,500000,دارد,4 نفره,,,,,ذکر شده,,,,,,یک دستگاه اسپلیت 24000 در پذیرایی و یک دستگاه اسپلیت 12000 در اتاق خواب بالا,یک شعله بخاری گازی در پذیرایی و یک شعله بخاری گازی در یک اتاق خواب,,,52.784,36.2491,active,corpus
3237859,/room/3237859,کلبه سوئیسی در بابلکنار - سیدکلا,سیدکلا,بله,main,,کلبه، کلبه سوئیسی، کلبه چوبی,80,300,2,4,8,4.4,12,4.7,4.7,3.6,4.3,5,4.1,,,,حبیب,2024-07-14,69,47,1,,سخت,مشترک (فضای مشترک با میزبان یا مهمان دیگر),500000,,,دارد,,,,,,مشترک (فضای مشترک با میزبان یا مهمان دیگر),ذکر شده,,,یک دستگاه اسپلیت 24000 در پذیرایی,یک دستگاه بخاری برقی در هر طبقه,پذیرش (قانون صریح),,52.7969,36.3154,active,cabins، db، sweep
3237885,/room/3237885,کلبه سوئیسی با جکوزی در بابلکنار - درازکلا,درازکلا,بله,main,,کلبه، کلبه سوئیسی، کلبه چوبی,60,1000,1,2,6,5,6,5,5,5,5,5,5,,,اقامتگاه پلاس,یوسف,2022-11-14,90,283,1,,سخت,مشترک (فضای مشترک با میزبان یا مهمان دیگر),450000,دارد,جکوزی، در جوار ۲ اقامتگاه دیگر در باغی زیبا و سرسبز و در روستای خوش آب و هوای درازکلا,,,,,ذکر شده,دنج و جکوزی، در جوار ۲ اقامتگاه دیگر در باغی زیبا و سرسبز و در ,مشترک (فضای مشترک با میزبان یا مهمان دیگر),ذکر شده,,,یک دستگاه اسپیلت ۱۲۰۰۰ در پذیرایی,یک شعله بخاری گازی در پذیرایی,پذیرش (قانون صریح),,52.7109,36.3398,active,db، sweep
3238785,/room/3238785,کلبه سوئیسی جکوزی دار در بابلکنار - هلیخال,بابلکنار,نامطمئن,main,,کلبه، کلبه سوئیسی، کلبه چوبی,50,1000,1,2,4,4.9,64,5,5,5,4.9,5,4.8,,,اقامتگاه پلاس؛ رزرو فوری,سیده حلیمه,2024-07-25,98,199,1,,سخت,دربست,400000,دارد,وان جکوزی دو نفره,,,,,ذکر شده,دنج به همراه جکوزی با دسترسی حدود ۸ پله در روستای هلیخال واقع ش,,ذکر شده,,,یک دستگاه اسپلیت 12000 در پذیرایی و یک دستگاه اسپیلت 12000 در اتاق خواب,یک شعله بخاری گازی در پذیرایی و یک عدد بخاری برقی در طبقه بالا,پذیرش (قانون صریح),,52.7041,36.3313,active,corpus، db، sweep
3239170,/room/3239170,کلبه سوئیسی در بابلکنار - مرزیکلا,مرزیکلا,بله,main,,کلبه، کلبه سوئیسی، کلبه چوبی,75,150,1,2,6,4.8,31,4.9,4.9,4.8,4.7,4.8,4.8,,,اقامتگاه پلاس؛ رزرو فوری,سیدمجتبی,2024-07-24,100,72,1,,متوسط,دربست,480000,,,,,,,ذکر شده,,,ذکر شده,,,یک دستگاه اسپلیت 24000 در اتاق خواب,یک شعله بخاری گازی در پذیرایی,پذیرش (قانون صریح),,52.7382,36.3658,active,corpus، db، search، sweep
3239562,/room/3239562,کلبه سوئیسی جکوزی دار در بابلکنار - هلی خال,بابلکنار,نامطمئن,main,,کلبه، کلبه سوئیسی، کلبه چوبی,60,287,1,2,4,4.8,61,4.9,4.9,4.8,4.8,4.9,4.7,,,اقامتگاه پلاس؛ رزرو فوری,فرزانه,2024-08-29,97,96,1,,متوسط,دربست,800000,دارد,سه نفره,,,,,ذکر شده,,,ذکر شده,,,یک دستگاه اسپلیت 24000 در اتاق خواب,یک شعله بخاری گازی در پذیرایی,پذیرش (قانون صریح),,52.7109,36.3398,active,corpus، db، sweep
3239829,/room/3239829,اجاره کلبه سوئیسی در سوادکوه - مرزیکلا,مرزیکلا,بله,main,,کلبه، کلبه سوئیسی، کلبه چوبی,60,144,1,2,4,4.8,46,5,4.9,5,4.6,5,4.5,,,اقامتگاه پلاس؛ رزرو فوری,مهدی,2024-07-31,100,100,1,,متوسط,دربست,150000,دارد,جکوزی ۱۲ نفره,,,,,ذکر شده,,,ذکر شده,,,یک دستگاه اسپلیت 18000 در پذیرایی,پکیج - رادیاتور _ بخاری,پذیرش (قانون صریح),,52.7382,36.3649,active,corpus، db، search
3239918,/room/3239918,اجاره کلبه سوئیسی در بابلکنار - کاردگرکلا,کاردرکلا,بله,main,,کلبه، کلبه سوئیسی، کلبه چوبی,80,340,1,2,10,4.8,52,5,4.9,4.7,4.7,5,4.7,,,اقامتگاه پلاس,سارا,2023-05-20,89,211,1,,سخت,دربست,300000,دارد,جکوزی دو نفره در حمام با یک پنجره بزرگ,دارد,,,,ذکر شده,,,ذکر شده,,,یک دستگاه اسپلیت 18000 در پذیرایی و یک دستگاه اسپیلت 12000 در اتاق خواب,پکیج - رادیاتور,پذیرش (قانون صریح),,52.7666,36.3078,active,cabins، corpus، db، sweep
3240255,/room/3240255,کلبه سوئیسی استخردار در بابلکنار - گونه کلا,گونه کلا,بله,main,,کلبه، کلبه سوئیسی، کلبه چوبی,180,400,3,6,10,4.7,57,4.9,4.8,4.8,4.6,4.8,4.4,,,اقامتگاه پلاس,سید ابراهیم,2022-07-26,93,319,1,,سخت,دربست,1500000,,,دارد,,,,ذکر شده,مستر است دارای استخر، تراس و حیاط دلباز در روستای خوش آب و هوای,,ذکر شده,,,یک دستگاه کولر اسپیلت 24000 در پذیرایی و یک دستگاه کولر اسپیلت 12000 در هر اتاق خواب,پکیچ - رادیاتور,پذیرش (قانون صریح),,52.789,36.3353,active,cabins، corpus، db، sweep
3240445,/room/3240445,کلبه سوئیسی با وان جکوزی در بابلکنار - سیدکلا,سیدکلا,بله,main,,کلبه، کلبه سوئیسی، کلبه چوبی,100,300,1,3,5,4.7,38,4.8,4.7,4.5,4.7,4.9,4.7,,,اقامتگاه پلاس؛ رزرو فوری,امیر,2024-08-26,96,32,1,,سخت,دربست,300000,دارد,وان جکوزی دونفره,,,,,ذکر شده,دنج به همراه میز فوتبال دستی، وان جکوزی و اتشدان در روستای خوش ,,ذکر شده,,,یک دستگاه کولر اسپیلت 24000 در طبقه بالا,پکیج - رادیاتور ـ باضافه بخاری گازی در طبقه پایین در مواقع ضروری,پذیرش (قانون صریح),,52.791,36.3163,active,cabins، corpus، db، search، sweep
3240541,/room/3240541,کلبه سوئیسی جکوزی دار در لفور - رئیس کلا,رئیس کلا,بله,main,,کلبه، کلبه سوئیسی، کلبه چوبی,60,100,1,2,4,4.6,60,4.6,4.9,4.4,4.5,4.9,4.4,,,اقامتگاه پلاس,مجتبی,2024-08-19,93,280,1,,متوسط,مشترک (فضای مشترک با میزبان یا مهمان دیگر),1000000,دارد,وان جکوزی دو نفره,,,,,ذکر شده,,مشترک (فضای مشترک با میزبان یا مهمان دیگر),ذکر شده,,,یک دستگاه اسپیلت 24000 در پذیرایی,یک شعله بخاری گازی در پذیرایی,پذیرش (قانون صریح),,52.7119,36.2117,active,corpus
3240912,/room/3240912,کلبه سوئیسی در بابلکنار - کلاریکلا - تیپ ۱,کلاریکلا,بله,main,,کلبه، کلبه سوئیسی، کلبه چوبی,70,150,0,2,4,4.9,51,4.9,4.9,4.8,4.8,4.9,4.8,,,اقامتگاه پلاس,عذری,2024-09-16,91,245,1,,متوسط,مشترک (فضای مشترک با میزبان یا مهمان دیگر),300000,,,,,,,ذکر شده,,مشترک (فضای مشترک با میزبان یا مهمان دیگر),ذکر شده,,,یک دستگاه اسپلیت 18000 در پذیرایی,یک شعله بخاری گازی در پذیرایی,پذیرش (قانون صریح),,52.7105,36.3626,active,corpus، db، sweep
3240990,/room/3240990,کلبه سوئیسی استخردار در بابلکنار - گونه کلا,گونه کلا,بله,main,,کلبه، کلبه سوئیسی، کلبه چوبی,80,200,1,5,6,4.1,11,4.2,5,3.4,4,4.8,3.2,,,رزرو فوری,حسین,2024-08-19,71,164,1,,متوسط,دربست,750000,,,دارد,,ذکر شده,,ذکر شده,دنج با چشم انداز زیبای جنگل های هیرکانی در روستای سرسبز و خوش آ,,ذکر شده,,,یک دستگاه کولر اسپلیت 24000 در پذیرایی,یک شعله بخاری گازی در پذیرایی,پذیرش (قانون صریح),,52.7892,36.3306,active,cabins، db، sweep
3241054,/room/3241054,کلبه سوئیسی استخردار در بابلکنار - سیاه درکا,بابلکنار,نامطمئن,main,,کلبه، کلبه سوئیسی، کلبه چوبی,80,200,1,2,6,4.8,32,4.9,4.7,4.6,4.8,4.9,4.8,,,اقامتگاه پلاس,سید حسین,2024-08-19,92,280,1,,سخت,دربست,700000,,,دارد,استخر سرپوشیده آبگرم و حیاطی دنج و پارکینگ اختصاصی در فاصله ,,,ذکر شده,دنج و پارکینگ اختصاصی در فاصله ۱۸ کیلومتری از شیرگاه در روستای ,,ذکر شده,,,یک دستگاه اسپلیت 24000 در پذیرایی و یک دستگاه اسپیلت 9000 در طبقه بالا,بخاری ژاپنی,پذیرش (قانون صریح),,52.7451,36.3626,active,corpus، db، search، sweep
3241360,/room/3241360,خانه چوبی در بابلکنار - بالفکلا شرقی,بالفکلا,بله,main,,کلبه، ویلا، کلبه چوبی,100,200,3,4,10,4.9,12,4.9,5,4.9,4.8,5,4.9,,,اقامتگاه پلاس,جمشید,2024-08-26,97,278,1,,متوسط,دربست,500000,,,,,,,ذکر شده,,,ذکر شده,,,یک دستگاه کولر اسپیلت 18000 در پذیرایی و یک دستگاه کولر اسپیلت 12000 در یک اتاق خواب,دو شعله بخاری گازی در پذیرایی و در اتاق خواب,پذیرش (قانون صریح),,52.7502,36.3465,active,db، sweep
3241499,/room/3241499,اجاره کلبه سوئیسی در بابلکنار - درازکلا,درازکلا,بله,main,,کلبه، کلبه سوئیسی، کلبه چوبی,50,500,1,2,4,5,24,5,5,5,4.8,5,5,,,اقامتگاه پلاس,عبدالله,2024-09-11,95,329,1,,سخت,مشترک (فضای مشترک با میزبان یا مهمان دیگر),500000,,,,,,,ذکر شده,دنج در روستای جنگلی جاجن از توابع درازکلا واقع شده است که حدود ,مشترک (فضای مشترک با میزبان یا مهمان دیگر),ذکر شده,,,یک دستگاه کولر اسپلیت 12000 در پذیرایی و یک دستگاه اسپلیت 12000 در یک اتاق خواب,بخاری گازی,پذیرش (قانون صریح),,52.7088,36.2982,active,db، sweep
3242162,/room/3242162,کلبه سوئیسی در بابلکنار - نزدیک مرزیکلا,مرزیکلا,بله,main,,کلبه، کلبه سوئیسی، کلبه چوبی,60,200,2,4,6,4.8,4,4.8,5,4.8,4.8,5,4.5,,,,پیام,2023-02-26,75,384,1,,سخت,دربست,400000,,,,,,,ذکر شده,,,ذکر شده,,,یک دستگاه اسپلیت 18000 در اتاق خواب طبقه بالا,یک شعله بخاری گازی در پذیرایی,پذیرش (قانون صریح),,52.7483,36.3738,active,db، sweep
3242603,/room/3242603,کلبه سوئیسی در بابلکنار - بزچفت,بزچفت,بله,main,,کلبه، کلبه سوئیسی، کلبه چوبی,50,700,1,2,3,5,28,5,5,4.9,4.9,5,4.9,,,اقامتگاه پلاس؛ رزرو فوری,حسن,2024-09-18,98,50,1,,متوسط,مشترک (فضای مشترک با میزبان یا مهمان دیگر),400000,,,,,,,ذکر شده,دنج و سرسبز در روستای خوش آب و هوای بزچفت با فاصله حدود ۲۵ کیلو,مشترک (فضای مشترک با میزبان یا مهمان دیگر),ذکر شده,,,یک دستگاه کولر اسپیلت 24000 در پذیرایی,یک شعله بخاری گازی در پذیرایی  و یک دستگاه بخاری برقی,پذیرش (قانون صریح),,52.774,36.3731,active,corpus، db، search، sweep
3242809,/room/3242809,اجاره کلبه چوبی تراس دار در لفور - امام کلا,لفور,بله,main,,کلبه، کلبه چوبی,32,1000,1,2,4,4.7,68,4.7,4.8,4.5,4.9,5,4.4,,,اقامتگاه پلاس؛ رزرو فوری,سید اویس,2023-07-11,100,25,1,,متوسط,مشترک (فضای مشترک با میزبان یا مهمان دیگر),300000,,,,,,,ذکر شده,مستر با حیاطی دلباز، در یک مجموعه اقامتی ۵ واحدی در روستای خوش ,مشترک (فضای مشترک با میزبان یا مهمان دیگر),,,,,یک شعله بخاری برقی در پذیرایی و یک شعله بخاری گازی در یک اتاق خواب,پذیرش (قانون صریح),,52.7011,36.183,active,corpus
3245010,/room/3245010,کلبه سوئیسی با جکوزی در بابلکنار - قرآن تالار,قرآن تالار,بله,main,,کلبه، کلبه سوئیسی، کلبه چوبی,30,200,1,3,3,4.6,8,4.8,4.8,3.8,4.8,5,4.3,,,اقامتگاه پلاس,جعفر,2024-10-28,87,203,1,,متوسط,مشترک (فضای مشترک با میزبان یا مهمان دیگر),150000,دارد,یک نفره,,,,,ذکر شده,,مشترک (فضای مشترک با میزبان یا مهمان دیگر),ذکر شده,,,یک دستگاه اسپلیت 18000 در پذیرایی و یک دستگاه اسپلیت 12000 در اتاق خواب,پکیج - رادیاتور,پذیرش (قانون صریح),,52.7812,36.2965,active,cabins، db، sweep
3245108,/room/3245108,کلبه سوئیسی با وان در بابلکنار - سیادرکا,سیادرکا,بله,main,,کلبه، کلبه سوئیسی، کلبه چوبی,60,5000,1,2,4,4.7,19,5,5,4.1,4.7,5,4.4,,,اقامتگاه پلاس؛ رزرو فوری,امیرحسین,2023-10-01,98,140,1,,متوسط,دربست,580000,,,,,,,ذکر شده,دنج می باشد,,ذکر شده,,,یک دستگاه کولر اسپلیت 24000 دو منظوره در پذیرایی,یک شعله بخاری گازی در پذیرایی و یک دستگاه کولر اسپلیت 24000 دو منظوره در پذیرایی,پذیرش (قانون صریح),,52.7393,36.3612,active,db، search، sweep
3245625,/room/3245625,اجاره کلبه سوئیسی در بابلکنار - درازکش,درازکش,بله,main,,کلبه، کلبه سوئیسی، کلبه چوبی,50,90,1,2,6,4.7,21,4.8,4.8,4.8,4.3,4.9,4.8,,,اقامتگاه پلاس,سمیه,2024-05-15,98,45,1,,سخت,مشترک (فضای مشترک با میزبان یا مهمان دیگر),600000,,,,,,,ذکر شده,,مشترک (فضای مشترک با میزبان یا مهمان دیگر),ذکر شده,,,یک دستگاه اسپلیت 9000 در پذیرایی,یک شعله بخاری گازی در پذیرایی,پذیرش (قانون صریح),,52.679,36.2719,active,db، sweep
3246182,/room/3246182,کلبه سوئیسی جکوزی دار در بابلکنار - سیادرکا,سیادرکا,بله,main,,کلبه، کلبه سوئیسی، کلبه چوبی,60,150,1,2,6,4.7,111,4.8,4.6,4.6,4.7,5,4.6,,,اقامتگاه پلاس؛ رزرو فوری,سید رضا,2024-10-13,96,27,1,,سخت,دربست,500000,دارد,وان جکوزی دو نفره,,,,,ذکر شده,,,ذکر شده,,,یک دستگاه اسپلیت 18000 در اتاق خواب,یک شعله بخاری گازی در پذیرایی,پذیرش (قانون صریح),,52.7417,36.3617,active,corpus، db، sweep
3246896,/room/3246896,کلبه با سقف شیشه ای در بابلکنار - اطلس ۳,بابلکنار,نامطمئن,main,,کلبه، ویلا,25,5000,0,2,2,4.9,34,4.9,5,4.8,4.7,5,4.8,,,اقامتگاه پلاس,امیرضا,2022-08-22,98,273,1,,سخت,دربست,400000,,,,,,,ذکر شده,دنج و آرام از روستای سیادرکا با فاصله حدود ۲۵ کیلومتری از مرکز ,,,,,یک دستگاه کولر اسپلیت 18000 در پذیرایی,یک شعله بخاری گازی در پذیرایی,پذیرش (قانون صریح),,52.7469,36.3641,active,corpus، db، sweep
3247134,/room/3247134,اجاره کلبه چوبی با منظره کوهستان در لفور - شاهکلا,لفور,بله,main,,کلبه، کلبه چوبی,80,400,2,4,6,4.8,62,4.9,4.9,4.8,4.6,4.9,4.7,,,اقامتگاه پلاس؛ رزرو فوری,اسماعیل,2024-10-29,99,74,1,,متوسط,مشترک (فضای مشترک با میزبان یا مهمان دیگر),500000,دارد,2 نفره,,,,,ذکر شده,,مشترک (فضای مشترک با میزبان یا مهمان دیگر),ذکر شده,,,یک دستگاه اسپلیت 24000 در پذیرایی و یک دستگاه اسپلیت 9000 در اتاق خواب,یک شعله بخاری گازی در پذیرایی و یک شعله بخاری گازی در اتاق خواب پایین,پذیرش (قانون صریح),,52.6995,36.1909,active,corpus
3247152,/room/3247152,اجاره خانه چوبی در بابلکنار - بالفکلا,بالفکلا,بله,main,,کلبه، کلبه چوبی,80,100,2,6,8,4.2,10,4.5,4.5,3.6,4.5,4.6,3.5,,,,احمدرضا,2024-11-07,33,410,1,,سخت,مشترک (فضای مشترک با میزبان یا مهمان دیگر),500000,دارد,وان جکوزی دو نفره,,,,,,مستر است با تراسی با چشم انداز بینظیر و دسترسی حدود ۲۰ پله در ر,مشترک (فضای مشترک با میزبان یا مهمان دیگر),ذکر شده,,,یک دستگاه اسپیلت 24000 در پذیرایی و یک دستگاه اسپیلت 12000 در اتاق خواب طبقه بالا,یک شعله بخاری گازی در پذیرایی و یک شعله بخاری گازی در یک اتاق خواب,,,52.7501,36.3466,active,db، sweep
3247665,/room/3247665,کلبه چوبی در بابلکنار - مرزیکلا,مرزیکلا,بله,main,,کلبه، کلبه سوئیسی، کلبه چوبی,45,1000,1,4,4,4.6,16,4.5,4.7,4.4,4.7,4.8,4.5,,,اقامتگاه پلاس,هادی,2024-11-09,72,461,1,,متوسط,مشترک (فضای مشترک با میزبان یا مهمان دیگر),300000,,,,,,,ذکر شده,,مشترک (فضای مشترک با میزبان یا مهمان دیگر),ذکر شده,,,یک دستگاه اسپلیت 12هزار در پذیرایی و در اتاق خواب,یک شعله بخاری گازی در پذیرایی,پذیرش (قانون صریح),,52.739,36.3717,active,db، search، sweep
3248316,/room/3248316,اجاره کلبه سوئیسی در بابلکنار - درازکلا,درازکلا,بله,main,,کلبه، کلبه سوئیسی، کلبه چوبی,50,5000,1,2,4,4.7,71,4.8,4.7,4.6,4.5,4.9,4.8,,,اقامتگاه پلاس؛ رزرو فوری,سید رسول,2024-11-25,96,86,1,,سخت,مشترک (فضای مشترک با میزبان یا مهمان دیگر),500000,,,,,,,ذکر شده,دنج قرار دارد,مشترک (فضای مشترک با میزبان یا مهمان دیگر),ذکر شده,,,یک دستگاه کولر اسپیلت 24000 در اتاق خواب,یک شعله بخاری گازی در پذیرایی,پذیرش (قانون صریح),,52.7186,36.334,active,corpus، db، sweep
3248416,/room/3248416,اجاره کلبه سوئیسی در بابلکنار - شیردارکلا,شیردارکلا,بله,main,,کلبه، کلبه سوئیسی، کلبه چوبی,70,250,1,2,5,4.4,6,4.3,4.7,4,4.7,4.8,4,,,,نیره,2025-04-13,35,185,1,,متوسط,دربست,400000,,,,,,,ذکر شده,,,ذکر شده,,,یک دستگاه اسپیلت 12000 در پذیرایی,یک شعله بخاری گازی در پذیرایی,پذیرش (قانون صریح),,52.7742,36.3393,active,cabins، db، sweep
3248767,/room/3248767,کلبه سوئیسی جکوزی دار در لفور - شاهکلا,لفور,بله,main,,کلبه، کلبه سوئیسی، کلبه چوبی,50,400,1,2,4,4.8,33,4.9,4.8,4.8,4.9,4.9,4.7,,,اقامتگاه پلاس,میلاد,2021-03-05,87,296,1,,سخت,مشترک (فضای مشترک با میزبان یا مهمان دیگر),700000,دارد,2 نفره,,,,,,,مشترک (فضای مشترک با میزبان یا مهمان دیگر),ذکر شده,,,یک دستگاه اسپیلت 24000 در پذیرایی,گرمایش از کف,پذیرش (قانون صریح),,52.6997,36.1833,active,corpus
3248886,/room/3248886,کلبه سوئیسی جکوزی دار در بابل - ممرزکن,ممرزکن,بله,main,,کلبه,90,300,1,2,6,4.7,107,4.8,4.7,4.7,4.7,4.8,4.6,,,اقامتگاه پلاس؛ رزرو فوری,امیرحسین,2024-12-09,98,68,1,,متوسط,دربست,497000,دارد,2 نفره,,,,,ذکر شده,,,ذکر شده,,,یک دستگاه اسپیلیت 18 هزار در پذیرایی,یک شعله بخاری گازی در پذیرایی,پذیرش (قانون صریح),,52.6898,36.2514,active,corpus
3249208,/room/3249208,اجاره کلبه سوئیسی در بابلکنار - سیادرکا,سیادرکا,بله,main,,کلبه، کلبه سوئیسی، کلبه چوبی,45,400,1,2,4,5,40,5,5,4.9,4.9,5,5,,,اقامتگاه پلاس,فاطمه,2025-02-27,89,250,1,,سخت,دربست,300000,,,,,,,ذکر شده,دنج می باشد,,ذکر شده,,,یک دستگاه اسپلیت 18000 دومنظوره در پذیرایی,یک شعله بخاری گازی در پذیرایی و یک دستگاه اسپلیت 18000 دومنظوره در پذیرایی,پذیرش (قانون صریح),,52.7533,36.361,active,corpus، db، search، sweep
3249928,/room/3249928,کلبه چوبی در سوادکوه - چهره,چهره,بله,main,,کلبه، کلبه چوبی,60,80,1,2,5,4.6,3,4.7,4.7,4.7,4.3,4.7,4.3,,,,مسعود,2024-12-23,50,294,1,,متوسط,دربست,400000,,,,,,,ذکر شده,دنج و امکان سفارش غذای محلی در روستای چهره با فاصله حدود ۲۰ کیل,,,,,,یک شعله بخاری گازی در پذیرایی,پذیرش (قانون صریح),,52.7177,36.3563,active,db، sweep
3250017,/room/3250017,کلبه جنگلی جکوزی دار در بابلکنار - چهره,چهره,بله,main,,کلبه، ویلا,60,200,1,3,4,4.9,38,5,4.9,4.9,4.7,4.9,4.7,,,اقامتگاه پلاس,مجتبی,2024-12-21,96,227,1,,متوسط,مشترک (فضای مشترک با میزبان یا مهمان دیگر),300000,دارد,2 نفره,,,,,,مست از جاذبه های گردشگری و تفریحی در محدوه مکانی اقامتگاه می با,مشترک (فضای مشترک با میزبان یا مهمان دیگر),ذکر شده,,,یک دستگاه اسپلیت 12000 در طبقه پایین,یک شعله بخاری گازی در طبقه پایین و یک دستگاه بخاری در طبقه بالا,پذیرش (قانون صریح),,52.7176,36.3459,active,corpus، db، sweep
3250644,/room/3250644,ویلا چوبی جکوزی دار در بابلکنار - کاردرکلا,کاردرکلا,بله,main,بله - عنوان هم کلبه هم ویلا,کلبه، ویلا,160,530,3,4,8,4.9,5,5,4.8,5,4.8,5,5,,,,سمانه,2024-12-28,86,103,1,,متوسط,دربست,1550000,دارد,6 نفره,,,,,ذکر شده,مستر با جکوزی، میز فوتبال دستی، آلاچیق، آتشدان و تراس در روستای,,ذکر شده,,,,پکیج - رایاتور,پذیرش (قانون صریح),,52.7618,36.3074,active,cabins، db، sweep
3250799,/room/3250799,کلبه سوئیسی در بابلکنار - کاردرکلا,کاردرکلا,بله,main,,کلبه، کلبه سوئیسی، کلبه چوبی,60,1600,1,2,4,4.7,34,4.6,4.9,4.5,4.8,5,4.5,,,اقامتگاه پلاس,یوسف,2023-05-29,95,106,1,,متوسط,مشترک (فضای مشترک با میزبان یا مهمان دیگر),500000,,,,,,,ذکر شده,,مشترک (فضای مشترک با میزبان یا مهمان دیگر),ذکر شده,,,یک دستگاه اسپلیت 18000 در پذیرایی,پکیج و رادیاتور,پذیرش (قانون صریح),,52.759,36.3052,active,cabins، corpus، db، sweep
3250824,/room/3250824,کلبه سوئیسی با رودخانه اختصاصی در بابلکنار,بابلکنار,نامطمئن,main,,کلبه، کلبه سوئیسی، کلبه چوبی,48,350,1,2,6,4.9,74,4.9,4.8,4.8,4.9,5,4.8,,,اقامتگاه پلاس,مرتضی,2025-03-04,91,278,1,,سخت,مشترک (فضای مشترک با میزبان یا مهمان دیگر),500000,,,,,,ذکر شده,ذکر شده,,مشترک (فضای مشترک با میزبان یا مهمان دیگر),ذکر شده,,,یک دستگاه اسپلیت 18000 در پذیرایی,یک شعله بخاری گازی در پذیرایی,پذیرش (قانون صریح),,52.7859,36.2921,active,corpus، db، sweep
3251559,/room/3251559,اجاره کلبه سوئیسی در لفور - امام کلا,لفور,بله,main,,کلبه، کلبه سوئیسی، کلبه چوبی,50,200,1,2,4,4.9,69,5,4.9,4.9,4.8,5,4.7,,,اقامتگاه پلاس؛ رزرو فوری,آزاده,2023-08-12,99,53,1,,متوسط,دربست,800000,دارد,4 نفره,,,,,ذکر شده,دنج و وان جکوزی در منطقه آرام روستای امام کلا و با فاصله حدود ۷,,ذکر شده,,,یک دستگاه اسپلیت 18000 در پذیرایی,یک شعله بخاری گازی در پذیرایی,پذیرش (قانون صریح),,52.7007,36.1893,active,corpus
3251928,/room/3251928,کلبه سوئیسی در بابلکنار - درازکلا,درازکلا,بله,main,,کلبه، کلبه سوئیسی، کلبه چوبی,40,5000,1,2,6,4.6,16,4.5,4.5,4.6,4.6,4.8,4.4,,,اقامتگاه پلاس,سید میلاد,2025-02-02,91,75,1,,متوسط,مشترک (فضای مشترک با میزبان یا مهمان دیگر),700000,,,,,ذکر شده,,ذکر شده,,مشترک (فضای مشترک با میزبان یا مهمان دیگر),ذکر شده,,,یک دستگاه اسپیلت 24000 در پذیرایی,یک شعله بخاری گازی در پذیرایی و یک عدد بخاری برقی,پذیرش (قانون صریح),,52.7182,36.333,active,db، sweep
3252844,/room/3252844,کلبه چوبی دوبلکس در بابلکنار - دراز کلا,درازکلا,بله,main,,کلبه، کلبه چوبی,80,200,1,4,6,4.9,38,4.9,5,4.8,4.9,5,4.8,,,اقامتگاه پلاس,علی,2025-02-25,94,376,1,,متوسط,دربست,350000,,,,,,,,,,ذکر شده,,,یک دستگاه اسپیلت 12000 در اتاق خواب,یک شعله بخاری گازی در پذیرایی,پذیرش (قانون صریح),,52.7256,36.326,active,corpus، db، search، sweep
3252868,/room/3252868,کلبه چوبی جکوزی دار در بابلکنار - گونه کلا,گونه کلا,بله,main,,کلبه، کلبه چوبی,40,200,0,2,4,4.6,9,4.9,4.7,4.7,4.7,4.9,4,,,اقامتگاه پلاس,ندا,2025-02-23,84,325,1,,متوسط,دربست,300000,دارد,دو نفره,,,,,ذکر شده,,,ذکر شده,,,یک دستگاه اسپلیت 12000 در پذیرایی,پکیج - شوفاژ,پذیرش (قانون صریح),,52.7811,36.3298,active,cabins، db، sweep
3252930,/room/3252930,کلبه سوئیسی در بابلکنار - انارستان,بابلکنار,نامطمئن,main,,کلبه، کلبه سوئیسی، کلبه چوبی,70,1000,1,4,6,5,4,5,5,5,4.8,5,5,,,,مهیار,2025-03-04,67,39,1,,متوسط,مشترک (فضای مشترک با میزبان یا مهمان دیگر),500000,,,,,ذکر شده,,ذکر شده,دنج و مبله با چشم انداز جنگلی در روستای انارستان واقع شده است ک,مشترک (فضای مشترک با میزبان یا مهمان دیگر),ذکر شده,,,اسپیلت 24000 در پذیرایی,پکیج - رادیاتور,پذیرش (قانون صریح),,52.707,36.4131,active,db، sweep
3253520,/room/3253520,اجاره کلبه سوئیسی در بابلکنار - سیدکلا,سیدکلا,بله,main,,کلبه، کلبه سوئیسی، کلبه چوبی,80,200,2,4,8,5,2,5,5,5,5,5,5,,,,کاظم,2023-02-25,69,96,1,,متوسط,دربست,500000,دارد,4 نفره,,,,,ذکر شده,مستر است با جکوزی، میز فوتبال دستی و حیاط در روستای سیدکلا واقع,,ذکر شده,,,یک دستگاه اسپیلت 24000 در پذیرایی,یک شعله بخاری گازی در پذیرایی و یک شعله بخاری گازی در هر اتاق خواب,پذیرش (قانون صریح),,52.7805,36.3187,active,cabins، db، sweep
3254052,/room/3254052,کلبه چوبی شیشه ای آرتینا با جکوزی نزدیک لفور,لفور,بله,main,,کلبه، کلبه چوبی,60,9000,1,2,2,4.9,195,5,4.9,4.9,4.9,5,4.7,,,اقامتگاه پلاس؛ رزرو فوری؛ ویدیو دارد,حسین,2022-10-02,98,54,1,,متوسط,مشترک (فضای مشترک با میزبان یا مهمان دیگر),0,دارد,2 نفره,,,ذکر شده,ذکر شده,ذکر شده,,مشترک (فضای مشترک با میزبان یا مهمان دیگر),ذکر شده,,ذکر شده,یک دستگاه اسپلیت 12000 در پذیرایی و یک دستگاه اسپلیت 24000 در اتاق خواب,پکیج - رادیاتور و یک دستگاه اسپیلت دو منظوره ۲۴۰۰۰ در اتاق خواب و یک دستگاه 12000 در پذیرایی,پذیرش (قانون صریح),,52.7815,36.2948,active,corpus، db، sweep
3255068,/room/3255068,کلبه سوئیسی جکوزی دار در بابلکنار - آزارسی,بابلکنار,نامطمئن,main,,کلبه، کلبه سوئیسی، کلبه چوبی,42,500,1,2,4,4.5,17,4.4,4.7,4.3,4.8,5,4,,,,حسین,2022-11-09,95,26,1,,سخت,دربست,1200000,دارد,2 نفره,,,ذکر شده,,,,,ذکر شده,,,یک دستگاه کولر اسپلیت 18000 در پذیرایی,یک شعله بخاری گازی در پذیرایی,پذیرش (قانون صریح),,52.7033,36.3454,active,db، sweep
3255298,/room/3255298,کلبه چوبی با وان جکوزی در بابلکنار - هلی خال,بابلکنار,نامطمئن,main,,کلبه، کلبه چوبی,110,2000,2,4,6,5,7,5,5,5,5,4.9,5,,,اقامتگاه پلاس؛ رزرو فوری,مرجان,2025-04-21,75,256,1,,متوسط,مشترک (فضای مشترک با میزبان یا مهمان دیگر),1000000,دارد,دو نفره,,,,,ذکر شده,,مشترک (فضای مشترک با میزبان یا مهمان دیگر),ذکر شده,,,یک دستگاه اسپیلت 18000 در پذیرایی پایین و یک دستگاه 9000 در یک اتاق خواب,پکیج - شوفاژ,پذیرش (قانون صریح),,52.6869,36.3367,active,db، sweep
3255461,/room/3255461,کلبه سوئیسی جکوزی دار در بابلکنار,بابلکنار,نامطمئن,main,,کلبه، کلبه سوئیسی,60,190,2,4,8,4.7,10,4.4,4.7,4.9,4.7,5,4.4,,,,مهدی,2025-04-19,59,172,1,,متوسط,مشترک (فضای مشترک با میزبان یا مهمان دیگر),500000,دارد,4 نفره,,,,,ذکر شده,,مشترک (فضای مشترک با میزبان یا مهمان دیگر),,,,یک دستگاه اسپیلت دو منظوره 24000 در پذیرایی و یک دستگاه اسپیلت دو منظوره 12000 در اتاق خواب طبقه پایین,یک شعله بخاری گازی در پذیرایی,پذیرش (قانون صریح),,52.7515,36.3467,active,db، sweep
3255521,/room/3255521,کلبه سوئیسی جکوزی دار در بابلکنار - هلی خال,بابلکنار,نامطمئن,main,,کلبه، کلبه سوئیسی، کلبه چوبی,70,300,1,2,3,4.6,11,5,5,4.3,4.4,4.9,4.4,,,اقامتگاه پلاس؛ ویدیو دارد,علی,2022-07-23,74,268,1,,متوسط,مشترک (فضای مشترک با میزبان یا مهمان دیگر),500000,دارد,دو نفره,,,ذکر شده,,ذکر شده,دنج و آرام از روستای هلیخال با فاصله حدود ۳۰ کیلومتری از مرکز ش,مشترک (فضای مشترک با میزبان یا مهمان دیگر),ذکر شده,,,یک دستگاه اسپلیت 18000 در پذیرایی,یک شعله بخاری گازی در پذیرایی,پذیرش (قانون صریح),,52.7029,36.331,active,db، sweep
3255725,/room/3255725,کلبه با جکوزی و ویو رویایی در بابلکنار,بابلکنار,نامطمئن,main,,کلبه، کلبه چوبی,40,60,1,2,4,5,12,4.9,5,5,5,5,5,,,اقامتگاه پلاس؛ لوکس؛ اقامتگاه خاص,سیامک,2025-03-06,42,230,1,,سخت,مشترک (فضای مشترک با میزبان یا مهمان دیگر),1000000,دارد,3 نفره,,,,,ذکر شده,,مشترک (فضای مشترک با میزبان یا مهمان دیگر),,,,یک دستگاه اسپلیت,یک شعله بخاری گازی در پذیرایی,پذیرش (قانون صریح),,52.7504,36.3428,active,db، sweep
3255794,/room/3255794,کلبه سوئیسی با وان جکوزی در بابلکنار - کاردرکلا,کاردرکلا,بله,main,,کلبه، کلبه سوئیسی، کلبه چوبی,75,100,2,2,6,4.6,18,4.8,4.7,4.4,4.6,4.7,4.4,,,اقامتگاه پلاس؛ رزرو فوری,خدیجه,2023-05-13,97,174,1,,متوسط,دربست,750000,دارد,وان جکوزی 4 نفره,,,,,ذکر شده,دنج و سرسبز در جاده لفور در روستای خوش آب و هوای کاردرکلا واقع ,,ذکر شده,,,اسپلیت 18000 در پذیرایی و ۱۲۰۰۰ در اتاق خواب,پکیج - شوفاژ,پذیرش (قانون صریح),,52.7633,36.3044,active,cabins، db، sweep
3256485,/room/3256485,کلبه سوئیسی در بابلکنار - چهره,چهره,بله,main,,کلبه، کلبه سوئیسی، کلبه چوبی,120,1000,1,4,6,5,5,5,5,5,5,5,5,,,,علیرضا,2025-04-08,89,30,1,,سخت,دربست,800000,,,,,,,ذکر شده,دنج و آرام از روستای چهره و با فاصله حدود ۱۰ کیلومتری از مرکز ش,,ذکر شده,,,یک دستگاه کولر اسپلیت 24000 در پذیرایی,یک شعله بخاری گازی در پذیرایی,پذیرش (قانون صریح),,52.7241,36.3461,active,db، sweep
3257093,/room/3257093,کلبه سوئیسی جکوزی دار در لفور - شاهکلا,لفور,بله,main,,کلبه، کلبه سوئیسی، کلبه چوبی,75,95,2,4,6,4.8,48,4.8,4.9,4.8,4.6,5,4.7,,,اقامتگاه پلاس؛ رزرو فوری,افشین,2025-04-05,96,112,1,,سخت,دربست,700000,دارد,3 نفره,,,,,ذکر شده,دنج در مجاورت سه کلبه مشابه دیگر، در گوشه ای دنج از جنگل های هی,,ذکر شده,,ذکر شده,یک دستگاه کولر اسپیلت 12000 در پذیرایی و یک دستگاه کولر اسپیلت 12000 در هر اتاق خواب,گرمایش از کف,پذیرش (قانون صریح),,52.7009,36.1833,active,corpus
3257187,/room/3257187,کلبه سوئیسی جکوزی دار در بابلکنار - درازکلا,درازکلا,بله,main,,کلبه، کلبه سوئیسی، کلبه چوبی,85,200,1,2,4,5,9,5,5,5,5,5,5,,,اقامتگاه پلاس,صادق,2025-04-03,83,271,1,,متوسط,دربست,400000,دارد,جکوزی 4 نفره,,,,,ذکر شده,دنج قرار دارد,,,,,یک دستگاه اسپیلت 24000 در پذیرایی,یک شعله بخاری گازی در پذیرایی,پذیرش (قانون صریح),,52.7313,36.3346,active,db، sweep
3257238,/room/3257238,کلبه سوئیسی در بابلکنار - درازکلا,درازکلا,بله,main,,کلبه، کلبه سوئیسی,50,800,1,4,6,4.7,14,4.8,4.8,4.5,4.6,4.8,4.5,,,اقامتگاه پلاس,حسین,2025-04-15,84,326,1,,متوسط,مشترک (فضای مشترک با میزبان یا مهمان دیگر),300000,,,,,,,ذکر شده,دنج در روستای جنگلی فرام لک از توابع درازکلا واقع شده است که حد,مشترک (فضای مشترک با میزبان یا مهمان دیگر),ذکر شده,,,یک دستگاه اسپلیت 12000 در اتاق خواب بالا,یک شعله بخاری گازی در پذیرایی,پذیرش (قانون صریح),,52.7065,36.2885,active,db، sweep
3257249,/room/3257249,کلبه چوبی در بابلکنار - مرزی کتی,بابلکنار,نامطمئن,main,,کلبه، کلبه چوبی,100,200,1,4,6,5,20,5,5,5,5,5,4.9,,,اقامتگاه پلاس,محمد,2025-04-05,77,390,1,,متوسط,دربست,300000,,,,,,ذکر شده,ذکر شده,,,ذکر شده,,,یک دستگاه اسپلیت 18000 در پذیرایی,یک شعله بخاری گازی در پذیرایی,پذیرش (قانون صریح),,52.7895,36.2863,active,db، sweep
3257474,/room/3257474,کلبه سوئیسی در بابلکنار - جاجن,بابلکنار,نامطمئن,main,,کلبه، کلبه سوئیسی، کلبه چوبی,80,300,2,4,8,5,60,5,5,5,4.9,5,4.9,,,اقامتگاه پلاس؛ رزرو فوری,وحید,2025-04-17,98,52,1,,سخت,دربست,580000,,,,,,,ذکر شده,دنج و آلاچیقی دلباز در روستای جنگلی جاجن از توابع درازکلا واقع ,,ذکر شده,,,یک دستگاه اسپلیت 24000 در پذیرایی و یک دستگاه اسپلیت 12000 در هر اتاق خواب,پکیچ - رادیاتور,پذیرش (قانون صریح),,52.7063,36.2948,active,corpus، db، sweep
3258121,/room/3258121,اجاره کلبه سوئیسی جنگلی در بابلکنار - تیرکن,تیرکن,بله,main,,کلبه، کلبه سوئیسی، کلبه چوبی,60,200,2,3,4,4.8,12,4.7,4.9,4.7,4.4,5,4.9,,,اقامتگاه پلاس,محمد اسماعیل,2020-05-25,89,211,1,,متوسط,دربست,250000,,,,,,,ذکر شده,,,ذکر شده,,,یک دستگاه اسپیلت 12000 در در طبقه پایین,یک شعله بخاری گازی,پذیرش (قانون صریح),,52.726,36.2677,active,db، sweep
3258289,/room/3258289,کلبه با تراسی رو به کوه در بابلکنار - رئیسکلا,رئیسکلا,بله,main,,کلبه، کلبه سوئیسی، کلبه چوبی,60,300,1,2,4,4.8,9,4.6,5,4.8,4.8,5,4.6,,,,حامد,2025-05-19,82,294,1,,سخت,دربست,300000,,,,,,,ذکر شده,دنج در طبقه دوم ( حدود ۱۲ پله دسترسی) یک ساختمان دو طبقه دو واح,,ذکر شده,,,اسپیلت 18000 در پذیرایی و 12000 در اتاق خواب,پکیج - رادیاتور,پذیرش (قانون صریح),,52.7335,36.3702,active,db، sweep
3258434,/room/3258434,اجاره کلبه سوئیسی در بابلکنار - شیردارکلا,شیردارکلا,بله,main,,کلبه، کلبه سوئیسی، کلبه چوبی,60,200,1,4,6,4.7,35,4.8,4.8,4.5,4.5,4.7,4.6,,,اقامتگاه پلاس؛ رزرو فوری,محمدرضا,2025-05-15,95,179,1,,متوسط,دربست,400000,,,,,ذکر شده,,,,,ذکر شده,,,اسپیلت 18000 در پذیرایی و 12000 در اتاق خواب,یک شعله بخاری گازی در پذیرایی,پذیرش (قانون صریح),,52.7665,36.3352,active,cabins، corpus، db، sweep
3258654,/room/3258654,کلبه چوبی در بابلکنار - شیردارکلا,شیردارکلا,بله,main,,کلبه، ویلا، کلبه چوبی,100,250,1,5,8,4.8,5,4.8,5,4.8,4.8,5,4.6,,,,رضا,2025-11-15,39,308,1,,متوسط,دربست,400000,,,,,,,ذکر شده,دنج قرار دارد,,ذکر شده,,,یک دستگاه اسپلیت 18000 دومنظوره در پذیرایی و یک دستگاه اسپلیت 24000 دو منظوره در اتاق خواب,یک شعله بخاری گازی در پذیرایی و یک شعله بخاری گازی در اتاق خواب و یک دستگاه اسپلیت 18000 دومنظوره در پذیرایی و یک دستگاه اسپلیت 24000 دو منظوره در اتاق خواب,پذیرش (قانون صریح),,52.7754,36.3404,active,cabins، db، sweep
3258768,/room/3258768,کلبه سوئیسی جکوزی دار در لفور - اوبن,لفور,بله,main,,کلبه، کلبه سوئیسی، کلبه چوبی,40,150,1,2,4,4.9,158,4.9,5,5,4.8,5,4.9,,,اقامتگاه پلاس؛ رزرو فوری,مرضیه,2025-04-14,99,86,1,,متوسط,دربست,400000,دارد,جکوزی دو نفره در حیاط,,,ذکر شده,,ذکر شده,دنج را نام برد,,,,,اسپیلت ۱۲۰۰۰ در پذیرایی و در اتاق,سیستم پکیج رادیاتور,پذیرش (قانون صریح),,52.7154,36.2157,active,corpus
3258858,/room/3258858,اجاره خانه بالکن دار در بابلکنار - چهره - طبقه ۲,چهره,بله,main,بله - عنوان هم کلبه هم ویلا,آپارتمان، سوئیت,130,900,1,2,4,5,2,5,5,5,5,5,5,,,,طیبه,2025-05-07,33,101,1,,متوسط,مشترک (فضای مشترک با میزبان یا مهمان دیگر),500000,,,,,,,ذکر شده,,مشترک (فضای مشترک با میزبان یا مهمان دیگر),ذکر شده,,,یک دستگاه اسپلیت ۲۴ هزار درپذیرایی,پکیج - شوفاژ,پذیرش (قانون صریح),,52.7275,36.3459,active,db
3258957,/room/3258957,کلبه جکوزی دار در بابلکنار - مرزیکلا,مرزیکلا,بله,main,,کلبه، ویلا,70,100,1,2,3,4.9,53,4.9,4.9,4.9,4.8,5,4.9,,,اقامتگاه پلاس؛ رزرو فوری,رضا,2022-06-01,99,79,1,,سخت,دربست,350000,دارد,2 نفره,,,,,,,,ذکر شده,,,یک دستگاه اسپیلت 12000 در هر طبقه,یک شعله بخاری گازی در پذیرایی,پذیرش (قانون صریح),,52.7385,36.3716,active,corpus، db، search، sweep
3259061,/room/3259061,کلبه سوئیسی با جکوزی در لفور - شاهکلا - ۱,لفور,بله,main,,کلبه، کلبه سوئیسی، کلبه چوبی,55,100,1,2,4,5,90,5,5,5,4.8,5,4.9,,,اقامتگاه پلاس؛ رزرو فوری؛ لوکس؛ ویدیو دارد,مجید,2024-04-27,98,66,1,,سخت,دربست,750000,دارد,3 نفره,,,ذکر شده,,ذکر شده,دنج از جنگل های هیرکانی روستای شاهکلا واقع شده که در فاصله حدود,,ذکر شده,,,یک دستگاه اسپلیت 32000 در پذیرایی,گرمایش از کف,پذیرش (قانون صریح),,52.6996,36.1829,active,corpus، search
3259364,/room/3259364,کلبه سوئیسی در بابلکنار - گونه کلا,گونه کلا,بله,main,,کلبه، کلبه سوئیسی، کلبه چوبی,70,200,2,2,6,4.5,5,4.6,5,4.4,4.2,4.6,4.4,,,,مهدی,2025-05-08,100,228,1,,متوسط,دربست,500000,,,,,,,ذکر شده,,,ذکر شده,,,یک دستگاه اسپلیت ۱۸ هزار در پذیرایی و یک دستگاه اسپیلت 12000 در یک اتاق خواب,پکیج,پذیرش (قانون صریح),,52.7909,36.3375,active,cabins، db، sweep
3260099,/room/3260099,کلبه چوبی جکوزی دار در لفور - امام کلا,لفور,بله,main,,کلبه، کلبه چوبی,56,5000,1,2,4,4.9,52,5,5,5,4.8,5,4.9,,,اقامتگاه پلاس,فرهاد,2018-10-21,99,200,1,,متوسط,مشترک (فضای مشترک با میزبان یا مهمان دیگر),700000,دارد,جکوزی وان سه نفره,,,ذکر شده,,ذکر شده,,مشترک (فضای مشترک با میزبان یا مهمان دیگر),ذکر شده,,,یک‌ دستگاه اسپیلت ۲۴هزار در پزیرایی,پکیج و گرمایش از کف و یک شعله بخاری گازی در پذیرایی,پذیرش (قانون صریح),,52.6998,36.1831,active,corpus
3263115,/room/3263115,اجاره کلبه در بابلکنار - رئیس کلا,رئیسکلا,بله,main,,کلبه، ویلا,60,1000,1,3,6,4.9,9,4.9,4.9,4.9,4.9,4.9,4.8,,,اقامتگاه پلاس,مهدی,2025-04-08,85,362,1,,سخت,دربست,500000,,,,,,,ذکر شده,مستر با دسترسی حدود ۱۵ پله به همراه تراسی با چشم انداز و حیاطی ,,ذکر شده,,,یک دستگاه 24000 در پذیرایی,دو عدد بخاری برقی,پذیرش (قانون صریح),,52.728,36.3751,active,db، sweep
3263326,/room/3263326,کلبه چوبی جکوزی دار در سوادکوه - مرزیکلا,مرزیکلا,بله,main,,کلبه، کلبه سوئیسی، کلبه چوبی,60,100,1,2,3,4.9,28,5,4.9,4.8,4.8,5,4.7,,,اقامتگاه پلاس,مژگان,2025-04-12,98,150,1,,متوسط,دربست,350000,دارد,دو نفره,,,,,,دنج در روستای رئیس کلا و با فاصله حدود ۸۰۰ متری از مرکز شهر مرز,,ذکر شده,,,یک دستگاه اسپلیت 24000 در پذیرایی و یک دستگاه اسپلیت 12000 در اتاق خواب,یک شعله بخاری گازی در پذیرایی,پذیرش (قانون صریح),,52.7383,36.3715,active,corpus، db، search
3263472,/room/3263472,منزل مبله در بابلکنار - مرزیکلا,مرزیکلا,بله,main,بله - عنوان هم کلبه هم ویلا,ویلا,60,100,1,2,4,4.5,7,4.6,4.6,4.4,4.7,4.7,4.3,,,,محمدرضا,2024-06-24,53,204,1,,متوسط,دربست,500000,,,,,,,ذکر شده,دنج و چشم انداز شالیزار در مرزیکلا با فاصله حدود ۱۵ کیلومتری از,,,,,اسپیلت 18000 در اتاق طبقه بالا,یک شعله بخاری گازی در پذیرایی,پذیرش (قانون صریح),,52.7369,36.366,suspend,db
3263531,/room/3263531,کلبه سوئیسی در لفور - میرارکلا,لفور,بله,main,,کلبه، کلبه سوئیسی، کلبه چوبی,106,600,2,4,6,4.8,46,4.9,4.9,4.7,4.9,5,4.6,,,اقامتگاه پلاس,نسرین,2023-08-15,96,323,1,,متوسط,دربست,700000,,,,,,,ذکر شده,,,ذکر شده,,,یک دستگاه کولر اسپلیت 18000 در پذیرایی و یک دستگاه اسپلیت 12000 در یک اتاق خواب,یک شعله بخاری گازی در پذیرایی,پذیرش (قانون صریح),,52.797,36.2215,active,corpus
3263733,/room/3263733,کلبه سوئیسی در بابلکنار - کاردرکلا,کاردرکلا,بله,main,,کلبه، کلبه سوئیسی، کلبه چوبی,45,200,2,4,4,4.9,4,4.8,5,5,4.8,5,4.8,,,,علی,2025-04-13,70,519,1,,متوسط,مشترک (فضای مشترک با میزبان یا مهمان دیگر),250000,دارد,چهار نفره,,,ذکر شده,,ذکر شده,دنج با چشم انداز زیبای کوه و جنگل در روستای خوش آب و هوای کاردر,مشترک (فضای مشترک با میزبان یا مهمان دیگر),ذکر شده,,,,یک شعله بخاری گازی در پذیرایی,پذیرش (قانون صریح),,52.7591,36.3065,active,cabins، db، sweep
3263831,/room/3263831,اجاره کلبه سوئیسی در بابلکنار - گونه کلا,گونه کلا,بله,main,,کلبه، کلبه سوئیسی، کلبه چوبی,50,250,1,4,6,4.8,2,4.5,5,4.5,5,5,5,,,,پویا,2022-01-16,39,308,1,,متوسط,مشترک (فضای مشترک با میزبان یا مهمان دیگر),800000,,,,,,,ذکر شده,مست و پارک جنگلی جوارم از جاذبه های دیدنی و گردشگری قابل دسترسی,مشترک (فضای مشترک با میزبان یا مهمان دیگر),ذکر شده,,,یک دستگاه کولر اسپلیت 30000 در پذیرایی,یک شعله بخاری گازی در پذیرایی,,,52.7856,36.3348,active,cabins، db، sweep
3263833,/room/3263833,کلبه سوئیسی جکوزی دار در بابلکنار - گونه کلا,گونه کلا,بله,main,,کلبه، کلبه سوئیسی، کلبه چوبی,50,400,1,2,4,5,1,5,5,5,5,5,5,,,,پویا,2022-01-16,39,308,1,,متوسط,مشترک (فضای مشترک با میزبان یا مهمان دیگر),800000,دارد,2 نفره,,,ذکر شده,,ذکر شده,مست و پارک جنگلی جوارم از جاذبه های دیدنی و گردشگری قابل دسترسی,مشترک (فضای مشترک با میزبان یا مهمان دیگر),ذکر شده,,,یک دستگاه اسپیلت 24000 در پذیرایی,یک شعله بخاری گازی در پذیرایی,پذیرش (قانون صریح),,52.7846,36.3346,active,cabins، db، sweep
3264012,/room/3264012,کلبه سوئیسی با وان جکوزی در سوادکوه -درازکلا,درازکلا,بله,main,,کلبه، کلبه سوئیسی، کلبه چوبی,70,250,1,2,5,4.8,78,4.9,4.9,4.9,4.6,4.9,4.8,,,اقامتگاه پلاس,محمدرضا,2025-04-09,95,374,1,,سخت,دربست,500000,دارد,وان جکوزی دو نفره در سالن پذیرایی,,,ذکر شده,,ذکر شده,دنج و حیاطی دلباز در روستای جنگلی درازکلا واقع شده که تا شیرگاه,,ذکر شده,,,یک دستگاه اسپلیت 18000 در پذیرایی,یک شعله بخاری گازی در پذیرایی,پذیرش (قانون صریح),,52.7126,36.3398,active,corpus، db، sweep
3264107,/room/3264107,کلبه سوئیسی جکوزی دار در بابلکنار - کاردرکلا,کاردرکلا,بله,main,,کلبه، کلبه سوئیسی، کلبه چوبی,70,300,1,2,6,5,3,5,5,5,5,5,5,,,,حیدر,2025-07-06,62,348,1,,سخت,دربست,300000,دارد,وان جکوزی 2 نفره,,,,,ذکر شده,دنج و سرسبز در جاده لفور در روستای خوش آب و هوای کاردرکلا با فا,,ذکر شده,,,یک دستگاه اسپلیت 18000 در پذیرایی,یک شعله بخاری گازی در پذیرایی,پذیرش (قانون صریح),,52.7597,36.306,active,cabins، db، sweep
3264216,/room/3264216,کلبه سوئیسی با جکوزی کنار رودخانه در بابلکنار,بابلکنار,نامطمئن,main,,کلبه، کلبه سوئیسی، کلبه چوبی,65,150,1,2,5,4.8,36,5,5,4.9,4.6,5,4.5,,,اقامتگاه پلاس,عادل,2025-04-26,95,132,1,,متوسط,دربست,400000,دارد,دونفره ماساژور دار در ایوان,,,ذکر شده,ذکر شده,ذکر شده,دنج با چشم انداز زیبای رودخانه و جنگل در روستای درزی محله واقع ,,ذکر شده,,,اسپلیت 18000 در پذیرایی,یک عدد بخاری برقی و یک دستگاه اسپلیت دو منظوره 18000 در پذیرایی,پذیرش (قانون صریح),,52.7138,36.3949,active,corpus، db، search، sweep
3264357,/room/3264357,کلبه چوبی جکوزی دار در بابلکنار - شیردارکلا,شیردارکلا,بله,main,,کلبه، کلبه سوئیسی، کلبه چوبی,142,1500,1,4,6,4.8,27,4.8,4.9,4.6,4.8,4.9,4.7,,,اقامتگاه پلاس,وحید,2025-04-30,94,129,2,,متوسط,دربست,800000,دارد,6 نفره,,,,,ذکر شده,,,ذکر شده,,,یک دستگاه کولر اسپلیت 12000 در پذیرایی و یک دستگاه اسپلیت 12000 در یک اتاق خواب,یک شعله بخاری گازی در پذیرایی,پذیرش (قانون صریح),,52.7727,36.3389,active,cabins، corpus، db، sweep
3264391,/room/3264391,کلبه سوئیسی در بابلکنار - جاجن درازکلا,درازکلا,بله,main,,کلبه، کلبه سوئیسی، کلبه چوبی,50,200,1,2,4,4.9,49,5,4.9,4.9,4.7,5,4.8,,,اقامتگاه پلاس,اسماعیل,2025-04-14,94,187,1,,سخت,دربست,600000,,,,,,,ذکر شده,,,ذکر شده,,,یک دستگاه اسپیلت دومنظوره 12000 در پذیرایی و یک دستگاه اسپیلت دومنظوره 12000 در اتاق خواب,یک شعله بخاری گازی در پذیرایی,پذیرش (قانون صریح),,52.7088,36.2986,active,corpus، db، sweep
3264493,/room/3264493,کلبه سوئیسی در بابلکنار - درازکلا,درازکلا,بله,main,,کلبه، کلبه سوئیسی، کلبه چوبی,54,400,1,2,4,4.8,30,5,4.9,4.9,4.5,4.9,4.8,,,اقامتگاه پلاس؛ رزرو فوری,لاله,2025-04-20,94,118,1,,سخت,دربست,400000,,,,,,,ذکر شده,دنج قرار دارد,,ذکر شده,,,یک دستگاه اسپلیت 24000 در راه پله بین اتاق و سالن,یک شعله بخاری گازی در پذیرایی,پذیرش (قانون صریح),,52.7041,36.3298,active,corpus، db، search، sweep
3264676,/room/3264676,کلبه سوئیسی استخردار بابلکنار - شیردارکلا,شیردارکلا,بله,main,,کلبه، کلبه سوئیسی، کلبه چوبی,160,400,3,6,8,4.9,27,4.9,5,5,4.8,4.9,4.6,,,اقامتگاه پلاس,رحمت,2025-04-21,96,262,1,,متوسط,دربست,1500000,,,دارد,استخر آبگرم سرپوشیده و تراسی دلباز رو به منظره ای د,ذکر شده,,ذکر شده,مستر است با استخر آبگرم سرپوشیده و تراسی دلباز رو به منظره ای د,,ذکر شده,,,یک دستگاه اسپلیت 24000 در پذیرایی و یک دستگاه اسپلیت 10000 در هر اتاق خواب,پکیج - رادیاتور,پذیرش (قانون صریح),,52.7759,36.3402,active,cabins، corpus، db، sweep
3264754,/room/3264754,اجاره کلبه سوئیسی در بابلکنار - هلی خال,بابلکنار,نامطمئن,main,,کلبه، کلبه سوئیسی، کلبه چوبی,65,500,1,2,4,4.7,23,4.7,4.7,4.4,4.7,4.9,4.5,,,اقامتگاه پلاس؛ رزرو فوری,حسین,2025-04-21,100,23,1,,متوسط,دربست,500000,,,,,,,ذکر شده,دنج قرار دارد,,ذکر شده,,,یک دستگاه کولر اسپلیت 24000 در پذیرایی,یک شعله بخاری گازی در پذیرایی,پذیرش (قانون صریح),,52.7035,36.3273,active,corpus، db، sweep
3264848,/room/3264848,کلبه سوئیسی در بابلکنار - سیادرکا,سیادرکا,بله,main,,کلبه، کلبه سوئیسی، کلبه چوبی,60,60,1,2,4,4.4,20,4.6,4.8,4.2,4.4,5,3.6,,,,ساعده,2025-05-05,65,400,1,,آسان,مشترک (فضای مشترک با میزبان یا مهمان دیگر),200000,دارد,2 نفره,,,,,ذکر شده,دنج مجاور دو کلبه دیگر در یک باغ دلباز در منطقه خوش آب و هوای ر,مشترک (فضای مشترک با میزبان یا مهمان دیگر),ذکر شده,,,یک دستگاه اسپیلت 18000 در اتاق طبقه بالا,یک شعله بخاری گازی در پذیرایی,پذیرش (قانون صریح),,52.7501,36.3638,active,db، sweep
3265210,/room/3265210,کلبه سوئیسی جنگلی در بابلکنار - ریگ چشمه,بابلکنار,نامطمئن,main,,کلبه، کلبه سوئیسی، کلبه چوبی,60,200,1,2,6,4.8,28,4.6,4.9,4.6,4.8,4.9,4.7,,,اقامتگاه پلاس,مهیار,2025-05-08,90,277,2,,متوسط,مشترک (فضای مشترک با میزبان یا مهمان دیگر),200000,,,,,ذکر شده,,,,مشترک (فضای مشترک با میزبان یا مهمان دیگر),ذکر شده,,,یک دستگاه اسپیلت 24000 در طبقه بالا,یک شعله بخاری گازی در پذیرایی,پذیرش (قانون صریح),,52.7285,36.3346,active,corpus، db، sweep
3265282,/room/3265282,کلبه سوئیسی با وان جکوزی در یکشوب بابلکنار,بابلکنار,نامطمئن,main,,کلبه، کلبه سوئیسی، کلبه چوبی,42,230,1,2,5,4.9,12,4.9,5,5,4.9,5,4.8,,,اقامتگاه پلاس,حسن,2025-04-22,81,209,1,,متوسط,دربست,500000,دارد,وان جکوزی دو نفره,,,,,ذکر شده,,,ذکر شده,,,یک دستگاه اسپلیت 12000 در پذیرایی و 12000 در اتاق خواب,یک شعله بخاری گازی در پذیرایی,پذیرش (قانون صریح),,52.698,36.3383,active,db، sweep
3267114,/room/3267114,کلبه سوئیسی در بابلکنار - امیرده,بابلکنار,نامطمئن,main,,کلبه، کلبه سوئیسی، کلبه چوبی,130,1000,2,5,8,4.9,41,5,5,4.9,4.7,5,4.8,,,اقامتگاه پلاس,علی,2025-06-24,95,399,1,,متوسط,دربست,350000,,,,,,,ذکر شده,مستلزم دقت و مهارت کافی بوده و قویا توصیه می‌شود تردد در روشنای,,ذکر شده,,,یک دستگاه اسپلیت 18000 در پذیرایی و یک دستگاه اسپلیت 12000 در اتاق خواب,پکیج - رادیاتور,پذیرش (قانون صریح),,52.6706,36.3491,active,corpus، sweep
3267118,/room/3267118,کلبه سوئیسی جکوزی دار در بابلکنار - شیردارکلا,شیردارکلا,بله,main,,کلبه، کلبه سوئیسی، کلبه چوبی,80,200,2,4,6,4.4,22,4.4,4.9,4,4.2,4.6,4.4,,,,امیرحسین,2025-05-24,71,220,1,,متوسط,دربست,500000,دارد,6 نفره,,,,,ذکر شده,,,ذکر شده,,,یک دستگاه کولر اسپیلت 24000 در پذیرایی و,پکیج - شوفاژ,پذیرش (قانون صریح),,52.788,36.3296,active,cabins، db، sweep
3267421,/room/3267421,کلبه سوئیسی با جکوزی در بابلکنار-بالفکلا شرقی,بالفکلا,بله,main,,کلبه، کلبه سوئیسی، کلبه چوبی,75,171,2,4,6,4.2,29,4.2,4.3,4.1,3.9,4.6,3.9,,,,ماجده,2025-06-02,80,209,1,,متوسط,مشترک (فضای مشترک با میزبان یا مهمان دیگر),500000,دارد,4 نفره,,,,,ذکر شده,,مشترک (فضای مشترک با میزبان یا مهمان دیگر),ذکر شده,,,یک دستگاه اسپلیت 12000 در پذیرایی و یک دستگاه اسپلیت 9000 در یک اتاق خواب,پکیج - رادیاتور,پذیرش (قانون صریح),,52.748,36.3453,active,corpus، db، sweep
3267519,/room/3267519,کلبه سوئیسی تراس دار در بابلکنار - سیادرکا,سیادرکا,بله,main,,کلبه، کلبه سوئیسی، کلبه چوبی,100,700,2,4,8,3.9,17,3.9,4.2,3.2,4.4,4.5,3.5,,,,سعید,2024-05-22,0,146,1,,متوسط,مشترک (فضای مشترک با میزبان یا مهمان دیگر),500000,,,,,,,ذکر شده,,مشترک (فضای مشترک با میزبان یا مهمان دیگر),ذکر شده,,,یک دستگاه اسپیلت 24000 در پذیرایی,پکیج و یک شعله بخاری گازی در یک اتاق خواب,پذیرش (قانون صریح),,52.7483,36.3592,inactive,db، sweep
3268222,/room/3268222,کلبه سوئیسی جکوزی دار در بابلکنار - هلی خال,بابلکنار,نامطمئن,main,,کلبه، کلبه سوئیسی، کلبه چوبی,50,1000,1,2,4,,0,,,,,,,,,تازه ثبت‌شده,سعید,2025-12-06,33,518,1,,متوسط,دربست,400000,دارد,وان جکوزی دو نفره,,,,,ذکر شده,دنج قرار دارد,,ذکر شده,,,یک دستگاه اسپلیت 14000 در پذیرایی و یک دستگاه اسپلیت 14000 در اتاق خواب,یک شعله بخاری گازی در پذیرایی,پذیرش (قانون صریح),,52.704,36.3312,active,db، sweep
3268530,/room/3268530,کلبه سوئیسی با جکوزی و ویو جزیره در بابلکنار,بابلکنار,نامطمئن,main,,کلبه، کلبه سوئیسی، کلبه چوبی,70,1000,1,2,6,5,19,5,5,5,5,5,5,,,اقامتگاه پلاس,حوریا,2025-08-17,89,356,1,,متوسط,دربست,500000,دارد,8 نفره,,,,,ذکر شده,,,ذکر شده,,,یک دستگاه اسپیلت 24000 در پذیرایی,شوفاژ,پذیرش (قانون صریح),,52.7539,36.3823,active,db، sweep
3268668,/room/3268668,کلبه استخردار جنگلی بابلکنار - کاردکلا -  کلبه ۳,کاردرکلا,بله,main,,کلبه، کلبه چوبی,80,500,0,3,6,4.5,31,4.5,4.6,3.9,4.6,4.9,4.3,,,اقامتگاه پلاس,کاظم,2020-08-13,93,232,1,,سخت,دربست,700000,,,دارد,,,,ذکر شده,,,ذکر شده,,,یک دستگاه اسپیلت 12000 در هر طبقه,شوفاژ,پذیرش (قانون صریح),,52.7711,36.3037,active,cabins، corpus، db، sweep
3268807,/room/3268807,کلبه سوئیسی در لفور - بورخانی,لفور,بله,main,,کلبه، کلبه سوئیسی، ویلا,60,700,1,3,5,4.9,54,4.9,5,4.8,4.7,5,4.7,,,اقامتگاه پلاس,مجید,2025-06-24,97,169,1,,متوسط,دربست,350000,,,,,,,ذکر شده,,,ذکر شده,,,یک دستگاه اسپلیت 12000 در اتاق خواب بالا,یک شعله بخاری گازی در پذیرایی,پذیرش (قانون صریح),,52.8373,36.2368,active,corpus
3269423,/room/3269423,کلبه سوئیسی در بابلکنار - چهره,چهره,بله,main,,کلبه، کلبه سوئیسی، کلبه چوبی,80,800,1,4,6,4.9,23,5,5,4.9,4.8,4.9,4.8,,,اقامتگاه پلاس؛ رزرو فوری,امیرحسین,2025-06-08,98,30,1,,متوسط,دربست,600000,,,,,,,ذکر شده,,,,,,یک دستگاه اسپلیت 18000 در پذیرایی,,پذیرش (قانون صریح),,52.7303,36.3465,active,db، sweep
3269719,/room/3269719,کلبه سوئیسی جکوزی دار در بابل - انارستان,,نامطمئن,main,,کلبه، کلبه سوئیسی، کلبه چوبی,160,1000,2,4,8,5,2,5,5,5,5,5,5,,,,مهیار,2025-03-04,67,39,1,,متوسط,مشترک (فضای مشترک با میزبان یا مهمان دیگر),700000,دارد,6 نفره,,,,,ذکر شده,,مشترک (فضای مشترک با میزبان یا مهمان دیگر),ذکر شده,,,یک دستگاه اسپلیت 18000 در پذیرایی,پکیج - رادیاتور,پذیرش (قانون صریح),,52.7071,36.413,active,db، sweep
3269901,/room/3269901,کلبه سوئیسی دوبلکس در بابلکنار - هلی خال,بابلکنار,نامطمئن,main,,کلبه، کلبه سوئیسی، کلبه چوبی,65,600,1,2,6,4.3,4,4,4.3,4,5,4.3,4.3,,,,فاطمه زهرا,2025-07-14,58,324,1,,متوسط,مشترک (فضای مشترک با میزبان یا مهمان دیگر),300000,,,,,,,ذکر شده,دنج قرار دارد,مشترک (فضای مشترک با میزبان یا مهمان دیگر),ذکر شده,,,یک دستگاه کولر اسپلیت 18000 در پذیرایی,یک شعله بخاری گازی در پذیرایی و یک دستگاه اسپلیت دو منظوره 18000 در اتاق خواب طبقه بالا,پذیرش (قانون صریح),,52.7102,36.3293,active,db، sweep
3270181,/room/3270181,کلبه سوئیسی جکوزی دار در بابلکنار - بالف کلا,بالفکلا,بله,main,,کلبه، کلبه سوئیسی، کلبه چوبی,72,220,2,4,6,4.9,82,4.9,5,4.8,4.8,5,4.7,,,اقامتگاه پلاس؛ رزرو فوری؛ اقامتگاه خاص؛ لوکس,محمد,2025-07-01,96,101,1,,متوسط,دربست,500000,دارد,4 نفره,,,ذکر شده,,,مستقر است,,ذکر شده,,,یک دستگاه اسپلیت ۱۸ هزار در طبقه پایین و یک اسپیلت 12000 در اتاق خواب بالا,اسپیلت دو منظوره,پذیرش (قانون صریح),,52.7513,36.3467,active,corpus، db، sweep
3270731,/room/3270731,کلبه سوئیسی در بابلکنار - انارستان,بابلکنار,نامطمئن,main,,کلبه، کلبه سوئیسی، کلبه چوبی,50,700,1,4,5,5,7,5,5,4.9,5,5,5,,,اقامتگاه پلاس؛ رزرو فوری,سیدرضا,2025-12-29,84,212,1,,متوسط,دربست,1000000,,,,,ذکر شده,ذکر شده,ذکر شده,,,ذکر شده,,,اسپیلت دو منظوره 18000 در پذیرایی و 12000 در اتاق خواب,اسپیلت دو منظوره 18000 در پذیرایی و 12000 در اتاق خواب,پذیرش (قانون صریح),,52.7095,36.4061,active,db، sweep
3271459,/room/3271459,کلبه سوئیسی استخردار در بابلکنار - رئیس کلا,رئیسکلا,بله,main,,کلبه، کلبه سوئیسی، کلبه چوبی,80,500,1,2,4,4.9,33,4.9,5,4.9,4.8,5,4.6,,,اقامتگاه پلاس,فخرالدین,2023-07-23,98,234,1,,متوسط,مشترک (فضای مشترک با میزبان یا مهمان دیگر),1000000,,,دارد,,,,,,مشترک (فضای مشترک با میزبان یا مهمان دیگر),ذکر شده,,,یک دستگاه اسپیلت 18000 در طبقه پایین و یک دستگاه اسپیلت 12000 در طبقه بالا,یک شعله بخاری گازی در پذیرایی و یک دستگاه بخاری برقی در طبقه بالا,پذیرش (قانون صریح),,52.7487,36.3708,active,corpus، db، sweep
3272410,/room/3272410,کلبه چوبی دوبلکس در بابلکنار - کاردرکلا,کاردرکلا,بله,main,,کلبه، کلبه چوبی,100,120,1,2,4,4.7,7,4.8,4.8,4.7,4.7,4.7,4.5,,,اقامتگاه پلاس؛ رزرو فوری,مرتضی,2025-08-18,96,227,2,,آسان,دربست,800000,دارد,جکوزی ۴ نفره,,,,,ذکر شده,,,ذکر شده,,,یک دستگاه اسپلیت 24000 در پذیرایی,یک شعله بخاری گازی در پذیرایی,پذیرش (قانون صریح),,52.769,36.3013,active,cabins، db، sweep
3272651,/room/3272651,اجاره کلبه سوئیسی در لفور - شاهکلا,لفور,بله,main,,کلبه، کلبه سوئیسی، کلبه چوبی,60,120,1,2,4,4.7,53,4.8,4.9,4.6,4.4,4.9,4.7,,,اقامتگاه پلاس؛ رزرو فوری,مصطفی,2024-05-26,97,121,1,,سخت,مشترک (فضای مشترک با میزبان یا مهمان دیگر),300000,,,,,,ذکر شده,ذکر شده,دنج از جنگل های هیرکانی روستای شاهکلا واقع شده و در فاصله ۱۵ کی,مشترک (فضای مشترک با میزبان یا مهمان دیگر),,,,یک دستگاه کولر اسپیلت 18000 دومنظوره در اتاق خواب,یک دستگاه کولر اسپیلت 18000 دومنظوره در اتاق خواب,پذیرش (قانون صریح),,52.6985,36.1901,active,corpus
3273044,/room/3273044,کلبه درختی نزدیک لفور - افراسی,لفور,بله,main,,کلبه، کلبه چوبی,30,300,0,2,2,4.6,25,4.6,4.7,4.4,4.5,4.9,4.1,,,اقامتگاه پلاس,محمد,2020-08-16,89,280,1,,سخت,مشترک (فضای مشترک با میزبان یا مهمان دیگر),0,دارد,جکوزی دونفره,,,,,ذکر شده,,مشترک (فضای مشترک با میزبان یا مهمان دیگر),,,,یک دستگاه اسپلیت 18000 در واحد,پکیج - رادیاتور,پذیرش (قانون صریح),,52.7217,36.2552,active,corpus
3273065,/room/3273065,رزرو کلبه چوبی در بابلکنار - هلی خال,بابلکنار,نامطمئن,main,,کلبه، کلبه چوبی,80,300,2,3,6,4.2,1,3,5,5,5,5,2,,,,فاطمه زهرا,2025-07-14,58,324,1,,متوسط,مشترک (فضای مشترک با میزبان یا مهمان دیگر),400000,,,,,ذکر شده,,ذکر شده,,مشترک (فضای مشترک با میزبان یا مهمان دیگر),ذکر شده,,,یک دستگاه اسپلیت 12000 در پذیرایی و یک دستگاه اسپلیت 12000 در هر اتاق خواب,بخاری گازی,پذیرش (قانون صریح),,52.6868,36.3374,active,db، sweep
3273471,/room/3273471,کلبه چوبی در بابلکنار - سیادرکا,سیادرکا,بله,main,,کلبه، کلبه چوبی,60,350,0,2,2,5,53,5,5,5,4.9,5,5,,,اقامتگاه پلاس؛ رزرو فوری,علی,2025-07-26,99,43,1,,سخت,مشترک (فضای مشترک با میزبان یا مهمان دیگر),800000,,,,,ذکر شده,,ذکر شده,دنج و سرسبز با چشم انداز جنگلی در روستای سیادرکا واقع شده است ک,مشترک (فضای مشترک با میزبان یا مهمان دیگر),ذکر شده,,,یک دستگاه اسپیلت 18000 گرما و سرما در پذیرایی,یک دستگاه اسپیلت 18000 گرما و سرما در پذیرایی,پذیرش (قانون صریح),,52.7508,36.3631,active,corpus، db، search، sweep
3273563,/room/3273563,کلبه سوئیسی جکوزی دار در بابلکنار - گونه کلا,گونه کلا,بله,main,,کلبه، کلبه سوئیسی,90,850,1,4,5,3.6,4,3.8,4,2.8,4.5,4,2.8,,,,مهدی,2026-05-11,62,229,1,,متوسط,مشترک (فضای مشترک با میزبان یا مهمان دیگر),500000,دارد,4 نفره,,,,,ذکر شده,,مشترک (فضای مشترک با میزبان یا مهمان دیگر),,,,یک دستگاه اسپلیت 24000 در پذیرایی,پکیج - رادیاتور,,,52.777,36.3352,active,cabins، db، sweep
3273745,/room/3273745,کلبه سوئیسی جکوزی دار در بابلکنار - کاردرکلا,کاردرکلا,بله,main,,کلبه، کلبه سوئیسی، کلبه چوبی,80,9990,2,4,5,4.7,24,4.8,4.8,4.9,4.6,4.9,4.2,,,اقامتگاه پلاس,مهدی,2025-07-26,95,387,1,,متوسط,مشترک (فضای مشترک با میزبان یا مهمان دیگر),800000,دارد,2 نفره,,,,,ذکر شده,,مشترک (فضای مشترک با میزبان یا مهمان دیگر),ذکر شده,,,یک دستگاه اسپلیت 12000 در پذیرایی، یک دستگاه اسپلیت 12000 در یک اتاق خواب,پکیج - رایاتور,پذیرش (قانون صریح),,52.7591,36.3086,active,cabins، db، sweep
3273815,/room/3273815,کلبه سوئیسی جکوزی دار در بابلکنار - چهره,چهره,بله,main,,کلبه، کلبه سوئیسی، کلبه چوبی,45,400,1,2,4,4.4,5,4.6,4.8,3.8,4.4,4.6,4.2,,,,خدیجه,2022-09-04,85,199,1,,سخت,مشترک (فضای مشترک با میزبان یا مهمان دیگر),300000,دارد,جکوزی و تراسی دنج و در مجاورت یک کلبه دیگر در روستای چهره واقع شده است که تا شیرگاه ح,,,,,ذکر شده,دنج و در مجاورت یک کلبه دیگر در روستای چهره واقع شده است که تا ,مشترک (فضای مشترک با میزبان یا مهمان دیگر),ذکر شده,,,یک دستگاه اسپلیت 24000 در پذیرایی,یک شعله بخاری گازی در پذیرایی,پذیرش (قانون صریح),,52.7284,36.3439,active,db، sweep
3273829,/room/3273829,کلبه استخردار در بابلکنار - مرزیکلا,مرزیکلا,بله,main,,کلبه، کلبه چوبی,90,120,2,3,4,4.8,41,4.9,4.8,4.8,4.8,5,4.8,,,اقامتگاه پلاس,رضا,2022-06-01,99,78,1,,سخت,دربست,500000,,,دارد,,ذکر شده,,,,,ذکر شده,,,اسپلیت ۱۸هزار در اتاق خواب بالا,,پذیرش (قانون صریح),,52.7375,36.3718,active,corpus، db، search، sweep
3273911,/room/3273911,کلبه سوئیسی استخردار در بابلکنار - امیرکلا,امیرکلا,بله,main,,کلبه، کلبه سوئیسی، کلبه چوبی,150,200,2,4,4,4.9,26,5,5,4.9,4.8,4.9,4.8,,,اقامتگاه پلاس,معصومه,2025-08-26,94,312,1,,متوسط,دربست,500000,,,دارد,,,,,,,ذکر شده,,,یک دستگاه اسپلیت 18000 در پذیرایی و یک دستگاه اسپلیت 12000 در اتاق خواب بالا,پکیج - شوفاژ,پذیرش (قانون صریح),,52.7459,36.321,active,cabins، corpus، db، sweep
3274129,/room/3274129,اجاره کلبه سوئیسی در بابلکنار - کاردرکلا,کاردرکلا,بله,main,,کلبه، کلبه سوئیسی، کلبه چوبی,75,4000,1,2,4,5,10,5,5,5,5,5,5,,,اقامتگاه پلاس؛ رزرو فوری؛ لوکس,امیر,2024-05-15,85,150,1,,سخت,مشترک (فضای مشترک با میزبان یا مهمان دیگر),600000,,,,,,,ذکر شده,دنج و سرسبز در جاده لفور در روستای خوش آب و هوای کاردرکلا با فا,مشترک (فضای مشترک با میزبان یا مهمان دیگر),ذکر شده,,,یک دستگاه اسپلیت 18000 در پذیرایی,یک شعله بخاری گازی در پذیرایی,پذیرش (قانون صریح),,52.763,36.3033,active,cabins، db، sweep
3274535,/room/3274535,اجاره کلبه با وان جکوزی در بابلکنار - هلی خال,بابلکنار,نامطمئن,main,,کلبه، کلبه چوبی,50,1000,1,2,4,4.4,6,4.7,4.7,4,4.3,4.8,4,,,,فاطمه زهرا,2025-07-14,58,324,1,,متوسط,مشترک (فضای مشترک با میزبان یا مهمان دیگر),300000,دارد,وان جکوزی,,,ذکر شده,,ذکر شده,,مشترک (فضای مشترک با میزبان یا مهمان دیگر),,,,یک دستگاه اسپلیت 12000 در طبقه بالا,یک شعله بخاری گازی در پذیرایی,پذیرش (قانون صریح),,52.7133,36.3266,active,db، sweep
3276112,/room/3276112,کلبه چوبی جکوزی دار در بابلکنار - کاردرکلا,کاردرکلا,بله,main,,کلبه، کلبه چوبی,60,120,2,4,4,4.7,18,4.9,4.6,4.6,4.6,4.9,4.6,,,اقامتگاه پلاس,مهدیه,2025-08-25,92,159,1,,سخت,دربست,700000,دارد,4 نفره,,,,,ذکر شده,,,ذکر شده,,,یک دستگاه اسپیلت 24000 در یک اتاق خواب,یک شعله بخاری گازی در طبقه پایین,پذیرش (قانون صریح),,52.7688,36.3012,active,cabins، db، sweep
3276228,/room/3276228,خانه با تراس دلباز در بابلکنار - شیردارکلا - ط ۴,شیردارکلا,بله,main,بله - عنوان هم کلبه هم ویلا,آپارتمان، سوئیت,90,300,1,4,4,5,15,5,5,5,4.9,5,4.9,,,اقامتگاه پلاس,مرتضی,2025-08-19,94,459,1,,سخت,مشترک (فضای مشترک با میزبان یا مهمان دیگر),800000,,,,,,,ذکر شده,مستقر است، همچنین ورودی و حیاط با مهمانان واحد های دیگر به صورت,مشترک (فضای مشترک با میزبان یا مهمان دیگر),ذکر شده,,,یک دستگاه اسپلیت 30000 در پذیرایی,پکیج - شوفاژ,پذیرش (قانون صریح),,52.7746,36.3375,active,cabins، db
3277973,/room/3277973,اجاره کلبه چوبی در بابلکنار - هلی خال,بابلکنار,نامطمئن,main,,کلبه، کلبه چوبی,50,1000,1,2,4,3.3,2,3,4.5,3,2.5,4.5,2,,,,فاطمه زهرا,2025-07-14,58,324,1,,متوسط,مشترک (فضای مشترک با میزبان یا مهمان دیگر),300000,,,,,ذکر شده,,ذکر شده,,مشترک (فضای مشترک با میزبان یا مهمان دیگر),,,,یک دستگاه اسپلیت 12000 در طبقه بالا,یک شعله بخاری گازی در پذیرایی,پذیرش (قانون صریح),,52.7133,36.3266,active,db، sweep
3278651,/room/3278651,کلبه سوئیسی با جکوزی در لفور - امام کلا,لفور,بله,main,,کلبه، کلبه سوئیسی، کلبه چوبی,70,120,1,2,4,4.8,30,5,4.9,4.9,4.4,5,4.8,,,اقامتگاه پلاس,عشقعلی,2025-09-22,99,304,1,,متوسط,دربست,450000,دارد,وان جکوزی سه نفره,,,,,ذکر شده,,,ذکر شده,,,یک دستگاه کولر اسپلیت 24000 در پذیرایی,پکیج - رادیاتور,پذیرش (قانون صریح),,52.7009,36.1837,active,corpus
3279072,/room/3279072,اجاره کلبه سوئیسی در بابل - جاده گنج افروز,,نامطمئن,main,,کلبه، کلبه سوئیسی، کلبه چوبی,80,120,1,2,4,4.7,6,4.7,5,4.2,5,5,4.5,,,,سمیه,2025-09-24,56,271,1,,متوسط,دربست,300000,,,,,,,ذکر شده,,,ذکر شده,,,یک دستگاه اسپلیت ۲۴000 در اتاق خواب,یک شعله بخاری گازی در پذیرایی و یک دستگاه بخاری برقی,پذیرش (قانون صریح),,52.7109,36.3556,active,db، sweep
3279500,/room/3279500,کلبه چوبی در بابلکنار - بالف کلا شرقی,بالفکلا,بله,main,,کلبه، کلبه چوبی,70,170,2,2,6,,0,,,,,,,,,,سعید,2026-06-22,60,123,1,,متوسط,مشترک (فضای مشترک با میزبان یا مهمان دیگر),400000,,,,,ذکر شده,,ذکر شده,مستقر است,مشترک (فضای مشترک با میزبان یا مهمان دیگر),ذکر شده,,,یک دستگاه اسپیلت 18000 در پذیرایی و یک دستگاه اسپیلت 1200 در هر اتاق خواب,پکیج,پذیرش (قانون صریح),,52.7515,36.3469,active,db، sweep
3279598,/room/3279598,کلبه سوئیسی در بابلکنار - شیردارکلا,شیردارکلا,بله,main,,کلبه، کلبه سوئیسی، کلبه چوبی,110,400,1,4,6,4.6,19,4.7,4.6,4.5,4.4,4.9,4.4,,,اقامتگاه پلاس,مجتبی,2025-09-22,85,185,1,,متوسط,دربست,400000,,,,,ذکر شده,,,,,ذکر شده,,,یک دستگاه اسپلیت 24000 در بهار خواب,شومینه گازی,پذیرش (قانون صریح),,52.7607,36.3396,active,cabins، db، sweep
3280170,/room/3280170,رزرو کلبه سوئیسی در بابلکنار - بالفکلا شرقی,بالفکلا,بله,main,,کلبه، کلبه سوئیسی، کلبه چوبی,60,200,2,4,6,4.9,9,5,5,4.9,4.6,5,4.7,,,اقامتگاه پلاس؛ رزرو فوری,زینب,2025-09-29,89,110,1,,سخت,دربست,500000,,,,,,,ذکر شده,,,ذکر شده,,,اسپیلیت ۱۸ هزار در طبقه پایین,پکیج,پذیرش (قانون صریح),,52.7533,36.3419,active,db، sweep
3280346,/room/3280346,کلبه در ارتفاعات قائمشهر - قادیکلای بزرگ,قادیکلا,بله,main,,کلبه، کلبه چوبی,80,800,2,4,6,4.9,5,5,5,4.8,5,5,4.8,,,اقامتگاه پلاس,رضا,2025-09-17,73,302,1,,متوسط,دربست,1500000,,,,,,,ذکر شده,,,ذکر شده,,,یک دستگاه اسپیلت 24000 در طبقه پایین,اسپیلیت دو منظوره,پذیرش (قانون صریح),,52.9105,36.4061,active,db
3280978,/room/3280978,کلبه با وان جکوزی در بابلکنار - شیردارکلا - ط۳,شیردارکلا,بله,main,,آپارتمان، کلبه، کلبه سوئیسی، کلبه چوبی,85,600,2,4,8,4.6,46,4.7,4.6,4.3,4.8,4.9,4.4,,,اقامتگاه پلاس,احسان,2025-10-27,97,201,1,,سخت,مشترک (فضای مشترک با میزبان یا مهمان دیگر),500000,دارد,وان جکوزی چهار نفره,,,ذکر شده,,ذکر شده,مستقر است,مشترک (فضای مشترک با میزبان یا مهمان دیگر),ذکر شده,,,یک دستگاه اسپیلت 24000 در پذیرایی و یک دستگاه اسپیلت 12000 در یک اتاق خواب,یک شعله بخاری گازی در پذیرایی و یک دستگاه بخاری برقی در هر اتاق خواب,پذیرش (قانون صریح),,52.7604,36.3446,active,cabins، corpus، db، sweep
3281370,/room/3281370,کلبه سوئیسی در بابلکنار - گونه کلا - واحد ۴,گونه کلا,بله,main,,کلبه، کلبه سوئیسی، کلبه چوبی,50,800,1,4,6,5,4,5,5,5,4.8,5,5,,,,پویا,2022-01-16,38,302,1,,متوسط,دربست,450000,,,,,,,ذکر شده,,,ذکر شده,,,یک دستگاه اسپلیت 18000 دومنظوره در پذیرایی و یک دستگاه اسپلیت 12000 دومنظوره در اتاق خواب,یک شعله بخاری گازی در پذیرایی و یک دستگاه اسپلیت 18000 دومنظوره در پذیرایی و یک دستگاه اسپلیت 12000 دومنظوره در اتاق خواب,,,52.7896,36.3343,active,cabins، db، sweep
3281922,/room/3281922,کلبه چوبی در در بابلکنار - قرآن تالار,قرآن تالار,بله,main,,کلبه، کلبه چوبی,110,508,1,2,4,5,1,5,5,5,5,5,5,,,,رضا,2026-06-28,50,414,1,,متوسط,دربست,300000,,,,,,,ذکر شده,,,ذکر شده,,,یک دستگاه اسپیلت 18000 در اتاق خواب و یک دستگاه اسپیلت 12000 در پذیرایی,پکیج,پذیرش (قانون صریح),,52.7819,36.3081,active,cabins، db، sweep
3282337,/room/3282337,کلبه سوئیسی در بابل - جاده انارستان,,نامطمئن,main,,کلبه، کلبه سوئیسی، کلبه چوبی,80,500,0,2,6,4.9,13,4.8,5,5,4.8,4.9,4.7,,,اقامتگاه پلاس؛ رزرو فوری,سیدمرتضی,2025-11-09,94,22,1,,متوسط,دربست,450000,,,,,,,ذکر شده,,,ذکر شده,,,یک دستگاه اسپیلت 18000 در طبقه بالا,یک شعله بخاری گازی در پذیرایی,پذیرش (قانون صریح),,52.7189,36.4138,active,db، search، sweep
3283056,/room/3283056,کلبه سوئیسی در بابلکنار - انارستان,بابلکنار,نامطمئن,main,,کلبه، کلبه سوئیسی، کلبه چوبی,57,500,0,2,4,5,4,5,5,5,5,5,4.8,,,,کرامت,2025-11-17,100,532,1,,متوسط,دربست,300000,,,,,,,ذکر شده,,,ذکر شده,,,یک دستگاه اسپیلت 24000 در پذیرایی,پکیج و رادیاتور,پذیرش (قانون صریح),,52.7084,36.4125,active,db، sweep
3283771,/room/3283771,کلبه چوبی با وان جکوزی در بابلکنار - درازکلا,درازکلا,بله,main,,کلبه، کلبه چوبی,100,100,2,4,6,5,1,5,5,5,5,5,5,,,,صدیقه,2025-12-10,21,453,1,,سخت,مشترک (فضای مشترک با میزبان یا مهمان دیگر),500000,دارد,وان جکوزی دونفره,,,,,ذکر شده,,مشترک (فضای مشترک با میزبان یا مهمان دیگر),,,,یک دستگاه اسپیلت 24000 در پذیرایی و یک دستگاه اسپیلت 18000 در هر اتاق خواب,پکیج - رادیاتور,پذیرش (قانون صریح),,52.7245,36.3287,active,db، sweep
3283844,/room/3283844,کلبه سوئیسی با جکوزی در بابلکنار - شیردارکلا,شیردارکلا,بله,main,,کلبه، کلبه سوئیسی، کلبه چوبی,153,310,2,4,8,3.9,4,3.3,4.5,3.3,4.5,4.8,3.3,,,,سپیده,2025-11-26,60,87,1,,متوسط,دربست,500000,دارد,6 نفره,,,,,ذکر شده,,,ذکر شده,,,یک دستگاه اسپیلت 24000 در پذیرایی و یک دستگاه اسپیلت 12000 در یک اتاق خواب,یک شعله بخاری گازی در پذیرایی و یک عدد بخاری برقی,پذیرش (قانون صریح),,52.7701,36.3352,active,cabins، db، sweep
3283885,/room/3283885,کلبه سوئیسی جکوزی دار در بابلکنار - قران تالار,قرآن تالار,بله,main,,کلبه، کلبه سوئیسی، کلبه چوبی,70,100,1,4,6,4.5,17,4.8,4.4,4.1,4.6,4.6,4.5,,,,معصومه,2025-12-03,63,311,1,,سخت,دربست,800000,دارد,4 نفره,,,,,ذکر شده,,,ذکر شده,,,یک دستگاه اسپیلت 18000 در اتاق خواب,یک شعله بخاری گازی در پذیرایی,پذیرش (قانون صریح),,52.7807,36.3054,active,cabins، db، search، sweep
3283917,/room/3283917,اجاره کلبه چوبی با جکوزی در بابلکنار - تیرکن,تیرکن,بله,main,,کلبه، کلبه چوبی,70,200,0,2,4,4.7,1,5,5,5,4,5,4,,,,الهام,2025-11-25,100,134,1,,متوسط,مشترک (فضای مشترک با میزبان یا مهمان دیگر),500000,دارد,2 نفره در ایوان,,,ذکر شده,,ذکر شده,دنج و جکوزی ۲نفره در یک مجموعه اقامتی با چشم انداز زیبای جنگلی ,مشترک (فضای مشترک با میزبان یا مهمان دیگر),ذکر شده,,,اسپیلت 12000 در پذیرایی,یک شعله بخاری گازی در پذیرایی,,,52.7208,36.264,active,db، sweep
3284033,/room/3284033,ویلا چوبی استخردار در بابلکنار - کاردرکلا,کاردرکلا,بله,main,بله - عنوان هم کلبه هم ویلا,ویلا، کلبه چوبی,200,275,2,4,6,4.7,22,4.7,4.9,4.6,4.5,5,4.5,,,اقامتگاه پلاس,رامین,2025-11-23,86,444,1,,سخت,دربست,490000,,,دارد,استخر سرپوشیده آبگرم، **اتاق خواب شیشه ای** و حیاط دنج در رو,,,ذکر شده,دنج در روستای کاردگرکلا واقع شده است که با شیرگاه حدود ۱۵ کیلوم,,ذکر شده,,,یک دستگاه اسپیلت 24000 در پذیرایی,پکیج - رادیاتور,پذیرش (قانون صریح),,52.7609,36.3088,active,cabins، db
3284069,/room/3284069,خانه ویلایی چوبی در بابلکنار - رئیس کلا - ط ۲,رئیسکلا,بله,main,بله - عنوان هم کلبه هم ویلا,کلبه، ویلا,60,150,1,2,4,4.7,3,5,5,4.7,4.3,5,4.3,,,رزرو فوری,صادق,2025-12-03,100,339,2,,متوسط,دربست,300000,,,,,,,ذکر شده,,,ذکر شده,,,یک دستگاه اسپلیت ۲۴000 در پذیرایی,یک شعله بخاری گازی در پذیرایی و یک شعله در اتاق خواب,پذیرش (قانون صریح),,52.7331,36.3714,active,db، sweep
3284427,/room/3284427,کلبه با چشم انداز جنگل در بابلکنار - چهره,چهره,بله,main,,کلبه,70,200,1,2,5,4.9,3,5,5,5,4.3,5,5,,,,سپیده,2025-12-01,54,108,1,,متوسط,دربست,350000,,,,,ذکر شده,,ذکر شده,,,ذکر شده,,,یک دستگاه اسپیلت 18000 در راهروی بین طبقات,یک شعله بخاری گازی در پذیرایی,پذیرش (قانون صریح),,52.7186,36.3516,active,db، sweep
3284570,/room/3284570,کلبه سوئیسی جکوزی دار در بابلکنار - کاردرکلا,کاردرکلا,بله,main,,کلبه، کلبه سوئیسی، کلبه چوبی,70,450,1,2,4,4.9,17,5,4.9,4.9,4.9,4.9,4.9,,,اقامتگاه پلاس,کاظم,2020-08-13,93,231,1,,سخت,دربست,500000,دارد,4 نفره,,,,,ذکر شده,,,ذکر شده,,,یک دستگاه اسپیلت 18000 در اتاق خواب,پکیج - رادیاتور,پذیرش (قانون صریح),,52.7668,36.3021,active,cabins، db، search، sweep
3284804,/room/3284804,کلبه سوئیسی با جکوزی در بابلکنار - گونه کلا,گونه کلا,بله,main,,کلبه، کلبه سوئیسی، کلبه چوبی,30,100,1,2,4,,0,,,,,,,,,تازه ثبت‌شده,پویا,2022-01-16,38,307,1,,متوسط,دربست,500000,دارد,وان جکوزی 2 نفره در حیاط,,,,,ذکر شده,دنج به همراه جکوزی ۲ نفره می باشد,,ذکر شده,,,یک دستگاه اسپلیت 24000 در پذیرایی,یک شعله بخاری گازی در پذیرایی,,,52.7849,36.3347,active,cabins، db، sweep
3284827,/room/3284827,کلبه سوئیسی در بابکنار - بالفکلا,بالفکلا,بله,main,,کلبه، کلبه سوئیسی، کلبه چوبی,70,300,2,4,6,4.5,4,4.5,5,4.3,4,5,4.3,,,,محبوبه,2026-02-25,72,236,1,,متوسط,مشترک (فضای مشترک با میزبان یا مهمان دیگر),500000,,,,,,,,,مشترک (فضای مشترک با میزبان یا مهمان دیگر),ذکر شده,,,یک دستگاه اسپیلت 24000 در پذیرایی و یک دستگاه اسپیلت 18000 در یک اتاق خواب,یک شعله بخاری گازی در پذیرایی و یک دستگاه بخاری برقی,پذیرش (قانون صریح),,52.7501,36.3421,active,db، sweep
3285158,/room/3285158,کلبه سوئیسی در بابلکنار - قران تالار,قرآن تالار,بله,main,,کلبه، کلبه سوئیسی، کلبه چوبی,70,100,1,5,7,4.6,16,4.9,4.9,3.8,4.7,4.9,4.6,,,,معصومه,2025-12-03,62,302,1,,سخت,مشترک (فضای مشترک با میزبان یا مهمان دیگر),500000,,,,,,,ذکر شده,,مشترک (فضای مشترک با میزبان یا مهمان دیگر),ذکر شده,,,یک دستگاه اسپیلت 18000 در اتاق خواب,یک شعله بخاری گازی در پذیرایی,پذیرش (قانون صریح),,52.7811,36.3051,inactive,cabins، db، sweep
3285241,/room/3285241,کلبه در مرزیکلا بابلکنار - ۵ تخت طبقه ۴,مرزیکلا,بله,main,,کلبه، کلبه چوبی,45,8000,0,5,6,,0,,,,,,,,,تازه ثبت‌شده,مهران,2025-12-07,58,466,1,,متوسط,مشترک (فضای مشترک با میزبان یا مهمان دیگر),200000,,,,,,,ذکر شده,مستقر است,مشترک (فضای مشترک با میزبان یا مهمان دیگر),ذکر شده,,,اسپیلت 24000 در پذیرایی,یک عد هیتر برقی,پذیرش (قانون صریح),,52.7365,36.3596,active,db، sweep
3285480,/room/3285480,کلبه جکوزی دار در بابلکنار - گونه کلا,گونه کلا,بله,main,,کلبه، ویلا,35,250,1,2,4,5,1,5,5,5,5,5,5,,,,پویا,2022-01-16,38,307,1,,متوسط,دربست,800000,دارد,۲ نفره,,,ذکر شده,,ذکر شده,دنج می باشد,,ذکر شده,,,یک دستگاه اسپلیت 30000 در طبقه بالا,یک شعله بخاری گازی در پذیرایی,,,52.7867,36.3301,active,cabins، db، sweep
3285543,/room/3285543,کلبه در مرزیکلای بابلکنار - ۵ تخته,مرزیکلا,بله,main,,کلبه، کلبه چوبی,45,8000,0,5,6,3.3,1,3,3,3,3,5,3,,,,مهران,2025-12-07,58,466,1,,متوسط,مشترک (فضای مشترک با میزبان یا مهمان دیگر),200000,,,,,,,ذکر شده,مستقر است,مشترک (فضای مشترک با میزبان یا مهمان دیگر),ذکر شده,,,یک دستگاه اسپیلت 12000 در پذیرایی,یک عدد هیتر برقی,پذیرش (قانون صریح),,52.7365,36.3596,active,db، sweep
3285544,/room/3285544,کلبه چوبی در بابلکنار - مرزیکلا - طبقه ۴,مرزیکلا,بله,main,,کلبه، کلبه چوبی,45,8000,0,4,5,,0,,,,,,,,,تازه ثبت‌شده,مهران,2025-12-07,58,466,1,,متوسط,مشترک (فضای مشترک با میزبان یا مهمان دیگر),200000,,,,,,,ذکر شده,مستقر است,مشترک (فضای مشترک با میزبان یا مهمان دیگر),ذکر شده,,,یک دستگاه اسپیلت 12000 در پذیرایی,یک عدد هیتر برقی,پذیرش (قانون صریح),,52.7365,36.3596,active,db، sweep
3285631,/room/3285631,کلبه سوئیسی در بابلکنار - سیادرکا,سیادرکا,بله,main,,کلبه، کلبه سوئیسی، کلبه چوبی,65,200,1,2,4,4.7,8,4.5,4.9,5,4.8,4.9,4.4,,,اقامتگاه پلاس؛ رزرو فوری,مهدی,2025-12-10,0,19,1,,متوسط,دربست,500000,,,,,,,ذکر شده,دنج و آرام از روستای سیادرکا واقع شده است که تا شهر شیرگاه حدود,,ذکر شده,,,یک دستگاه اسپلیت 24000 در پذیرایی,یک شعله بخاری گازی در پذیرایی,پذیرش (قانون صریح),,52.743,36.3618,inactive,db
3285766,/room/3285766,کلبه با چشم اندازی زیبا در بابلکنار - بالفکلا,بالفکلا,بله,main,,آپارتمان، کلبه، کلبه چوبی,80,100,2,4,5,4.8,2,5,5,5,4.5,4.5,4.5,,,,علیرضا,2026-01-12,67,622,1,,متوسط,مشترک (فضای مشترک با میزبان یا مهمان دیگر),700000,دارد,وان جکوزی 4 نفره,,,,,ذکر شده,,مشترک (فضای مشترک با میزبان یا مهمان دیگر),ذکر شده,,,یک دستگاه کولر اسپیلت 24000 در پذیرایی,یک شعله بخاری گازی در پذیرایی و یک شعله در یک اتاق خواب,,,52.7508,36.3466,active,db، sweep
3286272,/room/3286272,کلبه سوئیسی جکوزی دار در بابلکنار - درازکلا,درازکلا,بله,main,,کلبه، کلبه سوئیسی، کلبه چوبی,90,400,2,2,4,5,7,5,5,5,4.9,5,4.9,,,اقامتگاه پلاس,سمانه,2023-12-18,97,120,1,,سخت,دربست,800000,دارد,4 نفره,,,,,ذکر شده,,,ذکر شده,,,یک دستگاه اسپلیت 24000 در پذیرایی و یک دستگاه اسپلیت 12000 در یک اتاق خواب,یک شعله بخاری گازی در پذیرایی,پذیرش (قانون صریح),,52.7122,36.3407,active,db، sweep
3286779,/room/3286779,کلبه سوئیسی در بابلکنار - فرام لک,بابلکنار,نامطمئن,main,,کلبه، کلبه سوئیسی، کلبه چوبی,57,300,1,2,4,4.9,9,4.9,4.8,4.9,5,5,4.8,,,اقامتگاه پلاس,رضا,2025-12-31,80,116,1,,سخت,مشترک (فضای مشترک با میزبان یا مهمان دیگر),500000,,,دارد,,,,ذکر شده,,مشترک (فضای مشترک با میزبان یا مهمان دیگر),ذکر شده,,,دو دستگاه اسپلیت 12000 در پذیرایی و اتاق خواب,یک شعله بخاری گازی در پذیرایی,پذیرش (قانون صریح),,52.7002,36.2833,active,db، sweep
3287387,/room/3287387,کلبه سوئیسی در بابلکنار - کبریاکلا,کبریاکلا,بله,main,,کلبه، کلبه سوئیسی، کلبه چوبی,72,500,2,4,6,4.8,12,4.8,4.8,4.9,4.4,5,4.8,,,اقامتگاه پلاس؛ رزرو فوری,ابراهیم,2026-01-08,95,81,1,,متوسط,مشترک (فضای مشترک با میزبان یا مهمان دیگر),700000,,,,,,,ذکر شده,مستر است در روستای خوش آب و هوای کبریاکلا واقع شده است که حدود ,مشترک (فضای مشترک با میزبان یا مهمان دیگر),ذکر شده,,,یک دستگاه اسپیلت 24 هزار در پذیرایی و یک دستگاه اسپیلت 12 هزار در یک اتاق,پکیج,پذیرش (قانون صریح),,52.7276,36.3278,active,db، sweep
3288637,/room/3288637,کلبه با چشم انداز جنگل در بابلکنار - کاردرکلا,کاردرکلا,بله,main,,کلبه، ویلا,70,1000,1,2,6,4.9,17,5,5,4.9,4.8,5,4.5,,,اقامتگاه پلاس؛ رزرو فوری,علی,2019-09-08,86,437,1,,متوسط,مشترک (فضای مشترک با میزبان یا مهمان دیگر),1000000,دارد,4 نفره,,,ذکر شده,,,,مشترک (فضای مشترک با میزبان یا مهمان دیگر),ذکر شده,,,یک دستگاه اسپلیت ۲۴ هزار در پذیرایی,یک شعله بخاری گازی در پذیرایی,پذیرش (قانون صریح),,52.7691,36.3012,active,cabins، db، sweep
3288689,/room/3288689,کلبه سوئیسی کنار رودخانه بابلرود - کاردرکلا,کاردرکلا,بله,main,,کلبه، کلبه سوئیسی، کلبه چوبی,160,198,2,4,8,4.8,38,4.9,4.9,4.7,4.7,4.9,4.8,,,اقامتگاه پلاس,زینب,2026-02-01,99,184,1,,متوسط,دربست,350000,دارد,وان جکوزی 6 نفره,,,ذکر شده,ذکر شده,ذکر شده,,,ذکر شده,,,یک دستگاه کولر اسپیلت 24000 در پذیرایی و یک دستگاه اسپیلت 12000 در هر یک اتاق خواب,پکیج - رادیاتور - اسپلیت دو منظوره,پذیرش (قانون صریح),,52.7667,36.3083,active,cabins، corpus، db، search، sweep
3288899,/room/3288899,کلبه سوئیسی با جکوزی در بابلکنار - رییس کلا,بابلکنار,نامطمئن,main,,کلبه، کلبه سوئیسی، کلبه چوبی,90,250,1,2,4,4.6,13,4.8,4.4,4.4,4.7,4.8,4.5,,,اقامتگاه پلاس,افشان,2026-02-03,83,146,1,,متوسط,دربست,500000,دارد,4 نفره,,,,,ذکر شده,,,ذکر شده,,,یک دستگاه اسپیلت 28000 در پذیرایی,یک شعله بخاری گازی در پذیرایی,,,52.7296,36.3715,active,db، sweep
3289080,/room/3289080,کلبه جکوزی دار در بابلکنار - کاردرکلا,کاردرکلا,بله,main,,کلبه، سوئیت,40,120,0,2,2,5,1,5,5,5,5,5,5,,,,مهدیه,2025-08-25,92,159,1,,سخت,مشترک (فضای مشترک با میزبان یا مهمان دیگر),0,دارد,دو نفره,,,,,ذکر شده,,مشترک (فضای مشترک با میزبان یا مهمان دیگر),,,,اسپیلت 12000 در پذیرایی,یک شعله بخاری گازی در پذیرایی,پذیرش (قانون صریح),,52.7663,36.3018,active,cabins، db، sweep
3289165,/room/3289165,کلبه سوئیسی با ویو دریاچه انارستان در بابلکنار,بابلکنار,نامطمئن,main,,کلبه، کلبه سوئیسی، کلبه چوبی,60,300,0,4,6,4.8,12,5,4.6,4.6,4.9,5,4.7,,,اقامتگاه پلاس,سید علی اصغر,2026-02-15,89,302,1,,متوسط,دربست,300000,,,,,,,ذکر شده,دنج قرار دارد,,ذکر شده,,,یک دستگاه اسپیلت 30000 در پذیرایی,یک دستگاه بخاری برقی در پذیرایی و اسپیلت دومنظوره در پذیرایی,پذیرش (قانون صریح),,52.7141,36.4142,active,db، sweep
3289303,/room/3289303,کلبه سوئیسی در بابلکنار - کلاریکلا - تیپ ۲,کلاریکلا,بله,main,,کلبه، کلبه سوئیسی، کلبه چوبی,90,2000,0,2,4,4.9,24,5,5,4.8,4.8,5,4.9,,,اقامتگاه پلاس,عذری,2024-09-16,91,250,1,,متوسط,مشترک (فضای مشترک با میزبان یا مهمان دیگر),300000,,,,,,,ذکر شده,,مشترک (فضای مشترک با میزبان یا مهمان دیگر),ذکر شده,,,یک دستگاه کولر اسپیلت 18000 در پذیرایی,یک شعله بخاری گازی در پذیرایی,پذیرش (قانون صریح),,52.7171,36.3647,active,db، sweep
3289341,/room/3289341,کلبه سوئیسی رو به جنگل در بابلکنار - قرآن تالار,قرآن تالار,بله,main,,کلبه، کلبه سوئیسی، ویلا، کلبه چوبی,90,200,2,4,6,4.9,40,4.9,4.9,4.8,4.8,4.9,4.9,,,اقامتگاه پلاس؛ رزرو فوری,محسن,2023-11-23,87,207,1,,سخت,دربست,600000,دارد,4 نفره,,,,,ذکر شده,,,ذکر شده,,,یک دستگاه کولر اسپیلت 24000 در پذیرایی و یک دستگاه اسپیلت 12000 در هر اتاق خواب,پکیج - رادیاتور,پذیرش (قانون صریح),,52.778,36.3071,active,cabins، corpus، db، search، sweep
3289537,/room/3289537,کلبه سوئیسی جکوزی دار در بابلکنار - امیرکلا,امیرکلا,بله,main,,کلبه، کلبه سوئیسی، کلبه چوبی,100,200,2,4,8,5,10,5,5,5,5,5,5,,,اقامتگاه پلاس؛ رزرو فوری,احمد,2026-02-14,89,145,1,,متوسط,دربست,500000,دارد,4 نفره,,,,,ذکر شده,,,ذکر شده,,,یک دستگاه اسپیلت 18000 در پذیرایی و یک دستگاه اسپیلت 9000 در هر اتاق خواب,پکیج، گرمایش از کف,پذیرش (قانون صریح),,52.7482,36.3216,active,cabins، db، sweep
3289543,/room/3289543,کلبه با وان جکوزی در جاده شیرگاه به بابلکنار,بابلکنار,نامطمئن,main,,کلبه، سوئیت، کلبه چوبی,70,5000,0,4,5,4.7,9,4.6,5,5,4.4,4.9,4.6,,,اقامتگاه پلاس؛ رزرو فوری,سید جواد,2022-09-21,94,266,1,,سخت,مشترک (فضای مشترک با میزبان یا مهمان دیگر),400000,دارد,وان جکوزی دو نفره,,,,,ذکر شده,دنج در روستای خوش آب و هوای گونه کلا واقع شده که حدود یک کیلومت,مشترک (فضای مشترک با میزبان یا مهمان دیگر),ذکر شده,,,یک دستگاه اسپلیت 24000,یک شعله بخاری گازی,پذیرش (قانون صریح),,52.7979,36.3327,active,sweep
3289641,/room/3289641,کلبه سوئیسی با جکوزی در بابلکنار - قرآن تالار,قرآن تالار,بله,main,,کلبه، کلبه سوئیسی، ویلا، کلبه چوبی,75,150,2,4,6,4.7,24,4.9,4.6,4.6,4.5,4.8,4.6,,,اقامتگاه پلاس؛ رزرو فوری,محسن,2023-11-23,87,207,1,,سخت,دربست,200000,دارد,وان جکوزی 4 نفره,,,,,ذکر شده,,,ذکر شده,,,یک دستگاه 18000 در پذیرایی و یک دستگاه 12000 در هر اتاق خواب,پکیج - رادیاتور,پذیرش (قانون صریح),,52.7778,36.3071,active,cabins، db، search، sweep
3290023,/room/3290023,کلبه سوئیسی بالکن دار در بابلکنار - درازکلا,درازکلا,بله,main,,کلبه، کلبه سوئیسی، کلبه چوبی,74,350,1,2,4,4.4,3,4.3,4.3,4.7,4,5,4,,,,مریم,2026-02-22,50,275,2,,متوسط,مشترک (فضای مشترک با میزبان یا مهمان دیگر),500000,,,,,,,ذکر شده,,مشترک (فضای مشترک با میزبان یا مهمان دیگر),,,,یک دستگاه کولر اسپیلت 18000 در پذیرایی,یک شعله بخاری گازی در پذیرایی,,,52.7317,36.3353,active,db، sweep
3290694,/room/3290694,کلبه سوئیسی در مرزیکلا,مرزیکلا,بله,main,,کلبه، کلبه سوئیسی، کلبه چوبی,70,200,1,4,6,4.8,5,4.6,5,4.8,4.6,5,4.8,,,اقامتگاه پلاس,علیرضا,2026-03-14,71,183,1,,متوسط,دربست,500000,,,,,,,ذکر شده,دنج و چشم انداز زیبا در شهر مرزیکلا واقع شده است که حدود ۲۰ کیل,,ذکر شده,,,اسپیلت 18000 در طبقه بالا,یک شعله بخاری گازی در پذیرایی,پذیرش (قانون صریح),,52.7389,36.3674,active,db، search
3290951,/room/3290951,کلبه سوئیسی در بابلکنار - هلی خال,بابلکنار,نامطمئن,main,,کلبه، کلبه سوئیسی، کلبه چوبی,50,100,2,2,6,5,2,5,5,5,5,5,5,,,,امید,2025-07-22,59,154,1,,متوسط,مشترک (فضای مشترک با میزبان یا مهمان دیگر),400000,,,,,,,ذکر شده,,مشترک (فضای مشترک با میزبان یا مهمان دیگر),ذکر شده,,,یک دستگاه اسپیلت 24000,یک شعله بخاری گازی در پذیرایی,,,52.712,36.3407,active,db، sweep
3290994,/room/3290994,کلبه چوبی تراس دار در بابلکنار - بزچفت,بزچفت,بله,main,,کلبه، کلبه چوبی,45,6000,0,2,3,5,24,5,5,5,5,5,4.9,,,اقامتگاه پلاس,امین,2026-04-12,91,230,1,,متوسط,دربست,300000,,,,,,,ذکر شده,,,ذکر شده,,,یک دستگاه اسپلیت 24000 در پذیرایی,یک دستگاه بخاری برقی,پذیرش (قانون صریح),,52.7503,36.384,active,db، sweep
3291154,/room/3291154,کلبه جنگلی جکوزی دار در بابلکنار - هلی خال,بابلکنار,نامطمئن,main,,کلبه، ویلا، کلبه چوبی,80,350,1,3,6,5,1,5,5,5,5,5,5,,,,فاطمه زهرا,2025-07-14,58,324,1,,متوسط,دربست,500000,دارد,6 نفره,,,ذکر شده,,ذکر شده,,,ذکر شده,,,یک دستگاه کولر اسپیلت 24000 در پذیرایی و یک دستگاه اسپیلت 12000 در اتاق خواب,یک شعله بخاری گازی در پذیرایی و یک شعله در اتاق خواب,پذیرش (قانون صریح),,52.6835,36.3362,active,db، sweep
3291369,/room/3291369,کلبه سوئیسی استخردار در بابلکنار - کاردرکلا,کاردرکلا,بله,main,,کلبه، کلبه سوئیسی، کلبه چوبی,70,300,1,2,3,4.9,14,4.9,4.9,4.8,4.9,5,4.7,,,اقامتگاه پلاس,محمود,2026-03-29,81,380,1,,متوسط,مشترک (فضای مشترک با میزبان یا مهمان دیگر),1200000,,,دارد,,,,ذکر شده,دنج و سرسبز در جاده لفور در روستای خوش آب و هوای کاردرکلا با فا,مشترک (فضای مشترک با میزبان یا مهمان دیگر),,,,یک دستگاه اسپلیت 12000 در طبقه بالا,یک شعله بخاری گازی در پذیرایی,,,52.7625,36.3054,active,cabins، db، sweep
3291421,/room/3291421,کلبه با وان‌ جکوزی در بابلکنار - قرآن‌ تالار,قرآن تالار,بله,main,,کلبه، کلبه سوئیسی، کلبه چوبی,75,130,1,3,5,4.9,73,4.9,5,4.9,4.8,4.9,4.9,,,اقامتگاه پلاس؛ رزرو فوری,رضا,2026-03-07,99,63,1,,سخت,دربست,650000,دارد,وان جکوزی 2 نفره,,,,,ذکر شده,,,ذکر شده,,,یک دستگاه کولر اسپیلت 24000 در پذیرایی و یک دستگاه اسپیلت 18000 در اتاق خواب بالا,پکیج - رادیاتور,پذیرش (قانون صریح),,52.7768,36.3061,active,cabins، corpus، db، search، sweep
3291958,/room/3291958,کلبه سوئیسی در بابلکنار - کبریاکلا,کبریاکلا,بله,main,,کلبه، کلبه سوئیسی,70,3000,1,2,4,4.7,15,4.7,4.8,4.8,4.4,4.9,4.5,,,اقامتگاه پلاس,پیمان,2026-03-12,100,94,1,,سخت,مشترک (فضای مشترک با میزبان یا مهمان دیگر),500000,,,,,,,ذکر شده,,مشترک (فضای مشترک با میزبان یا مهمان دیگر),ذکر شده,,,یک دستگاه کولر 18000 در طبقه بالا,یک شعله بخاری گازی در پذیرایی,پذیرش (قانون صریح),,52.7389,36.3237,active,db، sweep
3292427,/room/3292427,کلبه سوئیسی جکوزی دار در بابلکنار - کبریاکلا,کبریاکلا,بله,main,,کلبه، کلبه سوئیسی، کلبه چوبی,75,300,1,4,6,4.9,12,4.9,5,4.9,4.8,5,4.9,,,اقامتگاه پلاس,هادی,2026-03-12,96,248,1,,سخت,دربست,500000,دارد,4 نفره,,,,,ذکر شده,دنج قرار دارد,,ذکر شده,,,یک دستگاه اسپلیت 24000 در پذیرایی و یک دستگاه اسپلیت 12000 در اتاق خواب,پکیج - شوفاژ,پذیرش (قانون صریح),,52.739,36.3258,active,db، sweep
3292440,/room/3292440,کلبه چوبی در بابلکنار - بالف کلا شرقی,بالفکلا,بله,main,,کلبه، کلبه سوئیسی، کلبه چوبی,60,150,2,4,6,4.8,28,4.9,4.8,4.8,4.5,5,4.6,,,اقامتگاه پلاس؛ رزرو فوری,زینب,2026-03-18,99,191,1,,متوسط,مشترک (فضای مشترک با میزبان یا مهمان دیگر),400000,,,,,,,ذکر شده,,مشترک (فضای مشترک با میزبان یا مهمان دیگر),ذکر شده,,,یک دستگاه اسپیلت 18000 در پذیرایی و دو دستگاه اسپیلت 12000 در دو اتاق,پکیج,پذیرش (قانون صریح),,52.751,36.3462,active,corpus، db، search، sweep
3292527,/room/3292527,کلبه جنگلی استخردار در گونه کلا - ۳ خوابه,گونه کلا,بله,main,,کلبه، کلبه سوئیسی، کلبه چوبی,256,349,3,6,8,4.9,21,5,5,4.9,5,5,4.7,,,اقامتگاه پلاس؛ رزرو فوری,احمدرضا,2026-03-14,100,131,1,,سخت,دربست,2000000,,,دارد,,,,ذکر شده,دنج قرار دارد,,ذکر شده,,,یک دستگاه اسپلیت 24 هزار در پذیرایی ، دو دستگاه اسپلیت 12 هزار در دو خواب ،یک دستگاه اسپلیت نه هزار در یک خواب,پکیج - شوفاژ,پذیرش (قانون صریح),,52.7904,36.338,active,cabins، db، sweep
3292675,/room/3292675,کلبه سوئیسی در بابلکنار - هلی خال,بابلکنار,نامطمئن,main,,کلبه، کلبه سوئیسی، کلبه چوبی,80,300,1,4,6,4,4,4.5,4.3,3,4.3,4.8,3.5,,,,سهیل,2026-03-23,57,403,1,,متوسط,دربست,500000,,,,,,,ذکر شده,دنج قرار دارد,,ذکر شده,,,یک دستگاه اسپلیت 14000 دومنظوره در پذیرایی و یک دستگاه اسپلیت 12000 دومنظوره در اتاق خواب,یک شعله بخاری گازی در پذیرایی، یک دستگاه اسپلیت 14000 دومنظوره در پذیرایی و یک دستگاه اسپلیت 12000 دومنظوره در اتاق خواب,پذیرش (قانون صریح),,52.687,36.3368,active,db، sweep
3292926,/room/3292926,کلبه سوئیسی با جکوزی در هلی خال بابلکنار,بابلکنار,نامطمئن,main,,کلبه، کلبه سوئیسی، کلبه چوبی,90,260,2,2,6,4.8,15,4.9,4.9,4.9,4.7,4.9,4.6,,,اقامتگاه پلاس,فرزانه,2024-08-29,97,96,1,,سخت,دربست,800000,دارد,۴ نفره,,,,,ذکر شده,دنج قرار دارد,,ذکر شده,,,یک دستگاه اسپیلت 18000 در پذیرایی و دو دستگاه اسپیلت 12000 در دو اتاق,یک شعله بخاری گازی در پذیرایی,پذیرش (قانون صریح),,52.7111,36.3398,active,db، sweep
3293455,/room/3293455,کلبه سوئیسی در بابلکنار - درازکلا,درازکلا,بله,main,,کلبه، کلبه سوئیسی، کلبه چوبی,90,300,1,2,6,4.7,14,4.9,4.9,4.4,4.3,4.9,4.8,,,اقامتگاه پلاس,مهرآسا,2026-03-25,98,215,1,,سخت,دربست,700000,,,,,,,ذکر شده,,,ذکر شده,,,یک دستگاه اسپلیت 12000 در پذیرایی و یک اتاق خواب,ک اسپیلت پذیرایی یک شعله بخاری گازی در پذیرایی، یک شعله بخاری گازی در اتاق خواب و یک دستگاه بخاری برقی,,,52.7287,36.3371,active,db، sweep
3293591,/room/3293591,کلبه سوئیسی در بابلکنار - کاردرکلا,کاردرکلا,بله,main,,کلبه، کلبه سوئیسی، کلبه چوبی,85,500,1,2,4,4.3,1,4,5,4,4,5,4,,,,محمدرضا,2026-04-12,50,305,1,,متوسط,مشترک (فضای مشترک با میزبان یا مهمان دیگر),400000,,,,,,,ذکر شده,,مشترک (فضای مشترک با میزبان یا مهمان دیگر),ذکر شده,,,یک دستگاه اسپلیت 18000 در پذیرایی,یک شعله بخاری گازی در پذیرایی,پذیرش (قانون صریح),,52.7638,36.3096,active,cabins، db، sweep
3293613,/room/3293613,کلبه سوئیسی استخردار در بابلکنار - شیردارکلا,شیردارکلا,بله,main,,کلبه، کلبه سوئیسی، کلبه چوبی,100,300,2,4,6,4.9,13,4.9,5,4.9,4.7,5,4.7,,,اقامتگاه پلاس,روزبه,2026-03-19,82,315,2,,سخت,دربست,800000,,,دارد,,,,ذکر شده,,,ذکر شده,,,یک دستگاه کولر اسپیلت 18000 در پذیرایی و یک دستگاه اسپیلت 12000 در یک اتاق خواب,پکیج - رادیاتور,پذیرش (قانون صریح),,52.7758,36.3358,active,cabins، db، sweep
3293846,/room/3293846,کلبه بالکن دار با جکوزی در بابلکنار - قرآن تالار,قرآن تالار,بله,main,,کلبه، کلبه سوئیسی، کلبه چوبی,130,200,3,4,6,4.6,23,4.7,4.7,4.3,4.4,4.8,4.6,,,اقامتگاه پلاس,محسن,2023-11-23,87,208,1,,سخت,دربست,400000,دارد,وان جکوزی 6 نفره,,,,,ذکر شده,,,ذکر شده,,,یک دستگاه کولر اسپیلت 24000 در پذیرایی و یک دستگاه اسپیلت 12000 در هر اتاق خواب,پکیج - رادیاتور,پذیرش (قانون صریح),,52.7779,36.3069,active,cabins، db، search، sweep
3293925,/room/3293925,کلبه سوئیسی در شیرگاه - فرامرزکلا,فرامرزکلا,بله,main,,کلبه، کلبه سوئیسی، کلبه چوبی,65,260,1,2,4,4.9,3,5,5,5,4.7,5,5,,,,مظاهر,2026-03-28,100,107,1,,سخت,دربست,600000,,,,,,,ذکر شده,,,ذکر شده,,,یک دستگاه اسپلیت 18000 در پذیرایی و یک دستگاه اسپلیت 12000 در اتاق خواب,یک دستگاه بخاری برقی  در پذیرایی,پذیرش (قانون صریح),,52.8069,36.3598,active,db، sweep
3293951,/room/3293951,کلبه سوئیسی در بابلکنار - سیدکلا,سیدکلا,بله,main,,کلبه، کلبه سوئیسی، کلبه چوبی,40,100,1,4,6,4.9,21,5,4.9,5,4.8,5,5,,,اقامتگاه پلاس؛ رزرو فوری,سیدمهدی,2026-03-22,92,58,1,,سخت,دربست,500000,,,,,,,ذکر شده,,,ذکر شده,,,یک دستگاه اسپلیت 12000 در پذیرایی و یک دستگاه اسپلیت 12000 در اتاق خواب,یک شعله بخاری گازی در پذیرایی,پذیرش (قانون صریح),,52.7912,36.3093,active,cabins، db، search، sweep
3293997,/room/3293997,کلبه سوئیسی در بابلکنار - درزی محله,بابلکنار,نامطمئن,main,,کلبه، کلبه سوئیسی، کلبه چوبی,75,200,1,2,6,4.9,5,5,5,5,4.8,5,4.8,,,اقامتگاه پلاس؛ رزرو فوری,امیرحسین,2026-03-23,100,221,1,,متوسط,دربست,500000,,,,,,,ذکر شده,,,ذکر شده,,,یک دستگاه کولر اسپیلت 18000 در پذیرایی,یک دستگاه کولر اسپیلت 18000 در پذیرایی,پذیرش (قانون صریح),,52.7134,36.3946,active,db، sweep
3294219,/room/3294219,کلبه سوئیسی در بابلکنار - درازکش,درازکش,بله,main,,کلبه، کلبه سوئیسی، کلبه چوبی,70,300,1,2,5,4.9,5,5,5,5,4.8,5,4.8,,,,مرتضی,2026-03-25,0,305,1,,متوسط,مشترک (فضای مشترک با میزبان یا مهمان دیگر),400000,,,,,,,ذکر شده,دنج قرار دارد,مشترک (فضای مشترک با میزبان یا مهمان دیگر),,,,یک دستگاه اسپلیت 18000 در طبقه بالا,یک شعله بخاری گازی در پذیرایی,پذیرش (قانون صریح),,52.663,36.274,inactive,db، sweep
3294449,/room/3294449,کلبه سوئیسی در مرزیکلا,مرزیکلا,بله,main,,کلبه، کلبه سوئیسی، کلبه چوبی,80,110,0,4,6,4.8,6,4.8,5,5,4.5,5,4.7,,,اقامتگاه پلاس,انسیه,2026-04-06,92,306,1,,متوسط,دربست,500000,,,,,,,ذکر شده,,,ذکر شده,,,یک دستگاه اسپیلت 24000 در پذیرایی,یک شعله بخاری گازی در پذیرایی,پذیرش (قانون صریح),,52.7389,36.3677,active,db، search
3295692,/room/3295692,کلبه سوئیسی در بابلکنار - ویارسره,بابلکنار,نامطمئن,main,,کلبه، کلبه سوئیسی، کلبه چوبی,50,500,1,2,4,4.7,5,4.6,5,5,4.6,5,4.2,,,اقامتگاه پلاس,مرتضی,2026-03-28,90,302,1,,متوسط,دربست,500000,,,,,,,ذکر شده,,,ذکر شده,,,یک دستگاه اسپیلت 24000 در ورودی اتاق خواب,یک شعله بخاری گازی در پذیرایی,پذیرش (قانون صریح),,52.6942,36.331,active,db، sweep
3295889,/room/3295889,کلبه چوبی در بابلکنار - ممرزکن,ممرزکن,بله,main,,کلبه، کلبه چوبی,47,250,1,2,4,4.9,21,4.9,5,4.8,4.9,5,5,,,اقامتگاه پلاس,رحمان,2024-01-07,90,157,1,,سخت,دربست,395000,,,,,,,ذکر شده,دنج قرار دارد,,ذکر شده,,,یک دستگاه اسپلیت 13000 در اتاق خواب,یک شعله بخاری گازی در پذیرایی و یک دستگاه بخاری برقی,پذیرش (قانون صریح),,52.7006,36.2641,active,db، sweep
3296004,/room/3296004,کلبه سوئیسی در بابلکنار - آزارسی,بابلکنار,نامطمئن,main,,کلبه، کلبه سوئیسی، کلبه چوبی,80,800,1,3,6,4.8,3,5,5,4.7,4.7,5,4.7,,,,شهرام,2026-03-28,42,285,1,,متوسط,مشترک (فضای مشترک با میزبان یا مهمان دیگر),250000,,,,,,,ذکر شده,,مشترک (فضای مشترک با میزبان یا مهمان دیگر),ذکر شده,,,یک دستگاه کولر اسپلیت 18000 در پذیرایی,یک شعله بخاری گازی در پذیرایی,پذیرش (قانون صریح),,52.6953,36.3476,active,db، sweep
3296137,/room/3296137,کلبه سوئیسی در بابلکنار - شاهرضا گاوزن محله,بابلکنار,نامطمئن,main,,کلبه، کلبه سوئیسی، کلبه چوبی,72,500,1,4,6,4.8,6,5,5,4.7,4.5,5,4.5,,,اقامتگاه پلاس,احمد,2026-04-12,91,247,1,,متوسط,دربست,500000,,,,,,,ذکر شده,,,ذکر شده,,,یک دستگاه اسپیلت 18000 در پذیرایی و یک دستگاه اسپیلت 12000 در اتاق خواب,یک دستگاه اسپیلت 18000 در پذیرایی و یک دستگاه اسپیلت 12000 در اتاق خواب,,,52.7078,36.4243,active,db، sweep
3297329,/room/3297329,کلبه چوبی با وان جکوزی در کبریاکلا,کبریاکلا,بله,main,,کلبه، ویلا، کلبه چوبی,115,1500,1,2,4,3,1,3,1,2,5,5,2,,,,سارا,2026-08-04,79,253,1,,سخت,مشترک (فضای مشترک با میزبان یا مهمان دیگر),950000,دارد,وان جکوزی 2 نفره,,,,,ذکر شده,,مشترک (فضای مشترک با میزبان یا مهمان دیگر),ذکر شده,,,یک دستگاه کولر اسپیلت 18000 در پذیرایی و یک دستگاه اسپیلت 12000 در اتاق خواب,یک شعله بخاری گازی در پذیرایی و یک دستگاه بخاری برقی در اتاق خواب,پذیرش (قانون صریح),,52.7276,36.327,active,sweep
3297585,/room/3297585,کلبه سوئیسی در بابلکنار - سیدکلا,سیدکلا,بله,main,,کلبه، کلبه سوئیسی، کلبه چوبی,100,200,1,4,5,4.9,13,5,5,5,4.8,5,4.8,,,اقامتگاه پلاس؛ رزرو فوری,محدثه,2026-04-08,92,152,1,,متوسط,دربست,1000000,,,,,,,ذکر شده,,,ذکر شده,,,یک دستگاه اسپلیت 24000 در اتاق خواب,یک عدد بخار برقی در پذیرایی,پذیرش (قانون صریح),,52.7847,36.3065,active,cabins، db، search، sweep
3298314,/room/3298314,کلبه سوئیسی استخردار در بابلکنار - کاردرکلا,کاردرکلا,بله,main,,کلبه، کلبه سوئیسی، کلبه چوبی,90,300,1,3,6,4.8,11,4.9,4.8,4.7,4.7,4.9,4.8,,,اقامتگاه پلاس,کاظم,2020-08-13,93,229,1,,سخت,دربست,700000,,,دارد,,,,ذکر شده,دنج و سرسبز در جاده لفور در روستای خوش آب و هوای کاردرکلا با فا,,,,,یک دستگاه اسپلیت 18000 در بین طبقات و یک دستگاه اسپلیت 12000 در یک اتاق خواب,پکیج - شوفاژ,پذیرش (قانون صریح),,52.7631,36.2996,active,cabins، db، sweep
3298466,/room/3298466,کلبه سوئیسی در بابلکنار - سیادرکا - واحد یک,سیادرکا,بله,main,,کلبه، کلبه سوئیسی، کلبه چوبی,80,100,1,4,4,4.4,3,3.7,4.7,4,5,5,4.3,,,,معین,2026-04-14,58,192,1,,متوسط,مشترک (فضای مشترک با میزبان یا مهمان دیگر),300000,,,,,,,,,مشترک (فضای مشترک با میزبان یا مهمان دیگر),ذکر شده,,,یک دستگاه اسپلیت 24000 در اتاق طبقه بالا,یک شعله بخاری گازی در پذیرایی,پذیرش (قانون صریح),,52.747,36.3644,active,db، sweep
3298479,/room/3298479,کلبه سوئیسی در بابلکنار - گونه کلا,گونه کلا,بله,main,,کلبه، کلبه سوئیسی، کلبه چوبی,75,250,2,4,6,4.9,5,4.8,4.8,5,5,5,4.8,,,اقامتگاه پلاس,امیر حسین,2026-04-12,80,342,1,,متوسط,دربست,500000,,,,,,,ذکر شده,,,ذکر شده,,,یک دستگاه اسپلیت 18 هزار در پذیرایی,یک شعله بخاری گازی در پذیرایی,پذیرش (قانون صریح),,52.7911,36.337,active,cabins، db، sweep
3298554,/room/3298554,کلبه چوبی در مرزیکلا - سیادرکا,مرزیکلا,بله,main,,کلبه، کلبه سوئیسی، کلبه چوبی,50,100,1,2,4,4.8,8,4.9,4.8,4.9,4.5,5,4.6,,,اقامتگاه پلاس,میثم,2026-04-20,73,187,1,,متوسط,مشترک (فضای مشترک با میزبان یا مهمان دیگر),500000,,,,,,,ذکر شده,,مشترک (فضای مشترک با میزبان یا مهمان دیگر),ذکر شده,,,یک دستگاه اسپلیت 24000 در پذیرایی,یک شعله بخاری گازی در پذیرایی,پذیرش (قانون صریح),,52.7471,36.3641,active,db
3298750,/room/3298750,کلبه سوئیسی جکوزی دار در بابلکنار - شیردارکلا,شیردارکلا,بله,main,,کلبه، کلبه سوئیسی، کلبه چوبی,70,200,1,4,6,4.7,6,4.7,5,5,4.3,5,4.3,,,اقامتگاه پلاس؛ رزرو فوری,سپیده,2026-04-15,100,113,1,,متوسط,دربست,40000,دارد,2 نفره,,,,,ذکر شده,,,ذکر شده,,,یک دستگاه اسپیلت 18000 در پذیرایی,یک شعله بخاری گازی در پذیرایی و یک دستگاه اسپیلت 18000 در پذیرایی,پذیرش (قانون صریح),,52.7739,36.3382,active,cabins، db، sweep
3298791,/room/3298791,کلبه سوئیسی در بابلکنار - سیادرکا - واحد ۲,سیادرکا,بله,main,,کلبه، کلبه سوئیسی، کلبه چوبی,60,100,0,2,4,4.4,6,4.7,4.8,3.5,4.7,5,4,,,,معین,2026-04-14,58,192,1,,متوسط,مشترک (فضای مشترک با میزبان یا مهمان دیگر),300000,,,,,,,,,مشترک (فضای مشترک با میزبان یا مهمان دیگر),ذکر شده,,,یک دستگاه اسپلیت 24000 در اتاق طبقه بالا,یک شعله بخاری گازی در پذیرایی,پذیرش (قانون صریح),,52.747,36.3644,active,db، sweep
3298804,/room/3298804,کلبه سوئیسی در بابلکنار - کلاریکلا,کلاریکلا,بله,main,,کلبه، کلبه سوئیسی، کلبه چوبی,60,180,1,2,5,5,14,5,5,5,4.9,5,5,,,اقامتگاه پلاس,فاطمه,2026-05-10,100,126,1,,متوسط,دربست,500000,,,,,,,ذکر شده,,,ذکر شده,,,یک دستگاه کولر اسپیلت 24000 در پذیرایی,یک دستگاه کولر اسپیلت 24000 در پذیرایی و بخاری برقی,پذیرش (قانون صریح),,52.7077,36.3641,active,db، sweep
3299010,/room/3299010,کلبه چوبی با وان جکوزی در بابلکنار - کاردرکلا,کاردرکلا,بله,main,,کلبه، کلبه چوبی,80,100,1,2,4,5,2,5,5,5,5,5,5,,,,مرتضی,2025-08-18,96,227,2,,سخت,مشترک (فضای مشترک با میزبان یا مهمان دیگر),800000,دارد,جکوزی نیز می باشد,,,,,ذکر شده,,مشترک (فضای مشترک با میزبان یا مهمان دیگر),ذکر شده,,,یک دستگاه اسپیلت 18000 در پذیرایی,یک شعله بخاری گازی در پذیرایی,پذیرش (قانون صریح),,52.7691,36.3011,active,cabins، db، sweep
3299029,/room/3299029,کلبه چوبی در بابلکنار - سیادرکا - واحد ۳,سیادرکا,بله,main,,کلبه، کلبه چوبی,50,70,1,2,3,4.3,3,4.7,4.3,3.7,4.3,4.7,4.3,,,,معین,2026-04-14,60,196,1,,متوسط,مشترک (فضای مشترک با میزبان یا مهمان دیگر),300000,,,,,,,,,مشترک (فضای مشترک با میزبان یا مهمان دیگر),ذکر شده,,,یک دستگاه اسپلیت 24000 در اتاق طبقه بالا,یک شعله بخاری گازی در پذیرایی,پذیرش (قانون صریح),,52.747,36.3645,active,db، sweep
3299360,/room/3299360,کلبه سوئیسی در بابلکنار - آزارسی,بابلکنار,نامطمئن,main,,کلبه، کلبه سوئیسی، کلبه چوبی,50,200,0,2,5,4.9,6,5,5,5,4.5,5,4.8,,,اقامتگاه پلاس,پرویز,2026-04-20,95,282,1,,آسان,مشترک (فضای مشترک با میزبان یا مهمان دیگر),500000,,,,,,,ذکر شده,,مشترک (فضای مشترک با میزبان یا مهمان دیگر),ذکر شده,,,یک دستگاه اسپلیت 18000 در فضای خواب,یک شعله بخاری گازی در پذیرایی و یک دستگاه بخاری برقی,پذیرش (قانون صریح),,52.6826,36.3228,active,db، sweep
3299674,/room/3299674,کلبه سوئیسی جکوزی دار در بابلکنار - رییس کلا,بابلکنار,نامطمئن,main,,کلبه، کلبه سوئیسی، کلبه چوبی,80,100,1,2,4,,0,,,,,,,,,تازه ثبت‌شده,فاطمه,2026-08-08,0,0,1,,متوسط,دربست,700000,دارد,2 نفره,,,,,,,,,,,یک دستگاه اسپیلت 24000 در راه پله,یک شعله بخاری (گازی و برقی) در پذیرایی,پذیرش (قانون صریح),,52.7263,36.3769,active,sweep
3299911,/room/3299911,ویلا دوبلکس استخردار با طراحی چوبی در چهره,چهره,بله,main,بله - عنوان هم کلبه هم ویلا,کلبه، ویلا، کلبه چوبی,90,1000,1,4,6,5,6,5,5,5,5,5,5,,,اقامتگاه پلاس,سهیل,2026-07-13,90,390,1,,آسان,مشترک (فضای مشترک با میزبان یا مهمان دیگر),1000000,,,دارد,,,,ذکر شده,مستقر است,مشترک (فضای مشترک با میزبان یا مهمان دیگر),,,,یک دستگاه کولر اسپیلت 24000 در اتاق بالا,پکیج - رادیاتور,پذیرش (قانون صریح),,52.7188,36.3448,active,db، sweep
3299964,/room/3299964,کلبه سوئیسی جکوزی دار در بابلکنار - کاردرکلا,کاردرکلا,بله,main,,کلبه، کلبه سوئیسی، کلبه چوبی,40,200,1,2,4,4.5,4,4.5,4.8,4,4.5,4.8,4.5,,,,مرتضی,2026-06-04,46,111,1,,متوسط,دربست,600000,دارد,دو نفره,,,,,ذکر شده,دنج و سرسبز در روستای خوش آب و هوای کاردرکلا واقع شده است که حد,,ذکر شده,,,یک دستگاه اسپلیت 18000 در طبقه بالا,یک شعله بخاری گازی در پذیرایی,,,52.7737,36.3011,active,cabins، db، sweep
3300314,/room/3300314,خانه دوبلکس استخردار در بابلکنار - شیردارکلا,شیردارکلا,بله,main,بله - عنوان هم کلبه هم ویلا,ویلا,60,1000,2,4,6,4.2,7,4.4,4.6,3.4,4.4,4.4,3.7,,,,پریسا,2025-12-21,0,311,1,,متوسط,دربست,200000,,,دارد,,,,ذکر شده,,,ذکر شده,,,یک دستگاه اسپیلت 12000 در پذیرایی و یک دستگاه اسپیلت 12000 در یک اتاق خواب,یک شعله بخاری گازی در پذیرایی,پذیرش (قانون صریح),,52.7736,36.3362,inactive,db
3300600,/room/3300600,کلبه چوبی در درازکلا بابلکنار - هلیخال,درازکلا,بله,main,,کلبه، کلبه چوبی,30,250,1,2,2,4,7,4,4.4,2.9,4,4.9,3.9,,,,علی,2022-07-23,74,280,1,,متوسط,مشترک (فضای مشترک با میزبان یا مهمان دیگر),0,,,,,,,,,مشترک (فضای مشترک با میزبان یا مهمان دیگر),ذکر شده,,,یک دستگاه کولر اسپیلت 12000 در پذیرایی,یک شعله بخاری گازی در پذیرایی,,,52.7312,36.3341,active,db، sweep
3301189,/room/3301189,کلبه سوئیسی در بابلکنار - هلی خال,بابلکنار,نامطمئن,main,,کلبه، کلبه سوئیسی، کلبه چوبی,80,300,1,3,6,5,1,5,5,5,5,5,5,,,,امیر حسین,2026-05-06,47,342,1,,متوسط,مشترک (فضای مشترک با میزبان یا مهمان دیگر),350000,,,,,,,ذکر شده,مستقر است و یک سگ نگهبان مهربان نیز در قسمتی از محوطه زندگی می‌,مشترک (فضای مشترک با میزبان یا مهمان دیگر),ذکر شده,,,یک دستگاه اسپیلت 28000 در پذیرایی,یک شعله بخاری گازی در پذیرایی,پذیرش (قانون صریح),,52.7151,36.341,active,db، sweep
3302909,/room/3302909,کلبه سوئیسی در درازکلا - ویارسره,درازکلا,بله,main,,کلبه، کلبه سوئیسی، کلبه چوبی,70,350,2,4,6,4.8,5,4.4,5,5,5,5,4.4,,,,مریم,2026-02-22,50,275,1,,آسان,مشترک (فضای مشترک با میزبان یا مهمان دیگر),300000,,,,,,,ذکر شده,,مشترک (فضای مشترک با میزبان یا مهمان دیگر),,,,یک دستگاه اسپیلت 12000 در پذیرایی,یک شعله بخاری گازی در پذیرایی,,,52.7295,36.337,active,db، sweep
3303922,/room/3303922,کلبه سوئیسی در بابلکنار - هلی خال,بابلکنار,نامطمئن,main,,کلبه، کلبه سوئیسی، کلبه چوبی,60,400,1,2,4,5,3,5,5,5,5,5,5,,,,فاطمه زهرا,2025-07-14,58,324,1,,متوسط,مشترک (فضای مشترک با میزبان یا مهمان دیگر),450000,,,,,,,,,مشترک (فضای مشترک با میزبان یا مهمان دیگر),ذکر شده,,,یک دستگاه اسپیلت 24000 در راه پله,یک شعله بخاری گازی در پذیرایی,پذیرش (قانون صریح),,52.7102,36.3293,active,db، sweep
3304015,/room/3304015,کلبه سوئیسی با استخر و جکوزی در بابلکنار,شیردارکلا,بله,main,,کلبه، کلبه سوئیسی، کلبه چوبی,180,1000,2,4,6,4,8,4,4.3,3.5,4,4.9,3.6,,,,لیلا,2026-06-02,76,438,1,,متوسط,مشترک (فضای مشترک با میزبان یا مهمان دیگر),800000,دارد,4 نفره,دارد,,,,ذکر شده,مستر است در مجموعه ای ۱۰۰۰ متری و در مجاورت چند کلبه دیگر در رو,مشترک (فضای مشترک با میزبان یا مهمان دیگر),,,,یک دستگاه اسپلیت 30000 در پذیرایی و یک دستگاه اسپلیت 12000 در هر اتاق خواب,پکیج,پذیرش (قانون صریح),,52.7704,36.3403,active,cabins، db، sweep
3304871,/room/3304871,کلبه سوئیسی با ویو جنگلی در کاردرکلا بابلکنار,کاردرکلا,بله,main,,کلبه، کلبه سوئیسی، ویلا، کلبه چوبی,80,1500,1,2,4,4.9,9,4.9,5,5,4.7,5,4.9,,,اقامتگاه پلاس؛ رزرو فوری,میلاد,2026-06-10,100,21,1,,متوسط,دربست,600000,,,,,ذکر شده,,ذکر شده,,,ذکر شده,,,یک دستگاه اسپیلت 24 هزار در پذیرایی,یک شعله بخاری گازی در پذیرایی و یک دستگاه بخاری برقی در طبقه بالا,پذیرش (قانون صریح),,52.7617,36.3024,active,cabins، db، sweep
3305398,/room/3305398,کلبه سوئیسی با امکان سوارکاری در مرزیکلا,مرزیکلا,بله,main,,کلبه، کلبه سوئیسی، کلبه چوبی,100,500,2,4,6,4.8,2,5,4.5,4.5,5,5,4.5,,,,سید حامد,2022-05-30,94,74,1,,متوسط,مشترک (فضای مشترک با میزبان یا مهمان دیگر),600000,,,,,,,,,مشترک (فضای مشترک با میزبان یا مهمان دیگر),ذکر شده,,,یک دستگاه کولر اسپیلت 12000 در پذیرایی و یک دستگاه اسپیلت 12000 در اتاق خواب بالا,یک شعله بخاری گازی در پذیرایی,پذیرش (قانون صریح),,52.7387,36.3699,active,db
3305556,/room/3305556,کلبه سوئیسی استخردار در بابلکنار - سیدکلا,سیدکلا,بله,main,,کلبه، کلبه سوئیسی، کلبه چوبی,100,170,2,4,6,,0,,,,,,,,,تازه ثبت‌شده,علی,2025-12-17,100,277,1,,متوسط,دربست,800000,,,دارد,استخر روباز، میز و صندلی باغی و سیستم صوتی فضایی جذاب را جهت تفریح و سرگرمی مهمانان فراهم نموده است,,,ذکر شده,,,ذکر شده,,,یک دستگاه اسپیلت 24000 در پذیرایی و یک دستگاه اسپیلت 12000 در هر اتاق خواب,موتورخانه - شوفاژ,پذیرش (قانون صریح),,52.7865,36.3109,active,cabins، search
3305898,/room/3305898,کلبه سوئیسی در بابلکنار - شیردارکلا,شیردارکلا,بله,main,,کلبه، کلبه سوئیسی، کلبه چوبی,75,1000,1,4,4,2.7,1,2,3,2,3,4,2,,,,لیلا,2026-06-02,76,438,1,,متوسط,مشترک (فضای مشترک با میزبان یا مهمان دیگر),5000000,,,,,,,ذکر شده,,مشترک (فضای مشترک با میزبان یا مهمان دیگر),,,,یک دستگاه اسپیلت 18000 در پذیرایی,پکیج,پذیرش (قانون صریح),,52.7704,36.3403,active,cabins، db، sweep
3306471,/room/3306471,کلبه سوئیسی در بابلکنار - ممرزکن,ممرزکن,بله,main,,کلبه، کلبه سوئیسی، کلبه چوبی,40,200,1,2,4,5,1,5,5,5,5,5,5,,,,روح الله,2021-04-10,75,222,1,,متوسط,دربست,500000,,,,,,,ذکر شده,,,ذکر شده,,,یک دستگاه اسپیلت 12000 در اتاق خواب,یک شعله بخاری گازی در پذیرایی,پذیرش (قانون صریح),,52.6941,36.2665,active,db، sweep
3306732,/room/3306732,کلبه سوئیسی در مرزیکلا - رئیسکلا,مرزیکلا,بله,main,,کلبه، کلبه سوئیسی، کلبه چوبی,65,80,2,2,4,4.2,1,5,4,4,3,5,4,,,,نگین,2026-07-11,57,275,1,,آسان,دربست,300000,,,,,ذکر شده,,ذکر شده,,,ذکر شده,,,یک دستگاه اسپیلت 18000 در پذیرایی و 12000 در اتاق خواب طبقه بالا,پکیج - رادیاتور,پذیرش (قانون صریح),,52.7404,36.3706,active,db
3307566,/room/3307566,کلبه سوئیسی جکوزی دار در مرزیکلا,مرزیکلا,بله,main,,کلبه، کلبه سوئیسی، کلبه چوبی,75,140,2,4,6,,0,,,,,,,,,,محمد,2025-09-23,90,142,1,,متوسط,دربست,500000,دارد,وان جکوزی 2 نفره,,,,,ذکر شده,,,ذکر شده,,,یک دستگاه کولر اسپیلت 24000 در پذیرایی و یک دستگاه اسپیلت 12000 در اتاق خواب بالا,دو شعله بخاری گازی در پذیرایی و اتاق خواب پایین,پذیرش (قانون صریح),,52.7389,36.3677,active,db
3307915,/room/3307915,کلبه سوئیسی در بابلکنار - سیاه درکا,بابلکنار,نامطمئن,main,,کلبه، کلبه سوئیسی، کلبه چوبی,80,250,1,4,6,2.8,1,3,3,3,3,3,2,,,,فاطمه زهرا,2022-11-19,96,74,1,,سخت,دربست,600000,,,,,,,ذکر شده,,,ذکر شده,,,یک دستگاه اسپیلت 30000 در طبقه بالا,یک شعله بخاری گازی در پذیرایی و یک شعله بخاری برقی در اتاق خواب,پذیرش (قانون صریح),,52.7487,36.3643,active,sweep
3308283,/room/3308283,کلبه سوئیسی در بابلکنار - ممرزکن,ممرزکن,بله,main,,کلبه، کلبه سوئیسی، کلبه چوبی,70,120,1,2,6,4.8,3,4.7,5,5,4.3,5,5,,,,محمدرضا,2026-07-11,88,384,1,,متوسط,مشترک (فضای مشترک با میزبان یا مهمان دیگر),500000,,,,,,,ذکر شده,,مشترک (فضای مشترک با میزبان یا مهمان دیگر),ذکر شده,,,یک دستگاه اسپلیت 18000 در اتاق خواب طبقه بالا,یک شعله بخاری گازی در پذیرایی,پذیرش (قانون صریح),,52.7101,36.2683,active,db، sweep
3308708,/room/3308708,کلبه سوئیسی در بابلکنار - بالف کلا شرقی,بالفکلا,بله,main,,کلبه، کلبه سوئیسی، کلبه چوبی,70,1000,1,4,4,4.6,2,4.5,5,4.5,4.5,4.5,4.5,,,,سمیرا,2026-07-23,0,173,1,,متوسط,مشترک (فضای مشترک با میزبان یا مهمان دیگر),500000,,,,,,,ذکر شده,دنج قرار دارد، همچنین سرویس ایرانی در حیاط قرار دارد که به صورت,مشترک (فضای مشترک با میزبان یا مهمان دیگر),ذکر شده,,,یک دستگاه اسپلیت 24000 در پذیرایی و یک دستگاه اسپلیت 12000 در طبقه بالا,یک شعله بخاری گازی در پذیرایی و یک شعله بخاری گازی در طبقه بالا,پذیرش (قانون صریح),,52.7504,36.3466,inactive,db، sweep
3308856,/room/3308856,کلبه شیشه ای با وان جکوزی در بابلکنار - درازکلا,درازکلا,بله,main,,کلبه,20,1000,0,2,2,4.8,2,5,5,5,4.5,5,4,,,,فاطمه,2026-07-26,100,476,1,,متوسط,مشترک (فضای مشترک با میزبان یا مهمان دیگر),350000,دارد,2 نفره,,,,,ذکر شده,,مشترک (فضای مشترک با میزبان یا مهمان دیگر),ذکر شده,,,یک دستگاه اسپیلت 18000 در پذیرایی,یک شعله بخاری گازی در پذیرایی,پذیرش (قانون صریح),,52.7224,36.3291,active,db، sweep
3309125,/room/3309125,کلبه سوئیسی با ویو زیبا در بابلکنار - بالف کلا,بالف کلا,بله,main,,کلبه، کلبه سوئیسی، کلبه چوبی,100,150,2,4,6,4.6,5,5,4.8,4.8,4.2,5,3.8,,,اقامتگاه پلاس,سمیرا,2026-07-23,0,173,1,,متوسط,دربست,500000,,,,,,,ذکر شده,دنج قرار دارد,,ذکر شده,,,یک دستگاه اسپلیت 13000 در پذیرایی و یک دستگاه اسپلیت 9000 در یک اتاق خواب,پکیج - رادیاتور,پذیرش (قانون صریح),,52.7502,36.3467,inactive,sweep
3310486,/room/3310486,کلبه سوئیسی در بابلکنار - سیدکلا,سیدکلا,بله,main,,کلبه، کلبه سوئیسی، کلبه چوبی,70,300,2,2,6,,0,,,,,,,,,تازه ثبت‌شده,علی اصغر,2026-08-15,0,368,1,,متوسط,مشترک (فضای مشترک با میزبان یا مهمان دیگر),700000,,,,,,,,دنج و چشم انداز زیبا در روستای خوش آب و هوای سیدکلا واقع شده اس,مشترک (فضای مشترک با میزبان یا مهمان دیگر),ذکر شده,,,یک دستگاه اسپیلت 24000 در راهرو طبقه بالا,یک دستگاه اسپیلت 24000 در راهرو طبقه بالا,پذیرش (قانون صریح),,52.7921,36.3119,active,cabins، db، sweep
