شناسه,عنوان,روستا,بازه,تاریخ_چک_این,تاریخ_چک_اوت,تعداد_شب,مهمان,قیمت_شب_اول,تخفیف_شب_اول_درصد,قیمت_شب_دوم,تخفیف_شب_دوم_درصد,جمع_قبل_تخفیف,تخفیف_کل,قیمت_نهایی_دو_شب,هزینه_نفر_اضافه_تومان,ظرفیت_پایه,ظرفیت_حداکثر,یادداشت_ظرفیت,وضعیت_قیمت,تاریخ_استخراج
3146451,کلبه چوبی دوبلکس در بابلکنار - نزدیک مرزیکلا,مرزیکلا,وسط_هفته,2026-09-19,2026-09-20,2,4,1400000,0,1400000,0,2800000,0,2800000,300000,2,4,ظرفیت پایه 2 نفر کمتر از 4 مهمان استخراج‌شده,استخراج شد,2026-09-08T18:07:42
3146451,کلبه چوبی دوبلکس در بابلکنار - نزدیک مرزیکلا,مرزیکلا,آخر_هفته,2026-09-16,2026-09-17,2,4,1600000,0,1600000,0,3200000,0,3200000,300000,2,4,ظرفیت پایه 2 نفر کمتر از 4 مهمان استخراج‌شده,استخراج شد,2026-09-08T18:07:42
3148363,کلبه جنگلی بالکن دار در بابلکنار - نزدیک مرزیکلا,مرزیکلا,وسط_هفته,2026-09-19,2026-09-20,2,4,1300000,0,1300000,0,2600000,0,2600000,300000,2,4,ظرفیت پایه 2 نفر کمتر از 4 مهمان استخراج‌شده,استخراج شد,2026-09-08T18:07:46
3148363,کلبه جنگلی بالکن دار در بابلکنار - نزدیک مرزیکلا,مرزیکلا,آخر_هفته,2026-09-16,2026-09-17,2,4,1500000,0,1500000,0,3000000,0,3000000,300000,2,4,ظرفیت پایه 2 نفر کمتر از 4 مهمان استخراج‌شده,استخراج شد,2026-09-08T18:07:46
3149747,کلبه دوبلکس در سیدکلا بابلکنار,سیدکلا,وسط_هفته,2026-09-19,2026-09-20,2,4,2500000,0,2500000,0,5000000,0,5000000,0,5,5,,استخراج شد,2026-09-08T18:07:48
3149747,کلبه دوبلکس در سیدکلا بابلکنار,سیدکلا,آخر_هفته,2026-09-16,2026-09-17,2,4,3500000,0,3500000,0,7000000,0,7000000,0,5,5,,استخراج شد,2026-09-08T18:07:48
3151473,کلبه چوبی و جنگلی در بابلکنار - تیرکن,تیرکن,وسط_هفته,2026-09-19,2026-09-20,2,4,3000000,0,3000000,0,6000000,0,6000000,500000,5,7,,استخراج شد,2026-09-08T18:08:03
3151473,کلبه چوبی و جنگلی در بابلکنار - تیرکن,تیرکن,آخر_هفته,2026-09-16,2026-09-17,2,4,3800000,0,3800000,0,7600000,0,7600000,500000,5,7,,استخراج شد,2026-09-08T18:08:03
3151648,کلبه جنگلی با ویو زیبا,کاردرکلا,وسط_هفته,2026-09-19,2026-09-20,2,4,2000000,0,2000000,0,4000000,0,4000000,300000,3,4,ظرفیت پایه 3 نفر کمتر از 4 مهمان استخراج‌شده,استخراج شد,2026-09-08T18:08:05
3151648,کلبه جنگلی با ویو زیبا,کاردرکلا,آخر_هفته,2026-09-16,2026-09-17,2,4,2000000,0,2900000,0,,,,300000,3,4,ظرفیت پایه 3 نفر کمتر از 4 مهمان استخراج‌شده,شب اول بسته,2026-09-08T18:08:05
3152855,کلبه چوبی با جکوزی در بابلکنار - نزدیک مرزیکلا,مرزیکلا,وسط_هفته,2026-09-19,2026-09-20,2,4,2000000,0,2000000,0,4000000,0,4000000,0,2,2,ظرفیت پایه 2 نفر کمتر از 4 مهمان استخراج‌شده,استخراج شد,2026-09-08T18:08:10
3152855,کلبه چوبی با جکوزی در بابلکنار - نزدیک مرزیکلا,مرزیکلا,آخر_هفته,2026-09-16,2026-09-17,2,4,2500000,0,2500000,0,5000000,0,5000000,0,2,2,ظرفیت پایه 2 نفر کمتر از 4 مهمان استخراج‌شده,استخراج شد,2026-09-08T18:08:10
3153216,کلبه جنگلی استخردار - کلبه ۲,کاردرکلا,وسط_هفته,2026-09-19,2026-09-20,2,4,4500000,0,4500000,0,9000000,0,9000000,700000,3,6,ظرفیت پایه 3 نفر کمتر از 4 مهمان استخراج‌شده,استخراج شد,2026-09-08T18:08:12
3153216,کلبه جنگلی استخردار - کلبه ۲,کاردرکلا,آخر_هفته,2026-09-16,2026-09-17,2,4,5300000,0,5300000,0,10600000,0,10600000,700000,3,6,ظرفیت پایه 3 نفر کمتر از 4 مهمان استخراج‌شده,استخراج شد,2026-09-08T18:08:12
3153254,کلبه جنگلی نزدیک لفور - افراسی,لفور,وسط_هفته,2026-09-19,2026-09-20,2,4,3950000,0,3950000,0,7900000,0,7900000,950000,5,8,,استخراج شد,2026-09-08T18:08:13
3153254,کلبه جنگلی نزدیک لفور - افراسی,لفور,آخر_هفته,2026-09-16,2026-09-17,2,4,3950000,0,4950000,0,8900000,0,8900000,950000,5,8,,استخراج شد,2026-09-08T18:08:13
3154396,کلبه چوبی جکوزی دار,شیردارکلا,وسط_هفته,2026-09-19,2026-09-20,2,4,5280000,0,5280000,0,10560000,0,10560000,800000,4,5,,استخراج شد,2026-09-08T18:08:15
3154396,کلبه چوبی جکوزی دار,شیردارکلا,آخر_هفته,2026-09-16,2026-09-17,2,4,7980000,0,7980000,0,15960000,0,15960000,800000,4,5,,استخراج شد,2026-09-08T18:08:15
3157431,کلبه چوبی جنگلی در بابلکنار - نزدیک مرزیکلا,مرزیکلا,وسط_هفته,2026-09-19,2026-09-20,2,4,1300000,0,1300000,0,2600000,0,2600000,300000,2,3,ظرفیت پایه 2 نفر کمتر از 4 مهمان استخراج‌شده,استخراج شد,2026-09-08T18:08:20
3157431,کلبه چوبی جنگلی در بابلکنار - نزدیک مرزیکلا,مرزیکلا,آخر_هفته,2026-09-16,2026-09-17,2,4,1500000,0,1500000,0,3000000,0,3000000,300000,2,3,ظرفیت پایه 2 نفر کمتر از 4 مهمان استخراج‌شده,استخراج شد,2026-09-08T18:08:20
3161999,رزرو کلبه چوبی دوبلکس,گونه کلا,وسط_هفته,2026-09-19,2026-09-20,2,4,3680000,0,3680000,0,7360000,0,7360000,1000000,6,6,,استخراج شد,2026-09-08T18:08:25
3161999,رزرو کلبه چوبی دوبلکس,گونه کلا,آخر_هفته,2026-09-16,2026-09-17,2,4,5950000,0,5950000,0,,,,1000000,6,6,,شب اول بسته؛ شب دوم بسته,2026-09-08T18:08:25
3162290,رزرو کلبه جنگلی در بابلکنار - جاجن,بابلکنار,وسط_هفته,2026-09-19,2026-09-20,2,4,1205000,0,1205000,0,2410000,0,2410000,500000,2,4,ظرفیت پایه 2 نفر کمتر از 4 مهمان استخراج‌شده,استخراج شد,2026-09-08T18:08:27
3162290,رزرو کلبه جنگلی در بابلکنار - جاجن,بابلکنار,آخر_هفته,2026-09-16,2026-09-17,2,4,1325000,0,1800000,0,3125000,0,3125000,500000,2,4,ظرفیت پایه 2 نفر کمتر از 4 مهمان استخراج‌شده,استخراج شد,2026-09-08T18:08:27
3164126,منزل مبله در لفور سوادکوه,لفور,وسط_هفته,2026-09-19,2026-09-20,2,4,4000000,0,4000000,0,,,,600000,4,18,,شب اول بسته؛ شب دوم بسته,2026-09-08T18:08:56
3164126,منزل مبله در لفور سوادکوه,لفور,آخر_هفته,2026-09-16,2026-09-17,2,4,4000000,0,4000000,0,,,,600000,4,18,,شب اول بسته؛ شب دوم بسته,2026-09-08T18:08:56
3164138,کلبه دو طبقه در لفور سوادکوه,لفور,وسط_هفته,2026-09-19,2026-09-20,2,4,3000000,0,3000000,0,6000000,0,6000000,600000,4,8,,استخراج شد,2026-09-08T18:08:58
3164138,کلبه دو طبقه در لفور سوادکوه,لفور,آخر_هفته,2026-09-16,2026-09-17,2,4,3000000,0,3000000,0,,,,600000,4,8,,شب اول بسته؛ شب دوم بسته,2026-09-08T18:08:58
3164283,کلبه چوبی در بابلکنار - مرزیکلا,مرزیکلا,وسط_هفته,2026-09-19,2026-09-20,2,4,4000000,10,4000000,10,8000000,800000,7200000,400000,5,5,,استخراج شد,2026-09-08T18:09:01
3164283,کلبه چوبی در بابلکنار - مرزیکلا,مرزیکلا,آخر_هفته,2026-09-16,2026-09-17,2,4,4000000,10,4000000,10,8000000,800000,7200000,400000,5,5,,استخراج شد,2026-09-08T18:09:01
3164584,کلبه سوئیسی جکوزی دار در سوادکوه,,وسط_هفته,2026-09-19,2026-09-20,2,4,2800000,0,2800000,0,,,,900000,2,3,ظرفیت پایه 2 نفر کمتر از 4 مهمان استخراج‌شده,شب دوم بسته,2026-09-08T18:09:04
3164584,کلبه سوئیسی جکوزی دار در سوادکوه,,آخر_هفته,2026-09-16,2026-09-17,2,4,3000000,0,3500000,0,,,,900000,2,3,ظرفیت پایه 2 نفر کمتر از 4 مهمان استخراج‌شده,شب اول بسته؛ شب دوم بسته,2026-09-08T18:09:04
3165107,اجاره کلبه جنگلی,کاردرکلا,وسط_هفته,2026-09-19,2026-09-20,2,4,2000000,0,2000000,0,4000000,0,4000000,300000,3,4,ظرفیت پایه 3 نفر کمتر از 4 مهمان استخراج‌شده,استخراج شد,2026-09-08T18:09:06
3165107,اجاره کلبه جنگلی,کاردرکلا,آخر_هفته,2026-09-16,2026-09-17,2,4,2500000,0,2500000,0,5000000,0,5000000,300000,3,4,ظرفیت پایه 3 نفر کمتر از 4 مهمان استخراج‌شده,استخراج شد,2026-09-08T18:09:06
3165298,اجاره خانه دوبلکس در بابلکنار - چهره,چهره,وسط_هفته,2026-09-19,2026-09-20,2,4,2700000,0,2700000,0,5400000,0,5400000,400000,3,4,ظرفیت پایه 3 نفر کمتر از 4 مهمان استخراج‌شده,استخراج شد,2026-09-08T18:09:09
3165298,اجاره خانه دوبلکس در بابلکنار - چهره,چهره,آخر_هفته,2026-09-16,2026-09-17,2,4,3000000,0,3000000,0,,,,400000,3,4,ظرفیت پایه 3 نفر کمتر از 4 مهمان استخراج‌شده,شب دوم بسته,2026-09-08T18:09:09
3168158,کلبه چوبی دوبلکس در بابلکنار - رئیس کلا,رئیسکلا,وسط_هفته,2026-09-19,2026-09-20,2,4,2200000,0,2200000,0,4400000,0,4400000,250000,2,4,ظرفیت پایه 2 نفر کمتر از 4 مهمان استخراج‌شده,استخراج شد,2026-09-08T18:09:11
3168158,کلبه چوبی دوبلکس در بابلکنار - رئیس کلا,رئیسکلا,آخر_هفته,2026-09-16,2026-09-17,2,4,2500000,0,2500000,0,,,,250000,2,4,ظرفیت پایه 2 نفر کمتر از 4 مهمان استخراج‌شده,شب دوم بسته,2026-09-08T18:09:11
3169828,کلبه چوبی در بابلکنار - تیرکن,تیرکن,وسط_هفته,2026-09-19,2026-09-20,2,4,2500000,0,2500000,0,5000000,0,5000000,300000,3,3,ظرفیت پایه 3 نفر کمتر از 4 مهمان استخراج‌شده,استخراج شد,2026-09-08T18:10:07
3169828,کلبه چوبی در بابلکنار - تیرکن,تیرکن,آخر_هفته,2026-09-16,2026-09-17,2,4,3300000,0,3300000,0,6600000,0,6600000,300000,3,3,ظرفیت پایه 3 نفر کمتر از 4 مهمان استخراج‌شده,استخراج شد,2026-09-08T18:10:07
3172176,کلبه سوئیسی با جکوزی در بابلکنار - هلی خال,بابلکنار,وسط_هفته,2026-09-19,2026-09-20,2,4,3000000,0,3000000,0,6000000,0,6000000,300000,2,3,ظرفیت پایه 2 نفر کمتر از 4 مهمان استخراج‌شده,استخراج شد,2026-09-08T18:10:10
3172176,کلبه سوئیسی با جکوزی در بابلکنار - هلی خال,بابلکنار,آخر_هفته,2026-09-16,2026-09-17,2,4,3500000,0,4000000,0,7500000,0,7500000,300000,2,3,ظرفیت پایه 2 نفر کمتر از 4 مهمان استخراج‌شده,استخراج شد,2026-09-08T18:10:10
3173430,خانه چوبی دو طبقه با چشم انداز دریاچه لفور,لفور,وسط_هفته,2026-09-19,2026-09-20,2,4,4200000,0,4200000,0,8400000,0,8400000,0,2,2,ظرفیت پایه 2 نفر کمتر از 4 مهمان استخراج‌شده,استخراج شد,2026-09-08T18:10:12
3173430,خانه چوبی دو طبقه با چشم انداز دریاچه لفور,لفور,آخر_هفته,2026-09-16,2026-09-17,2,4,4200000,0,4200000,0,8400000,0,8400000,0,2,2,ظرفیت پایه 2 نفر کمتر از 4 مهمان استخراج‌شده,استخراج شد,2026-09-08T18:10:12
3173539,اجاره کلبه چوبی جنگلی,کاردرکلا,وسط_هفته,2026-09-19,2026-09-20,2,4,2000000,0,2000000,0,4000000,0,4000000,300000,4,4,,استخراج شد,2026-09-08T18:10:13
3173539,اجاره کلبه چوبی جنگلی,کاردرکلا,آخر_هفته,2026-09-16,2026-09-17,2,4,2500000,0,2900000,0,5400000,0,5400000,300000,4,4,,استخراج شد,2026-09-08T18:10:13
3174191,کلبه چوبی جکوزی دار در بابلکنار - اطلس ۱,بابلکنار,وسط_هفته,2026-09-19,2026-09-20,2,4,3200000,0,3200000,0,6400000,0,6400000,500000,2,4,ظرفیت پایه 2 نفر کمتر از 4 مهمان استخراج‌شده,استخراج شد,2026-09-08T18:10:39
3174191,کلبه چوبی جکوزی دار در بابلکنار - اطلس ۱,بابلکنار,آخر_هفته,2026-09-16,2026-09-17,2,4,3200000,0,4800000,0,8000000,0,8000000,500000,2,4,ظرفیت پایه 2 نفر کمتر از 4 مهمان استخراج‌شده,استخراج شد,2026-09-08T18:10:39
3174226,کلبه چوبی در بابلکنار - مرزیکلا - اطلس ۲,مرزیکلا,وسط_هفته,2026-09-19,2026-09-20,2,4,3300000,0,3300000,0,6600000,0,6600000,500000,2,4,ظرفیت پایه 2 نفر کمتر از 4 مهمان استخراج‌شده,استخراج شد,2026-09-08T18:10:40
3174226,کلبه چوبی در بابلکنار - مرزیکلا - اطلس ۲,مرزیکلا,آخر_هفته,2026-09-16,2026-09-17,2,4,3500000,0,4900000,0,8400000,0,8400000,500000,2,4,ظرفیت پایه 2 نفر کمتر از 4 مهمان استخراج‌شده,استخراج شد,2026-09-08T18:10:40
3174812,اجاره کلبه سوئیسی در بابلکنار - چهره,چهره,وسط_هفته,2026-09-19,2026-09-20,2,4,2500000,0,2500000,0,,,,250000,2,6,ظرفیت پایه 2 نفر کمتر از 4 مهمان استخراج‌شده,شب اول بسته؛ شب دوم بسته,2026-09-08T18:10:43
3174812,اجاره کلبه سوئیسی در بابلکنار - چهره,چهره,آخر_هفته,2026-09-16,2026-09-17,2,4,2800000,0,3800000,0,,,,250000,2,6,ظرفیت پایه 2 نفر کمتر از 4 مهمان استخراج‌شده,شب اول بسته؛ شب دوم بسته,2026-09-08T18:10:43
3176224,کلبه سوئیسی استخردار,شیردارکلا,وسط_هفته,2026-09-19,2026-09-20,2,4,11800000,0,11800000,0,23600000,0,23600000,900000,4,5,,استخراج شد,2026-09-08T18:10:45
3176224,کلبه سوئیسی استخردار,شیردارکلا,آخر_هفته,2026-09-16,2026-09-17,2,4,12800000,0,12800000,0,25600000,0,25600000,900000,4,5,,استخراج شد,2026-09-08T18:10:45
3176328,رزرو کلبه چوبی دوبلکس در شیرگاه - گونه کلا,گونه کلا,وسط_هفته,2026-09-19,2026-09-20,2,4,2200000,0,2200000,0,4400000,0,4400000,300000,4,4,,استخراج شد,2026-09-08T18:10:47
3176328,رزرو کلبه چوبی دوبلکس در شیرگاه - گونه کلا,گونه کلا,آخر_هفته,2026-09-16,2026-09-17,2,4,3000000,0,3000000,0,6000000,0,6000000,300000,4,4,,استخراج شد,2026-09-08T18:10:47
3176580,کلبه سوئیسی جکوزی دار در بابلکنار - چهره,چهره,وسط_هفته,2026-09-19,2026-09-20,2,4,3620000,0,3620000,0,7240000,0,7240000,500000,2,3,ظرفیت پایه 2 نفر کمتر از 4 مهمان استخراج‌شده,استخراج شد,2026-09-08T18:11:13
3176580,کلبه سوئیسی جکوزی دار در بابلکنار - چهره,چهره,آخر_هفته,2026-09-16,2026-09-17,2,4,4050000,0,4050000,0,8100000,0,8100000,500000,2,3,ظرفیت پایه 2 نفر کمتر از 4 مهمان استخراج‌شده,استخراج شد,2026-09-08T18:11:13
3177124,کلبه چوبی جکوزی دار نزدیک لفور - آرتینا ۱,لفور,وسط_هفته,2026-09-19,2026-09-20,2,4,6950000,0,6950000,0,13900000,0,13900000,1250000,2,4,ظرفیت پایه 2 نفر کمتر از 4 مهمان استخراج‌شده,استخراج شد,2026-09-08T18:11:15
3177124,کلبه چوبی جکوزی دار نزدیک لفور - آرتینا ۱,لفور,آخر_هفته,2026-09-16,2026-09-17,2,4,7950000,0,7950000,0,,,,1250000,2,4,ظرفیت پایه 2 نفر کمتر از 4 مهمان استخراج‌شده,شب دوم بسته,2026-09-08T18:11:15
3177174,کلبه چوبی جکوزی دار نزدیک لفور- آرتینا ۳,لفور,وسط_هفته,2026-09-19,2026-09-20,2,4,6950000,0,6950000,0,13900000,0,13900000,1250000,2,3,ظرفیت پایه 2 نفر کمتر از 4 مهمان استخراج‌شده,استخراج شد,2026-09-08T18:11:18
3177174,کلبه چوبی جکوزی دار نزدیک لفور- آرتینا ۳,لفور,آخر_هفته,2026-09-16,2026-09-17,2,4,7950000,0,7950000,0,,,,1250000,2,3,ظرفیت پایه 2 نفر کمتر از 4 مهمان استخراج‌شده,شب اول بسته؛ شب دوم بسته,2026-09-08T18:11:18
3177175,کلبه سوئیسی جکوزی دار نزدیک لفور - آرتینا ۲,لفور,وسط_هفته,2026-09-19,2026-09-20,2,4,6950000,0,6950000,0,,,,0,2,2,ظرفیت پایه 2 نفر کمتر از 4 مهمان استخراج‌شده,شب اول بسته؛ شب دوم بسته,2026-09-08T18:11:20
3177175,کلبه سوئیسی جکوزی دار نزدیک لفور - آرتینا ۲,لفور,آخر_هفته,2026-09-16,2026-09-17,2,4,7950000,0,7950000,0,,,,0,2,2,ظرفیت پایه 2 نفر کمتر از 4 مهمان استخراج‌شده,شب دوم بسته,2026-09-08T18:11:20
3178324,کلبه سنتی با چشم انداز زیبا در لفور - میرارکلا,لفور,وسط_هفته,2026-09-19,2026-09-20,2,4,7000000,0,7000000,0,14000000,0,14000000,1000000,4,10,,استخراج شد,2026-09-08T18:11:24
3178324,کلبه سنتی با چشم انداز زیبا در لفور - میرارکلا,لفور,آخر_هفته,2026-09-16,2026-09-17,2,4,8000000,0,8000000,0,,,,1000000,4,10,,شب اول بسته؛ شب دوم بسته,2026-09-08T18:11:24
3178842,اجاره کلبه سوئیسی در بابلکنار - سیادرکا,سیادرکا,وسط_هفته,2026-09-19,2026-09-20,2,4,5500000,0,5500000,0,,,,400000,6,8,,شب اول بسته,2026-09-08T18:11:26
3178842,اجاره کلبه سوئیسی در بابلکنار - سیادرکا,سیادرکا,آخر_هفته,2026-09-16,2026-09-17,2,4,5500000,0,8500000,0,,,,400000,6,8,,شب اول بسته,2026-09-08T18:11:26
3178917,کلبه سوئیسی استخردار,شیردارکلا,وسط_هفته,2026-09-19,2026-09-20,2,4,10000000,0,10000000,0,,,,250000,6,6,,شب اول بسته؛ شب دوم بسته,2026-09-08T18:11:31
3178917,کلبه سوئیسی استخردار,شیردارکلا,آخر_هفته,2026-09-16,2026-09-17,2,4,10000000,0,10000000,0,,,,250000,6,6,,شب اول بسته؛ شب دوم بسته,2026-09-08T18:11:31
3179336,کلبه سوئیسی با وان جکوزی,سیدکلا,وسط_هفته,2026-09-19,2026-09-20,2,4,3000000,0,3000000,0,,,,400000,4,5,,شب اول بسته؛ شب دوم بسته,2026-09-08T18:11:56
3179336,کلبه سوئیسی با وان جکوزی,سیدکلا,آخر_هفته,2026-09-16,2026-09-17,2,4,3000000,0,4000000,0,,,,400000,4,5,,شب اول بسته؛ شب دوم بسته,2026-09-08T18:11:56
3179404,اجاره کلبه چوبی نزدیک لفور,سیدکلا,وسط_هفته,2026-09-19,2026-09-20,2,4,2500000,0,2500000,0,5000000,0,5000000,700000,2,4,ظرفیت پایه 2 نفر کمتر از 4 مهمان استخراج‌شده,استخراج شد,2026-09-08T18:11:57
3179404,اجاره کلبه چوبی نزدیک لفور,سیدکلا,آخر_هفته,2026-09-16,2026-09-17,2,4,3500000,0,5000000,0,8500000,0,8500000,700000,2,4,ظرفیت پایه 2 نفر کمتر از 4 مهمان استخراج‌شده,استخراج شد,2026-09-08T18:11:57
3179485,کلبه سوئیسی در لفور ویو دریاچه - میرارکلا,لفور,وسط_هفته,2026-09-19,2026-09-20,2,4,8000000,0,8000000,0,,,,800000,4,6,,شب اول بسته,2026-09-08T18:12:00
3179485,کلبه سوئیسی در لفور ویو دریاچه - میرارکلا,لفور,آخر_هفته,2026-09-16,2026-09-17,2,4,6500000,0,13000000,0,,,,800000,4,6,,شب اول بسته,2026-09-08T18:12:00
3180461,کلبه چوبی در پارک جنگلی بزچفت - طبقه اول,بزچفت,وسط_هفته,2026-09-19,2026-09-20,2,4,2500000,0,2500000,0,5000000,0,5000000,500000,3,6,ظرفیت پایه 3 نفر کمتر از 4 مهمان استخراج‌شده,استخراج شد,2026-09-08T18:12:03
3180461,کلبه چوبی در پارک جنگلی بزچفت - طبقه اول,بزچفت,آخر_هفته,2026-09-16,2026-09-17,2,4,3500000,0,3500000,0,7000000,0,7000000,500000,3,6,ظرفیت پایه 3 نفر کمتر از 4 مهمان استخراج‌شده,استخراج شد,2026-09-08T18:12:03
3180488,کلبه سوئیسی در لفور - امام کلا,لفور,وسط_هفته,2026-09-19,2026-09-20,2,4,9500000,0,9500000,0,19000000,0,19000000,500000,2,4,ظرفیت پایه 2 نفر کمتر از 4 مهمان استخراج‌شده,استخراج شد,2026-09-08T18:12:09
3180488,کلبه سوئیسی در لفور - امام کلا,لفور,آخر_هفته,2026-09-16,2026-09-17,2,4,9500000,0,7450000,0,16950000,0,16950000,500000,2,4,ظرفیت پایه 2 نفر کمتر از 4 مهمان استخراج‌شده,استخراج شد,2026-09-08T18:12:09
3180634,کلبه سوئیسی در بابلکنار - بزچفت,بزچفت,وسط_هفته,2026-09-19,2026-09-20,2,4,1700000,0,1500000,0,3200000,0,3200000,200000,2,4,ظرفیت پایه 2 نفر کمتر از 4 مهمان استخراج‌شده,استخراج شد,2026-09-08T18:12:11
3180634,کلبه سوئیسی در بابلکنار - بزچفت,بزچفت,آخر_هفته,2026-09-16,2026-09-17,2,4,1750000,0,1750000,0,,,,200000,2,4,ظرفیت پایه 2 نفر کمتر از 4 مهمان استخراج‌شده,شب اول بسته؛ شب دوم بسته,2026-09-08T18:12:11
3180870,کلبه سوئیسی در بابلکنار - سیاه درکا - و ۳,بابلکنار,وسط_هفته,2026-09-19,2026-09-20,2,4,1500000,0,1500000,0,3000000,0,3000000,50000,2,4,ظرفیت پایه 2 نفر کمتر از 4 مهمان استخراج‌شده,استخراج شد,2026-09-08T18:12:13
3180870,کلبه سوئیسی در بابلکنار - سیاه درکا - و ۳,بابلکنار,آخر_هفته,2026-09-16,2026-09-17,2,4,3000000,0,3000000,0,6000000,0,6000000,50000,2,4,ظرفیت پایه 2 نفر کمتر از 4 مهمان استخراج‌شده,استخراج شد,2026-09-08T18:12:13
3181043,اجاره کلبه سوئیسی بابلکنار  - سیاه درکا - و ۵,بابلکنار,وسط_هفته,2026-09-19,2026-09-20,2,4,1500000,0,1500000,0,3000000,0,3000000,150000,2,4,ظرفیت پایه 2 نفر کمتر از 4 مهمان استخراج‌شده,استخراج شد,2026-09-08T18:12:15
3181043,اجاره کلبه سوئیسی بابلکنار  - سیاه درکا - و ۵,بابلکنار,آخر_هفته,2026-09-16,2026-09-17,2,4,3000000,0,3000000,0,6000000,0,6000000,150000,2,4,ظرفیت پایه 2 نفر کمتر از 4 مهمان استخراج‌شده,استخراج شد,2026-09-08T18:12:15
3181918,کلبه سوئیسی جکوزی دار نزدیک لفور,سیدکلا,وسط_هفته,2026-09-19,2026-09-20,2,4,2500000,0,2500000,0,,,,350000,4,7,,شب اول بسته؛ شب دوم بسته,2026-09-08T18:12:17
3181918,کلبه سوئیسی جکوزی دار نزدیک لفور,سیدکلا,آخر_هفته,2026-09-16,2026-09-17,2,4,3000000,0,4000000,0,,,,350000,4,7,,شب اول بسته؛ شب دوم بسته,2026-09-08T18:12:17
3182019,اجاره کلبه سوئیسی بابلکنار  - سیاه درکا - و ۲,بابلکنار,وسط_هفته,2026-09-19,2026-09-20,2,4,1500000,0,1500000,0,3000000,0,3000000,600000,2,4,ظرفیت پایه 2 نفر کمتر از 4 مهمان استخراج‌شده,استخراج شد,2026-09-08T18:12:19
3182019,اجاره کلبه سوئیسی بابلکنار  - سیاه درکا - و ۲,بابلکنار,آخر_هفته,2026-09-16,2026-09-17,2,4,3000000,0,3000000,0,6000000,0,6000000,600000,2,4,ظرفیت پایه 2 نفر کمتر از 4 مهمان استخراج‌شده,استخراج شد,2026-09-08T18:12:19
3184142,اجاره خانه چوبی استخردار,سیدکلا,وسط_هفته,2026-09-19,2026-09-20,2,4,5000000,0,5000000,0,10000000,0,10000000,400000,4,6,,استخراج شد,2026-09-08T18:12:22
3184142,اجاره خانه چوبی استخردار,سیدکلا,آخر_هفته,2026-09-16,2026-09-17,2,4,6000000,0,6000000,0,12000000,0,12000000,400000,4,6,,استخراج شد,2026-09-08T18:12:22
3184833,اجاره کلبه چوبی دوبلکس در بابلکنار - درازکلا,درازکلا,وسط_هفته,2026-09-19,2026-09-20,2,4,3250000,0,3250000,0,6500000,0,6500000,400000,2,4,ظرفیت پایه 2 نفر کمتر از 4 مهمان استخراج‌شده,استخراج شد,2026-09-08T18:12:51
3184833,اجاره کلبه چوبی دوبلکس در بابلکنار - درازکلا,درازکلا,آخر_هفته,2026-09-16,2026-09-17,2,4,3950000,0,3950000,0,7900000,0,7900000,400000,2,4,ظرفیت پایه 2 نفر کمتر از 4 مهمان استخراج‌شده,استخراج شد,2026-09-08T18:12:51
3185525,اجاره کلبه چوبی در بابلکنار - موزی کتی,بابلکنار,وسط_هفته,2026-09-19,2026-09-20,2,4,1600000,0,1600000,0,,,,500000,2,4,ظرفیت پایه 2 نفر کمتر از 4 مهمان استخراج‌شده,شب دوم بسته,2026-09-08T18:12:53
3185525,اجاره کلبه چوبی در بابلکنار - موزی کتی,بابلکنار,آخر_هفته,2026-09-16,2026-09-17,2,4,1700000,0,2500000,0,,,,500000,2,4,ظرفیت پایه 2 نفر کمتر از 4 مهمان استخراج‌شده,شب دوم بسته,2026-09-08T18:12:53
3186801,کلبه سوئیسی بابلکنار - بالف کلا غربی - سورپرایز,بالفکلا,وسط_هفته,2026-09-19,2026-09-20,2,4,2400000,0,2400000,0,4800000,0,4800000,400000,2,4,ظرفیت پایه 2 نفر کمتر از 4 مهمان استخراج‌شده,استخراج شد,2026-09-08T18:12:56
3186801,کلبه سوئیسی بابلکنار - بالف کلا غربی - سورپرایز,بالفکلا,آخر_هفته,2026-09-16,2026-09-17,2,4,2650000,0,3000000,0,5650000,0,5650000,400000,2,4,ظرفیت پایه 2 نفر کمتر از 4 مهمان استخراج‌شده,استخراج شد,2026-09-08T18:12:56
3186809,اجاره کلبه سوئیسی در چهره بابلکنار,چهره,وسط_هفته,2026-09-19,2026-09-20,2,4,4800000,0,4800000,0,9600000,0,9600000,500000,4,6,,استخراج شد,2026-09-08T18:12:58
3186809,اجاره کلبه سوئیسی در چهره بابلکنار,چهره,آخر_هفته,2026-09-16,2026-09-17,2,4,5900000,0,5900000,0,,,,500000,4,6,,شب اول بسته؛ شب دوم بسته,2026-09-08T18:12:58
3186851,اجاره کلبه سوئیسی در لفور - امام کلا,لفور,وسط_هفته,2026-09-19,2026-09-20,2,4,5635000,0,5635000,0,11270000,0,11270000,400000,4,6,,استخراج شد,2026-09-08T18:13:00
3186851,اجاره کلبه سوئیسی در لفور - امام کلا,لفور,آخر_هفته,2026-09-16,2026-09-17,2,4,5635000,0,5635000,0,11270000,0,11270000,400000,4,6,,استخراج شد,2026-09-08T18:13:00
3186964,کلبه سوئیسی با جکوزی,گونه کلا,وسط_هفته,2026-09-19,2026-09-20,2,4,6100000,0,6100000,0,12200000,0,12200000,1000000,2,4,ظرفیت پایه 2 نفر کمتر از 4 مهمان استخراج‌شده,استخراج شد,2026-09-08T18:13:01
3186964,کلبه سوئیسی با جکوزی,گونه کلا,آخر_هفته,2026-09-16,2026-09-17,2,4,5500000,0,5500000,0,,,,1000000,2,4,ظرفیت پایه 2 نفر کمتر از 4 مهمان استخراج‌شده,شب اول بسته؛ شب دوم بسته,2026-09-08T18:13:01
3187595,اجاره کلبه چوبی در لفور - پاشاکلا - یکخوابه,لفور,وسط_هفته,2026-09-19,2026-09-20,2,4,2500000,0,2500000,0,,,,300000,4,8,,شب اول بسته؛ شب دوم بسته,2026-09-08T18:13:08
3187595,اجاره کلبه چوبی در لفور - پاشاکلا - یکخوابه,لفور,آخر_هفته,2026-09-16,2026-09-17,2,4,2500000,0,2500000,0,,,,300000,4,8,,شب دوم بسته,2026-09-08T18:13:08
3187864,کلبه سوئیسی استخردار در سوادکوه - مرزیکلا,مرزیکلا,وسط_هفته,2026-09-19,2026-09-20,2,4,4500000,0,4500000,0,9000000,0,9000000,150000,2,4,ظرفیت پایه 2 نفر کمتر از 4 مهمان استخراج‌شده,استخراج شد,2026-09-08T18:13:09
3187864,کلبه سوئیسی استخردار در سوادکوه - مرزیکلا,مرزیکلا,آخر_هفته,2026-09-16,2026-09-17,2,4,5000000,0,5000000,0,,,,150000,2,4,ظرفیت پایه 2 نفر کمتر از 4 مهمان استخراج‌شده,شب اول بسته؛ شب دوم بسته,2026-09-08T18:13:09
3189251,خانه چوبی نزدیک برکه در لفور - طبقه اول,لفور,وسط_هفته,2026-09-19,2026-09-20,2,4,4000000,0,4000000,0,8000000,0,8000000,200000,4,10,,استخراج شد,2026-09-08T18:13:11
3189251,خانه چوبی نزدیک برکه در لفور - طبقه اول,لفور,آخر_هفته,2026-09-16,2026-09-17,2,4,5000000,0,6000000,0,,,,200000,4,10,,شب اول بسته؛ شب دوم بسته,2026-09-08T18:13:11
3190268,کلبه چوبی - ط بالا,شیردارکلا,وسط_هفته,2026-09-19,2026-09-20,2,4,2500000,0,2500000,0,5000000,0,5000000,400000,3,6,ظرفیت پایه 3 نفر کمتر از 4 مهمان استخراج‌شده,استخراج شد,2026-09-08T18:13:13
3190268,کلبه چوبی - ط بالا,شیردارکلا,آخر_هفته,2026-09-16,2026-09-17,2,4,2500000,0,3000000,0,5500000,0,5500000,400000,3,6,ظرفیت پایه 3 نفر کمتر از 4 مهمان استخراج‌شده,استخراج شد,2026-09-08T18:13:13
3190495,کلبه چوبی استخردار در مرزیکلا,مرزیکلا,وسط_هفته,2026-09-19,2026-09-20,2,4,6800000,0,6800000,0,13600000,0,13600000,800000,4,6,,استخراج شد,2026-09-08T18:13:15
3190495,کلبه چوبی استخردار در مرزیکلا,مرزیکلا,آخر_هفته,2026-09-16,2026-09-17,2,4,7500000,0,8800000,0,16300000,0,16300000,800000,4,6,,استخراج شد,2026-09-08T18:13:15
3190552,اجاره کلبه چوبی در سوادکوه - سیدکلا,سیدکلا,وسط_هفته,2026-09-19,2026-09-20,2,4,2600000,0,2600000,0,,,,500000,4,6,,شب اول بسته؛ شب دوم بسته,2026-09-08T18:13:17
3190552,اجاره کلبه چوبی در سوادکوه - سیدکلا,سیدکلا,آخر_هفته,2026-09-16,2026-09-17,2,4,4000000,0,4000000,0,,,,500000,4,6,,شب اول بسته؛ شب دوم بسته,2026-09-08T18:13:17
3190700,اجاره کلبه چوبی در بابلکنار - سیدکلا,سیدکلا,وسط_هفته,2026-09-19,2026-09-20,2,4,3980000,0,3980000,0,7960000,0,7960000,550000,4,6,,استخراج شد,2026-09-08T18:13:18
3190700,اجاره کلبه چوبی در بابلکنار - سیدکلا,سیدکلا,آخر_هفته,2026-09-16,2026-09-17,2,4,4380000,0,5800000,0,,,,550000,4,6,,شب دوم بسته,2026-09-08T18:13:18
3190982,خانه حیاط دار در بابل - درازکلا,درازکلا,وسط_هفته,2026-09-19,2026-09-20,2,4,1300000,0,1300000,0,2600000,0,2600000,150000,4,6,,استخراج شد,2026-09-08T18:13:20
3190982,خانه حیاط دار در بابل - درازکلا,درازکلا,آخر_هفته,2026-09-16,2026-09-17,2,4,1400000,0,1400000,0,2800000,0,2800000,150000,4,6,,استخراج شد,2026-09-08T18:13:20
3191722,کلبه چوبی در بابلکنار - فراملک,فراملک,وسط_هفته,2026-09-19,2026-09-20,2,4,1650000,0,1650000,0,3300000,0,3300000,500000,2,6,ظرفیت پایه 2 نفر کمتر از 4 مهمان استخراج‌شده,استخراج شد,2026-09-08T18:13:22
3191722,کلبه چوبی در بابلکنار - فراملک,فراملک,آخر_هفته,2026-09-16,2026-09-17,2,4,1650000,0,1850000,0,3500000,0,3500000,500000,2,6,ظرفیت پایه 2 نفر کمتر از 4 مهمان استخراج‌شده,استخراج شد,2026-09-08T18:13:22
3191901,اجاره کلبه چوبی در بابل - هلی خال,,وسط_هفته,2026-09-19,2026-09-20,2,4,2000000,0,2000000,0,4000000,0,4000000,500000,2,4,ظرفیت پایه 2 نفر کمتر از 4 مهمان استخراج‌شده,استخراج شد,2026-09-08T18:13:24
3191901,اجاره کلبه چوبی در بابل - هلی خال,,آخر_هفته,2026-09-16,2026-09-17,2,4,2500000,0,2500000,0,5000000,0,5000000,500000,2,4,ظرفیت پایه 2 نفر کمتر از 4 مهمان استخراج‌شده,استخراج شد,2026-09-08T18:13:24
3191936,کلبه سوئیسی در بابلکنار - مرزیکلا,مرزیکلا,وسط_هفته,2026-09-19,2026-09-20,2,4,2000000,0,2000000,0,,,,200000,2,4,ظرفیت پایه 2 نفر کمتر از 4 مهمان استخراج‌شده,شب اول بسته؛ شب دوم بسته,2026-09-08T18:13:26
3191936,کلبه سوئیسی در بابلکنار - مرزیکلا,مرزیکلا,آخر_هفته,2026-09-16,2026-09-17,2,4,2500000,0,2500000,0,,,,200000,2,4,ظرفیت پایه 2 نفر کمتر از 4 مهمان استخراج‌شده,شب اول بسته؛ شب دوم بسته,2026-09-08T18:13:26
3192015,کلبه استخردار در بابلکنار,بابلکنار,وسط_هفته,2026-09-19,2026-09-20,2,4,8000000,0,8000000,0,16000000,0,16000000,1000000,4,6,,استخراج شد,2026-09-08T18:13:28
3192015,کلبه استخردار در بابلکنار,بابلکنار,آخر_هفته,2026-09-16,2026-09-17,2,4,12000000,0,12000000,0,24000000,0,24000000,1000000,4,6,,استخراج شد,2026-09-08T18:13:28
3192184,کلبه سوئیسی استخردار,کاردرکلا,وسط_هفته,2026-09-19,2026-09-20,2,4,6500000,0,6500000,0,13000000,0,13000000,400000,2,6,ظرفیت پایه 2 نفر کمتر از 4 مهمان استخراج‌شده,استخراج شد,2026-09-08T18:13:29
3192184,کلبه سوئیسی استخردار,کاردرکلا,آخر_هفته,2026-09-16,2026-09-17,2,4,6500000,0,9000000,0,15500000,0,15500000,400000,2,6,ظرفیت پایه 2 نفر کمتر از 4 مهمان استخراج‌شده,استخراج شد,2026-09-08T18:13:29
3192700,اجاره کلبه چوبی جنگلی در بابلکنار - مرزیکتی,بابلکنار,وسط_هفته,2026-09-19,2026-09-20,2,4,3000000,0,3000000,0,6000000,0,6000000,300000,4,6,,استخراج شد,2026-09-08T18:13:31
3192700,اجاره کلبه چوبی جنگلی در بابلکنار - مرزیکتی,بابلکنار,آخر_هفته,2026-09-16,2026-09-17,2,4,4200000,0,4200000,0,8400000,0,8400000,300000,4,6,,استخراج شد,2026-09-08T18:13:31
3193647,اجاره کلبه چوبی,کاردرکلا,وسط_هفته,2026-09-19,2026-09-20,2,4,3200000,0,3200000,0,6400000,0,6400000,6000,3,5,ظرفیت پایه 3 نفر کمتر از 4 مهمان استخراج‌شده,استخراج شد,2026-09-08T18:13:37
3193647,اجاره کلبه چوبی,کاردرکلا,آخر_هفته,2026-09-16,2026-09-17,2,4,4300000,0,4300000,0,8600000,0,8600000,6000,3,5,ظرفیت پایه 3 نفر کمتر از 4 مهمان استخراج‌شده,استخراج شد,2026-09-08T18:13:37
3193879,کلبه چوبی در بابلکنار - سیاه درکا,بابلکنار,وسط_هفته,2026-09-19,2026-09-20,2,4,3850000,0,3850000,0,,,,400000,2,4,ظرفیت پایه 2 نفر کمتر از 4 مهمان استخراج‌شده,شب اول بسته,2026-09-08T18:14:05
3193879,کلبه چوبی در بابلکنار - سیاه درکا,بابلکنار,آخر_هفته,2026-09-16,2026-09-17,2,4,3850000,0,3850000,0,,,,400000,2,4,ظرفیت پایه 2 نفر کمتر از 4 مهمان استخراج‌شده,شب دوم بسته,2026-09-08T18:14:05
3194108,کلبه سوئیسی در لفور - میرارکلا,لفور,وسط_هفته,2026-09-19,2026-09-20,2,4,6000000,0,6000000,0,12000000,0,12000000,1500000,2,4,ظرفیت پایه 2 نفر کمتر از 4 مهمان استخراج‌شده,استخراج شد,2026-09-08T18:14:10
3194108,کلبه سوئیسی در لفور - میرارکلا,لفور,آخر_هفته,2026-09-16,2026-09-17,2,4,6000000,0,6000000,0,12000000,0,12000000,1500000,2,4,ظرفیت پایه 2 نفر کمتر از 4 مهمان استخراج‌شده,استخراج شد,2026-09-08T18:14:10
3194695,اجاره کلبه چوبی دوبلکس در بابلکنار - سیادرکا,سیادرکا,وسط_هفته,2026-09-19,2026-09-20,2,4,2670000,0,2670000,0,5340000,0,5340000,300000,4,4,,استخراج شد,2026-09-08T18:14:12
3194695,اجاره کلبه چوبی دوبلکس در بابلکنار - سیادرکا,سیادرکا,آخر_هفته,2026-09-16,2026-09-17,2,4,3100000,0,2970000,0,,,,300000,4,4,,شب دوم بسته,2026-09-08T18:14:12
3194752,اجاره کلبه چوبی,کاردرکلا,وسط_هفته,2026-09-19,2026-09-20,2,4,3300000,0,3300000,0,6600000,0,6600000,500000,4,10,,استخراج شد,2026-09-08T18:14:14
3194752,اجاره کلبه چوبی,کاردرکلا,آخر_هفته,2026-09-16,2026-09-17,2,4,4000000,0,4000000,0,8000000,0,8000000,500000,4,10,,استخراج شد,2026-09-08T18:14:14
3194884,اجاره کلبه در سیادرکا بابلکنار,سیادرکا,وسط_هفته,2026-09-19,2026-09-20,2,4,1800000,0,1800000,0,3600000,0,3600000,200000,2,4,ظرفیت پایه 2 نفر کمتر از 4 مهمان استخراج‌شده,استخراج شد,2026-09-08T18:14:17
3194884,اجاره کلبه در سیادرکا بابلکنار,سیادرکا,آخر_هفته,2026-09-16,2026-09-17,2,4,2500000,0,2500000,0,5000000,0,5000000,200000,2,4,ظرفیت پایه 2 نفر کمتر از 4 مهمان استخراج‌شده,استخراج شد,2026-09-08T18:14:17
3195220,اجاره کلبه سنتی نزدیک لفور,سیدکلا,وسط_هفته,2026-09-19,2026-09-20,2,4,3500000,0,3500000,0,7000000,0,7000000,900000,4,6,,استخراج شد,2026-09-08T18:14:24
3195220,اجاره کلبه سنتی نزدیک لفور,سیدکلا,آخر_هفته,2026-09-16,2026-09-17,2,4,4000000,0,6000000,0,10000000,0,10000000,900000,4,6,,استخراج شد,2026-09-08T18:14:24
3195657,کلبه سوئیسی در کالیکلا لفور,لفور,وسط_هفته,2026-09-19,2026-09-20,2,4,2800000,0,2800000,0,5600000,0,5600000,900000,2,6,ظرفیت پایه 2 نفر کمتر از 4 مهمان استخراج‌شده,استخراج شد,2026-09-08T18:14:26
3195657,کلبه سوئیسی در کالیکلا لفور,لفور,آخر_هفته,2026-09-16,2026-09-17,2,4,3500000,0,4000000,0,7500000,0,7500000,900000,2,6,ظرفیت پایه 2 نفر کمتر از 4 مهمان استخراج‌شده,استخراج شد,2026-09-08T18:14:26
3195933,کلبه سوئیسی نزدیک لفور,سیدکلا,وسط_هفته,2026-09-19,2026-09-20,2,4,2500000,0,2500000,0,5000000,0,5000000,700000,2,4,ظرفیت پایه 2 نفر کمتر از 4 مهمان استخراج‌شده,استخراج شد,2026-09-08T18:14:28
3195933,کلبه سوئیسی نزدیک لفور,سیدکلا,آخر_هفته,2026-09-16,2026-09-17,2,4,3500000,0,5000000,0,8500000,0,8500000,700000,2,4,ظرفیت پایه 2 نفر کمتر از 4 مهمان استخراج‌شده,استخراج شد,2026-09-08T18:14:28
3196659,کلبه سوئیسی جکوزی دار در مرزیکلا,مرزیکلا,وسط_هفته,2026-09-19,2026-09-20,2,4,3300000,0,3300000,0,6600000,0,6600000,400000,4,4,,استخراج شد,2026-09-08T18:14:31
3196659,کلبه سوئیسی جکوزی دار در مرزیکلا,مرزیکلا,آخر_هفته,2026-09-16,2026-09-17,2,4,3700000,0,3400000,0,7100000,0,7100000,400000,4,4,,استخراج شد,2026-09-08T18:14:31
3196695,کلبه چوبی با ویو ابدی در شیرگاه - گونه کلا,گونه کلا,وسط_هفته,2026-09-19,2026-09-20,2,4,2390000,0,2390000,0,,,,400000,4,6,,شب اول بسته,2026-09-08T18:14:34
3196695,کلبه چوبی با ویو ابدی در شیرگاه - گونه کلا,گونه کلا,آخر_هفته,2026-09-16,2026-09-17,2,4,3590000,0,3590000,0,7180000,0,7180000,400000,4,6,,استخراج شد,2026-09-08T18:14:34
3198108,ویلا سوئیسی,کاردرکلا,وسط_هفته,2026-09-19,2026-09-20,2,4,2500000,0,2500000,0,,,,200000,2,5,ظرفیت پایه 2 نفر کمتر از 4 مهمان استخراج‌شده,شب اول بسته,2026-09-08T18:14:37
3198108,ویلا سوئیسی,کاردرکلا,آخر_هفته,2026-09-16,2026-09-17,2,4,4000000,0,4000000,0,8000000,0,8000000,200000,2,5,ظرفیت پایه 2 نفر کمتر از 4 مهمان استخراج‌شده,استخراج شد,2026-09-08T18:14:37
3198234,اجاره کلبه سوئدی نزدیک لفور - ۲,سیدکلا,وسط_هفته,2026-09-19,2026-09-20,2,4,2500000,0,2500000,0,5000000,0,5000000,900000,2,4,ظرفیت پایه 2 نفر کمتر از 4 مهمان استخراج‌شده,استخراج شد,2026-09-08T18:14:39
3198234,اجاره کلبه سوئدی نزدیک لفور - ۲,سیدکلا,آخر_هفته,2026-09-16,2026-09-17,2,4,3500000,0,5000000,0,8500000,0,8500000,900000,2,4,ظرفیت پایه 2 نفر کمتر از 4 مهمان استخراج‌شده,استخراج شد,2026-09-08T18:14:39
3198301,اجاره کلبه سوئدی نزدیک لفور,سیدکلا,وسط_هفته,2026-09-19,2026-09-20,2,4,2500000,0,2500000,0,5000000,0,5000000,700000,2,4,ظرفیت پایه 2 نفر کمتر از 4 مهمان استخراج‌شده,استخراج شد,2026-09-08T18:14:41
3198301,اجاره کلبه سوئدی نزدیک لفور,سیدکلا,آخر_هفته,2026-09-16,2026-09-17,2,4,3800000,0,5000000,0,8800000,0,8800000,700000,2,4,ظرفیت پایه 2 نفر کمتر از 4 مهمان استخراج‌شده,استخراج شد,2026-09-08T18:14:41
3198940,اجاره کلبه چوبی جکوزی دار در بابلکنار - گونه کلا,گونه کلا,وسط_هفته,2026-09-19,2026-09-20,2,4,2995000,0,2995000,0,5990000,0,5990000,500000,6,6,,استخراج شد,2026-09-08T18:14:44
3198940,اجاره کلبه چوبی جکوزی دار در بابلکنار - گونه کلا,گونه کلا,آخر_هفته,2026-09-16,2026-09-17,2,4,4500000,0,4500000,0,9000000,0,9000000,500000,6,6,,استخراج شد,2026-09-08T18:14:44
3199443,اجاره کلبه چوبی,شیردارکلا,وسط_هفته,2026-09-19,2026-09-20,2,4,3350000,0,3350000,0,,,,100000,4,6,,شب اول بسته؛ شب دوم بسته,2026-09-08T18:14:48
3199443,اجاره کلبه چوبی,شیردارکلا,آخر_هفته,2026-09-16,2026-09-17,2,4,5650000,0,5650000,0,11300000,0,11300000,100000,4,6,,استخراج شد,2026-09-08T18:14:48
3199786,کلبه,گونه کلا,وسط_هفته,2026-09-19,2026-09-20,2,4,4000000,0,4000000,0,8000000,0,8000000,200000,4,6,,استخراج شد,2026-09-08T18:14:49
3199786,کلبه,گونه کلا,آخر_هفته,2026-09-16,2026-09-17,2,4,6000000,0,6000000,0,,,,200000,4,6,,شب دوم بسته,2026-09-08T18:14:49
3201318,کلبه حیاط دار,سیدکلا,وسط_هفته,2026-09-19,2026-09-20,2,4,2700000,0,2700000,0,5400000,0,5400000,500000,4,6,,استخراج شد,2026-09-08T18:14:59
3201318,کلبه حیاط دار,سیدکلا,آخر_هفته,2026-09-16,2026-09-17,2,4,2700000,0,2700000,0,5400000,0,5400000,500000,4,6,,استخراج شد,2026-09-08T18:14:59
3201653,اجاره کلبه چوبی جکوزی دار در بابلکنار - هلی خال,بابلکنار,وسط_هفته,2026-09-19,2026-09-20,2,4,5500000,0,5500000,0,11000000,0,11000000,500000,4,4,,استخراج شد,2026-09-08T18:15:00
3201653,اجاره کلبه چوبی جکوزی دار در بابلکنار - هلی خال,بابلکنار,آخر_هفته,2026-09-16,2026-09-17,2,4,8500000,0,8500000,0,17000000,0,17000000,500000,4,4,,استخراج شد,2026-09-08T18:15:00
3202504,کلبه چوبی جکوزی دار در بابلکنار - درازکلا,درازکلا,وسط_هفته,2026-09-19,2026-09-20,2,4,4800000,0,4800000,0,,,,400000,2,6,ظرفیت پایه 2 نفر کمتر از 4 مهمان استخراج‌شده,شب اول بسته؛ شب دوم بسته,2026-09-08T18:15:04
3202504,کلبه چوبی جکوزی دار در بابلکنار - درازکلا,درازکلا,آخر_هفته,2026-09-16,2026-09-17,2,4,6800000,0,6800000,0,,,,400000,2,6,ظرفیت پایه 2 نفر کمتر از 4 مهمان استخراج‌شده,شب اول بسته؛ شب دوم بسته,2026-09-08T18:15:04
3202823,کلبه سوئیسی در بابلکنار - درازکلا,درازکلا,وسط_هفته,2026-09-19,2026-09-20,2,4,3800000,0,3800000,0,7600000,0,7600000,0,2,2,ظرفیت پایه 2 نفر کمتر از 4 مهمان استخراج‌شده,استخراج شد,2026-09-08T18:15:06
3202823,کلبه سوئیسی در بابلکنار - درازکلا,درازکلا,آخر_هفته,2026-09-16,2026-09-17,2,4,3800000,0,5500000,0,,,,0,2,2,ظرفیت پایه 2 نفر کمتر از 4 مهمان استخراج‌شده,شب دوم بسته,2026-09-08T18:15:06
3203064,اجاره کلبه سوئیسی در سوادکوه - درازکلا,درازکلا,وسط_هفته,2026-09-19,2026-09-20,2,4,2490000,0,2490000,0,4980000,0,4980000,4200000,2,4,ظرفیت پایه 2 نفر کمتر از 4 مهمان استخراج‌شده,استخراج شد,2026-09-08T18:15:09
3203064,اجاره کلبه سوئیسی در سوادکوه - درازکلا,درازکلا,آخر_هفته,2026-09-16,2026-09-17,2,4,2750000,0,3150000,0,,,,4200000,2,4,ظرفیت پایه 2 نفر کمتر از 4 مهمان استخراج‌شده,شب اول بسته,2026-09-08T18:15:09
3203377,اجاره کلبه چوبی حیاط دار در بابلکنار - چهره,چهره,وسط_هفته,2026-09-19,2026-09-20,2,4,1000000,0,1000000,0,,,,350000,4,6,,شب اول بسته؛ شب دوم بسته,2026-09-08T18:15:11
3203377,اجاره کلبه چوبی حیاط دار در بابلکنار - چهره,چهره,آخر_هفته,2026-09-16,2026-09-17,2,4,1200000,0,1200000,0,,,,350000,4,6,,شب اول بسته؛ شب دوم بسته,2026-09-08T18:15:11
3204245,کلبه چوبی در لفور - پاشاکلا - لب رودخانه,لفور,وسط_هفته,2026-09-19,2026-09-20,2,4,1500000,0,1500000,0,3000000,0,3000000,300000,3,4,ظرفیت پایه 3 نفر کمتر از 4 مهمان استخراج‌شده,استخراج شد,2026-09-08T18:15:13
3204245,کلبه چوبی در لفور - پاشاکلا - لب رودخانه,لفور,آخر_هفته,2026-09-16,2026-09-17,2,4,1500000,0,1500000,0,3000000,0,3000000,300000,3,4,ظرفیت پایه 3 نفر کمتر از 4 مهمان استخراج‌شده,استخراج شد,2026-09-08T18:15:13
3204775,کلبه سوئیسی جکوزی دار در بابلکنار - مرزیکلا,مرزیکلا,وسط_هفته,2026-09-19,2026-09-20,2,4,3200000,0,3200000,0,6400000,0,6400000,350000,2,3,ظرفیت پایه 2 نفر کمتر از 4 مهمان استخراج‌شده,استخراج شد,2026-09-08T18:15:15
3204775,کلبه سوئیسی جکوزی دار در بابلکنار - مرزیکلا,مرزیکلا,آخر_هفته,2026-09-16,2026-09-17,2,4,3750000,0,3900000,0,7650000,0,7650000,350000,2,3,ظرفیت پایه 2 نفر کمتر از 4 مهمان استخراج‌شده,استخراج شد,2026-09-08T18:15:15
3206003,کلبه سوئدی در لفور - شاهکلا,لفور,وسط_هفته,2026-09-19,2026-09-20,2,4,3500000,0,3500000,0,,,,1000000,3,5,ظرفیت پایه 3 نفر کمتر از 4 مهمان استخراج‌شده,شب اول بسته؛ شب دوم بسته,2026-09-08T18:15:18
3206003,کلبه سوئدی در لفور - شاهکلا,لفور,آخر_هفته,2026-09-16,2026-09-17,2,4,4000000,0,4000000,0,,,,1000000,3,5,ظرفیت پایه 3 نفر کمتر از 4 مهمان استخراج‌شده,شب اول بسته؛ شب دوم بسته,2026-09-08T18:15:18
3206100,اجاره کلبه سوئیسی در بابلکنار - چهره,چهره,وسط_هفته,2026-09-19,2026-09-20,2,4,2000000,0,2000000,0,4000000,0,4000000,300000,2,4,ظرفیت پایه 2 نفر کمتر از 4 مهمان استخراج‌شده,استخراج شد,2026-09-08T18:15:19
3206100,اجاره کلبه سوئیسی در بابلکنار - چهره,چهره,آخر_هفته,2026-09-16,2026-09-17,2,4,2000000,0,3000000,0,5000000,0,5000000,300000,2,4,ظرفیت پایه 2 نفر کمتر از 4 مهمان استخراج‌شده,استخراج شد,2026-09-08T18:15:19
3206573,کلبه چوبی دوبلکس نزدیک لفور - سیدکلا,سیدکلا,وسط_هفته,2026-09-19,2026-09-20,2,4,2000000,0,2000000,0,,,,400000,3,6,ظرفیت پایه 3 نفر کمتر از 4 مهمان استخراج‌شده,شب اول بسته؛ شب دوم بسته,2026-09-08T18:15:44
3206573,کلبه چوبی دوبلکس نزدیک لفور - سیدکلا,سیدکلا,آخر_هفته,2026-09-16,2026-09-17,2,4,3000000,0,4500000,0,7500000,0,7500000,400000,3,6,ظرفیت پایه 3 نفر کمتر از 4 مهمان استخراج‌شده,استخراج شد,2026-09-08T18:15:44
3206720,کلبه چوبی جکوزی دار,سیدکلا,وسط_هفته,2026-09-19,2026-09-20,2,4,4000000,0,4000000,0,8000000,0,8000000,550000,4,7,,استخراج شد,2026-09-08T18:15:45
3206720,کلبه چوبی جکوزی دار,سیدکلا,آخر_هفته,2026-09-16,2026-09-17,2,4,5500000,0,5500000,0,11000000,0,11000000,550000,4,7,,استخراج شد,2026-09-08T18:15:45
3207306,اجاره کلبه سوئیسی,شیردارکلا,وسط_هفته,2026-09-19,2026-09-20,2,4,2000000,0,2000000,0,4000000,0,4000000,400000,4,6,,استخراج شد,2026-09-08T18:16:38
3207306,اجاره کلبه سوئیسی,شیردارکلا,آخر_هفته,2026-09-16,2026-09-17,2,4,2700000,0,2700000,0,5400000,0,5400000,400000,4,6,,استخراج شد,2026-09-08T18:16:38
3208040,اجاره کلبه چوبی,کاردرکلا,وسط_هفته,2026-09-19,2026-09-20,2,4,3300000,0,3300000,0,6600000,0,6600000,500000,3,6,ظرفیت پایه 3 نفر کمتر از 4 مهمان استخراج‌شده,استخراج شد,2026-09-08T18:16:40
3208040,اجاره کلبه چوبی,کاردرکلا,آخر_هفته,2026-09-16,2026-09-17,2,4,4000000,0,4000000,0,,,,500000,3,6,ظرفیت پایه 3 نفر کمتر از 4 مهمان استخراج‌شده,شب اول بسته,2026-09-08T18:16:40
3208548,کلبه سوئیسی در بابلکنار - کاردرکلا,کاردرکلا,وسط_هفته,2026-09-19,2026-09-20,2,4,3000000,0,3000000,0,6000000,0,6000000,500000,4,6,,استخراج شد,2026-09-08T18:16:42
3208548,کلبه سوئیسی در بابلکنار - کاردرکلا,کاردرکلا,آخر_هفته,2026-09-16,2026-09-17,2,4,3000000,0,3000000,0,6000000,0,6000000,500000,4,6,,استخراج شد,2026-09-08T18:16:42
3208972,کلبه سوئیسی جکوزی دار در بابلکنار - سیاه درکا,بابلکنار,وسط_هفته,2026-09-19,2026-09-20,2,4,2400000,0,2400000,0,4800000,0,4800000,300000,4,4,,استخراج شد,2026-09-08T18:16:43
3208972,کلبه سوئیسی جکوزی دار در بابلکنار - سیاه درکا,بابلکنار,آخر_هفته,2026-09-16,2026-09-17,2,4,3100000,0,3700000,0,6800000,0,6800000,300000,4,4,,استخراج شد,2026-09-08T18:16:43
3209080,کلبه سوئیسی استخردار,شیردارکلا,وسط_هفته,2026-09-19,2026-09-20,2,4,3000000,0,3000000,0,6000000,0,6000000,300000,4,4,,استخراج شد,2026-09-08T18:16:45
3209080,کلبه سوئیسی استخردار,شیردارکلا,آخر_هفته,2026-09-16,2026-09-17,2,4,5800000,0,5800000,0,11600000,0,11600000,300000,4,4,,استخراج شد,2026-09-08T18:16:45
3209086,اجاره کلبه سوئدی در نزدیکی لفور,قرآن تالار,وسط_هفته,2026-09-19,2026-09-20,2,4,4500000,0,4500000,0,,,,500000,4,6,,شب اول بسته,2026-09-08T18:16:47
3209086,اجاره کلبه سوئدی در نزدیکی لفور,قرآن تالار,آخر_هفته,2026-09-16,2026-09-17,2,4,5500000,0,5500000,0,,,,500000,4,6,,شب اول بسته؛ شب دوم بسته,2026-09-08T18:16:47
3209354,کلبه سوئیسی بابلکنار- بالف کلا غربی - ماه عسل,بالفکلا,وسط_هفته,2026-09-19,2026-09-20,2,4,2400000,0,2400000,0,4800000,0,4800000,400000,2,4,ظرفیت پایه 2 نفر کمتر از 4 مهمان استخراج‌شده,استخراج شد,2026-09-08T18:16:50
3209354,کلبه سوئیسی بابلکنار- بالف کلا غربی - ماه عسل,بالفکلا,آخر_هفته,2026-09-16,2026-09-17,2,4,2650000,0,3000000,0,5650000,0,5650000,400000,2,4,ظرفیت پایه 2 نفر کمتر از 4 مهمان استخراج‌شده,استخراج شد,2026-09-08T18:16:50
3209355,کلبه سوئیسی در بابلکنار - بالف کلا غربی - vip,بالفکلا,وسط_هفته,2026-09-19,2026-09-20,2,4,2400000,0,2400000,0,4800000,0,4800000,400000,2,4,ظرفیت پایه 2 نفر کمتر از 4 مهمان استخراج‌شده,استخراج شد,2026-09-08T18:16:52
3209355,کلبه سوئیسی در بابلکنار - بالف کلا غربی - vip,بالفکلا,آخر_هفته,2026-09-16,2026-09-17,2,4,2650000,0,3000000,0,5650000,0,5650000,400000,2,4,ظرفیت پایه 2 نفر کمتر از 4 مهمان استخراج‌شده,استخراج شد,2026-09-08T18:16:52
3209766,کلبه سوئیسی جکوزی دار در بابلکنار - درازکلا,درازکلا,وسط_هفته,2026-09-19,2026-09-20,2,4,3950000,0,3950000,0,7900000,0,7900000,500000,2,6,ظرفیت پایه 2 نفر کمتر از 4 مهمان استخراج‌شده,استخراج شد,2026-09-08T18:16:55
3209766,کلبه سوئیسی جکوزی دار در بابلکنار - درازکلا,درازکلا,آخر_هفته,2026-09-16,2026-09-17,2,4,4200000,0,5990000,0,10190000,0,10190000,500000,2,6,ظرفیت پایه 2 نفر کمتر از 4 مهمان استخراج‌شده,استخراج شد,2026-09-08T18:16:55
3210863,کلبه دوبلکس استخردار در لفور - نفت چال,لفور,وسط_هفته,2026-09-19,2026-09-20,2,4,9500000,0,9500000,0,19000000,0,19000000,1000000,4,5,,استخراج شد,2026-09-08T18:16:59
3210863,کلبه دوبلکس استخردار در لفور - نفت چال,لفور,آخر_هفته,2026-09-16,2026-09-17,2,4,9500000,0,9500000,0,,,,1000000,4,5,,شب اول بسته؛ شب دوم بسته,2026-09-08T18:16:59
3212136,کلبه سوئیسی جکوزی دار در بابلکنار - قرآن تالار,قرآن تالار,وسط_هفته,2026-09-19,2026-09-20,2,4,2800000,0,2800000,0,5600000,0,5600000,800000,4,6,,استخراج شد,2026-09-08T18:17:26
3212136,کلبه سوئیسی جکوزی دار در بابلکنار - قرآن تالار,قرآن تالار,آخر_هفته,2026-09-16,2026-09-17,2,4,3200000,0,3200000,0,6400000,0,6400000,800000,4,6,,استخراج شد,2026-09-08T18:17:26
3212511,کلبه چوبی دوبلکس در بابلکنار - قرآن تالار,قرآن تالار,وسط_هفته,2026-09-19,2026-09-20,2,4,2000000,0,2000000,0,4000000,0,4000000,300000,2,6,ظرفیت پایه 2 نفر کمتر از 4 مهمان استخراج‌شده,استخراج شد,2026-09-08T18:17:28
3212511,کلبه چوبی دوبلکس در بابلکنار - قرآن تالار,قرآن تالار,آخر_هفته,2026-09-16,2026-09-17,2,4,3000000,0,3000000,0,6000000,0,6000000,300000,2,6,ظرفیت پایه 2 نفر کمتر از 4 مهمان استخراج‌شده,استخراج شد,2026-09-08T18:17:28
3212564,کلبه سوئیسی جکوزی دار رو به دریاچه در لفور,لفور,وسط_هفته,2026-09-19,2026-09-20,2,4,6800000,0,6800000,0,13600000,0,13600000,1500000,2,3,ظرفیت پایه 2 نفر کمتر از 4 مهمان استخراج‌شده,استخراج شد,2026-09-08T18:17:55
3212564,کلبه سوئیسی جکوزی دار رو به دریاچه در لفور,لفور,آخر_هفته,2026-09-16,2026-09-17,2,4,6800000,0,6800000,0,13600000,0,13600000,1500000,2,3,ظرفیت پایه 2 نفر کمتر از 4 مهمان استخراج‌شده,استخراج شد,2026-09-08T18:17:55
3212575,ویلا چوبی,گونه کلا,وسط_هفته,2026-09-19,2026-09-20,2,4,3500000,0,3500000,0,7000000,0,7000000,200000,4,4,,استخراج شد,2026-09-08T18:17:57
3212575,ویلا چوبی,گونه کلا,آخر_هفته,2026-09-16,2026-09-17,2,4,3500000,0,3500000,0,7000000,0,7000000,200000,4,4,,استخراج شد,2026-09-08T18:17:57
3213707,کلبه سوئیسی جکوزی دار در بابلکنار - درازکلا,درازکلا,وسط_هفته,2026-09-19,2026-09-20,2,4,4900000,0,4900000,0,9800000,0,9800000,700000,2,4,ظرفیت پایه 2 نفر کمتر از 4 مهمان استخراج‌شده,استخراج شد,2026-09-08T18:17:59
3213707,کلبه سوئیسی جکوزی دار در بابلکنار - درازکلا,درازکلا,آخر_هفته,2026-09-16,2026-09-17,2,4,5500000,0,6900000,0,12400000,0,12400000,700000,2,4,ظرفیت پایه 2 نفر کمتر از 4 مهمان استخراج‌شده,استخراج شد,2026-09-08T18:17:59
3214155,کلبه سوئیسی در لفور - رئیسکلا,رئیسکلا,وسط_هفته,2026-09-19,2026-09-20,2,4,3800000,0,3800000,0,7600000,0,7600000,300000,4,6,,استخراج شد,2026-09-08T18:18:00
3214155,کلبه سوئیسی در لفور - رئیسکلا,رئیسکلا,آخر_هفته,2026-09-16,2026-09-17,2,4,4500000,0,4500000,0,9000000,0,9000000,300000,4,6,,استخراج شد,2026-09-08T18:18:00
3214205,کلبه سوئیسی در بابلکنار - سیاه درکا,بابلکنار,وسط_هفته,2026-09-19,2026-09-20,2,4,2400000,0,2400000,0,4800000,0,4800000,350000,2,4,ظرفیت پایه 2 نفر کمتر از 4 مهمان استخراج‌شده,استخراج شد,2026-09-08T18:18:02
3214205,کلبه سوئیسی در بابلکنار - سیاه درکا,بابلکنار,آخر_هفته,2026-09-16,2026-09-17,2,4,2500000,0,4800000,0,7300000,0,7300000,350000,2,4,ظرفیت پایه 2 نفر کمتر از 4 مهمان استخراج‌شده,استخراج شد,2026-09-08T18:18:02
3215006,کلبه سوئیسی با وان جکوزی در لفور - آغوزبن,لفور,وسط_هفته,2026-09-19,2026-09-20,2,4,2750000,0,2750000,0,5500000,0,5500000,950000,2,4,ظرفیت پایه 2 نفر کمتر از 4 مهمان استخراج‌شده,استخراج شد,2026-09-08T18:18:58
3215006,کلبه سوئیسی با وان جکوزی در لفور - آغوزبن,لفور,آخر_هفته,2026-09-16,2026-09-17,2,4,4500000,0,6000000,0,10500000,0,10500000,950000,2,4,ظرفیت پایه 2 نفر کمتر از 4 مهمان استخراج‌شده,استخراج شد,2026-09-08T18:18:58
3215235,کلبه سوئیسی جکوزی دار در بابلکنار - درازکلا,درازکلا,وسط_هفته,2026-09-19,2026-09-20,2,4,3400000,0,3400000,0,6800000,0,6800000,700000,2,4,ظرفیت پایه 2 نفر کمتر از 4 مهمان استخراج‌شده,استخراج شد,2026-09-08T18:19:02
3215235,کلبه سوئیسی جکوزی دار در بابلکنار - درازکلا,درازکلا,آخر_هفته,2026-09-16,2026-09-17,2,4,5700000,0,7500000,0,13200000,0,13200000,700000,2,4,ظرفیت پایه 2 نفر کمتر از 4 مهمان استخراج‌شده,استخراج شد,2026-09-08T18:19:02
3215808,کلبه سوئیسی جکوزی دار,سیدکلا,وسط_هفته,2026-09-19,2026-09-20,2,4,7500000,0,7500000,0,15000000,0,15000000,1000000,4,6,,استخراج شد,2026-09-08T18:19:03
3215808,کلبه سوئیسی جکوزی دار,سیدکلا,آخر_هفته,2026-09-16,2026-09-17,2,4,8000000,0,10000000,0,,,,1000000,4,6,,شب اول بسته؛ شب دوم بسته,2026-09-08T18:19:03
3216368,کلبه سوئیسی تراس دار در بابلکنار - مرزیکلا,مرزیکلا,وسط_هفته,2026-09-19,2026-09-20,2,4,5500000,0,5500000,0,11000000,0,11000000,700000,2,6,ظرفیت پایه 2 نفر کمتر از 4 مهمان استخراج‌شده,استخراج شد,2026-09-08T18:19:07
3216368,کلبه سوئیسی تراس دار در بابلکنار - مرزیکلا,مرزیکلا,آخر_هفته,2026-09-16,2026-09-17,2,4,7500000,0,7500000,0,15000000,0,15000000,700000,2,6,ظرفیت پایه 2 نفر کمتر از 4 مهمان استخراج‌شده,استخراج شد,2026-09-08T18:19:07
3216857,کلبه سوئیسی در لفور - درزیکلا - کلبه ۱,لفور,وسط_هفته,2026-09-19,2026-09-20,2,4,2500000,0,2500000,0,5000000,0,5000000,800000,4,8,,استخراج شد,2026-09-08T18:19:09
3216857,کلبه سوئیسی در لفور - درزیکلا - کلبه ۱,لفور,آخر_هفته,2026-09-16,2026-09-17,2,4,3500000,0,5000000,0,8500000,0,8500000,800000,4,8,,استخراج شد,2026-09-08T18:19:09
3216934,کلبه سوئیسی در بابلکنار - آرکا,بابلکنار,وسط_هفته,2026-09-19,2026-09-20,2,4,1400000,0,1500000,0,,,,450000,3,5,ظرفیت پایه 3 نفر کمتر از 4 مهمان استخراج‌شده,شب اول بسته؛ شب دوم بسته,2026-09-08T18:19:11
3216934,کلبه سوئیسی در بابلکنار - آرکا,بابلکنار,آخر_هفته,2026-09-16,2026-09-17,2,4,1700000,0,2000000,0,,,,450000,3,5,ظرفیت پایه 3 نفر کمتر از 4 مهمان استخراج‌شده,شب دوم بسته,2026-09-08T18:19:11
3217663,اجاره کلبه سوئیسی در بابل - ویارسره,,وسط_هفته,2026-09-19,2026-09-20,2,4,2500000,0,2500000,0,5000000,0,5000000,400000,2,4,ظرفیت پایه 2 نفر کمتر از 4 مهمان استخراج‌شده,استخراج شد,2026-09-08T18:19:12
3217663,اجاره کلبه سوئیسی در بابل - ویارسره,,آخر_هفته,2026-09-16,2026-09-17,2,4,3000000,0,3400000,0,6400000,0,6400000,400000,2,4,ظرفیت پایه 2 نفر کمتر از 4 مهمان استخراج‌شده,استخراج شد,2026-09-08T18:19:12
3218074,اجاره کلبه سوئیسی در بابلکنار - درازکلا,درازکلا,وسط_هفته,2026-09-19,2026-09-20,2,4,2000000,0,2000000,0,4000000,0,4000000,300000,2,4,ظرفیت پایه 2 نفر کمتر از 4 مهمان استخراج‌شده,استخراج شد,2026-09-08T18:19:14
3218074,اجاره کلبه سوئیسی در بابلکنار - درازکلا,درازکلا,آخر_هفته,2026-09-16,2026-09-17,2,4,3500000,0,3500000,0,7000000,0,7000000,300000,2,4,ظرفیت پایه 2 نفر کمتر از 4 مهمان استخراج‌شده,استخراج شد,2026-09-08T18:19:14
3218424,کلبه چوبی جکوزی دار,کاردرکلا,وسط_هفته,2026-09-19,2026-09-20,2,4,3550000,0,3550000,0,7100000,0,7100000,750000,2,6,ظرفیت پایه 2 نفر کمتر از 4 مهمان استخراج‌شده,استخراج شد,2026-09-08T18:19:16
3218424,کلبه چوبی جکوزی دار,کاردرکلا,آخر_هفته,2026-09-16,2026-09-17,2,4,10000000,0,10000000,0,20000000,0,20000000,750000,2,6,ظرفیت پایه 2 نفر کمتر از 4 مهمان استخراج‌شده,استخراج شد,2026-09-08T18:19:16
3218462,اجاره کلبه سوئیسی در بابلکنار - سیادرکا,سیادرکا,وسط_هفته,2026-09-19,2026-09-20,2,4,1890000,0,1890000,0,3780000,0,3780000,500000,3,5,ظرفیت پایه 3 نفر کمتر از 4 مهمان استخراج‌شده,استخراج شد,2026-09-08T18:19:18
3218462,اجاره کلبه سوئیسی در بابلکنار - سیادرکا,سیادرکا,آخر_هفته,2026-09-16,2026-09-17,2,4,1890000,0,2400000,0,4290000,0,4290000,500000,3,5,ظرفیت پایه 3 نفر کمتر از 4 مهمان استخراج‌شده,استخراج شد,2026-09-08T18:19:18
3219335,اجاره کلبه سنتی در بابلکنار - درازکش,درازکش,وسط_هفته,2026-09-19,2026-09-20,2,4,2600000,0,2600000,0,5200000,0,5200000,100000,2,4,ظرفیت پایه 2 نفر کمتر از 4 مهمان استخراج‌شده,استخراج شد,2026-09-08T18:19:20
3219335,اجاره کلبه سنتی در بابلکنار - درازکش,درازکش,آخر_هفته,2026-09-16,2026-09-17,2,4,3500000,0,3500000,0,7000000,0,7000000,100000,2,4,ظرفیت پایه 2 نفر کمتر از 4 مهمان استخراج‌شده,استخراج شد,2026-09-08T18:19:20
3220619,کلبه سوئیسی جکوزی دار در لفور - امام کلا,لفور,وسط_هفته,2026-09-19,2026-09-20,2,4,8500000,0,8500000,0,17000000,0,17000000,500000,4,4,,استخراج شد,2026-09-08T18:19:24
3220619,کلبه سوئیسی جکوزی دار در لفور - امام کلا,لفور,آخر_هفته,2026-09-16,2026-09-17,2,4,8500000,0,8500000,0,17000000,0,17000000,500000,4,4,,استخراج شد,2026-09-08T18:19:24
3220977,کلبه سوئیسی در بابلکنار - بالف کلا غربی,بالفکلا,وسط_هفته,2026-09-19,2026-09-20,2,4,2150000,0,2150000,0,,,,400000,2,4,ظرفیت پایه 2 نفر کمتر از 4 مهمان استخراج‌شده,شب دوم بسته,2026-09-08T18:19:25
3220977,کلبه سوئیسی در بابلکنار - بالف کلا غربی,بالفکلا,آخر_هفته,2026-09-16,2026-09-17,2,4,2550000,0,2550000,0,5100000,0,5100000,400000,2,4,ظرفیت پایه 2 نفر کمتر از 4 مهمان استخراج‌شده,استخراج شد,2026-09-08T18:19:25
3221027,ویلا سوئیسی جکوزی دار,کاردرکلا,وسط_هفته,2026-09-19,2026-09-20,2,4,4500000,0,4500000,0,9000000,0,9000000,500000,2,4,ظرفیت پایه 2 نفر کمتر از 4 مهمان استخراج‌شده,استخراج شد,2026-09-08T18:19:51
3221027,ویلا سوئیسی جکوزی دار,کاردرکلا,آخر_هفته,2026-09-16,2026-09-17,2,4,5900000,0,6900000,0,12800000,0,12800000,500000,2,4,ظرفیت پایه 2 نفر کمتر از 4 مهمان استخراج‌شده,استخراج شد,2026-09-08T18:19:51
3221180,کلبه کنار رودخانه در بابلکنار - رئیس کلا,رئیسکلا,وسط_هفته,2026-09-19,2026-09-20,2,4,2500000,0,2500000,0,5000000,0,5000000,100000,4,4,,استخراج شد,2026-09-08T18:19:53
3221180,کلبه کنار رودخانه در بابلکنار - رئیس کلا,رئیسکلا,آخر_هفته,2026-09-16,2026-09-17,2,4,3000000,0,4000000,0,7000000,0,7000000,100000,4,4,,استخراج شد,2026-09-08T18:19:53
3222129,کلبه سوئیسی با وان جکوزی در اطراف بابلکنار,بابلکنار,وسط_هفته,2026-09-19,2026-09-20,2,4,2200000,0,2200000,0,,,,300000,2,4,ظرفیت پایه 2 نفر کمتر از 4 مهمان استخراج‌شده,شب اول بسته؛ شب دوم بسته,2026-09-08T18:19:56
3222129,کلبه سوئیسی با وان جکوزی در اطراف بابلکنار,بابلکنار,آخر_هفته,2026-09-16,2026-09-17,2,4,2200000,0,3000000,0,,,,300000,2,4,ظرفیت پایه 2 نفر کمتر از 4 مهمان استخراج‌شده,شب اول بسته؛ شب دوم بسته,2026-09-08T18:19:56
3222143,کلبه سوئیسی در لفور - آغوزبن,لفور,وسط_هفته,2026-09-19,2026-09-20,2,4,3500000,0,3500000,0,7000000,0,7000000,450000,2,2,ظرفیت پایه 2 نفر کمتر از 4 مهمان استخراج‌شده,استخراج شد,2026-09-08T18:20:46
3222143,کلبه سوئیسی در لفور - آغوزبن,لفور,آخر_هفته,2026-09-16,2026-09-17,2,4,3500000,0,4000000,0,,,,450000,2,2,ظرفیت پایه 2 نفر کمتر از 4 مهمان استخراج‌شده,شب دوم بسته,2026-09-08T18:20:46
3222177,اجاره کلبه چوبی دوبلکس در لفور  - افراسی,لفور,وسط_هفته,2026-09-19,2026-09-20,2,4,5000000,0,5000000,0,10000000,0,10000000,500000,4,6,,استخراج شد,2026-09-08T18:20:48
3222177,اجاره کلبه چوبی دوبلکس در لفور  - افراسی,لفور,آخر_هفته,2026-09-16,2026-09-17,2,4,4500000,0,5000000,0,9500000,0,9500000,500000,4,6,,استخراج شد,2026-09-08T18:20:48
3222284,کلبه سوئیسی در بابلکنار - درازکلا,درازکلا,وسط_هفته,2026-09-19,2026-09-20,2,4,2300000,0,2300000,0,4600000,0,4600000,400000,2,2,ظرفیت پایه 2 نفر کمتر از 4 مهمان استخراج‌شده,استخراج شد,2026-09-08T18:20:50
3222284,کلبه سوئیسی در بابلکنار - درازکلا,درازکلا,آخر_هفته,2026-09-16,2026-09-17,2,4,2400000,0,2650000,0,5050000,0,5050000,400000,2,2,ظرفیت پایه 2 نفر کمتر از 4 مهمان استخراج‌شده,استخراج شد,2026-09-08T18:20:50
3222336,کلبه چوبی دوبلکس در لفور - افراسی,لفور,وسط_هفته,2026-09-19,2026-09-20,2,4,6000000,0,6000000,0,12000000,0,12000000,500000,4,6,,استخراج شد,2026-09-08T18:20:52
3222336,کلبه چوبی دوبلکس در لفور - افراسی,لفور,آخر_هفته,2026-09-16,2026-09-17,2,4,6000000,0,6000000,0,12000000,0,12000000,500000,4,6,,استخراج شد,2026-09-08T18:20:52
3222490,اجاره کلبه سوئیسی با چشم انداز سد لفور,لفور,وسط_هفته,2026-09-19,2026-09-20,2,4,5000000,0,5000000,0,10000000,0,10000000,300000,4,4,,استخراج شد,2026-09-08T18:20:54
3222490,اجاره کلبه سوئیسی با چشم انداز سد لفور,لفور,آخر_هفته,2026-09-16,2026-09-17,2,4,6500000,0,6500000,0,13000000,0,13000000,300000,4,4,,استخراج شد,2026-09-08T18:20:54
3222812,کلبه چوبی استخردار,شیردارکلا,وسط_هفته,2026-09-19,2026-09-20,2,4,6490000,0,6490000,0,12980000,0,12980000,400000,6,8,,استخراج شد,2026-09-08T18:20:57
3222812,کلبه چوبی استخردار,شیردارکلا,آخر_هفته,2026-09-16,2026-09-17,2,4,6490000,0,6450000,0,,,,400000,6,8,,شب اول بسته؛ شب دوم بسته,2026-09-08T18:20:57
3223206,اجاره کلبه چوبی دوبلکس در بابلکنار - کبریاکلا,کبریاکلا,وسط_هفته,2026-09-19,2026-09-20,2,4,3500000,0,3500000,0,7000000,0,7000000,250000,2,4,ظرفیت پایه 2 نفر کمتر از 4 مهمان استخراج‌شده,استخراج شد,2026-09-08T18:21:00
3223206,اجاره کلبه چوبی دوبلکس در بابلکنار - کبریاکلا,کبریاکلا,آخر_هفته,2026-09-16,2026-09-17,2,4,3500000,0,4500000,0,8000000,0,8000000,250000,2,4,ظرفیت پایه 2 نفر کمتر از 4 مهمان استخراج‌شده,استخراج شد,2026-09-08T18:21:00
3223541,کلبه سوئیسی جکوزی دار در بابلکنار - درازکلا,درازکلا,وسط_هفته,2026-09-19,2026-09-20,2,4,2500000,0,2500000,0,5000000,0,5000000,500000,2,4,ظرفیت پایه 2 نفر کمتر از 4 مهمان استخراج‌شده,استخراج شد,2026-09-08T18:21:02
3223541,کلبه سوئیسی جکوزی دار در بابلکنار - درازکلا,درازکلا,آخر_هفته,2026-09-16,2026-09-17,2,4,3500000,0,3500000,0,,,,500000,2,4,ظرفیت پایه 2 نفر کمتر از 4 مهمان استخراج‌شده,شب اول بسته؛ شب دوم بسته,2026-09-08T18:21:02
3223855,کلبه چوبی در بابلکنار - سیادرکا,سیادرکا,وسط_هفته,2026-09-19,2026-09-20,2,4,3000000,0,3000000,0,6000000,0,6000000,150000,4,6,,استخراج شد,2026-09-08T18:21:03
3223855,کلبه چوبی در بابلکنار - سیادرکا,سیادرکا,آخر_هفته,2026-09-16,2026-09-17,2,4,3000000,0,3000000,0,6000000,0,6000000,150000,4,6,,استخراج شد,2026-09-08T18:21:03
3223870,اجاره کلبه چوبی استخردار در بابلکنار - گونه کلا,گونه کلا,وسط_هفته,2026-09-19,2026-09-20,2,4,5000000,0,5000000,0,10000000,0,10000000,500000,4,6,,استخراج شد,2026-09-08T18:21:07
3223870,اجاره کلبه چوبی استخردار در بابلکنار - گونه کلا,گونه کلا,آخر_هفته,2026-09-16,2026-09-17,2,4,6000000,0,6000000,0,12000000,0,12000000,500000,4,6,,استخراج شد,2026-09-08T18:21:07
3224141,کلبه سوئیسی استخردار در بابلکنار - بالفکلا,بالفکلا,وسط_هفته,2026-09-19,2026-09-20,2,4,5999000,0,5999000,0,11998000,0,11998000,998000,4,8,,استخراج شد,2026-09-08T18:21:11
3224141,کلبه سوئیسی استخردار در بابلکنار - بالفکلا,بالفکلا,آخر_هفته,2026-09-16,2026-09-17,2,4,7999000,0,9999000,0,17998000,0,17998000,998000,4,8,,استخراج شد,2026-09-08T18:21:11
3224334,کلبه سوئیسی جکوزی دار,گونه کلا,وسط_هفته,2026-09-19,2026-09-20,2,4,6000000,0,6000000,0,12000000,0,12000000,500000,4,10,,استخراج شد,2026-09-08T18:21:13
3224334,کلبه سوئیسی جکوزی دار,گونه کلا,آخر_هفته,2026-09-16,2026-09-17,2,4,6000000,0,6000000,0,12000000,0,12000000,500000,4,10,,استخراج شد,2026-09-08T18:21:13
3224492,کلبه سوئیسی استخردار,شیردارکلا,وسط_هفته,2026-09-19,2026-09-20,2,4,7890000,0,7890000,0,,,,500000,4,6,,شب اول بسته؛ شب دوم بسته,2026-09-08T18:21:14
3224492,کلبه سوئیسی استخردار,شیردارکلا,آخر_هفته,2026-09-16,2026-09-17,2,4,8980000,0,9980000,0,,,,500000,4,6,,شب اول بسته؛ شب دوم بسته,2026-09-08T18:21:14
3224789,کلبه سوئیسی در بابلکنار - سیادرکلا,سیادرکلا,وسط_هفته,2026-09-19,2026-09-20,2,4,3250000,0,3250000,0,6500000,0,6500000,350000,2,4,ظرفیت پایه 2 نفر کمتر از 4 مهمان استخراج‌شده,استخراج شد,2026-09-08T18:21:17
3224789,کلبه سوئیسی در بابلکنار - سیادرکلا,سیادرکلا,آخر_هفته,2026-09-16,2026-09-17,2,4,3500000,0,3950000,0,7450000,0,7450000,350000,2,4,ظرفیت پایه 2 نفر کمتر از 4 مهمان استخراج‌شده,استخراج شد,2026-09-08T18:21:17
3224799,کلبه سوئیسی در بابلکنار - بزچفت,بزچفت,وسط_هفته,2026-09-19,2026-09-20,2,4,2500000,0,2500000,0,5000000,0,5000000,500000,4,5,,استخراج شد,2026-09-08T18:21:19
3224799,کلبه سوئیسی در بابلکنار - بزچفت,بزچفت,آخر_هفته,2026-09-16,2026-09-17,2,4,3500000,0,3500000,0,7000000,0,7000000,500000,4,5,,استخراج شد,2026-09-08T18:21:19
3224873,کلبه چوبی - کاردکرکلا,کاردرکلا,وسط_هفته,2026-09-19,2026-09-20,2,4,2000000,0,2000000,0,,,,350000,2,4,ظرفیت پایه 2 نفر کمتر از 4 مهمان استخراج‌شده,شب اول بسته؛ شب دوم بسته,2026-09-08T18:21:22
3224873,کلبه چوبی - کاردکرکلا,کاردرکلا,آخر_هفته,2026-09-16,2026-09-17,2,4,2000000,0,2600000,0,,,,350000,2,4,ظرفیت پایه 2 نفر کمتر از 4 مهمان استخراج‌شده,شب دوم بسته,2026-09-08T18:21:22
3225284,اجاره کلبه سوئیسی در لفور - بورخانی,لفور,وسط_هفته,2026-09-19,2026-09-20,2,4,3700000,0,3000000,0,,,,800000,4,5,,شب دوم بسته,2026-09-08T18:21:24
3225284,اجاره کلبه سوئیسی در لفور - بورخانی,لفور,آخر_هفته,2026-09-16,2026-09-17,2,4,3700000,0,4000000,0,7700000,0,7700000,800000,4,5,,استخراج شد,2026-09-08T18:21:24
3225446,کلبه سوئیسی با جکوزی در بابلکنار - سیدکلا,سیدکلا,وسط_هفته,2026-09-19,2026-09-20,2,4,3980000,0,3980000,0,7960000,0,7960000,750000,2,4,ظرفیت پایه 2 نفر کمتر از 4 مهمان استخراج‌شده,استخراج شد,2026-09-08T18:21:27
3225446,کلبه سوئیسی با جکوزی در بابلکنار - سیدکلا,سیدکلا,آخر_هفته,2026-09-16,2026-09-17,2,4,4700000,0,5700000,0,,,,750000,2,4,ظرفیت پایه 2 نفر کمتر از 4 مهمان استخراج‌شده,شب دوم بسته,2026-09-08T18:21:27
3225771,اجاره کلبه سوئیسی در لفور - میرارکلا,لفور,وسط_هفته,2026-09-19,2026-09-20,2,4,8000000,0,8000000,0,,,,800000,4,6,,شب اول بسته,2026-09-08T18:21:28
3225771,اجاره کلبه سوئیسی در لفور - میرارکلا,لفور,آخر_هفته,2026-09-16,2026-09-17,2,4,8000000,0,13000000,0,,,,800000,4,6,,شب اول بسته,2026-09-08T18:21:28
3225787,کلبه سوئیسی جکوزی دار در بابلکنار - درازکش,درازکش,وسط_هفته,2026-09-19,2026-09-20,2,4,3500000,0,3500000,0,7000000,0,7000000,600000,4,8,,استخراج شد,2026-09-08T18:21:30
3225787,کلبه سوئیسی جکوزی دار در بابلکنار - درازکش,درازکش,آخر_هفته,2026-09-16,2026-09-17,2,4,4500000,0,4500000,0,,,,600000,4,8,,شب دوم بسته,2026-09-08T18:21:30
3225855,کلبه استخردار - کلبه ۱,کاردرکلا,وسط_هفته,2026-09-19,2026-09-20,2,4,6700000,0,6700000,0,,,,700000,4,8,,شب اول بسته؛ شب دوم بسته,2026-09-08T18:21:31
3225855,کلبه استخردار - کلبه ۱,کاردرکلا,آخر_هفته,2026-09-16,2026-09-17,2,4,6800000,0,6800000,0,,,,700000,4,8,,شب اول بسته؛ شب دوم بسته,2026-09-08T18:21:31
3228098,اجاره کلبه دو طبقه در لفور - شاهکلا,لفور,وسط_هفته,2026-09-19,2026-09-20,2,4,4990000,0,4990000,0,9980000,0,9980000,300000,2,6,ظرفیت پایه 2 نفر کمتر از 4 مهمان استخراج‌شده,استخراج شد,2026-09-08T18:21:40
3228098,اجاره کلبه دو طبقه در لفور - شاهکلا,لفور,آخر_هفته,2026-09-16,2026-09-17,2,4,5990000,0,5990000,0,11980000,0,11980000,300000,2,6,ظرفیت پایه 2 نفر کمتر از 4 مهمان استخراج‌شده,استخراج شد,2026-09-08T18:21:40
3228116,کلبه سوئیسی در لفور - شارقلت,لفور,وسط_هفته,2026-09-19,2026-09-20,2,4,5000000,0,5000000,0,,,,500000,4,4,,شب اول بسته,2026-09-08T18:22:05
3228116,کلبه سوئیسی در لفور - شارقلت,لفور,آخر_هفته,2026-09-16,2026-09-17,2,4,6000000,0,6000000,0,12000000,0,12000000,500000,4,4,,استخراج شد,2026-09-08T18:22:05
3228266,اجاره ویلا سوئیسی در بابلکنار - رئیس کلا,رئیسکلا,وسط_هفته,2026-09-19,2026-09-20,2,4,1500000,0,1500000,0,3000000,0,3000000,200000,3,5,ظرفیت پایه 3 نفر کمتر از 4 مهمان استخراج‌شده,استخراج شد,2026-09-08T18:22:09
3228266,اجاره ویلا سوئیسی در بابلکنار - رئیس کلا,رئیسکلا,آخر_هفته,2026-09-16,2026-09-17,2,4,3000000,0,3000000,0,6000000,0,6000000,200000,3,5,ظرفیت پایه 3 نفر کمتر از 4 مهمان استخراج‌شده,استخراج شد,2026-09-08T18:22:09
3228478,کلبه سوئیسی استخردار,گونه کلا,وسط_هفته,2026-09-19,2026-09-20,2,4,9000000,0,9000000,0,,,,1500000,4,6,,شب اول بسته؛ شب دوم بسته,2026-09-08T18:22:15
3228478,کلبه سوئیسی استخردار,گونه کلا,آخر_هفته,2026-09-16,2026-09-17,2,4,13000000,0,13000000,0,,,,1500000,4,6,,شب اول بسته؛ شب دوم بسته,2026-09-08T18:22:15
3228846,کلبه چوبی جکوزی دار در لفور - امام کلا,لفور,وسط_هفته,2026-09-19,2026-09-20,2,4,4000000,0,4000000,0,,,,400000,4,7,,شب اول بسته؛ شب دوم بسته,2026-09-08T18:22:16
3228846,کلبه چوبی جکوزی دار در لفور - امام کلا,لفور,آخر_هفته,2026-09-16,2026-09-17,2,4,4500000,0,6000000,0,,,,400000,4,7,,شب اول بسته؛ شب دوم بسته,2026-09-08T18:22:16
3228941,کلبه چوبی در شیرگاه,گونه کلا,وسط_هفته,2026-09-19,2026-09-20,2,4,3500000,0,3500000,0,7000000,0,7000000,150000,4,4,,استخراج شد,2026-09-08T18:22:18
3228941,کلبه چوبی در شیرگاه,گونه کلا,آخر_هفته,2026-09-16,2026-09-17,2,4,2850000,0,4500000,0,7350000,0,7350000,150000,4,4,,استخراج شد,2026-09-08T18:22:18
3229028,کلبه در بابلکنار - چهره,چهره,وسط_هفته,2026-09-19,2026-09-20,2,4,1900000,0,1900000,0,3800000,0,3800000,250000,4,6,,استخراج شد,2026-09-08T18:22:43
3229028,کلبه در بابلکنار - چهره,چهره,آخر_هفته,2026-09-16,2026-09-17,2,4,3800000,0,3800000,0,7600000,0,7600000,250000,4,6,,استخراج شد,2026-09-08T18:22:43
3229175,کلبه سوئیسی جکوزی دار در لفور - شاهکلا - ۲,لفور,وسط_هفته,2026-09-19,2026-09-20,2,4,6410000,0,6410000,0,12820000,0,12820000,750000,2,4,ظرفیت پایه 2 نفر کمتر از 4 مهمان استخراج‌شده,استخراج شد,2026-09-08T18:22:45
3229175,کلبه سوئیسی جکوزی دار در لفور - شاهکلا - ۲,لفور,آخر_هفته,2026-09-16,2026-09-17,2,4,8740000,0,8740000,0,17480000,0,17480000,750000,2,4,ظرفیت پایه 2 نفر کمتر از 4 مهمان استخراج‌شده,استخراج شد,2026-09-08T18:22:45
3229810,کلبه سوئیسی در شیرگاه - گونه کلا,گونه کلا,وسط_هفته,2026-09-19,2026-09-20,2,4,4000000,0,4000000,0,,,,500000,4,6,,شب دوم بسته,2026-09-08T18:22:49
3229810,کلبه سوئیسی در شیرگاه - گونه کلا,گونه کلا,آخر_هفته,2026-09-16,2026-09-17,2,4,4500000,0,8000000,0,12500000,0,12500000,500000,4,6,,استخراج شد,2026-09-08T18:22:49
3229822,اجاره کلبه سوئیسی در سوادکوه - درازکلا,درازکلا,وسط_هفته,2026-09-19,2026-09-20,2,4,2750000,0,2750000,0,5500000,0,5500000,400000,2,4,ظرفیت پایه 2 نفر کمتر از 4 مهمان استخراج‌شده,استخراج شد,2026-09-08T18:22:51
3229822,اجاره کلبه سوئیسی در سوادکوه - درازکلا,درازکلا,آخر_هفته,2026-09-16,2026-09-17,2,4,3750000,0,3750000,0,7500000,0,7500000,400000,2,4,ظرفیت پایه 2 نفر کمتر از 4 مهمان استخراج‌شده,استخراج شد,2026-09-08T18:22:51
3229848,اجاره کلبه سوئیسی در لفور - بورخانی,لفور,وسط_هفته,2026-09-19,2026-09-20,2,4,4000000,0,4000000,0,8000000,0,8000000,700000,3,4,ظرفیت پایه 3 نفر کمتر از 4 مهمان استخراج‌شده,استخراج شد,2026-09-08T18:22:52
3229848,اجاره کلبه سوئیسی در لفور - بورخانی,لفور,آخر_هفته,2026-09-16,2026-09-17,2,4,5000000,0,5000000,0,,,,700000,3,4,ظرفیت پایه 3 نفر کمتر از 4 مهمان استخراج‌شده,شب اول بسته؛ شب دوم بسته,2026-09-08T18:22:52
3230009,اجاره کلبه سوئیسی - تی تی,کاردرکلا,وسط_هفته,2026-09-19,2026-09-20,2,4,4200000,0,4200000,0,,,,600000,2,4,ظرفیت پایه 2 نفر کمتر از 4 مهمان استخراج‌شده,شب اول بسته,2026-09-08T18:22:55
3230009,اجاره کلبه سوئیسی - تی تی,کاردرکلا,آخر_هفته,2026-09-16,2026-09-17,2,4,5200000,0,5200000,0,,,,600000,2,4,ظرفیت پایه 2 نفر کمتر از 4 مهمان استخراج‌شده,شب دوم بسته,2026-09-08T18:22:55
3230201,کلبه سوئیسی در بابلکنار - چهره,چهره,وسط_هفته,2026-09-19,2026-09-20,2,4,1700000,0,1700000,0,3400000,0,3400000,250000,2,3,ظرفیت پایه 2 نفر کمتر از 4 مهمان استخراج‌شده,استخراج شد,2026-09-08T18:22:58
3230201,کلبه سوئیسی در بابلکنار - چهره,چهره,آخر_هفته,2026-09-16,2026-09-17,2,4,2600000,0,2600000,0,5200000,0,5200000,250000,2,3,ظرفیت پایه 2 نفر کمتر از 4 مهمان استخراج‌شده,استخراج شد,2026-09-08T18:22:58
3230204,اجاره کلبه چوبی در بابلکنار - چهره,چهره,وسط_هفته,2026-09-19,2026-09-20,2,4,1800000,0,1800000,0,3600000,0,3600000,300000,2,3,ظرفیت پایه 2 نفر کمتر از 4 مهمان استخراج‌شده,استخراج شد,2026-09-08T18:23:23
3230204,اجاره کلبه چوبی در بابلکنار - چهره,چهره,آخر_هفته,2026-09-16,2026-09-17,2,4,2600000,0,2800000,0,5400000,0,5400000,300000,2,3,ظرفیت پایه 2 نفر کمتر از 4 مهمان استخراج‌شده,استخراج شد,2026-09-08T18:23:23
3230419,کلبه چوبی دوطبقه در رئیس کلا لفور,رئیس کلا,وسط_هفته,2026-09-19,2026-09-20,2,4,2150000,0,2150000,0,,,,300000,4,5,,شب اول بسته,2026-09-08T18:23:35
3230419,کلبه چوبی دوطبقه در رئیس کلا لفور,رئیس کلا,آخر_هفته,2026-09-16,2026-09-17,2,4,2550000,0,2600000,0,,,,300000,4,5,,شب دوم بسته,2026-09-08T18:23:35
3232243,اجاره کلبه سوئیسی در بابلکنار - سیاه درکا,بابلکنار,وسط_هفته,2026-09-19,2026-09-20,2,4,1600000,0,1600000,0,3200000,0,3200000,300000,2,4,ظرفیت پایه 2 نفر کمتر از 4 مهمان استخراج‌شده,استخراج شد,2026-09-08T18:23:40
3232243,اجاره کلبه سوئیسی در بابلکنار - سیاه درکا,بابلکنار,آخر_هفته,2026-09-16,2026-09-17,2,4,1800000,0,1800000,0,3600000,0,3600000,300000,2,4,ظرفیت پایه 2 نفر کمتر از 4 مهمان استخراج‌شده,استخراج شد,2026-09-08T18:23:40
3232417,کلبه سوئیسی با جکوزی,کاردرکلا,وسط_هفته,2026-09-19,2026-09-20,2,4,3000000,0,3000000,0,6000000,0,6000000,350000,2,4,ظرفیت پایه 2 نفر کمتر از 4 مهمان استخراج‌شده,استخراج شد,2026-09-08T18:23:43
3232417,کلبه سوئیسی با جکوزی,کاردرکلا,آخر_هفته,2026-09-16,2026-09-17,2,4,3500000,0,4000000,0,7500000,0,7500000,350000,2,4,ظرفیت پایه 2 نفر کمتر از 4 مهمان استخراج‌شده,استخراج شد,2026-09-08T18:23:43
3232477,کلبه سوئیسی جکوزی دار در لفور - شاهکلا,لفور,وسط_هفته,2026-09-19,2026-09-20,2,4,2990000,0,2990000,0,5980000,0,5980000,300000,2,4,ظرفیت پایه 2 نفر کمتر از 4 مهمان استخراج‌شده,استخراج شد,2026-09-08T18:23:47
3232477,کلبه سوئیسی جکوزی دار در لفور - شاهکلا,لفور,آخر_هفته,2026-09-16,2026-09-17,2,4,4500000,0,5500000,0,10000000,0,10000000,300000,2,4,ظرفیت پایه 2 نفر کمتر از 4 مهمان استخراج‌شده,استخراج شد,2026-09-08T18:23:47
3232686,کلبه سوئیسی جکوزی دار در لفور - شاهکلا,لفور,وسط_هفته,2026-09-19,2026-09-20,2,4,4999000,0,4999000,0,,,,500000,2,6,ظرفیت پایه 2 نفر کمتر از 4 مهمان استخراج‌شده,شب اول بسته؛ شب دوم بسته,2026-09-08T18:24:11
3232686,کلبه سوئیسی جکوزی دار در لفور - شاهکلا,لفور,آخر_هفته,2026-09-16,2026-09-17,2,4,5799000,0,7790000,0,13589000,0,13589000,500000,2,6,ظرفیت پایه 2 نفر کمتر از 4 مهمان استخراج‌شده,استخراج شد,2026-09-08T18:24:11
3232777,کلبه سوئیسی جنگلی در شاه کلاه لفور - دوخوابه,لفور,وسط_هفته,2026-09-19,2026-09-20,2,4,3990000,0,3990000,0,,,,500000,4,6,,شب اول بسته,2026-09-08T18:24:13
3232777,کلبه سوئیسی جنگلی در شاه کلاه لفور - دوخوابه,لفور,آخر_هفته,2026-09-16,2026-09-17,2,4,4390000,0,5390000,0,,,,500000,4,6,,شب اول بسته,2026-09-08T18:24:13
3232801,اجاره کلبه سوئیسی در لفور - امام کلا,لفور,وسط_هفته,2026-09-19,2026-09-20,2,4,3250000,0,3250000,0,6500000,0,6500000,500000,4,6,,استخراج شد,2026-09-08T18:24:15
3232801,اجاره کلبه سوئیسی در لفور - امام کلا,لفور,آخر_هفته,2026-09-16,2026-09-17,2,4,4150000,0,5550000,0,9700000,0,9700000,500000,4,6,,استخراج شد,2026-09-08T18:24:15
3232910,کلبه سوئیسی جنگلی در شاه کلاه لفور - یکخوابه,لفور,وسط_هفته,2026-09-19,2026-09-20,2,4,3890000,0,3890000,0,7780000,0,7780000,500000,2,4,ظرفیت پایه 2 نفر کمتر از 4 مهمان استخراج‌شده,استخراج شد,2026-09-08T18:24:18
3232910,کلبه سوئیسی جنگلی در شاه کلاه لفور - یکخوابه,لفور,آخر_هفته,2026-09-16,2026-09-17,2,4,3990000,0,4990000,0,,,,500000,2,4,ظرفیت پایه 2 نفر کمتر از 4 مهمان استخراج‌شده,شب اول بسته؛ شب دوم بسته,2026-09-08T18:24:18
3234218,کلبه سوئیسی در بابلکنار - ازارسی,بابلکنار,وسط_هفته,2026-09-19,2026-09-20,2,4,2150000,0,2150000,0,,,,300000,2,4,ظرفیت پایه 2 نفر کمتر از 4 مهمان استخراج‌شده,شب اول بسته؛ شب دوم بسته,2026-09-08T18:24:53
3234218,کلبه سوئیسی در بابلکنار - ازارسی,بابلکنار,آخر_هفته,2026-09-16,2026-09-17,2,4,2450000,0,2450000,0,,,,300000,2,4,ظرفیت پایه 2 نفر کمتر از 4 مهمان استخراج‌شده,شب اول بسته؛ شب دوم بسته,2026-09-08T18:24:53
3234324,کلبه چوبی جکوزی دار در لفور - امام کلا,لفور,وسط_هفته,2026-09-19,2026-09-20,2,4,4700000,0,4700000,0,9400000,0,9400000,1500000,4,4,,استخراج شد,2026-09-08T18:24:54
3234324,کلبه چوبی جکوزی دار در لفور - امام کلا,لفور,آخر_هفته,2026-09-16,2026-09-17,2,4,8000000,0,10000000,0,,,,1500000,4,4,,شب اول بسته,2026-09-08T18:24:54
3234782,اجاره کلبه سوئیسی,شیردارکلا,وسط_هفته,2026-09-19,2026-09-20,2,4,6500000,0,6500000,0,13000000,0,13000000,1000000,2,4,ظرفیت پایه 2 نفر کمتر از 4 مهمان استخراج‌شده,استخراج شد,2026-09-08T18:24:56
3234782,اجاره کلبه سوئیسی,شیردارکلا,آخر_هفته,2026-09-16,2026-09-17,2,4,8500000,0,8500000,0,17000000,0,17000000,1000000,2,4,ظرفیت پایه 2 نفر کمتر از 4 مهمان استخراج‌شده,استخراج شد,2026-09-08T18:24:56
3234857,خانه جکوزی دار در بابلکنار - نزدیک مرزیکلا,مرزیکلا,وسط_هفته,2026-09-19,2026-09-20,2,4,6000000,0,6000000,0,12000000,0,12000000,500000,4,6,,استخراج شد,2026-09-08T18:24:58
3234857,خانه جکوزی دار در بابلکنار - نزدیک مرزیکلا,مرزیکلا,آخر_هفته,2026-09-16,2026-09-17,2,4,6000000,0,6000000,0,,,,500000,4,6,,شب دوم بسته,2026-09-08T18:24:58
3235121,اجاره کلبه سوئیسی در بابلکنار - بزچفت,بزچفت,وسط_هفته,2026-09-19,2026-09-20,2,4,1800000,0,1800000,0,3600000,0,3600000,100000,2,4,ظرفیت پایه 2 نفر کمتر از 4 مهمان استخراج‌شده,استخراج شد,2026-09-08T18:24:59
3235121,اجاره کلبه سوئیسی در بابلکنار - بزچفت,بزچفت,آخر_هفته,2026-09-16,2026-09-17,2,4,1800000,0,2000000,0,3800000,0,3800000,100000,2,4,ظرفیت پایه 2 نفر کمتر از 4 مهمان استخراج‌شده,استخراج شد,2026-09-08T18:24:59
3235299,اجاره کلبه سوئیسی,گونه کلا,وسط_هفته,2026-09-19,2026-09-20,2,4,2300000,0,2300000,0,4600000,0,4600000,300000,4,6,,استخراج شد,2026-09-08T18:25:33
3235299,اجاره کلبه سوئیسی,گونه کلا,آخر_هفته,2026-09-16,2026-09-17,2,4,2600000,0,2600000,0,,,,300000,4,6,,شب اول بسته,2026-09-08T18:25:33
3235515,اجاره کلبه سوئیسی در بابلکنار - کبریاکلا,کبریاکلا,وسط_هفته,2026-09-19,2026-09-20,2,4,5200000,0,5200000,0,10400000,0,10400000,500000,2,5,ظرفیت پایه 2 نفر کمتر از 4 مهمان استخراج‌شده,استخراج شد,2026-09-08T18:25:35
3235515,اجاره کلبه سوئیسی در بابلکنار - کبریاکلا,کبریاکلا,آخر_هفته,2026-09-16,2026-09-17,2,4,7500000,0,7500000,0,15000000,0,15000000,500000,2,5,ظرفیت پایه 2 نفر کمتر از 4 مهمان استخراج‌شده,استخراج شد,2026-09-08T18:25:35
3235525,خانه با معماری چوبی در بابلکنار - کبریاکلا,کبریاکلا,وسط_هفته,2026-09-19,2026-09-20,2,4,5200000,0,5200000,0,10400000,0,10400000,10000,2,5,ظرفیت پایه 2 نفر کمتر از 4 مهمان استخراج‌شده,استخراج شد,2026-09-08T18:25:37
3235525,خانه با معماری چوبی در بابلکنار - کبریاکلا,کبریاکلا,آخر_هفته,2026-09-16,2026-09-17,2,4,7500000,0,7500000,0,15000000,0,15000000,10000,2,5,ظرفیت پایه 2 نفر کمتر از 4 مهمان استخراج‌شده,استخراج شد,2026-09-08T18:25:37
3235621,خانه جکوزی دار در بابلکنار - سیادرکا,سیادرکا,وسط_هفته,2026-09-19,2026-09-20,2,4,4250000,0,4250000,0,8500000,0,8500000,400000,2,5,ظرفیت پایه 2 نفر کمتر از 4 مهمان استخراج‌شده,استخراج شد,2026-09-08T18:25:40
3235621,خانه جکوزی دار در بابلکنار - سیادرکا,سیادرکا,آخر_هفته,2026-09-16,2026-09-17,2,4,4250000,0,4250000,0,8500000,0,8500000,400000,2,5,ظرفیت پایه 2 نفر کمتر از 4 مهمان استخراج‌شده,استخراج شد,2026-09-08T18:25:40
3236158,کلبه سوئیسی با جکوزی در بابلکنار - گونه کلا,گونه کلا,وسط_هفته,2026-09-19,2026-09-20,2,4,2590000,0,2590000,0,5180000,0,5180000,500000,4,6,,استخراج شد,2026-09-08T18:25:42
3236158,کلبه سوئیسی با جکوزی در بابلکنار - گونه کلا,گونه کلا,آخر_هفته,2026-09-16,2026-09-17,2,4,3690000,0,3690000,0,7380000,0,7380000,500000,4,6,,استخراج شد,2026-09-08T18:25:42
3236345,کلبه سوئیسی جکوزی دار در لفور - مرزیدره,لفور,وسط_هفته,2026-09-19,2026-09-20,2,4,4300000,0,4300000,0,,,,500000,4,5,,شب اول بسته,2026-09-08T18:25:44
3236345,کلبه سوئیسی جکوزی دار در لفور - مرزیدره,لفور,آخر_هفته,2026-09-16,2026-09-17,2,4,4550000,0,4550000,0,,,,500000,4,5,,شب اول بسته؛ شب دوم بسته,2026-09-08T18:25:44
3237859,کلبه سوئیسی,سیدکلا,وسط_هفته,2026-09-19,2026-09-20,2,4,2500000,0,2500000,0,,,,500000,4,8,,شب اول بسته؛ شب دوم بسته,2026-09-08T18:25:45
3237859,کلبه سوئیسی,سیدکلا,آخر_هفته,2026-09-16,2026-09-17,2,4,4000000,0,3000000,0,,,,500000,4,8,,شب اول بسته؛ شب دوم بسته,2026-09-08T18:25:45
3237885,کلبه سوئیسی با جکوزی در بابلکنار - درازکلا,درازکلا,وسط_هفته,2026-09-19,2026-09-20,2,4,3800000,0,3800000,0,7600000,0,7600000,450000,2,6,ظرفیت پایه 2 نفر کمتر از 4 مهمان استخراج‌شده,استخراج شد,2026-09-08T18:25:47
3237885,کلبه سوئیسی با جکوزی در بابلکنار - درازکلا,درازکلا,آخر_هفته,2026-09-16,2026-09-17,2,4,4200000,0,5990000,0,10190000,0,10190000,450000,2,6,ظرفیت پایه 2 نفر کمتر از 4 مهمان استخراج‌شده,استخراج شد,2026-09-08T18:25:47
3238785,کلبه سوئیسی جکوزی دار در بابلکنار - هلیخال,بابلکنار,وسط_هفته,2026-09-19,2026-09-20,2,4,4500000,0,4500000,0,,,,400000,2,4,ظرفیت پایه 2 نفر کمتر از 4 مهمان استخراج‌شده,شب اول بسته؛ شب دوم بسته,2026-09-08T18:25:49
3238785,کلبه سوئیسی جکوزی دار در بابلکنار - هلیخال,بابلکنار,آخر_هفته,2026-09-16,2026-09-17,2,4,5500000,0,4500000,0,,,,400000,2,4,ظرفیت پایه 2 نفر کمتر از 4 مهمان استخراج‌شده,شب دوم بسته,2026-09-08T18:25:49
3239170,کلبه سوئیسی در بابلکنار - مرزیکلا,مرزیکلا,وسط_هفته,2026-09-19,2026-09-20,2,4,3000000,0,3000000,0,6000000,0,6000000,480000,2,6,ظرفیت پایه 2 نفر کمتر از 4 مهمان استخراج‌شده,استخراج شد,2026-09-08T18:25:50
3239170,کلبه سوئیسی در بابلکنار - مرزیکلا,مرزیکلا,آخر_هفته,2026-09-16,2026-09-17,2,4,4200000,0,4200000,0,8400000,0,8400000,480000,2,6,ظرفیت پایه 2 نفر کمتر از 4 مهمان استخراج‌شده,استخراج شد,2026-09-08T18:25:50
3239562,کلبه سوئیسی جکوزی دار در بابلکنار - هلی خال,بابلکنار,وسط_هفته,2026-09-19,2026-09-20,2,4,10000000,0,10000000,0,20000000,0,20000000,800000,2,4,ظرفیت پایه 2 نفر کمتر از 4 مهمان استخراج‌شده,استخراج شد,2026-09-08T18:26:15
3239562,کلبه سوئیسی جکوزی دار در بابلکنار - هلی خال,بابلکنار,آخر_هفته,2026-09-16,2026-09-17,2,4,10000000,0,10000000,0,20000000,0,20000000,800000,2,4,ظرفیت پایه 2 نفر کمتر از 4 مهمان استخراج‌شده,استخراج شد,2026-09-08T18:26:15
3239829,اجاره کلبه سوئیسی در سوادکوه - مرزیکلا,مرزیکلا,وسط_هفته,2026-09-19,2026-09-20,2,4,4500000,0,4500000,0,9000000,0,9000000,150000,2,4,ظرفیت پایه 2 نفر کمتر از 4 مهمان استخراج‌شده,استخراج شد,2026-09-08T18:26:19
3239829,اجاره کلبه سوئیسی در سوادکوه - مرزیکلا,مرزیکلا,آخر_هفته,2026-09-16,2026-09-17,2,4,5000000,20,5000000,0,10000000,1000000,9000000,150000,2,4,ظرفیت پایه 2 نفر کمتر از 4 مهمان استخراج‌شده,استخراج شد,2026-09-08T18:26:19
3239918,اجاره کلبه سوئیسی,کاردرکلا,وسط_هفته,2026-09-19,2026-09-20,2,4,4800000,0,4800000,0,9600000,0,9600000,300000,2,10,ظرفیت پایه 2 نفر کمتر از 4 مهمان استخراج‌شده,استخراج شد,2026-09-08T18:26:22
3239918,اجاره کلبه سوئیسی,کاردرکلا,آخر_هفته,2026-09-16,2026-09-17,2,4,5000000,0,6000000,0,11000000,0,11000000,300000,2,10,ظرفیت پایه 2 نفر کمتر از 4 مهمان استخراج‌شده,استخراج شد,2026-09-08T18:26:22
3240255,کلبه سوئیسی استخردار,گونه کلا,وسط_هفته,2026-09-19,2026-09-20,2,4,9990000,0,10990000,0,,,,1500000,6,10,,شب اول بسته,2026-09-08T18:26:28
3240255,کلبه سوئیسی استخردار,گونه کلا,آخر_هفته,2026-09-16,2026-09-17,2,4,15000000,0,15500000,0,30500000,0,30500000,1500000,6,10,,استخراج شد,2026-09-08T18:26:28
3240445,کلبه سوئیسی با وان جکوزی در بابلکنار - سیدکلا,سیدکلا,وسط_هفته,2026-09-19,2026-09-20,2,4,2500000,0,2500000,0,5000000,0,5000000,300000,3,5,ظرفیت پایه 3 نفر کمتر از 4 مهمان استخراج‌شده,استخراج شد,2026-09-08T18:26:30
3240445,کلبه سوئیسی با وان جکوزی در بابلکنار - سیدکلا,سیدکلا,آخر_هفته,2026-09-16,2026-09-17,2,4,2980000,0,4980000,0,7960000,0,7960000,300000,3,5,ظرفیت پایه 3 نفر کمتر از 4 مهمان استخراج‌شده,استخراج شد,2026-09-08T18:26:30
3240541,کلبه سوئیسی جکوزی دار در لفور - رئیس کلا,رئیس کلا,وسط_هفته,2026-09-19,2026-09-20,2,4,2600000,0,2600000,0,5200000,0,5200000,1000000,2,4,ظرفیت پایه 2 نفر کمتر از 4 مهمان استخراج‌شده,استخراج شد,2026-09-08T18:26:32
3240541,کلبه سوئیسی جکوزی دار در لفور - رئیس کلا,رئیس کلا,آخر_هفته,2026-09-16,2026-09-17,2,4,3500000,0,3500000,0,7000000,0,7000000,1000000,2,4,ظرفیت پایه 2 نفر کمتر از 4 مهمان استخراج‌شده,استخراج شد,2026-09-08T18:26:32
3240912,کلبه سوئیسی در بابلکنار - کلاریکلا - تیپ ۱,کلاریکلا,وسط_هفته,2026-09-19,2026-09-20,2,4,2000000,0,2000000,0,4000000,0,4000000,300000,2,4,ظرفیت پایه 2 نفر کمتر از 4 مهمان استخراج‌شده,استخراج شد,2026-09-08T18:26:33
3240912,کلبه سوئیسی در بابلکنار - کلاریکلا - تیپ ۱,کلاریکلا,آخر_هفته,2026-09-16,2026-09-17,2,4,2000000,0,3000000,0,5000000,0,5000000,300000,2,4,ظرفیت پایه 2 نفر کمتر از 4 مهمان استخراج‌شده,استخراج شد,2026-09-08T18:26:33
3240990,کلبه سوئیسی استخردار,گونه کلا,وسط_هفته,2026-09-19,2026-09-20,2,4,6500000,0,6500000,0,,,,750000,5,6,,شب دوم بسته,2026-09-08T18:26:35
3240990,کلبه سوئیسی استخردار,گونه کلا,آخر_هفته,2026-09-16,2026-09-17,2,4,8500000,0,10500000,0,19000000,0,19000000,750000,5,6,,استخراج شد,2026-09-08T18:26:35
3241054,کلبه سوئیسی استخردار در بابلکنار - سیاه درکا,بابلکنار,وسط_هفته,2026-09-19,2026-09-20,2,4,4870000,0,4870000,0,9740000,0,9740000,700000,2,6,ظرفیت پایه 2 نفر کمتر از 4 مهمان استخراج‌شده,استخراج شد,2026-09-08T18:26:37
3241054,کلبه سوئیسی استخردار در بابلکنار - سیاه درکا,بابلکنار,آخر_هفته,2026-09-16,2026-09-17,2,4,7500000,0,7500000,0,15000000,0,15000000,700000,2,6,ظرفیت پایه 2 نفر کمتر از 4 مهمان استخراج‌شده,استخراج شد,2026-09-08T18:26:37
3241360,خانه چوبی در بابلکنار - بالفکلا شرقی,بالفکلا,وسط_هفته,2026-09-19,2026-09-20,2,4,3999000,0,3999000,0,7998000,0,7998000,500000,4,10,,استخراج شد,2026-09-08T18:26:39
3241360,خانه چوبی در بابلکنار - بالفکلا شرقی,بالفکلا,آخر_هفته,2026-09-16,2026-09-17,2,4,6000000,0,6000000,0,,,,500000,4,10,,شب اول بسته؛ شب دوم بسته,2026-09-08T18:26:39
3241499,اجاره کلبه سوئیسی در بابلکنار - درازکلا,درازکلا,وسط_هفته,2026-09-19,2026-09-20,2,4,2350000,0,2400000,0,,,,500000,2,4,ظرفیت پایه 2 نفر کمتر از 4 مهمان استخراج‌شده,شب اول بسته,2026-09-08T18:26:41
3241499,اجاره کلبه سوئیسی در بابلکنار - درازکلا,درازکلا,آخر_هفته,2026-09-16,2026-09-17,2,4,3000000,0,4500000,0,,,,500000,2,4,ظرفیت پایه 2 نفر کمتر از 4 مهمان استخراج‌شده,شب اول بسته,2026-09-08T18:26:41
3242162,کلبه سوئیسی در بابلکنار - نزدیک مرزیکلا,مرزیکلا,وسط_هفته,2026-09-19,2026-09-20,2,4,3500000,0,3500000,0,7000000,0,7000000,400000,4,6,,استخراج شد,2026-09-08T18:26:44
3242162,کلبه سوئیسی در بابلکنار - نزدیک مرزیکلا,مرزیکلا,آخر_هفته,2026-09-16,2026-09-17,2,4,5000000,0,5000000,0,10000000,0,10000000,400000,4,6,,استخراج شد,2026-09-08T18:26:44
3242603,کلبه سوئیسی در بابلکنار - بزچفت,بزچفت,وسط_هفته,2026-09-19,2026-09-20,2,4,2500000,0,2500000,0,5000000,0,5000000,400000,2,3,ظرفیت پایه 2 نفر کمتر از 4 مهمان استخراج‌شده,استخراج شد,2026-09-08T18:26:48
3242603,کلبه سوئیسی در بابلکنار - بزچفت,بزچفت,آخر_هفته,2026-09-16,2026-09-17,2,4,2500000,0,2900000,0,5400000,0,5400000,400000,2,3,ظرفیت پایه 2 نفر کمتر از 4 مهمان استخراج‌شده,استخراج شد,2026-09-08T18:26:48
3242809,اجاره کلبه چوبی تراس دار در لفور - امام کلا,لفور,وسط_هفته,2026-09-19,2026-09-20,2,4,2700000,0,2700000,0,5400000,0,5400000,300000,2,4,ظرفیت پایه 2 نفر کمتر از 4 مهمان استخراج‌شده,استخراج شد,2026-09-08T18:26:50
3242809,اجاره کلبه چوبی تراس دار در لفور - امام کلا,لفور,آخر_هفته,2026-09-16,2026-09-17,2,4,3000000,0,3900000,0,6900000,0,6900000,300000,2,4,ظرفیت پایه 2 نفر کمتر از 4 مهمان استخراج‌شده,استخراج شد,2026-09-08T18:26:50
3245010,کلبه سوئیسی با جکوزی,قرآن تالار,وسط_هفته,2026-09-19,2026-09-20,2,4,4500000,0,4500000,0,9000000,0,9000000,150000,3,3,ظرفیت پایه 3 نفر کمتر از 4 مهمان استخراج‌شده,استخراج شد,2026-09-08T18:26:56
3245010,کلبه سوئیسی با جکوزی,قرآن تالار,آخر_هفته,2026-09-16,2026-09-17,2,4,5500000,0,5500000,0,11000000,0,11000000,150000,3,3,ظرفیت پایه 3 نفر کمتر از 4 مهمان استخراج‌شده,استخراج شد,2026-09-08T18:26:56
3245108,کلبه سوئیسی با وان در بابلکنار - سیادرکا,سیادرکا,وسط_هفته,2026-09-19,2026-09-20,2,4,4500000,0,4500000,0,9000000,0,9000000,580000,2,4,ظرفیت پایه 2 نفر کمتر از 4 مهمان استخراج‌شده,استخراج شد,2026-09-08T18:26:57
3245108,کلبه سوئیسی با وان در بابلکنار - سیادرکا,سیادرکا,آخر_هفته,2026-09-16,2026-09-17,2,4,4500000,0,4500000,0,9000000,0,9000000,580000,2,4,ظرفیت پایه 2 نفر کمتر از 4 مهمان استخراج‌شده,استخراج شد,2026-09-08T18:26:57
3245625,اجاره کلبه سوئیسی در بابلکنار - درازکش,درازکش,وسط_هفته,2026-09-19,2026-09-20,2,4,2300000,0,2300000,0,4600000,0,4600000,600000,2,6,ظرفیت پایه 2 نفر کمتر از 4 مهمان استخراج‌شده,استخراج شد,2026-09-08T18:27:01
3245625,اجاره کلبه سوئیسی در بابلکنار - درازکش,درازکش,آخر_هفته,2026-09-16,2026-09-17,2,4,2300000,0,2750000,0,5050000,0,5050000,600000,2,6,ظرفیت پایه 2 نفر کمتر از 4 مهمان استخراج‌شده,استخراج شد,2026-09-08T18:27:01
3246182,کلبه سوئیسی جکوزی دار در بابلکنار - سیادرکا,سیادرکا,وسط_هفته,2026-09-19,2026-09-20,2,4,2700000,0,2700000,0,5400000,0,5400000,500000,2,6,ظرفیت پایه 2 نفر کمتر از 4 مهمان استخراج‌شده,استخراج شد,2026-09-08T18:27:02
3246182,کلبه سوئیسی جکوزی دار در بابلکنار - سیادرکا,سیادرکا,آخر_هفته,2026-09-16,2026-09-17,2,4,4000000,0,4000000,0,8000000,0,8000000,500000,2,6,ظرفیت پایه 2 نفر کمتر از 4 مهمان استخراج‌شده,استخراج شد,2026-09-08T18:27:02
3246896,کلبه با سقف شیشه ای در بابلکنار - اطلس ۳,بابلکنار,وسط_هفته,2026-09-19,2026-09-20,2,4,3100000,0,3100000,0,6200000,0,6200000,400000,2,2,ظرفیت پایه 2 نفر کمتر از 4 مهمان استخراج‌شده,استخراج شد,2026-09-08T18:28:19
3246896,کلبه با سقف شیشه ای در بابلکنار - اطلس ۳,بابلکنار,آخر_هفته,2026-09-16,2026-09-17,2,4,3000000,0,4000000,0,7000000,0,7000000,400000,2,2,ظرفیت پایه 2 نفر کمتر از 4 مهمان استخراج‌شده,استخراج شد,2026-09-08T18:28:19
3247134,اجاره کلبه چوبی با منظره کوهستان در لفور - شاهکلا,لفور,وسط_هفته,2026-09-19,2026-09-20,2,4,4550000,0,4550000,0,9100000,0,9100000,500000,4,6,,استخراج شد,2026-09-08T18:28:21
3247134,اجاره کلبه چوبی با منظره کوهستان در لفور - شاهکلا,لفور,آخر_هفته,2026-09-16,2026-09-17,2,4,6250000,0,6250000,0,,,,500000,4,6,,شب اول بسته,2026-09-08T18:28:21
3247152,اجاره خانه چوبی در بابلکنار - بالفکلا,بالفکلا,وسط_هفته,2026-09-19,2026-09-20,2,4,6000000,0,6000000,0,12000000,0,12000000,500000,6,8,,استخراج شد,2026-09-08T18:28:24
3247152,اجاره خانه چوبی در بابلکنار - بالفکلا,بالفکلا,آخر_هفته,2026-09-16,2026-09-17,2,4,9000000,0,9000000,0,18000000,0,18000000,500000,6,8,,استخراج شد,2026-09-08T18:28:24
3247665,کلبه چوبی در بابلکنار - مرزیکلا,مرزیکلا,وسط_هفته,2026-09-19,2026-09-20,2,4,2300000,0,1900000,0,,,,300000,4,4,,شب دوم بسته,2026-09-08T18:28:26
3247665,کلبه چوبی در بابلکنار - مرزیکلا,مرزیکلا,آخر_هفته,2026-09-16,2026-09-17,2,4,2500000,0,2500000,0,,,,300000,4,4,,شب اول بسته؛ شب دوم بسته,2026-09-08T18:28:26
3248316,اجاره کلبه سوئیسی در بابلکنار - درازکلا,درازکلا,وسط_هفته,2026-09-19,2026-09-20,2,4,2450000,0,2450000,0,4900000,0,4900000,500000,2,4,ظرفیت پایه 2 نفر کمتر از 4 مهمان استخراج‌شده,استخراج شد,2026-09-08T18:28:29
3248316,اجاره کلبه سوئیسی در بابلکنار - درازکلا,درازکلا,آخر_هفته,2026-09-16,2026-09-17,2,4,3450000,0,4300000,0,7750000,0,7750000,500000,2,4,ظرفیت پایه 2 نفر کمتر از 4 مهمان استخراج‌شده,استخراج شد,2026-09-08T18:28:29
3248416,اجاره کلبه سوئیسی,شیردارکلا,وسط_هفته,2026-09-19,2026-09-20,2,4,2450000,0,2450000,0,4900000,0,4900000,400000,2,5,ظرفیت پایه 2 نفر کمتر از 4 مهمان استخراج‌شده,استخراج شد,2026-09-08T18:28:31
3248416,اجاره کلبه سوئیسی,شیردارکلا,آخر_هفته,2026-09-16,2026-09-17,2,4,2750000,0,2750000,0,5500000,0,5500000,400000,2,5,ظرفیت پایه 2 نفر کمتر از 4 مهمان استخراج‌شده,استخراج شد,2026-09-08T18:28:31
3248767,کلبه سوئیسی جکوزی دار در لفور - شاهکلا,لفور,وسط_هفته,2026-09-19,2026-09-20,2,4,3990000,0,3990000,0,7980000,0,7980000,700000,2,4,ظرفیت پایه 2 نفر کمتر از 4 مهمان استخراج‌شده,استخراج شد,2026-09-08T18:28:32
3248767,کلبه سوئیسی جکوزی دار در لفور - شاهکلا,لفور,آخر_هفته,2026-09-16,2026-09-17,2,4,5690000,0,5690000,0,,,,700000,2,4,ظرفیت پایه 2 نفر کمتر از 4 مهمان استخراج‌شده,شب دوم بسته,2026-09-08T18:28:32
3248886,کلبه سوئیسی جکوزی دار در بابل - ممرزکن,ممرزکن,وسط_هفته,2026-09-19,2026-09-20,2,4,3297000,0,3297000,0,6594000,0,6594000,497000,2,6,ظرفیت پایه 2 نفر کمتر از 4 مهمان استخراج‌شده,استخراج شد,2026-09-08T18:28:34
3248886,کلبه سوئیسی جکوزی دار در بابل - ممرزکن,ممرزکن,آخر_هفته,2026-09-16,2026-09-17,2,4,5297000,20,5297000,0,10594000,1059400,9534600,497000,2,6,ظرفیت پایه 2 نفر کمتر از 4 مهمان استخراج‌شده,استخراج شد,2026-09-08T18:28:34
3249208,اجاره کلبه سوئیسی در بابلکنار - سیادرکا,سیادرکا,وسط_هفته,2026-09-19,2026-09-20,2,4,1500000,0,1500000,0,3000000,0,3000000,300000,2,4,ظرفیت پایه 2 نفر کمتر از 4 مهمان استخراج‌شده,استخراج شد,2026-09-08T18:28:35
3249208,اجاره کلبه سوئیسی در بابلکنار - سیادرکا,سیادرکا,آخر_هفته,2026-09-16,2026-09-17,2,4,2000000,0,2000000,0,4000000,0,4000000,300000,2,4,ظرفیت پایه 2 نفر کمتر از 4 مهمان استخراج‌شده,استخراج شد,2026-09-08T18:28:35
3249928,کلبه چوبی در سوادکوه - چهره,چهره,وسط_هفته,2026-09-19,2026-09-20,2,4,3000000,0,3000000,0,6000000,0,6000000,400000,2,5,ظرفیت پایه 2 نفر کمتر از 4 مهمان استخراج‌شده,استخراج شد,2026-09-08T18:28:39
3249928,کلبه چوبی در سوادکوه - چهره,چهره,آخر_هفته,2026-09-16,2026-09-17,2,4,1800000,0,3000000,0,4800000,0,4800000,400000,2,5,ظرفیت پایه 2 نفر کمتر از 4 مهمان استخراج‌شده,استخراج شد,2026-09-08T18:28:39
3250017,کلبه جنگلی جکوزی دار در بابلکنار - چهره,چهره,وسط_هفته,2026-09-19,2026-09-20,2,4,4000000,0,4000000,0,8000000,0,8000000,300000,3,4,ظرفیت پایه 3 نفر کمتر از 4 مهمان استخراج‌شده,استخراج شد,2026-09-08T18:28:42
3250017,کلبه جنگلی جکوزی دار در بابلکنار - چهره,چهره,آخر_هفته,2026-09-16,2026-09-17,2,4,4000000,0,5000000,0,9000000,0,9000000,300000,3,4,ظرفیت پایه 3 نفر کمتر از 4 مهمان استخراج‌شده,استخراج شد,2026-09-08T18:28:42
3250644,ویلا چوبی جکوزی دار,کاردرکلا,وسط_هفته,2026-09-19,2026-09-20,2,4,7950000,0,7950000,0,15900000,0,15900000,1550000,4,8,,استخراج شد,2026-09-08T18:28:44
3250644,ویلا چوبی جکوزی دار,کاردرکلا,آخر_هفته,2026-09-16,2026-09-17,2,4,8950000,0,8950000,0,17900000,0,17900000,1550000,4,8,,استخراج شد,2026-09-08T18:28:44
3250799,کلبه سوئیسی,کاردرکلا,وسط_هفته,2026-09-19,2026-09-20,2,4,3000000,0,3000000,0,6000000,0,6000000,500000,2,4,ظرفیت پایه 2 نفر کمتر از 4 مهمان استخراج‌شده,استخراج شد,2026-09-08T18:29:09
3250799,کلبه سوئیسی,کاردرکلا,آخر_هفته,2026-09-16,2026-09-17,2,4,3600000,0,4500000,0,8100000,0,8100000,500000,2,4,ظرفیت پایه 2 نفر کمتر از 4 مهمان استخراج‌شده,استخراج شد,2026-09-08T18:29:09
3250824,کلبه سوئیسی با رودخانه اختصاصی در بابلکنار,بابلکنار,وسط_هفته,2026-09-19,2026-09-20,2,4,3000000,0,3000000,0,,,,500000,2,6,ظرفیت پایه 2 نفر کمتر از 4 مهمان استخراج‌شده,شب اول بسته؛ شب دوم بسته,2026-09-08T18:29:11
3250824,کلبه سوئیسی با رودخانه اختصاصی در بابلکنار,بابلکنار,آخر_هفته,2026-09-16,2026-09-17,2,4,4000000,0,4000000,0,8000000,0,8000000,500000,2,6,ظرفیت پایه 2 نفر کمتر از 4 مهمان استخراج‌شده,استخراج شد,2026-09-08T18:29:11
3251559,اجاره کلبه سوئیسی در لفور - امام کلا,لفور,وسط_هفته,2026-09-19,2026-09-20,2,4,6500000,0,6500000,0,13000000,0,13000000,800000,2,4,ظرفیت پایه 2 نفر کمتر از 4 مهمان استخراج‌شده,استخراج شد,2026-09-08T18:29:14
3251559,اجاره کلبه سوئیسی در لفور - امام کلا,لفور,آخر_هفته,2026-09-16,2026-09-17,2,4,7900000,0,9500000,0,,,,800000,2,4,ظرفیت پایه 2 نفر کمتر از 4 مهمان استخراج‌شده,شب اول بسته,2026-09-08T18:29:14
3251928,کلبه سوئیسی در بابلکنار - درازکلا,درازکلا,وسط_هفته,2026-09-19,2026-09-20,2,4,2450000,0,2450000,0,4900000,0,4900000,700000,2,6,ظرفیت پایه 2 نفر کمتر از 4 مهمان استخراج‌شده,استخراج شد,2026-09-08T18:29:19
3251928,کلبه سوئیسی در بابلکنار - درازکلا,درازکلا,آخر_هفته,2026-09-16,2026-09-17,2,4,4000000,0,4000000,0,8000000,0,8000000,700000,2,6,ظرفیت پایه 2 نفر کمتر از 4 مهمان استخراج‌شده,استخراج شد,2026-09-08T18:29:19
3252844,کلبه چوبی دوبلکس در بابلکنار - دراز کلا,درازکلا,وسط_هفته,2026-09-19,2026-09-20,2,4,1500000,0,1500000,0,3000000,0,3000000,350000,4,6,,استخراج شد,2026-09-08T18:29:26
3252844,کلبه چوبی دوبلکس در بابلکنار - دراز کلا,درازکلا,آخر_هفته,2026-09-16,2026-09-17,2,4,2000000,0,2000000,0,,,,350000,4,6,,شب اول بسته؛ شب دوم بسته,2026-09-08T18:29:26
3252868,کلبه چوبی جکوزی دار,گونه کلا,وسط_هفته,2026-09-19,2026-09-20,2,4,3200000,0,3200000,0,6400000,0,6400000,300000,2,4,ظرفیت پایه 2 نفر کمتر از 4 مهمان استخراج‌شده,استخراج شد,2026-09-08T18:29:28
3252868,کلبه چوبی جکوزی دار,گونه کلا,آخر_هفته,2026-09-16,2026-09-17,2,4,4990000,0,4990000,0,9980000,0,9980000,300000,2,4,ظرفیت پایه 2 نفر کمتر از 4 مهمان استخراج‌شده,استخراج شد,2026-09-08T18:29:28
3252930,کلبه سوئیسی در بابلکنار - انارستان,بابلکنار,وسط_هفته,2026-09-19,2026-09-20,2,4,5850000,0,5850000,0,11700000,0,11700000,500000,4,6,,استخراج شد,2026-09-08T18:29:29
3252930,کلبه سوئیسی در بابلکنار - انارستان,بابلکنار,آخر_هفته,2026-09-16,2026-09-17,2,4,6500000,0,6500000,0,13000000,0,13000000,500000,4,6,,استخراج شد,2026-09-08T18:29:29
3253520,اجاره کلبه سوئیسی,سیدکلا,وسط_هفته,2026-09-19,2026-09-20,2,4,5000000,0,5000000,0,10000000,0,10000000,500000,4,8,,استخراج شد,2026-09-08T18:29:31
3253520,اجاره کلبه سوئیسی,سیدکلا,آخر_هفته,2026-09-16,2026-09-17,2,4,6000000,0,6000000,0,12000000,0,12000000,500000,4,8,,استخراج شد,2026-09-08T18:29:31
3254052,کلبه چوبی شیشه ای آرتینا با جکوزی نزدیک لفور,لفور,وسط_هفته,2026-09-19,2026-09-20,2,4,6950000,0,6950000,0,13900000,0,13900000,0,2,2,ظرفیت پایه 2 نفر کمتر از 4 مهمان استخراج‌شده,استخراج شد,2026-09-08T18:29:33
3254052,کلبه چوبی شیشه ای آرتینا با جکوزی نزدیک لفور,لفور,آخر_هفته,2026-09-16,2026-09-17,2,4,7950000,0,7950000,0,15900000,0,15900000,0,2,2,ظرفیت پایه 2 نفر کمتر از 4 مهمان استخراج‌شده,استخراج شد,2026-09-08T18:29:33
3255068,کلبه سوئیسی جکوزی دار در بابلکنار - آزارسی,بابلکنار,وسط_هفته,2026-09-19,2026-09-20,2,4,7950000,0,7950000,0,15900000,0,15900000,1200000,2,4,ظرفیت پایه 2 نفر کمتر از 4 مهمان استخراج‌شده,استخراج شد,2026-09-08T18:29:34
3255068,کلبه سوئیسی جکوزی دار در بابلکنار - آزارسی,بابلکنار,آخر_هفته,2026-09-16,2026-09-17,2,4,13500000,30,13500000,0,27000000,4050000,22950000,1200000,2,4,ظرفیت پایه 2 نفر کمتر از 4 مهمان استخراج‌شده,استخراج شد,2026-09-08T18:29:34
3255298,کلبه چوبی با وان جکوزی در بابلکنار - هلی خال,بابلکنار,وسط_هفته,2026-09-19,2026-09-20,2,4,4800000,0,4800000,0,9600000,0,9600000,1000000,4,6,,استخراج شد,2026-09-08T18:29:36
3255298,کلبه چوبی با وان جکوزی در بابلکنار - هلی خال,بابلکنار,آخر_هفته,2026-09-16,2026-09-17,2,4,6800000,0,6800000,0,13600000,0,13600000,1000000,4,6,,استخراج شد,2026-09-08T18:29:36
3255461,کلبه سوئیسی جکوزی دار در بابلکنار,بابلکنار,وسط_هفته,2026-09-19,2026-09-20,2,4,5400000,0,5400000,0,10800000,0,10800000,500000,4,8,,استخراج شد,2026-09-08T18:29:37
3255461,کلبه سوئیسی جکوزی دار در بابلکنار,بابلکنار,آخر_هفته,2026-09-16,2026-09-17,2,4,6400000,0,7900000,0,14300000,0,14300000,500000,4,8,,استخراج شد,2026-09-08T18:29:37
3255521,کلبه سوئیسی جکوزی دار در بابلکنار - هلی خال,بابلکنار,وسط_هفته,2026-09-19,2026-09-20,2,4,3000000,0,3000000,0,6000000,0,6000000,500000,2,3,ظرفیت پایه 2 نفر کمتر از 4 مهمان استخراج‌شده,استخراج شد,2026-09-08T18:29:39
3255521,کلبه سوئیسی جکوزی دار در بابلکنار - هلی خال,بابلکنار,آخر_هفته,2026-09-16,2026-09-17,2,4,3500000,0,4500000,0,8000000,0,8000000,500000,2,3,ظرفیت پایه 2 نفر کمتر از 4 مهمان استخراج‌شده,استخراج شد,2026-09-08T18:29:39
3255725,کلبه با جکوزی و ویو رویایی در بابلکنار,بابلکنار,وسط_هفته,2026-09-19,2026-09-20,2,4,5700000,0,5700000,0,11400000,0,11400000,1000000,2,4,ظرفیت پایه 2 نفر کمتر از 4 مهمان استخراج‌شده,استخراج شد,2026-09-08T18:29:41
3255725,کلبه با جکوزی و ویو رویایی در بابلکنار,بابلکنار,آخر_هفته,2026-09-16,2026-09-17,2,4,7000000,0,7000000,0,14000000,0,14000000,1000000,2,4,ظرفیت پایه 2 نفر کمتر از 4 مهمان استخراج‌شده,استخراج شد,2026-09-08T18:29:41
3255794,کلبه سوئیسی با وان جکوزی,کاردرکلا,وسط_هفته,2026-09-19,2026-09-20,2,4,4000000,0,4000000,0,8000000,0,8000000,750000,2,6,ظرفیت پایه 2 نفر کمتر از 4 مهمان استخراج‌شده,استخراج شد,2026-09-08T18:29:42
3255794,کلبه سوئیسی با وان جکوزی,کاردرکلا,آخر_هفته,2026-09-16,2026-09-17,2,4,10000000,0,10000000,0,20000000,0,20000000,750000,2,6,ظرفیت پایه 2 نفر کمتر از 4 مهمان استخراج‌شده,استخراج شد,2026-09-08T18:29:42
3256485,کلبه سوئیسی در بابلکنار - چهره,چهره,وسط_هفته,2026-09-19,2026-09-20,2,4,8950000,0,8950000,0,17900000,0,17900000,800000,4,6,,استخراج شد,2026-09-08T18:29:45
3256485,کلبه سوئیسی در بابلکنار - چهره,چهره,آخر_هفته,2026-09-16,2026-09-17,2,4,8950000,0,9950000,0,,,,800000,4,6,,شب دوم بسته,2026-09-08T18:29:45
3257093,اجاره کلبه سوئیسی جکوزی دار در لفور - شاهکلا,لفور,وسط_هفته,2026-09-19,2026-09-20,2,4,4890000,0,4890000,0,9780000,0,9780000,700000,4,6,,استخراج شد,2026-09-08T18:29:50
3257093,اجاره کلبه سوئیسی جکوزی دار در لفور - شاهکلا,لفور,آخر_هفته,2026-09-16,2026-09-17,2,4,6490000,0,7390000,0,13880000,0,13880000,700000,4,6,,استخراج شد,2026-09-08T18:29:50
3257187,کلبه سوئیسی جکوزی دار در بابلکنار - درازکلا,درازکلا,وسط_هفته,2026-09-19,2026-09-20,2,4,6500000,0,6500000,0,13000000,0,13000000,400000,2,4,ظرفیت پایه 2 نفر کمتر از 4 مهمان استخراج‌شده,استخراج شد,2026-09-08T18:29:52
3257187,کلبه سوئیسی جکوزی دار در بابلکنار - درازکلا,درازکلا,آخر_هفته,2026-09-16,2026-09-17,2,4,7899000,0,7899000,0,,,,400000,2,4,ظرفیت پایه 2 نفر کمتر از 4 مهمان استخراج‌شده,شب اول بسته؛ شب دوم بسته,2026-09-08T18:29:52
3257238,کلبه سوئیسی در بابلکنار - درازکلا,درازکلا,وسط_هفته,2026-09-19,2026-09-20,2,4,1300000,0,1300000,0,,,,300000,4,6,,شب اول بسته,2026-09-08T18:29:54
3257238,کلبه سوئیسی در بابلکنار - درازکلا,درازکلا,آخر_هفته,2026-09-16,2026-09-17,2,4,1600000,0,1600000,0,,,,300000,4,6,,شب اول بسته؛ شب دوم بسته,2026-09-08T18:29:54
3257249,اجاره کلبه چوبی در بابلکنار - مرزی کتی,بابلکنار,وسط_هفته,2026-09-19,2026-09-20,2,4,3000000,0,3000000,0,,,,300000,4,6,,شب اول بسته؛ شب دوم بسته,2026-09-08T18:29:55
3257249,اجاره کلبه چوبی در بابلکنار - مرزی کتی,بابلکنار,آخر_هفته,2026-09-16,2026-09-17,2,4,3500000,0,3500000,0,,,,300000,4,6,,شب اول بسته؛ شب دوم بسته,2026-09-08T18:29:55
3257474,کلبه سوئیسی در بابلکنار - جاجن,بابلکنار,وسط_هفته,2026-09-19,2026-09-20,2,4,5000000,0,5000000,0,,,,580000,4,8,,شب دوم بسته,2026-09-08T18:29:57
3257474,کلبه سوئیسی در بابلکنار - جاجن,بابلکنار,آخر_هفته,2026-09-16,2026-09-17,2,4,9000000,0,10000000,0,19000000,0,19000000,580000,4,8,,استخراج شد,2026-09-08T18:29:57
3258121,اجاره کلبه سوئیسی جنگلی در بابلکنار - تیرکن,تیرکن,وسط_هفته,2026-09-19,2026-09-20,2,4,3500000,0,3500000,0,7000000,0,7000000,250000,3,4,ظرفیت پایه 3 نفر کمتر از 4 مهمان استخراج‌شده,استخراج شد,2026-09-08T18:29:59
3258121,اجاره کلبه سوئیسی جنگلی در بابلکنار - تیرکن,تیرکن,آخر_هفته,2026-09-16,2026-09-17,2,4,4400000,0,4400000,0,8800000,0,8800000,250000,3,4,ظرفیت پایه 3 نفر کمتر از 4 مهمان استخراج‌شده,استخراج شد,2026-09-08T18:29:59
3258289,اجاره کلبه سوئیسی در بابلکنار - رئیسکلا,رئیسکلا,وسط_هفته,2026-09-19,2026-09-20,2,4,3800000,0,3800000,0,7600000,0,7600000,300000,2,4,ظرفیت پایه 2 نفر کمتر از 4 مهمان استخراج‌شده,استخراج شد,2026-09-08T18:30:01
3258289,اجاره کلبه سوئیسی در بابلکنار - رئیسکلا,رئیسکلا,آخر_هفته,2026-09-16,2026-09-17,2,4,3800000,0,4500000,0,8300000,0,8300000,300000,2,4,ظرفیت پایه 2 نفر کمتر از 4 مهمان استخراج‌شده,استخراج شد,2026-09-08T18:30:01
3258434,اجاره کلبه سوئیسی,شیردارکلا,وسط_هفته,2026-09-19,2026-09-20,2,4,2000000,0,2000000,0,4000000,0,4000000,400000,4,6,,استخراج شد,2026-09-08T18:30:03
3258434,اجاره کلبه سوئیسی,شیردارکلا,آخر_هفته,2026-09-16,2026-09-17,2,4,3000000,0,3000000,0,,,,400000,4,6,,شب اول بسته؛ شب دوم بسته,2026-09-08T18:30:03
3258654,کلبه چوبی,شیردارکلا,وسط_هفته,2026-09-19,2026-09-20,2,4,4000000,0,4000000,0,8000000,0,8000000,400000,5,8,,استخراج شد,2026-09-08T18:30:04
3258654,کلبه چوبی,شیردارکلا,آخر_هفته,2026-09-16,2026-09-17,2,4,4000000,0,4000000,0,8000000,0,8000000,400000,5,8,,استخراج شد,2026-09-08T18:30:04
3258768,کلبه سوئیسی جکوزی دار در لفور - اوبن,لفور,وسط_هفته,2026-09-19,2026-09-20,2,4,2450000,0,2450000,0,,,,400000,2,4,ظرفیت پایه 2 نفر کمتر از 4 مهمان استخراج‌شده,شب اول بسته؛ شب دوم بسته,2026-09-08T18:30:06
3258768,کلبه سوئیسی جکوزی دار در لفور - اوبن,لفور,آخر_هفته,2026-09-16,2026-09-17,2,4,5000000,0,5000000,0,10000000,0,10000000,400000,2,4,ظرفیت پایه 2 نفر کمتر از 4 مهمان استخراج‌شده,استخراج شد,2026-09-08T18:30:06
3258858,اجاره خانه بالکن دار در بابلکنار - چهره - طبقه ۲,چهره,وسط_هفته,2026-09-19,2026-09-20,2,4,3500000,0,3500000,0,7000000,0,7000000,500000,2,4,ظرفیت پایه 2 نفر کمتر از 4 مهمان استخراج‌شده,استخراج شد,2026-09-08T18:30:10
3258858,اجاره خانه بالکن دار در بابلکنار - چهره - طبقه ۲,چهره,آخر_هفته,2026-09-16,2026-09-17,2,4,3500000,0,3500000,0,7000000,0,7000000,500000,2,4,ظرفیت پایه 2 نفر کمتر از 4 مهمان استخراج‌شده,استخراج شد,2026-09-08T18:30:10
3258957,کلبه جکوزی دار در بابلکنار - مرزیکلا,مرزیکلا,وسط_هفته,2026-09-19,2026-09-20,2,4,3200000,0,3200000,0,6400000,0,6400000,350000,2,3,ظرفیت پایه 2 نفر کمتر از 4 مهمان استخراج‌شده,استخراج شد,2026-09-08T18:30:11
3258957,کلبه جکوزی دار در بابلکنار - مرزیکلا,مرزیکلا,آخر_هفته,2026-09-16,2026-09-17,2,4,3900000,0,3900000,0,7800000,0,7800000,350000,2,3,ظرفیت پایه 2 نفر کمتر از 4 مهمان استخراج‌شده,استخراج شد,2026-09-08T18:30:11
3259061,کلبه سوئیسی با جکوزی در لفور - شاهکلا - ۱,لفور,وسط_هفته,2026-09-19,2026-09-20,2,4,6990000,0,6990000,0,13980000,0,13980000,750000,2,4,ظرفیت پایه 2 نفر کمتر از 4 مهمان استخراج‌شده,استخراج شد,2026-09-08T18:30:13
3259061,کلبه سوئیسی با جکوزی در لفور - شاهکلا - ۱,لفور,آخر_هفته,2026-09-16,2026-09-17,2,4,8740000,0,8740000,0,,,,750000,2,4,ظرفیت پایه 2 نفر کمتر از 4 مهمان استخراج‌شده,شب اول بسته؛ شب دوم بسته,2026-09-08T18:30:13
3259364,کلبه سوئیسی,گونه کلا,وسط_هفته,2026-09-19,2026-09-20,2,4,3500000,0,3500000,0,7000000,0,7000000,500000,2,6,ظرفیت پایه 2 نفر کمتر از 4 مهمان استخراج‌شده,استخراج شد,2026-09-08T18:30:14
3259364,کلبه سوئیسی,گونه کلا,آخر_هفته,2026-09-16,2026-09-17,2,4,4800000,0,4800000,0,9600000,0,9600000,500000,2,6,ظرفیت پایه 2 نفر کمتر از 4 مهمان استخراج‌شده,استخراج شد,2026-09-08T18:30:14
3260099,کلبه چوبی جکوزی دار در لفور - امام کلا,لفور,وسط_هفته,2026-09-19,2026-09-20,2,4,4250000,0,4250000,0,8500000,0,8500000,700000,2,4,ظرفیت پایه 2 نفر کمتر از 4 مهمان استخراج‌شده,استخراج شد,2026-09-08T18:30:16
3260099,کلبه چوبی جکوزی دار در لفور - امام کلا,لفور,آخر_هفته,2026-09-16,2026-09-17,2,4,5490000,0,5490000,0,,,,700000,2,4,ظرفیت پایه 2 نفر کمتر از 4 مهمان استخراج‌شده,شب دوم بسته,2026-09-08T18:30:16
3263115,اجاره کلبه در بابلکنار - رئیس کلا,رئیسکلا,وسط_هفته,2026-09-19,2026-09-20,2,4,2500000,0,2500000,0,,,,500000,3,6,ظرفیت پایه 3 نفر کمتر از 4 مهمان استخراج‌شده,شب اول بسته؛ شب دوم بسته,2026-09-08T18:30:24
3263115,اجاره کلبه در بابلکنار - رئیس کلا,رئیسکلا,آخر_هفته,2026-09-16,2026-09-17,2,4,4200000,0,4200000,0,8400000,0,8400000,500000,3,6,ظرفیت پایه 3 نفر کمتر از 4 مهمان استخراج‌شده,استخراج شد,2026-09-08T18:30:24
3263326,کلبه چوبی جکوزی دار در سوادکوه - مرزیکلا,مرزیکلا,وسط_هفته,2026-09-19,2026-09-20,2,4,3200000,0,3200000,0,6400000,0,6400000,350000,2,3,ظرفیت پایه 2 نفر کمتر از 4 مهمان استخراج‌شده,استخراج شد,2026-09-08T18:30:26
3263326,کلبه چوبی جکوزی دار در سوادکوه - مرزیکلا,مرزیکلا,آخر_هفته,2026-09-16,2026-09-17,2,4,4000000,0,4000000,0,8000000,0,8000000,350000,2,3,ظرفیت پایه 2 نفر کمتر از 4 مهمان استخراج‌شده,استخراج شد,2026-09-08T18:30:26
3263472,منزل مبله در بابلکنار - مرزیکلا,مرزیکلا,وسط_هفته,2026-09-19,2026-09-20,2,4,1100000,0,1100000,0,2200000,0,2200000,500000,2,4,ظرفیت پایه 2 نفر کمتر از 4 مهمان استخراج‌شده,استخراج شد,2026-09-08T18:30:29
3263472,منزل مبله در بابلکنار - مرزیکلا,مرزیکلا,آخر_هفته,2026-09-16,2026-09-17,2,4,1850000,0,1850000,0,3700000,0,3700000,500000,2,4,ظرفیت پایه 2 نفر کمتر از 4 مهمان استخراج‌شده,استخراج شد,2026-09-08T18:30:29
3263531,کلبه سوئیسی در لفور - میرارکلا,لفور,وسط_هفته,2026-09-19,2026-09-20,2,4,5500000,0,5500000,0,,,,700000,4,6,,شب اول بسته؛ شب دوم بسته,2026-09-08T18:30:30
3263531,کلبه سوئیسی در لفور - میرارکلا,لفور,آخر_هفته,2026-09-16,2026-09-17,2,4,6200000,0,6200000,0,,,,700000,4,6,,شب دوم بسته,2026-09-08T18:30:30
3263733,کلبه سوئیسی,کاردرکلا,وسط_هفته,2026-09-19,2026-09-20,2,4,2700000,0,2700000,0,5400000,0,5400000,250000,4,4,,استخراج شد,2026-09-08T18:30:32
3263733,کلبه سوئیسی,کاردرکلا,آخر_هفته,2026-09-16,2026-09-17,2,4,5800000,0,5800000,0,11600000,0,11600000,250000,4,4,,استخراج شد,2026-09-08T18:30:32
3263831,اجاره کلبه سوئیسی,گونه کلا,وسط_هفته,2026-09-19,2026-09-20,2,4,3330000,0,3330000,0,6660000,0,6660000,800000,4,6,,استخراج شد,2026-09-08T18:30:37
3263831,اجاره کلبه سوئیسی,گونه کلا,آخر_هفته,2026-09-16,2026-09-17,2,4,5500000,0,5500000,0,11000000,0,11000000,800000,4,6,,استخراج شد,2026-09-08T18:30:37
3263833,کلبه سوئیسی جکوزی دار,گونه کلا,وسط_هفته,2026-09-19,2026-09-20,2,4,2890000,0,2890000,0,5780000,0,5780000,800000,2,4,ظرفیت پایه 2 نفر کمتر از 4 مهمان استخراج‌شده,استخراج شد,2026-09-08T18:30:39
3263833,کلبه سوئیسی جکوزی دار,گونه کلا,آخر_هفته,2026-09-16,2026-09-17,2,4,5550000,0,5550000,0,11100000,0,11100000,800000,2,4,ظرفیت پایه 2 نفر کمتر از 4 مهمان استخراج‌شده,استخراج شد,2026-09-08T18:30:39
3264012,کلبه سوئیسی با وان جکوزی در سوادکوه -درازکلا,درازکلا,وسط_هفته,2026-09-19,2026-09-20,2,4,3900000,0,3900000,0,7800000,0,7800000,500000,2,5,ظرفیت پایه 2 نفر کمتر از 4 مهمان استخراج‌شده,استخراج شد,2026-09-08T18:30:40
3264012,کلبه سوئیسی با وان جکوزی در سوادکوه -درازکلا,درازکلا,آخر_هفته,2026-09-16,2026-09-17,2,4,3900000,0,4500000,0,8400000,0,8400000,500000,2,5,ظرفیت پایه 2 نفر کمتر از 4 مهمان استخراج‌شده,استخراج شد,2026-09-08T18:30:40
3264107,کلبه سوئیسی جکوزی دار,کاردرکلا,وسط_هفته,2026-09-19,2026-09-20,2,4,3560000,0,3560000,0,7120000,0,7120000,300000,2,6,ظرفیت پایه 2 نفر کمتر از 4 مهمان استخراج‌شده,استخراج شد,2026-09-08T18:30:42
3264107,کلبه سوئیسی جکوزی دار,کاردرکلا,آخر_هفته,2026-09-16,2026-09-17,2,4,3770000,0,5960000,0,9730000,0,9730000,300000,2,6,ظرفیت پایه 2 نفر کمتر از 4 مهمان استخراج‌شده,استخراج شد,2026-09-08T18:30:42
3264216,کلبه سوئیسی با جکوزی کنار رودخانه در بابلکنار,بابلکنار,وسط_هفته,2026-09-19,2026-09-20,2,4,7000000,0,7000000,0,14000000,0,14000000,400000,2,5,ظرفیت پایه 2 نفر کمتر از 4 مهمان استخراج‌شده,استخراج شد,2026-09-08T18:30:43
3264216,کلبه سوئیسی با جکوزی کنار رودخانه در بابلکنار,بابلکنار,آخر_هفته,2026-09-16,2026-09-17,2,4,7000000,0,7000000,0,14000000,0,14000000,400000,2,5,ظرفیت پایه 2 نفر کمتر از 4 مهمان استخراج‌شده,استخراج شد,2026-09-08T18:30:43
3264357,کلبه چوبی جکوزی دار,شیردارکلا,وسط_هفته,2026-09-19,2026-09-20,2,4,4500000,0,4500000,0,9000000,0,9000000,800000,4,6,,استخراج شد,2026-09-08T18:30:47
3264357,کلبه چوبی جکوزی دار,شیردارکلا,آخر_هفته,2026-09-16,2026-09-17,2,4,4500000,0,5900000,0,,,,800000,4,6,,شب دوم بسته,2026-09-08T18:30:47
3264391,کلبه سوئیسی در بابلکنار - جاجن درازکلا,درازکلا,وسط_هفته,2026-09-19,2026-09-20,2,4,2400000,0,2400000,0,,,,600000,2,4,ظرفیت پایه 2 نفر کمتر از 4 مهمان استخراج‌شده,شب اول بسته؛ شب دوم بسته,2026-09-08T18:31:12
3264391,کلبه سوئیسی در بابلکنار - جاجن درازکلا,درازکلا,آخر_هفته,2026-09-16,2026-09-17,2,4,2640000,0,4800000,0,,,,600000,2,4,ظرفیت پایه 2 نفر کمتر از 4 مهمان استخراج‌شده,شب اول بسته؛ شب دوم بسته,2026-09-08T18:31:12
3264493,کلبه سوئیسی در بابلکنار - درازکلا,درازکلا,وسط_هفته,2026-09-19,2026-09-20,2,4,2500000,0,2500000,0,5000000,0,5000000,400000,2,4,ظرفیت پایه 2 نفر کمتر از 4 مهمان استخراج‌شده,استخراج شد,2026-09-08T18:31:13
3264493,کلبه سوئیسی در بابلکنار - درازکلا,درازکلا,آخر_هفته,2026-09-16,2026-09-17,2,4,3000000,0,3000000,0,,,,400000,2,4,ظرفیت پایه 2 نفر کمتر از 4 مهمان استخراج‌شده,شب دوم بسته,2026-09-08T18:31:13
3264676,کلبه سوئیسی استخردار,شیردارکلا,وسط_هفته,2026-09-19,2026-09-20,2,4,10000000,0,10000000,0,,,,1500000,6,8,,شب اول بسته؛ شب دوم بسته,2026-09-08T18:31:39
3264676,کلبه سوئیسی استخردار,شیردارکلا,آخر_هفته,2026-09-16,2026-09-17,2,4,18000000,0,18000000,0,36000000,0,36000000,1500000,6,8,,استخراج شد,2026-09-08T18:31:39
3264754,اجاره کلبه سوئیسی در بابلکنار - هلی خال,بابلکنار,وسط_هفته,2026-09-19,2026-09-20,2,4,2300000,0,2300000,0,4600000,0,4600000,500000,2,4,ظرفیت پایه 2 نفر کمتر از 4 مهمان استخراج‌شده,استخراج شد,2026-09-08T18:31:40
3264754,اجاره کلبه سوئیسی در بابلکنار - هلی خال,بابلکنار,آخر_هفته,2026-09-16,2026-09-17,2,4,2900000,0,3000000,0,5900000,0,5900000,500000,2,4,ظرفیت پایه 2 نفر کمتر از 4 مهمان استخراج‌شده,استخراج شد,2026-09-08T18:31:40
3264848,کلبه سوئیسی در بابلکنار - سیادرکا,سیادرکا,وسط_هفته,2026-09-19,2026-09-20,2,4,5000000,0,5000000,0,10000000,0,10000000,200000,2,4,ظرفیت پایه 2 نفر کمتر از 4 مهمان استخراج‌شده,استخراج شد,2026-09-08T18:31:46
3264848,کلبه سوئیسی در بابلکنار - سیادرکا,سیادرکا,آخر_هفته,2026-09-16,2026-09-17,2,4,6000000,0,6000000,0,12000000,0,12000000,200000,2,4,ظرفیت پایه 2 نفر کمتر از 4 مهمان استخراج‌شده,استخراج شد,2026-09-08T18:31:46
3265210,کلبه سوئیسی جنگلی در بابلکنار - ریگ چشمه,بابلکنار,وسط_هفته,2026-09-19,2026-09-20,2,4,3300000,0,3300000,0,6600000,0,6600000,200000,2,6,ظرفیت پایه 2 نفر کمتر از 4 مهمان استخراج‌شده,استخراج شد,2026-09-08T18:31:48
3265210,کلبه سوئیسی جنگلی در بابلکنار - ریگ چشمه,بابلکنار,آخر_هفته,2026-09-16,2026-09-17,2,4,3500000,0,5500000,0,9000000,0,9000000,200000,2,6,ظرفیت پایه 2 نفر کمتر از 4 مهمان استخراج‌شده,استخراج شد,2026-09-08T18:31:48
3265282,کلبه سوئیسی با وان جکوزی در یکشوب بابلکنار,بابلکنار,وسط_هفته,2026-09-19,2026-09-20,2,4,3000000,0,3000000,0,6000000,0,6000000,500000,2,5,ظرفیت پایه 2 نفر کمتر از 4 مهمان استخراج‌شده,استخراج شد,2026-09-08T18:31:49
3265282,کلبه سوئیسی با وان جکوزی در یکشوب بابلکنار,بابلکنار,آخر_هفته,2026-09-16,2026-09-17,2,4,3500000,0,3500000,0,,,,500000,2,5,ظرفیت پایه 2 نفر کمتر از 4 مهمان استخراج‌شده,شب اول بسته,2026-09-08T18:31:49
3267114,کلبه سوئیسی در بابلکنار - امیرده,بابلکنار,وسط_هفته,2026-09-19,2026-09-20,2,4,3400000,0,3400000,0,6800000,0,6800000,350000,5,8,,استخراج شد,2026-09-08T18:31:53
3267114,کلبه سوئیسی در بابلکنار - امیرده,بابلکنار,آخر_هفته,2026-09-16,2026-09-17,2,4,4400000,0,4400000,0,8800000,0,8800000,350000,5,8,,استخراج شد,2026-09-08T18:31:53
3267118,کلبه سوئیسی جکوزی دار,شیردارکلا,وسط_هفته,2026-09-19,2026-09-20,2,4,3500000,0,6500000,0,,,,500000,4,6,,شب اول بسته؛ شب دوم بسته,2026-09-08T18:32:17
3267118,کلبه سوئیسی جکوزی دار,شیردارکلا,آخر_هفته,2026-09-16,2026-09-17,2,4,6500000,0,6500000,0,,,,500000,4,6,,شب دوم بسته,2026-09-08T18:32:17
3267421,کلبه سوئیسی با جکوزی در بابلکنار-بالفکلا شرقی,بالفکلا,وسط_هفته,2026-09-19,2026-09-20,2,4,5500000,0,5500000,0,11000000,0,11000000,500000,4,6,,استخراج شد,2026-09-08T18:32:22
3267421,کلبه سوئیسی با جکوزی در بابلکنار-بالفکلا شرقی,بالفکلا,آخر_هفته,2026-09-16,2026-09-17,2,4,6500000,0,6500000,0,13000000,0,13000000,500000,4,6,,استخراج شد,2026-09-08T18:32:22
3267519,کلبه سوئیسی تراس دار در بابلکنار - سیادرکا,سیادرکا,وسط_هفته,2026-09-19,2026-09-20,2,4,2800000,0,2800000,0,5600000,0,5600000,500000,4,8,,استخراج شد,2026-09-08T18:32:24
3267519,کلبه سوئیسی تراس دار در بابلکنار - سیادرکا,سیادرکا,آخر_هفته,2026-09-16,2026-09-17,2,4,6500000,0,5500000,0,12000000,0,12000000,500000,4,8,,استخراج شد,2026-09-08T18:32:24
3268222,کلبه سوئیسی جکوزی دار در بابلکنار - هلی خال,بابلکنار,وسط_هفته,2026-09-19,2026-09-20,2,4,3500000,0,3500000,0,,,,400000,2,4,ظرفیت پایه 2 نفر کمتر از 4 مهمان استخراج‌شده,شب اول بسته؛ شب دوم بسته,2026-09-08T18:32:27
3268222,کلبه سوئیسی جکوزی دار در بابلکنار - هلی خال,بابلکنار,آخر_هفته,2026-09-16,2026-09-17,2,4,4500000,0,7000000,0,,,,400000,2,4,ظرفیت پایه 2 نفر کمتر از 4 مهمان استخراج‌شده,شب اول بسته؛ شب دوم بسته,2026-09-08T18:32:27
3268530,کلبه سوئیسی با جکوزی و ویو جزیره در بابلکنار,بابلکنار,وسط_هفته,2026-09-19,2026-09-20,2,4,4800000,0,4800000,0,9600000,0,9600000,500000,2,6,ظرفیت پایه 2 نفر کمتر از 4 مهمان استخراج‌شده,استخراج شد,2026-09-08T18:32:29
3268530,کلبه سوئیسی با جکوزی و ویو جزیره در بابلکنار,بابلکنار,آخر_هفته,2026-09-16,2026-09-17,2,4,5500000,0,6800000,0,,,,500000,2,6,ظرفیت پایه 2 نفر کمتر از 4 مهمان استخراج‌شده,شب دوم بسته,2026-09-08T18:32:29
3268668,کلبه استخردار جنگلی - کلبه ۳,کاردرکلا,وسط_هفته,2026-09-19,2026-09-20,2,4,4000000,0,4000000,0,,,,700000,3,6,ظرفیت پایه 3 نفر کمتر از 4 مهمان استخراج‌شده,شب اول بسته,2026-09-08T18:32:33
3268668,کلبه استخردار جنگلی - کلبه ۳,کاردرکلا,آخر_هفته,2026-09-16,2026-09-17,2,4,6000000,0,6000000,0,12000000,0,12000000,700000,3,6,ظرفیت پایه 3 نفر کمتر از 4 مهمان استخراج‌شده,استخراج شد,2026-09-08T18:32:33
3268807,کلبه سوئیسی در لفور - بورخانی,لفور,وسط_هفته,2026-09-19,2026-09-20,2,4,1850000,0,1950000,0,3800000,0,3800000,350000,3,5,ظرفیت پایه 3 نفر کمتر از 4 مهمان استخراج‌شده,استخراج شد,2026-09-08T18:32:34
3268807,کلبه سوئیسی در لفور - بورخانی,لفور,آخر_هفته,2026-09-16,2026-09-17,2,4,2850000,0,3450000,0,6300000,0,6300000,350000,3,5,ظرفیت پایه 3 نفر کمتر از 4 مهمان استخراج‌شده,استخراج شد,2026-09-08T18:32:34
3269423,کلبه سوئیسی در بابلکنار - چهره,چهره,وسط_هفته,2026-09-19,2026-09-20,2,4,5770000,0,5770000,0,11540000,0,11540000,600000,4,6,,استخراج شد,2026-09-08T18:32:37
3269423,کلبه سوئیسی در بابلکنار - چهره,چهره,آخر_هفته,2026-09-16,2026-09-17,2,4,6570000,0,6970000,0,13540000,0,13540000,600000,4,6,,استخراج شد,2026-09-08T18:32:37
3269719,اجاره کلبه سوئیسی جکوزی دار در بابل - انارستان,,وسط_هفته,2026-09-19,2026-09-20,2,4,8500000,0,8500000,0,17000000,0,17000000,700000,4,8,,استخراج شد,2026-09-08T18:32:39
3269719,اجاره کلبه سوئیسی جکوزی دار در بابل - انارستان,,آخر_هفته,2026-09-16,2026-09-17,2,4,10500000,0,10500000,0,21000000,0,21000000,700000,4,8,,استخراج شد,2026-09-08T18:32:39
3269901,کلبه سوئیسی دوبلکس در بابلکنار - هلی خال,بابلکنار,وسط_هفته,2026-09-19,2026-09-20,2,4,1500000,0,1500000,0,,,,300000,2,6,ظرفیت پایه 2 نفر کمتر از 4 مهمان استخراج‌شده,شب اول بسته؛ شب دوم بسته,2026-09-08T18:32:40
3269901,کلبه سوئیسی دوبلکس در بابلکنار - هلی خال,بابلکنار,آخر_هفته,2026-09-16,2026-09-17,2,4,3800000,0,3800000,0,,,,300000,2,6,ظرفیت پایه 2 نفر کمتر از 4 مهمان استخراج‌شده,شب اول بسته؛ شب دوم بسته,2026-09-08T18:32:40
3270181,کلبه سوئیسی جکوزی دار در بابلکنار - بالف کلا,بالفکلا,وسط_هفته,2026-09-19,2026-09-20,2,4,4500000,0,3900000,0,,,,500000,4,6,,شب اول بسته؛ شب دوم بسته,2026-09-08T18:32:42
3270181,کلبه سوئیسی جکوزی دار در بابلکنار - بالف کلا,بالفکلا,آخر_هفته,2026-09-16,2026-09-17,2,4,7000000,0,7000000,0,,,,500000,4,6,,شب اول بسته؛ شب دوم بسته,2026-09-08T18:32:42
3270731,کلبه سوئیسی در بابلکنار - انارستان,بابلکنار,وسط_هفته,2026-09-19,2026-09-20,2,4,3000000,10,3000000,10,6000000,600000,5400000,1000000,4,5,,استخراج شد,2026-09-08T18:32:49
3270731,کلبه سوئیسی در بابلکنار - انارستان,بابلکنار,آخر_هفته,2026-09-16,2026-09-17,2,4,3000000,0,4000000,0,7000000,0,7000000,1000000,4,5,,استخراج شد,2026-09-08T18:32:49
3271459,کلبه سوئیسی استخردار در بابلکنار - رئیس کلا,رئیسکلا,وسط_هفته,2026-09-19,2026-09-20,2,4,7580000,0,7580000,0,,,,1000000,2,4,ظرفیت پایه 2 نفر کمتر از 4 مهمان استخراج‌شده,شب اول بسته,2026-09-08T18:32:51
3271459,کلبه سوئیسی استخردار در بابلکنار - رئیس کلا,رئیسکلا,آخر_هفته,2026-09-16,2026-09-17,2,4,8750000,0,8750000,0,,,,1000000,2,4,ظرفیت پایه 2 نفر کمتر از 4 مهمان استخراج‌شده,شب دوم بسته,2026-09-08T18:32:51
3272410,کلبه چوبی دوبلکس,کاردرکلا,وسط_هفته,2026-09-19,2026-09-20,2,4,4000000,0,4000000,0,8000000,0,8000000,800000,2,4,ظرفیت پایه 2 نفر کمتر از 4 مهمان استخراج‌شده,استخراج شد,2026-09-08T18:32:53
3272410,کلبه چوبی دوبلکس,کاردرکلا,آخر_هفته,2026-09-16,2026-09-17,2,4,4500000,0,4500000,0,9000000,0,9000000,800000,2,4,ظرفیت پایه 2 نفر کمتر از 4 مهمان استخراج‌شده,استخراج شد,2026-09-08T18:32:53
3272651,اجاره کلبه سوئیسی در لفور - شاهکلا,لفور,وسط_هفته,2026-09-19,2026-09-20,2,4,2750000,0,2750000,0,5500000,0,5500000,300000,2,4,ظرفیت پایه 2 نفر کمتر از 4 مهمان استخراج‌شده,استخراج شد,2026-09-08T18:33:18
3272651,اجاره کلبه سوئیسی در لفور - شاهکلا,لفور,آخر_هفته,2026-09-16,2026-09-17,2,4,3500000,0,3500000,0,7000000,0,7000000,300000,2,4,ظرفیت پایه 2 نفر کمتر از 4 مهمان استخراج‌شده,استخراج شد,2026-09-08T18:33:18
3273044,کلبه درختی نزدیک لفور - افراسی,لفور,وسط_هفته,2026-09-19,2026-09-20,2,4,3750000,0,3750000,0,7500000,0,7500000,0,2,2,ظرفیت پایه 2 نفر کمتر از 4 مهمان استخراج‌شده,استخراج شد,2026-09-08T18:33:20
3273044,کلبه درختی نزدیک لفور - افراسی,لفور,آخر_هفته,2026-09-16,2026-09-17,2,4,4750000,0,4750000,0,9500000,0,9500000,0,2,2,ظرفیت پایه 2 نفر کمتر از 4 مهمان استخراج‌شده,استخراج شد,2026-09-08T18:33:20
3273065,رزرو کلبه چوبی در بابلکنار - هلی خال,بابلکنار,وسط_هفته,2026-09-19,2026-09-20,2,4,7000000,0,7000000,0,14000000,0,14000000,400000,3,6,ظرفیت پایه 3 نفر کمتر از 4 مهمان استخراج‌شده,استخراج شد,2026-09-08T18:33:22
3273065,رزرو کلبه چوبی در بابلکنار - هلی خال,بابلکنار,آخر_هفته,2026-09-16,2026-09-17,2,4,9000000,0,9000000,0,18000000,0,18000000,400000,3,6,ظرفیت پایه 3 نفر کمتر از 4 مهمان استخراج‌شده,استخراج شد,2026-09-08T18:33:22
3273471,کلبه چوبی در بابلکنار - سیادرکا,سیادرکا,وسط_هفته,2026-09-19,2026-09-20,2,4,1800000,0,1800000,0,3600000,0,3600000,800000,2,2,ظرفیت پایه 2 نفر کمتر از 4 مهمان استخراج‌شده,استخراج شد,2026-09-08T18:33:24
3273471,کلبه چوبی در بابلکنار - سیادرکا,سیادرکا,آخر_هفته,2026-09-16,2026-09-17,2,4,2800000,0,2800000,0,5600000,0,5600000,800000,2,2,ظرفیت پایه 2 نفر کمتر از 4 مهمان استخراج‌شده,استخراج شد,2026-09-08T18:33:24
3273563,کلبه سوئیسی جکوزی دار,گونه کلا,وسط_هفته,2026-09-19,2026-09-20,2,4,4500000,0,4500000,0,9000000,0,9000000,500000,4,5,,استخراج شد,2026-09-08T18:33:50
3273563,کلبه سوئیسی جکوزی دار,گونه کلا,آخر_هفته,2026-09-16,2026-09-17,2,4,4800000,0,5800000,0,10600000,0,10600000,500000,4,5,,استخراج شد,2026-09-08T18:33:50
3273745,کلبه سوئیسی جکوزی دار,کاردرکلا,وسط_هفته,2026-09-19,2026-09-20,2,4,4500000,0,4500000,0,9000000,0,9000000,800000,4,5,,استخراج شد,2026-09-08T18:34:15
3273745,کلبه سوئیسی جکوزی دار,کاردرکلا,آخر_هفته,2026-09-16,2026-09-17,2,4,5000000,0,6500000,0,11500000,0,11500000,800000,4,5,,استخراج شد,2026-09-08T18:34:15
3273815,کلبه سوئیسی جکوزی دار در بابلکنار - چهره,چهره,وسط_هفته,2026-09-19,2026-09-20,2,4,3500000,0,3500000,0,,,,300000,2,4,ظرفیت پایه 2 نفر کمتر از 4 مهمان استخراج‌شده,شب اول بسته؛ شب دوم بسته,2026-09-08T18:34:40
3273815,کلبه سوئیسی جکوزی دار در بابلکنار - چهره,چهره,آخر_هفته,2026-09-16,2026-09-17,2,4,4500000,0,5550000,0,,,,300000,2,4,ظرفیت پایه 2 نفر کمتر از 4 مهمان استخراج‌شده,شب اول بسته؛ شب دوم بسته,2026-09-08T18:34:40
3273829,کلبه استخردار در بابلکنار - مرزیکلا,مرزیکلا,وسط_هفته,2026-09-19,2026-09-20,2,4,5300000,0,5300000,0,10600000,0,10600000,500000,3,4,ظرفیت پایه 3 نفر کمتر از 4 مهمان استخراج‌شده,استخراج شد,2026-09-08T18:34:42
3273829,کلبه استخردار در بابلکنار - مرزیکلا,مرزیکلا,آخر_هفته,2026-09-16,2026-09-17,2,4,6000000,0,6750000,0,12750000,0,12750000,500000,3,4,ظرفیت پایه 3 نفر کمتر از 4 مهمان استخراج‌شده,استخراج شد,2026-09-08T18:34:42
3273911,کلبه سوئیسی استخردار,امیرکلا,وسط_هفته,2026-09-19,2026-09-20,2,4,7500000,0,7500000,0,,,,500000,4,4,,شب اول بسته؛ شب دوم بسته,2026-09-08T18:35:07
3273911,کلبه سوئیسی استخردار,امیرکلا,آخر_هفته,2026-09-16,2026-09-17,2,4,10000000,0,10000000,0,,,,500000,4,4,,شب اول بسته؛ شب دوم بسته,2026-09-08T18:35:07
3274129,اجاره کلبه سوئیسی,کاردرکلا,وسط_هفته,2026-09-19,2026-09-20,2,4,4200000,0,4200000,0,,,,600000,2,4,ظرفیت پایه 2 نفر کمتر از 4 مهمان استخراج‌شده,شب اول بسته,2026-09-08T18:35:09
3274129,اجاره کلبه سوئیسی,کاردرکلا,آخر_هفته,2026-09-16,2026-09-17,2,4,5200000,0,5200000,0,,,,600000,2,4,ظرفیت پایه 2 نفر کمتر از 4 مهمان استخراج‌شده,شب اول بسته؛ شب دوم بسته,2026-09-08T18:35:09
3274535,اجاره کلبه با وان جکوزی در بابلکنار - هلی خال,بابلکنار,وسط_هفته,2026-09-19,2026-09-20,2,4,3500000,0,3500000,0,,,,300000,2,4,ظرفیت پایه 2 نفر کمتر از 4 مهمان استخراج‌شده,شب اول بسته؛ شب دوم بسته,2026-09-08T18:35:11
3274535,اجاره کلبه با وان جکوزی در بابلکنار - هلی خال,بابلکنار,آخر_هفته,2026-09-16,2026-09-17,2,4,5000000,0,5000000,0,,,,300000,2,4,ظرفیت پایه 2 نفر کمتر از 4 مهمان استخراج‌شده,شب اول بسته؛ شب دوم بسته,2026-09-08T18:35:11
3276112,کلبه چوبی جکوزی دار,کاردرکلا,وسط_هفته,2026-09-19,2026-09-20,2,4,4500000,0,4500000,0,9000000,0,9000000,700000,4,4,,استخراج شد,2026-09-08T18:35:16
3276112,کلبه چوبی جکوزی دار,کاردرکلا,آخر_هفته,2026-09-16,2026-09-17,2,4,6500000,0,8500000,0,15000000,0,15000000,700000,4,4,,استخراج شد,2026-09-08T18:35:16
3276228,خانه با تراس دلباز - ط ۴,شیردارکلا,وسط_هفته,2026-09-19,2026-09-20,2,4,5000000,0,5000000,0,10000000,0,10000000,800000,4,4,,استخراج شد,2026-09-08T18:36:10
3276228,خانه با تراس دلباز - ط ۴,شیردارکلا,آخر_هفته,2026-09-16,2026-09-17,2,4,4000000,0,5000000,0,,,,800000,4,4,,شب دوم بسته,2026-09-08T18:36:10
3277973,اجاره کلبه چوبی در بابلکنار - هلی خال,بابلکنار,وسط_هفته,2026-09-19,2026-09-20,2,4,1800000,0,1800000,0,,,,300000,2,4,ظرفیت پایه 2 نفر کمتر از 4 مهمان استخراج‌شده,شب اول بسته؛ شب دوم بسته,2026-09-08T18:36:14
3277973,اجاره کلبه چوبی در بابلکنار - هلی خال,بابلکنار,آخر_هفته,2026-09-16,2026-09-17,2,4,2500000,0,2500000,0,,,,300000,2,4,ظرفیت پایه 2 نفر کمتر از 4 مهمان استخراج‌شده,شب اول بسته؛ شب دوم بسته,2026-09-08T18:36:14
3278651,کلبه سوئیسی با جکوزی در لفور - امام کلا,لفور,وسط_هفته,2026-09-19,2026-09-20,2,4,3850000,0,3850000,0,7700000,0,7700000,450000,2,4,ظرفیت پایه 2 نفر کمتر از 4 مهمان استخراج‌شده,استخراج شد,2026-09-08T18:36:17
3278651,کلبه سوئیسی با جکوزی در لفور - امام کلا,لفور,آخر_هفته,2026-09-16,2026-09-17,2,4,4550000,0,4850000,0,,,,450000,2,4,ظرفیت پایه 2 نفر کمتر از 4 مهمان استخراج‌شده,شب دوم بسته,2026-09-08T18:36:17
3279072,اجاره کلبه سوئیسی در بابل - جاده گنج افروز,,وسط_هفته,2026-09-19,2026-09-20,2,4,2000000,0,2000000,0,4000000,0,4000000,300000,2,4,ظرفیت پایه 2 نفر کمتر از 4 مهمان استخراج‌شده,استخراج شد,2026-09-08T18:36:22
3279072,اجاره کلبه سوئیسی در بابل - جاده گنج افروز,,آخر_هفته,2026-09-16,2026-09-17,2,4,3500000,0,3500000,0,7000000,0,7000000,300000,2,4,ظرفیت پایه 2 نفر کمتر از 4 مهمان استخراج‌شده,استخراج شد,2026-09-08T18:36:22
3279500,کلبه چوبی در بابلکنار - بالف کلا شرقی,بالفکلا,وسط_هفته,2026-09-19,2026-09-20,2,4,5000000,0,5000000,0,10000000,0,10000000,400000,2,6,ظرفیت پایه 2 نفر کمتر از 4 مهمان استخراج‌شده,استخراج شد,2026-09-08T18:36:47
3279500,کلبه چوبی در بابلکنار - بالف کلا شرقی,بالفکلا,آخر_هفته,2026-09-16,2026-09-17,2,4,8000000,0,8000000,0,16000000,0,16000000,400000,2,6,ظرفیت پایه 2 نفر کمتر از 4 مهمان استخراج‌شده,استخراج شد,2026-09-08T18:36:47
3279598,کلبه سوئیسی,شیردارکلا,وسط_هفته,2026-09-19,2026-09-20,2,4,3990000,0,3990000,0,7980000,0,7980000,400000,4,6,,استخراج شد,2026-09-08T18:36:49
3279598,کلبه سوئیسی,شیردارکلا,آخر_هفته,2026-09-16,2026-09-17,2,4,5990000,0,5990000,0,11980000,0,11980000,400000,4,6,,استخراج شد,2026-09-08T18:36:49
3280170,رزرو کلبه سوئیسی در بابلکنار - بالفکلا شرقی,بالفکلا,وسط_هفته,2026-09-19,2026-09-20,2,4,3800000,0,3800000,0,7600000,0,7600000,500000,4,6,,استخراج شد,2026-09-08T18:36:54
3280170,رزرو کلبه سوئیسی در بابلکنار - بالفکلا شرقی,بالفکلا,آخر_هفته,2026-09-16,2026-09-17,2,4,6000000,0,6000000,0,12000000,0,12000000,500000,4,6,,استخراج شد,2026-09-08T18:36:54
3280346,کلبه در ارتفاعات قائمشهر - قادیکلای بزرگ,قادیکلا,وسط_هفته,2026-09-19,2026-09-20,2,4,10000000,0,10000000,0,20000000,0,20000000,1500000,4,6,,استخراج شد,2026-09-08T18:36:56
3280346,کلبه در ارتفاعات قائمشهر - قادیکلای بزرگ,قادیکلا,آخر_هفته,2026-09-16,2026-09-17,2,4,12000000,0,12000000,0,24000000,0,24000000,1500000,4,6,,استخراج شد,2026-09-08T18:36:56
3280978,کلبه با وان جکوزی - ط۳,شیردارکلا,وسط_هفته,2026-09-19,2026-09-20,2,4,7500000,0,7500000,0,15000000,0,15000000,500000,4,8,,استخراج شد,2026-09-08T18:36:57
3280978,کلبه با وان جکوزی - ط۳,شیردارکلا,آخر_هفته,2026-09-16,2026-09-17,2,4,6000000,0,7000000,0,13000000,0,13000000,500000,4,8,,استخراج شد,2026-09-08T18:36:57
3281370,کلبه سوئیسی - واحد ۴,گونه کلا,وسط_هفته,2026-09-19,2026-09-20,2,4,2550000,0,2550000,0,5100000,0,5100000,450000,4,6,,استخراج شد,2026-09-08T18:37:24
3281370,کلبه سوئیسی - واحد ۴,گونه کلا,آخر_هفته,2026-09-16,2026-09-17,2,4,4850000,0,4850000,0,9700000,0,9700000,450000,4,6,,استخراج شد,2026-09-08T18:37:24
3281922,کلبه چوبی,قرآن تالار,وسط_هفته,2026-09-19,2026-09-20,2,4,3000000,0,3000000,0,6000000,0,6000000,300000,2,4,ظرفیت پایه 2 نفر کمتر از 4 مهمان استخراج‌شده,استخراج شد,2026-09-08T18:37:28
3281922,کلبه چوبی,قرآن تالار,آخر_هفته,2026-09-16,2026-09-17,2,4,3750000,0,3750000,0,7500000,0,7500000,300000,2,4,ظرفیت پایه 2 نفر کمتر از 4 مهمان استخراج‌شده,استخراج شد,2026-09-08T18:37:28
3282337,کلبه سوئیسی در بابل - جاده انارستان,,وسط_هفته,2026-09-19,2026-09-20,2,4,4250000,0,4250000,0,8500000,0,8500000,450000,2,6,ظرفیت پایه 2 نفر کمتر از 4 مهمان استخراج‌شده,استخراج شد,2026-09-08T18:37:30
3282337,کلبه سوئیسی در بابل - جاده انارستان,,آخر_هفته,2026-09-16,2026-09-17,2,4,3950000,0,5000000,0,8950000,0,8950000,450000,2,6,ظرفیت پایه 2 نفر کمتر از 4 مهمان استخراج‌شده,استخراج شد,2026-09-08T18:37:30
3283056,کلبه سوئیسی در بابلکنار - انارستان,بابلکنار,وسط_هفته,2026-09-19,2026-09-20,2,4,4000000,0,4000000,0,8000000,0,8000000,300000,2,4,ظرفیت پایه 2 نفر کمتر از 4 مهمان استخراج‌شده,استخراج شد,2026-09-08T18:37:32
3283056,کلبه سوئیسی در بابلکنار - انارستان,بابلکنار,آخر_هفته,2026-09-16,2026-09-17,2,4,4000000,0,4000000,0,8000000,0,8000000,300000,2,4,ظرفیت پایه 2 نفر کمتر از 4 مهمان استخراج‌شده,استخراج شد,2026-09-08T18:37:32
3283771,کلبه چوبی با وان جکوزی در بابلکنار - درازکلا,درازکلا,وسط_هفته,2026-09-19,2026-09-20,2,4,5000000,0,5000000,0,10000000,0,10000000,500000,4,6,,استخراج شد,2026-09-08T18:37:35
3283771,کلبه چوبی با وان جکوزی در بابلکنار - درازکلا,درازکلا,آخر_هفته,2026-09-16,2026-09-17,2,4,6000000,0,6000000,0,12000000,0,12000000,500000,4,6,,استخراج شد,2026-09-08T18:37:35
3283844,کلبه سوئیسی با جکوزی,شیردارکلا,وسط_هفته,2026-09-19,2026-09-20,2,4,5100000,0,5100000,0,10200000,0,10200000,500000,4,8,,استخراج شد,2026-09-08T18:37:37
3283844,کلبه سوئیسی با جکوزی,شیردارکلا,آخر_هفته,2026-09-16,2026-09-17,2,4,7100000,0,8100000,0,15200000,0,15200000,500000,4,8,,استخراج شد,2026-09-08T18:37:37
3283885,کلبه سوئیسی جکوزی دار در بابلکنار - قران تالار,قرآن تالار,وسط_هفته,2026-09-19,2026-09-20,2,4,2200000,0,2200000,0,4400000,0,4400000,800000,4,6,,استخراج شد,2026-09-08T18:38:02
3283885,کلبه سوئیسی جکوزی دار در بابلکنار - قران تالار,قرآن تالار,آخر_هفته,2026-09-16,2026-09-17,2,4,3500000,30,3500000,0,7000000,1050000,5950000,800000,4,6,,استخراج شد,2026-09-08T18:38:02
3283917,اجاره کلبه چوبی با جکوزی در بابلکنار - تیرکن,تیرکن,وسط_هفته,2026-09-19,2026-09-20,2,4,3500000,0,3500000,0,,,,500000,2,4,ظرفیت پایه 2 نفر کمتر از 4 مهمان استخراج‌شده,شب اول بسته,2026-09-08T18:38:04
3283917,اجاره کلبه چوبی با جکوزی در بابلکنار - تیرکن,تیرکن,آخر_هفته,2026-09-16,2026-09-17,2,4,4250000,0,4250000,0,8500000,0,8500000,500000,2,4,ظرفیت پایه 2 نفر کمتر از 4 مهمان استخراج‌شده,استخراج شد,2026-09-08T18:38:04
3284033,ویلا چوبی استخردار,کاردرکلا,وسط_هفته,2026-09-19,2026-09-20,2,4,5500000,0,5500000,0,11000000,0,11000000,490000,4,6,,استخراج شد,2026-09-08T18:38:06
3284033,ویلا چوبی استخردار,کاردرکلا,آخر_هفته,2026-09-16,2026-09-17,2,4,7500000,0,7500000,0,,,,490000,4,6,,شب اول بسته؛ شب دوم بسته,2026-09-08T18:38:06
3284069,خانه ویلایی چوبی در بابلکنار - رئیس کلا - ط ۲,رئیسکلا,وسط_هفته,2026-09-19,2026-09-20,2,4,2350000,0,2350000,0,4700000,0,4700000,300000,2,4,ظرفیت پایه 2 نفر کمتر از 4 مهمان استخراج‌شده,استخراج شد,2026-09-08T18:38:07
3284069,خانه ویلایی چوبی در بابلکنار - رئیس کلا - ط ۲,رئیسکلا,آخر_هفته,2026-09-16,2026-09-17,2,4,2700000,0,2700000,0,5400000,0,5400000,300000,2,4,ظرفیت پایه 2 نفر کمتر از 4 مهمان استخراج‌شده,استخراج شد,2026-09-08T18:38:07
3284427,کلبه با چشم انداز جنگل در بابلکنار - چهره,چهره,وسط_هفته,2026-09-19,2026-09-20,2,4,1800000,0,1800000,0,3600000,0,3600000,350000,2,5,ظرفیت پایه 2 نفر کمتر از 4 مهمان استخراج‌شده,استخراج شد,2026-09-08T18:38:09
3284427,کلبه با چشم انداز جنگل در بابلکنار - چهره,چهره,آخر_هفته,2026-09-16,2026-09-17,2,4,2250000,0,2250000,0,,,,350000,2,5,ظرفیت پایه 2 نفر کمتر از 4 مهمان استخراج‌شده,شب دوم بسته,2026-09-08T18:38:09
3284570,کلبه سوئیسی جکوزی دار در بابلکنار - کاردرکلا,کاردرکلا,وسط_هفته,2026-09-19,2026-09-20,2,4,4100000,0,4100000,0,8200000,0,8200000,500000,2,4,ظرفیت پایه 2 نفر کمتر از 4 مهمان استخراج‌شده,استخراج شد,2026-09-08T18:38:12
3284570,کلبه سوئیسی جکوزی دار در بابلکنار - کاردرکلا,کاردرکلا,آخر_هفته,2026-09-16,2026-09-17,2,4,5400000,0,5400000,0,10800000,0,10800000,500000,2,4,ظرفیت پایه 2 نفر کمتر از 4 مهمان استخراج‌شده,استخراج شد,2026-09-08T18:38:12
3284804,کلبه سوئیسی با جکوزی,گونه کلا,وسط_هفته,2026-09-19,2026-09-20,2,4,3250000,10,3250000,10,6500000,650000,5850000,500000,2,4,ظرفیت پایه 2 نفر کمتر از 4 مهمان استخراج‌شده,استخراج شد,2026-09-08T18:38:17
3284804,کلبه سوئیسی با جکوزی,گونه کلا,آخر_هفته,2026-09-16,2026-09-17,2,4,5500000,10,5550000,10,11050000,1105000,9945000,500000,2,4,ظرفیت پایه 2 نفر کمتر از 4 مهمان استخراج‌شده,استخراج شد,2026-09-08T18:38:17
3284827,کلبه سوئیسی در بابکنار - بالفکلا,بالفکلا,وسط_هفته,2026-09-19,2026-09-20,2,4,4000000,0,4000000,0,8000000,0,8000000,500000,4,6,,استخراج شد,2026-09-08T18:38:19
3284827,کلبه سوئیسی در بابکنار - بالفکلا,بالفکلا,آخر_هفته,2026-09-16,2026-09-17,2,4,6000000,0,6000000,0,12000000,0,12000000,500000,4,6,,استخراج شد,2026-09-08T18:38:19
3285158,کلبه سوئیسی,قرآن تالار,وسط_هفته,2026-09-19,2026-09-20,2,4,1400000,0,1400000,0,2800000,0,2800000,500000,5,7,,استخراج شد,2026-09-08T18:38:20
3285158,کلبه سوئیسی,قرآن تالار,آخر_هفته,2026-09-16,2026-09-17,2,4,1400000,0,2000000,0,3400000,0,3400000,500000,5,7,,استخراج شد,2026-09-08T18:38:20
3285241,کلبه در مرزیکلا بابلکنار - ۵ تخت طبقه ۴,مرزیکلا,وسط_هفته,2026-09-19,2026-09-20,2,4,2450000,0,2450000,0,4900000,0,4900000,200000,5,6,,استخراج شد,2026-09-08T18:38:22
3285241,کلبه در مرزیکلا بابلکنار - ۵ تخت طبقه ۴,مرزیکلا,آخر_هفته,2026-09-16,2026-09-17,2,4,2450000,0,3850000,0,6300000,0,6300000,200000,5,6,,استخراج شد,2026-09-08T18:38:22
3285480,کلبه جکوزی دار,گونه کلا,وسط_هفته,2026-09-19,2026-09-20,2,4,2990000,0,2990000,0,5980000,0,5980000,800000,2,4,ظرفیت پایه 2 نفر کمتر از 4 مهمان استخراج‌شده,استخراج شد,2026-09-08T18:38:26
3285480,کلبه جکوزی دار,گونه کلا,آخر_هفته,2026-09-16,2026-09-17,2,4,4250000,0,4950000,0,9200000,0,9200000,800000,2,4,ظرفیت پایه 2 نفر کمتر از 4 مهمان استخراج‌شده,استخراج شد,2026-09-08T18:38:26
3285543,کلبه در مرزیکلای بابلکنار - ۵ تخته,مرزیکلا,وسط_هفته,2026-09-19,2026-09-20,2,4,2600000,0,2600000,0,5200000,0,5200000,200000,5,6,,استخراج شد,2026-09-08T18:38:28
3285543,کلبه در مرزیکلای بابلکنار - ۵ تخته,مرزیکلا,آخر_هفته,2026-09-16,2026-09-17,2,4,2600000,0,4250000,0,6850000,0,6850000,200000,5,6,,استخراج شد,2026-09-08T18:38:28
3285544,کلبه چوبی در بابلکنار - مرزیکلا - طبقه ۴,مرزیکلا,وسط_هفته,2026-09-19,2026-09-20,2,4,1850000,0,1850000,0,3700000,0,3700000,200000,4,5,,استخراج شد,2026-09-08T18:38:30
3285544,کلبه چوبی در بابلکنار - مرزیکلا - طبقه ۴,مرزیکلا,آخر_هفته,2026-09-16,2026-09-17,2,4,1850000,0,3100000,0,4950000,0,4950000,200000,4,5,,استخراج شد,2026-09-08T18:38:30
3285631,کلبه سوئیسی در بابلکنار - سیادرکا,سیادرکا,وسط_هفته,2026-09-19,2026-09-20,2,4,2500000,0,2500000,0,5000000,0,5000000,500000,2,4,ظرفیت پایه 2 نفر کمتر از 4 مهمان استخراج‌شده,استخراج شد,2026-09-08T18:38:35
3285631,کلبه سوئیسی در بابلکنار - سیادرکا,سیادرکا,آخر_هفته,2026-09-16,2026-09-17,2,4,3000000,0,3000000,0,6000000,0,6000000,500000,2,4,ظرفیت پایه 2 نفر کمتر از 4 مهمان استخراج‌شده,استخراج شد,2026-09-08T18:38:35
3285766,کلبه با چشم اندازی زیبا در بابلکنار - بالفکلا,بالفکلا,وسط_هفته,2026-09-19,2026-09-20,2,4,5000000,0,5000000,0,10000000,0,10000000,700000,4,5,,استخراج شد,2026-09-08T18:38:37
3285766,کلبه با چشم اندازی زیبا در بابلکنار - بالفکلا,بالفکلا,آخر_هفته,2026-09-16,2026-09-17,2,4,7000000,0,7000000,0,14000000,0,14000000,700000,4,5,,استخراج شد,2026-09-08T18:38:37
3286272,کلبه سوئیسی جکوزی دار در بابلکنار - درازکلا,درازکلا,وسط_هفته,2026-09-19,2026-09-20,2,4,5900000,0,5900000,0,11800000,0,11800000,800000,2,4,ظرفیت پایه 2 نفر کمتر از 4 مهمان استخراج‌شده,استخراج شد,2026-09-08T18:38:42
3286272,کلبه سوئیسی جکوزی دار در بابلکنار - درازکلا,درازکلا,آخر_هفته,2026-09-16,2026-09-17,2,4,6500000,0,7900000,0,14400000,0,14400000,800000,2,4,ظرفیت پایه 2 نفر کمتر از 4 مهمان استخراج‌شده,استخراج شد,2026-09-08T18:38:42
3286779,کلبه سوئیسی در بابلکنار - فرام لک,بابلکنار,وسط_هفته,2026-09-19,2026-09-20,2,4,2400000,0,2400000,0,,,,500000,2,4,ظرفیت پایه 2 نفر کمتر از 4 مهمان استخراج‌شده,شب اول بسته,2026-09-08T18:38:44
3286779,کلبه سوئیسی در بابلکنار - فرام لک,بابلکنار,آخر_هفته,2026-09-16,2026-09-17,2,4,2640000,0,4200000,0,6840000,0,6840000,500000,2,4,ظرفیت پایه 2 نفر کمتر از 4 مهمان استخراج‌شده,استخراج شد,2026-09-08T18:38:44
3287387,کلبه سوئیسی در بابلکنار - کبریاکلا,کبریاکلا,وسط_هفته,2026-09-19,2026-09-20,2,4,4000000,0,4000000,0,8000000,0,8000000,700000,4,6,,استخراج شد,2026-09-08T18:38:46
3287387,کلبه سوئیسی در بابلکنار - کبریاکلا,کبریاکلا,آخر_هفته,2026-09-16,2026-09-17,2,4,4000000,0,5000000,0,9000000,0,9000000,700000,4,6,,استخراج شد,2026-09-08T18:38:46
3288637,کلبه با چشم انداز جنگل,کاردرکلا,وسط_هفته,2026-09-19,2026-09-20,2,4,7500000,0,7500000,0,15000000,0,15000000,1000000,2,6,ظرفیت پایه 2 نفر کمتر از 4 مهمان استخراج‌شده,استخراج شد,2026-09-08T18:38:47
3288637,کلبه با چشم انداز جنگل,کاردرکلا,آخر_هفته,2026-09-16,2026-09-17,2,4,9500000,0,12000000,0,21500000,0,21500000,1000000,2,6,ظرفیت پایه 2 نفر کمتر از 4 مهمان استخراج‌شده,استخراج شد,2026-09-08T18:38:47
3288689,کلبه سوئیسی کنار رودخانه بابلرود - کاردرکلا,کاردرکلا,وسط_هفته,2026-09-19,2026-09-20,2,4,5000000,0,5000000,0,10000000,0,10000000,350000,4,8,,استخراج شد,2026-09-08T18:38:49
3288689,کلبه سوئیسی کنار رودخانه بابلرود - کاردرکلا,کاردرکلا,آخر_هفته,2026-09-16,2026-09-17,2,4,6500000,0,8000000,0,14500000,0,14500000,350000,4,8,,استخراج شد,2026-09-08T18:38:49
3288899,کلبه سوئیسی با جکوزی در بابلکنار - رییس کلا,بابلکنار,وسط_هفته,2026-09-19,2026-09-20,2,4,4500000,0,4500000,0,9000000,0,9000000,500000,2,4,ظرفیت پایه 2 نفر کمتر از 4 مهمان استخراج‌شده,استخراج شد,2026-09-08T18:38:51
3288899,کلبه سوئیسی با جکوزی در بابلکنار - رییس کلا,بابلکنار,آخر_هفته,2026-09-16,2026-09-17,2,4,7500000,0,7500000,0,,,,500000,2,4,ظرفیت پایه 2 نفر کمتر از 4 مهمان استخراج‌شده,شب دوم بسته,2026-09-08T18:38:51
3289080,کلبه جکوزی دار,کاردرکلا,وسط_هفته,2026-09-19,2026-09-20,2,4,3800000,0,3800000,0,7600000,0,7600000,0,2,2,ظرفیت پایه 2 نفر کمتر از 4 مهمان استخراج‌شده,استخراج شد,2026-09-08T18:38:53
3289080,کلبه جکوزی دار,کاردرکلا,آخر_هفته,2026-09-16,2026-09-17,2,4,7500000,0,7500000,0,15000000,0,15000000,0,2,2,ظرفیت پایه 2 نفر کمتر از 4 مهمان استخراج‌شده,استخراج شد,2026-09-08T18:38:53
3289165,کلبه سوئیسی با ویو دریاچه انارستان در بابلکنار,بابلکنار,وسط_هفته,2026-09-19,2026-09-20,2,4,2500000,0,2500000,0,5000000,0,5000000,300000,4,6,,استخراج شد,2026-09-08T18:38:54
3289165,کلبه سوئیسی با ویو دریاچه انارستان در بابلکنار,بابلکنار,آخر_هفته,2026-09-16,2026-09-17,2,4,3500000,0,3500000,0,7000000,0,7000000,300000,4,6,,استخراج شد,2026-09-08T18:38:54
3289303,کلبه سوئیسی در بابلکنار - کلاریکلا - تیپ ۲,کلاریکلا,وسط_هفته,2026-09-19,2026-09-20,2,4,2000000,0,2000000,0,4000000,0,4000000,300000,2,4,ظرفیت پایه 2 نفر کمتر از 4 مهمان استخراج‌شده,استخراج شد,2026-09-08T18:38:56
3289303,کلبه سوئیسی در بابلکنار - کلاریکلا - تیپ ۲,کلاریکلا,آخر_هفته,2026-09-16,2026-09-17,2,4,2000000,0,3000000,0,5000000,0,5000000,300000,2,4,ظرفیت پایه 2 نفر کمتر از 4 مهمان استخراج‌شده,استخراج شد,2026-09-08T18:38:56
3289341,کلبه سوئیسی رو به جنگل در بابلکنار - قرآن تالار,قرآن تالار,وسط_هفته,2026-09-19,2026-09-20,2,4,2800000,0,2800000,0,5600000,0,5600000,600000,4,6,,استخراج شد,2026-09-08T18:38:58
3289341,کلبه سوئیسی رو به جنگل در بابلکنار - قرآن تالار,قرآن تالار,آخر_هفته,2026-09-16,2026-09-17,2,4,3200000,0,3200000,0,,,,600000,4,6,,شب دوم بسته,2026-09-08T18:38:58
3289537,کلبه سوئیسی جکوزی دار,امیرکلا,وسط_هفته,2026-09-19,2026-09-20,2,4,6550000,0,6550000,0,13100000,0,13100000,500000,4,8,,استخراج شد,2026-09-08T18:38:59
3289537,کلبه سوئیسی جکوزی دار,امیرکلا,آخر_هفته,2026-09-16,2026-09-17,2,4,7500000,0,7500000,0,15000000,0,15000000,500000,4,8,,استخراج شد,2026-09-08T18:38:59
3289543,کلبه با وان جکوزی در جاده شیرگاه به بابلکنار,بابلکنار,وسط_هفته,2026-09-19,2026-09-20,2,4,5000000,0,5000000,0,10000000,0,10000000,400000,4,5,,استخراج شد,2026-09-08T18:39:01
3289543,کلبه با وان جکوزی در جاده شیرگاه به بابلکنار,بابلکنار,آخر_هفته,2026-09-16,2026-09-17,2,4,6000000,0,6000000,0,12000000,0,12000000,400000,4,5,,استخراج شد,2026-09-08T18:39:01
3289641,کلبه سوئیسی با جکوزی در بابلکنار - قرآن تالار,قرآن تالار,وسط_هفته,2026-09-19,2026-09-20,2,4,2700000,0,2700000,0,5400000,0,5400000,200000,4,6,,استخراج شد,2026-09-08T18:39:03
3289641,کلبه سوئیسی با جکوزی در بابلکنار - قرآن تالار,قرآن تالار,آخر_هفته,2026-09-16,2026-09-17,2,4,3300000,0,3300000,0,,,,200000,4,6,,شب اول بسته؛ شب دوم بسته,2026-09-08T18:39:03
3290023,کلبه سوئیسی بالکن دار در بابلکنار - درازکلا,درازکلا,وسط_هفته,2026-09-19,2026-09-20,2,4,2000000,0,2000000,0,4000000,0,4000000,500000,2,4,ظرفیت پایه 2 نفر کمتر از 4 مهمان استخراج‌شده,استخراج شد,2026-09-08T18:39:04
3290023,کلبه سوئیسی بالکن دار در بابلکنار - درازکلا,درازکلا,آخر_هفته,2026-09-16,2026-09-17,2,4,3500000,0,3500000,0,7000000,0,7000000,500000,2,4,ظرفیت پایه 2 نفر کمتر از 4 مهمان استخراج‌شده,استخراج شد,2026-09-08T18:39:04
3290694,کلبه سوئیسی در مرزیکلا,مرزیکلا,وسط_هفته,2026-09-19,2026-09-20,2,4,2900000,0,2900000,0,5800000,0,5800000,500000,4,6,,استخراج شد,2026-09-08T18:39:09
3290694,کلبه سوئیسی در مرزیکلا,مرزیکلا,آخر_هفته,2026-09-16,2026-09-17,2,4,3500000,0,4000000,0,7500000,0,7500000,500000,4,6,,استخراج شد,2026-09-08T18:39:09
3290951,کلبه سوئیسی در بابلکنار - هلی خال,بابلکنار,وسط_هفته,2026-09-19,2026-09-20,2,4,3000000,0,3000000,0,6000000,0,6000000,400000,2,6,ظرفیت پایه 2 نفر کمتر از 4 مهمان استخراج‌شده,استخراج شد,2026-09-08T18:40:04
3290951,کلبه سوئیسی در بابلکنار - هلی خال,بابلکنار,آخر_هفته,2026-09-16,2026-09-17,2,4,4000000,0,4000000,0,8000000,0,8000000,400000,2,6,ظرفیت پایه 2 نفر کمتر از 4 مهمان استخراج‌شده,استخراج شد,2026-09-08T18:40:04
3290994,کلبه چوبی تراس دار در بابلکنار - بزچفت,بزچفت,وسط_هفته,2026-09-19,2026-09-20,2,4,3500000,0,3500000,0,7000000,0,7000000,300000,2,3,ظرفیت پایه 2 نفر کمتر از 4 مهمان استخراج‌شده,استخراج شد,2026-09-08T18:40:06
3290994,کلبه چوبی تراس دار در بابلکنار - بزچفت,بزچفت,آخر_هفته,2026-09-16,2026-09-17,2,4,3500000,0,4000000,0,,,,300000,2,3,ظرفیت پایه 2 نفر کمتر از 4 مهمان استخراج‌شده,شب اول بسته؛ شب دوم بسته,2026-09-08T18:40:06
3291154,کلبه جنگلی جکوزی دار در بابلکنار - هلی خال,بابلکنار,وسط_هفته,2026-09-19,2026-09-20,2,4,9000000,0,9000000,0,18000000,0,18000000,500000,3,6,ظرفیت پایه 3 نفر کمتر از 4 مهمان استخراج‌شده,استخراج شد,2026-09-08T18:40:07
3291154,کلبه جنگلی جکوزی دار در بابلکنار - هلی خال,بابلکنار,آخر_هفته,2026-09-16,2026-09-17,2,4,9000000,0,9000000,0,18000000,0,18000000,500000,3,6,ظرفیت پایه 3 نفر کمتر از 4 مهمان استخراج‌شده,استخراج شد,2026-09-08T18:40:07
3291369,کلبه سوئیسی استخردار,کاردرکلا,وسط_هفته,2026-09-19,2026-09-20,2,4,7000000,0,7000000,0,14000000,0,14000000,1200000,2,3,ظرفیت پایه 2 نفر کمتر از 4 مهمان استخراج‌شده,استخراج شد,2026-09-08T18:40:09
3291369,کلبه سوئیسی استخردار,کاردرکلا,آخر_هفته,2026-09-16,2026-09-17,2,4,8000000,0,8000000,0,16000000,0,16000000,1200000,2,3,ظرفیت پایه 2 نفر کمتر از 4 مهمان استخراج‌شده,استخراج شد,2026-09-08T18:40:09
3291421,کلبه با وان‌ جکوزی در بابلکنار - قرآن‌ تالار,قرآن تالار,وسط_هفته,2026-09-19,2026-09-20,2,4,2750000,0,2750000,0,,,,650000,3,5,ظرفیت پایه 3 نفر کمتر از 4 مهمان استخراج‌شده,شب اول بسته؛ شب دوم بسته,2026-09-08T18:40:11
3291421,کلبه با وان‌ جکوزی در بابلکنار - قرآن‌ تالار,قرآن تالار,آخر_هفته,2026-09-16,2026-09-17,2,4,3100000,0,3100000,0,,,,650000,3,5,ظرفیت پایه 3 نفر کمتر از 4 مهمان استخراج‌شده,شب اول بسته؛ شب دوم بسته,2026-09-08T18:40:11
3291958,کلبه سوئیسی در بابلکنار - کبریاکلا,کبریاکلا,وسط_هفته,2026-09-19,2026-09-20,2,4,3000000,0,3000000,0,6000000,0,6000000,500000,2,4,ظرفیت پایه 2 نفر کمتر از 4 مهمان استخراج‌شده,استخراج شد,2026-09-08T18:40:14
3291958,کلبه سوئیسی در بابلکنار - کبریاکلا,کبریاکلا,آخر_هفته,2026-09-16,2026-09-17,2,4,3000000,0,3500000,0,6500000,0,6500000,500000,2,4,ظرفیت پایه 2 نفر کمتر از 4 مهمان استخراج‌شده,استخراج شد,2026-09-08T18:40:14
3292427,کلبه سوئیسی جکوزی دار در بابلکنار - کبریاکلا,کبریاکلا,وسط_هفته,2026-09-19,2026-09-20,2,4,3500000,0,3500000,0,7000000,0,7000000,500000,4,6,,استخراج شد,2026-09-08T18:40:17
3292427,کلبه سوئیسی جکوزی دار در بابلکنار - کبریاکلا,کبریاکلا,آخر_هفته,2026-09-16,2026-09-17,2,4,4500000,0,4500000,0,,,,500000,4,6,,شب دوم بسته,2026-09-08T18:40:17
3292440,کلبه چوبی در بابلکنار - بالف کلا شرقی,بالفکلا,وسط_هفته,2026-09-19,2026-09-20,2,4,2890000,0,2890000,0,5780000,0,5780000,400000,4,6,,استخراج شد,2026-09-08T18:40:19
3292440,کلبه چوبی در بابلکنار - بالف کلا شرقی,بالفکلا,آخر_هفته,2026-09-16,2026-09-17,2,4,3890000,0,3890000,0,,,,400000,4,6,,شب دوم بسته,2026-09-08T18:40:19
3292527,کلبه جنگلی استخردار - ۳ خوابه,گونه کلا,وسط_هفته,2026-09-19,2026-09-20,2,4,12000000,0,12000000,0,24000000,0,24000000,2000000,6,8,,استخراج شد,2026-09-08T18:40:20
3292527,کلبه جنگلی استخردار - ۳ خوابه,گونه کلا,آخر_هفته,2026-09-16,2026-09-17,2,4,15000000,0,15000000,0,30000000,0,30000000,2000000,6,8,,استخراج شد,2026-09-08T18:40:20
3292675,کلبه سوئیسی در بابلکنار - هلی خال,بابلکنار,وسط_هفته,2026-09-19,2026-09-20,2,4,3000000,0,3000000,0,6000000,0,6000000,500000,4,6,,استخراج شد,2026-09-08T18:40:22
3292675,کلبه سوئیسی در بابلکنار - هلی خال,بابلکنار,آخر_هفته,2026-09-16,2026-09-17,2,4,4000000,0,4000000,0,8000000,0,8000000,500000,4,6,,استخراج شد,2026-09-08T18:40:22
3292926,کلبه سوئیسی با جکوزی در هلی خال بابلکنار,بابلکنار,وسط_هفته,2026-09-19,2026-09-20,2,4,10000000,0,10000000,0,20000000,0,20000000,800000,2,6,ظرفیت پایه 2 نفر کمتر از 4 مهمان استخراج‌شده,استخراج شد,2026-09-08T18:40:47
3292926,کلبه سوئیسی با جکوزی در هلی خال بابلکنار,بابلکنار,آخر_هفته,2026-09-16,2026-09-17,2,4,10000000,0,10000000,0,20000000,0,20000000,800000,2,6,ظرفیت پایه 2 نفر کمتر از 4 مهمان استخراج‌شده,استخراج شد,2026-09-08T18:40:47
3293455,کلبه سوئیسی در بابلکنار - درازکلا,درازکلا,وسط_هفته,2026-09-19,2026-09-20,2,4,4500000,0,4500000,0,9000000,0,9000000,700000,2,6,ظرفیت پایه 2 نفر کمتر از 4 مهمان استخراج‌شده,استخراج شد,2026-09-08T18:40:49
3293455,کلبه سوئیسی در بابلکنار - درازکلا,درازکلا,آخر_هفته,2026-09-16,2026-09-17,2,4,4500000,0,4800000,0,9300000,0,9300000,700000,2,6,ظرفیت پایه 2 نفر کمتر از 4 مهمان استخراج‌شده,استخراج شد,2026-09-08T18:40:49
3293591,کلبه سوئیسی,کاردرکلا,وسط_هفته,2026-09-19,2026-09-20,2,4,3500000,0,3500000,0,7000000,0,7000000,400000,2,4,ظرفیت پایه 2 نفر کمتر از 4 مهمان استخراج‌شده,استخراج شد,2026-09-08T18:40:51
3293591,کلبه سوئیسی,کاردرکلا,آخر_هفته,2026-09-16,2026-09-17,2,4,4800000,0,4800000,0,9600000,0,9600000,400000,2,4,ظرفیت پایه 2 نفر کمتر از 4 مهمان استخراج‌شده,استخراج شد,2026-09-08T18:40:51
3293613,کلبه سوئیسی استخردار,شیردارکلا,وسط_هفته,2026-09-19,2026-09-20,2,4,11500000,0,11500000,0,23000000,0,23000000,800000,4,6,,استخراج شد,2026-09-08T18:40:53
3293613,کلبه سوئیسی استخردار,شیردارکلا,آخر_هفته,2026-09-16,2026-09-17,2,4,14000000,0,14000000,0,,,,800000,4,6,,شب دوم بسته,2026-09-08T18:40:53
3293846,کلبه بالکن دار با جکوزی در بابلکنار - قرآن تالار,قرآن تالار,وسط_هفته,2026-09-19,2026-09-20,2,4,3200000,0,3200000,0,6400000,0,6400000,400000,4,6,,استخراج شد,2026-09-08T18:40:54
3293846,کلبه بالکن دار با جکوزی در بابلکنار - قرآن تالار,قرآن تالار,آخر_هفته,2026-09-16,2026-09-17,2,4,3500000,0,3500000,0,,,,400000,4,6,,شب اول بسته؛ شب دوم بسته,2026-09-08T18:40:54
3293925,کلبه سوئیسی در بابلکنار - فرامرزکلا,فرامرزکلا,وسط_هفته,2026-09-19,2026-09-20,2,4,3000000,0,3000000,0,6000000,0,6000000,600000,2,4,ظرفیت پایه 2 نفر کمتر از 4 مهمان استخراج‌شده,استخراج شد,2026-09-08T18:40:56
3293925,کلبه سوئیسی در بابلکنار - فرامرزکلا,فرامرزکلا,آخر_هفته,2026-09-16,2026-09-17,2,4,4200000,0,4200000,0,8400000,0,8400000,600000,2,4,ظرفیت پایه 2 نفر کمتر از 4 مهمان استخراج‌شده,استخراج شد,2026-09-08T18:40:56
3293951,کلبه سوئیسی در بابلکنار - سیدکلا,سیدکلا,وسط_هفته,2026-09-19,2026-09-20,2,4,2500000,0,2500000,0,5000000,0,5000000,500000,4,6,,استخراج شد,2026-09-08T18:40:57
3293951,کلبه سوئیسی در بابلکنار - سیدکلا,سیدکلا,آخر_هفته,2026-09-16,2026-09-17,2,4,3200000,0,3200000,0,6400000,0,6400000,500000,4,6,,استخراج شد,2026-09-08T18:40:57
3293997,کلبه سوئیسی در بابلکنار - درزی محله,بابلکنار,وسط_هفته,2026-09-19,2026-09-20,2,4,4500000,0,4500000,0,9000000,0,9000000,500000,2,6,ظرفیت پایه 2 نفر کمتر از 4 مهمان استخراج‌شده,استخراج شد,2026-09-08T18:40:59
3293997,کلبه سوئیسی در بابلکنار - درزی محله,بابلکنار,آخر_هفته,2026-09-16,2026-09-17,2,4,6000000,0,6000000,0,,,,500000,2,6,ظرفیت پایه 2 نفر کمتر از 4 مهمان استخراج‌شده,شب اول بسته,2026-09-08T18:40:59
3294219,کلبه سوئیسی در بابلکنار - درازکش,درازکش,وسط_هفته,2026-09-19,2026-09-20,2,4,2500000,0,2500000,0,,,,400000,2,5,ظرفیت پایه 2 نفر کمتر از 4 مهمان استخراج‌شده,شب اول بسته؛ شب دوم بسته,2026-09-08T18:41:03
3294219,کلبه سوئیسی در بابلکنار - درازکش,درازکش,آخر_هفته,2026-09-16,2026-09-17,2,4,4000000,0,4000000,0,,,,400000,2,5,ظرفیت پایه 2 نفر کمتر از 4 مهمان استخراج‌شده,شب اول بسته؛ شب دوم بسته,2026-09-08T18:41:03
3294449,کلبه سوئیسی در مرزیکلا,مرزیکلا,وسط_هفته,2026-09-19,2026-09-20,2,4,2800000,0,2800000,0,5600000,0,5600000,500000,4,6,,استخراج شد,2026-09-08T18:41:05
3294449,کلبه سوئیسی در مرزیکلا,مرزیکلا,آخر_هفته,2026-09-16,2026-09-17,2,4,3500000,0,3500000,0,7000000,0,7000000,500000,4,6,,استخراج شد,2026-09-08T18:41:05
3295692,کلبه سوئیسی در بابلکنار - ویارسره,بابلکنار,وسط_هفته,2026-09-19,2026-09-20,2,4,1500000,0,1500000,0,,,,500000,2,4,ظرفیت پایه 2 نفر کمتر از 4 مهمان استخراج‌شده,شب اول بسته؛ شب دوم بسته,2026-09-08T18:41:07
3295692,کلبه سوئیسی در بابلکنار - ویارسره,بابلکنار,آخر_هفته,2026-09-16,2026-09-17,2,4,2500000,0,2500000,0,,,,500000,2,4,ظرفیت پایه 2 نفر کمتر از 4 مهمان استخراج‌شده,شب اول بسته؛ شب دوم بسته,2026-09-08T18:41:07
3295889,کلبه چوبی در بابلکنار - ممرزکن,ممرزکن,وسط_هفته,2026-09-19,2026-09-20,2,4,1395000,0,1395000,0,,,,395000,2,4,ظرفیت پایه 2 نفر کمتر از 4 مهمان استخراج‌شده,شب اول بسته؛ شب دوم بسته,2026-09-08T18:41:11
3295889,کلبه چوبی در بابلکنار - ممرزکن,ممرزکن,آخر_هفته,2026-09-16,2026-09-17,2,4,2570000,0,2570000,0,,,,395000,2,4,ظرفیت پایه 2 نفر کمتر از 4 مهمان استخراج‌شده,شب اول بسته؛ شب دوم بسته,2026-09-08T18:41:11
3296004,کلبه سوئیسی در بابلکنار - آزارسی,بابلکنار,وسط_هفته,2026-09-19,2026-09-20,2,4,2490000,0,2490000,0,4980000,0,4980000,250000,3,6,ظرفیت پایه 3 نفر کمتر از 4 مهمان استخراج‌شده,استخراج شد,2026-09-08T18:41:37
3296004,کلبه سوئیسی در بابلکنار - آزارسی,بابلکنار,آخر_هفته,2026-09-16,2026-09-17,2,4,2980000,0,3600000,0,6580000,0,6580000,250000,3,6,ظرفیت پایه 3 نفر کمتر از 4 مهمان استخراج‌شده,استخراج شد,2026-09-08T18:41:37
3296137,کلبه سوئیسی در بابلکنار - شاهرضا گاوزن محله,بابلکنار,وسط_هفته,2026-09-19,2026-09-20,2,4,3000000,0,3000000,0,6000000,0,6000000,500000,4,6,,استخراج شد,2026-09-08T18:41:38
3296137,کلبه سوئیسی در بابلکنار - شاهرضا گاوزن محله,بابلکنار,آخر_هفته,2026-09-16,2026-09-17,2,4,3800000,0,3800000,0,7600000,0,7600000,500000,4,6,,استخراج شد,2026-09-08T18:41:38
3297329,کلبه چوبی با وان جکوزی در کبریاکلا,کبریاکلا,وسط_هفته,2026-09-19,2026-09-20,2,4,3400000,0,4200000,0,7600000,0,7600000,950000,2,4,ظرفیت پایه 2 نفر کمتر از 4 مهمان استخراج‌شده,استخراج شد,2026-09-08T18:41:45
3297329,کلبه چوبی با وان جکوزی در کبریاکلا,کبریاکلا,آخر_هفته,2026-09-16,2026-09-17,2,4,6500000,0,6500000,0,13000000,0,13000000,950000,2,4,ظرفیت پایه 2 نفر کمتر از 4 مهمان استخراج‌شده,استخراج شد,2026-09-08T18:41:45
3297585,کلبه سوئیسی در بابلکنار - سیدکلا,سیدکلا,وسط_هفته,2026-09-19,2026-09-20,2,4,2400000,0,2400000,0,4800000,0,4800000,1000000,4,5,,استخراج شد,2026-09-08T18:41:47
3297585,کلبه سوئیسی در بابلکنار - سیدکلا,سیدکلا,آخر_هفته,2026-09-16,2026-09-17,2,4,3650000,10,3650000,10,7300000,730000,6570000,1000000,4,5,,استخراج شد,2026-09-08T18:41:47
3298314,کلبه سوئیسی استخردار,کاردرکلا,وسط_هفته,2026-09-19,2026-09-20,2,4,7800000,0,7800000,0,,,,700000,3,6,ظرفیت پایه 3 نفر کمتر از 4 مهمان استخراج‌شده,شب اول بسته؛ شب دوم بسته,2026-09-08T18:41:52
3298314,کلبه سوئیسی استخردار,کاردرکلا,آخر_هفته,2026-09-16,2026-09-17,2,4,11000000,0,11000000,0,,,,700000,3,6,ظرفیت پایه 3 نفر کمتر از 4 مهمان استخراج‌شده,شب اول بسته؛ شب دوم بسته,2026-09-08T18:41:52
3298466,کلبه سوئیسی در بابلکنار - سیادرکا - واحد یک,سیادرکا,وسط_هفته,2026-09-19,2026-09-20,2,4,1500000,0,1500000,0,3000000,0,3000000,300000,4,4,,استخراج شد,2026-09-08T18:41:54
3298466,کلبه سوئیسی در بابلکنار - سیادرکا - واحد یک,سیادرکا,آخر_هفته,2026-09-16,2026-09-17,2,4,3500000,0,3500000,0,7000000,0,7000000,300000,4,4,,استخراج شد,2026-09-08T18:41:54
3298479,کلبه سوئیسی,گونه کلا,وسط_هفته,2026-09-19,2026-09-20,2,4,2700000,0,2700000,0,5400000,0,5400000,500000,4,6,,استخراج شد,2026-09-08T18:41:56
3298479,کلبه سوئیسی,گونه کلا,آخر_هفته,2026-09-16,2026-09-17,2,4,3500000,0,5000000,0,8500000,0,8500000,500000,4,6,,استخراج شد,2026-09-08T18:41:56
3298554,کلبه چوبی در مرزیکلا - سیادرکا,مرزیکلا,وسط_هفته,2026-09-19,2026-09-20,2,4,1800000,0,1800000,0,,,,500000,2,4,ظرفیت پایه 2 نفر کمتر از 4 مهمان استخراج‌شده,شب اول بسته؛ شب دوم بسته,2026-09-08T18:41:57
3298554,کلبه چوبی در مرزیکلا - سیادرکا,مرزیکلا,آخر_هفته,2026-09-16,2026-09-17,2,4,3000000,0,3000000,0,,,,500000,2,4,ظرفیت پایه 2 نفر کمتر از 4 مهمان استخراج‌شده,شب اول بسته؛ شب دوم بسته,2026-09-08T18:41:57
3298750,کلبه سوئیسی جکوزی دار,شیردارکلا,وسط_هفته,2026-09-19,2026-09-20,2,4,3530000,0,3530000,0,7060000,0,7060000,40000,4,6,,استخراج شد,2026-09-08T18:41:59
3298750,کلبه سوئیسی جکوزی دار,شیردارکلا,آخر_هفته,2026-09-16,2026-09-17,2,4,4000000,0,4000000,0,8000000,0,8000000,40000,4,6,,استخراج شد,2026-09-08T18:41:59
3298791,کلبه سوئیسی در بابلکنار - سیادرکا - واحد ۲,سیادرکا,وسط_هفته,2026-09-19,2026-09-20,2,4,1300000,0,1300000,0,2600000,0,2600000,300000,2,4,ظرفیت پایه 2 نفر کمتر از 4 مهمان استخراج‌شده,استخراج شد,2026-09-08T18:42:01
3298791,کلبه سوئیسی در بابلکنار - سیادرکا - واحد ۲,سیادرکا,آخر_هفته,2026-09-16,2026-09-17,2,4,3000000,0,3000000,0,6000000,0,6000000,300000,2,4,ظرفیت پایه 2 نفر کمتر از 4 مهمان استخراج‌شده,استخراج شد,2026-09-08T18:42:01
3298804,کلبه سوئیسی در بابلکنار - کلاریکلا,کلاریکلا,وسط_هفته,2026-09-19,2026-09-20,2,4,3000000,0,3000000,0,6000000,0,6000000,500000,2,5,ظرفیت پایه 2 نفر کمتر از 4 مهمان استخراج‌شده,استخراج شد,2026-09-08T18:42:02
3298804,کلبه سوئیسی در بابلکنار - کلاریکلا,کلاریکلا,آخر_هفته,2026-09-16,2026-09-17,2,4,3200000,0,3500000,0,6700000,0,6700000,500000,2,5,ظرفیت پایه 2 نفر کمتر از 4 مهمان استخراج‌شده,استخراج شد,2026-09-08T18:42:02
3299010,کلبه چوبی با وان جکوزی,کاردرکلا,وسط_هفته,2026-09-19,2026-09-20,2,4,4000000,0,4000000,0,8000000,0,8000000,800000,2,4,ظرفیت پایه 2 نفر کمتر از 4 مهمان استخراج‌شده,استخراج شد,2026-09-08T18:42:04
3299010,کلبه چوبی با وان جکوزی,کاردرکلا,آخر_هفته,2026-09-16,2026-09-17,2,4,5000000,0,5000000,0,10000000,0,10000000,800000,2,4,ظرفیت پایه 2 نفر کمتر از 4 مهمان استخراج‌شده,استخراج شد,2026-09-08T18:42:04
3299029,کلبه چوبی در بابلکنار - سیادرکا - واحد ۳,سیادرکا,وسط_هفته,2026-09-19,2026-09-20,2,4,2200000,0,2200000,0,4400000,0,4400000,300000,2,3,ظرفیت پایه 2 نفر کمتر از 4 مهمان استخراج‌شده,استخراج شد,2026-09-08T18:42:06
3299029,کلبه چوبی در بابلکنار - سیادرکا - واحد ۳,سیادرکا,آخر_هفته,2026-09-16,2026-09-17,2,4,3000000,0,3000000,0,6000000,0,6000000,300000,2,3,ظرفیت پایه 2 نفر کمتر از 4 مهمان استخراج‌شده,استخراج شد,2026-09-08T18:42:06
3299360,کلبه سوئیسی در بابلکنار - آزارسی,بابلکنار,وسط_هفته,2026-09-19,2026-09-20,2,4,2500000,0,2500000,0,5000000,0,5000000,500000,2,5,ظرفیت پایه 2 نفر کمتر از 4 مهمان استخراج‌شده,استخراج شد,2026-09-08T18:42:09
3299360,کلبه سوئیسی در بابلکنار - آزارسی,بابلکنار,آخر_هفته,2026-09-16,2026-09-17,2,4,2500000,0,2500000,0,5000000,0,5000000,500000,2,5,ظرفیت پایه 2 نفر کمتر از 4 مهمان استخراج‌شده,استخراج شد,2026-09-08T18:42:09
3299674,کلبه سوئیسی جکوزی دار در بابلکنار - رییس کلا,بابلکنار,وسط_هفته,2026-09-19,2026-09-20,2,4,5000000,0,5000000,0,10000000,0,10000000,700000,2,4,ظرفیت پایه 2 نفر کمتر از 4 مهمان استخراج‌شده,استخراج شد,2026-09-08T18:42:11
3299674,کلبه سوئیسی جکوزی دار در بابلکنار - رییس کلا,بابلکنار,آخر_هفته,2026-09-16,2026-09-17,2,4,6500000,0,8000000,0,,,,700000,2,4,ظرفیت پایه 2 نفر کمتر از 4 مهمان استخراج‌شده,شب اول بسته؛ شب دوم بسته,2026-09-08T18:42:11
3299911,ویلا دوبلکس استخردار با طراحی چوبی در چهره,چهره,وسط_هفته,2026-09-19,2026-09-20,2,4,6500000,0,6500000,0,13000000,0,13000000,1000000,4,6,,استخراج شد,2026-09-08T18:42:13
3299911,ویلا دوبلکس استخردار با طراحی چوبی در چهره,چهره,آخر_هفته,2026-09-16,2026-09-17,2,4,7700000,0,7700000,0,15400000,0,15400000,1000000,4,6,,استخراج شد,2026-09-08T18:42:13
3299964,کلبه سوئیسی جکوزی دار,کاردرکلا,وسط_هفته,2026-09-19,2026-09-20,2,4,4000000,0,4000000,0,8000000,0,8000000,600000,2,4,ظرفیت پایه 2 نفر کمتر از 4 مهمان استخراج‌شده,استخراج شد,2026-09-08T18:42:14
3299964,کلبه سوئیسی جکوزی دار,کاردرکلا,آخر_هفته,2026-09-16,2026-09-17,2,4,4000000,0,4000000,0,8000000,0,8000000,600000,2,4,ظرفیت پایه 2 نفر کمتر از 4 مهمان استخراج‌شده,استخراج شد,2026-09-08T18:42:14
3300314,خانه دوبلکس استخردار در بابلکنار - شیردارکلا,شیردارکلا,وسط_هفته,2026-09-19,2026-09-20,2,4,3500000,0,3500000,0,7000000,0,7000000,200000,4,6,,استخراج شد,2026-09-08T18:42:16
3300314,خانه دوبلکس استخردار در بابلکنار - شیردارکلا,شیردارکلا,آخر_هفته,2026-09-16,2026-09-17,2,4,7500000,0,7500000,0,15000000,0,15000000,200000,4,6,,استخراج شد,2026-09-08T18:42:16
3300600,کلبه چوبی در درازکلا بابلکنار - هلیخال,درازکلا,وسط_هفته,2026-09-19,2026-09-20,2,4,1800000,0,1800000,0,3600000,0,3600000,0,2,2,ظرفیت پایه 2 نفر کمتر از 4 مهمان استخراج‌شده,استخراج شد,2026-09-08T18:42:18
3300600,کلبه چوبی در درازکلا بابلکنار - هلیخال,درازکلا,آخر_هفته,2026-09-16,2026-09-17,2,4,1850000,0,2000000,0,3850000,0,3850000,0,2,2,ظرفیت پایه 2 نفر کمتر از 4 مهمان استخراج‌شده,استخراج شد,2026-09-08T18:42:18
3301189,کلبه سوئیسی در بابلکنار - هلی خال,بابلکنار,وسط_هفته,2026-09-19,2026-09-20,2,4,2800000,0,2800000,0,5600000,0,5600000,350000,3,6,ظرفیت پایه 3 نفر کمتر از 4 مهمان استخراج‌شده,استخراج شد,2026-09-08T18:42:23
3301189,کلبه سوئیسی در بابلکنار - هلی خال,بابلکنار,آخر_هفته,2026-09-16,2026-09-17,2,4,3500000,0,3500000,0,7000000,0,7000000,350000,3,6,ظرفیت پایه 3 نفر کمتر از 4 مهمان استخراج‌شده,استخراج شد,2026-09-08T18:42:23
3302909,کلبه سوئیسی در درازکلا - ویارسره,درازکلا,وسط_هفته,2026-09-19,2026-09-20,2,4,2500000,0,2500000,0,5000000,0,5000000,300000,4,6,,استخراج شد,2026-09-08T18:42:30
3302909,کلبه سوئیسی در درازکلا - ویارسره,درازکلا,آخر_هفته,2026-09-16,2026-09-17,2,4,3000000,0,3000000,0,6000000,0,6000000,300000,4,6,,استخراج شد,2026-09-08T18:42:30
3303922,کلبه سوئیسی در بابلکنار - هلی خال,بابلکنار,وسط_هفته,2026-09-19,2026-09-20,2,4,2300000,0,2300000,0,,,,450000,2,4,ظرفیت پایه 2 نفر کمتر از 4 مهمان استخراج‌شده,شب اول بسته؛ شب دوم بسته,2026-09-08T18:42:35
3303922,کلبه سوئیسی در بابلکنار - هلی خال,بابلکنار,آخر_هفته,2026-09-16,2026-09-17,2,4,3000000,0,5000000,0,,,,450000,2,4,ظرفیت پایه 2 نفر کمتر از 4 مهمان استخراج‌شده,شب اول بسته؛ شب دوم بسته,2026-09-08T18:42:35
3304015,کلبه سوئیسی با استخر و جکوزی,شیردارکلا,وسط_هفته,2026-09-19,2026-09-20,2,4,10000000,0,10000000,0,20000000,0,20000000,800000,4,6,,استخراج شد,2026-09-08T18:42:37
3304015,کلبه سوئیسی با استخر و جکوزی,شیردارکلا,آخر_هفته,2026-09-16,2026-09-17,2,4,10000000,0,10000000,0,20000000,0,20000000,800000,4,6,,استخراج شد,2026-09-08T18:42:37
3304871,کلبه سوئیسی با ویو جنگلی,کاردرکلا,وسط_هفته,2026-09-19,2026-09-20,2,4,3500000,0,3500000,0,7000000,0,7000000,600000,2,4,ظرفیت پایه 2 نفر کمتر از 4 مهمان استخراج‌شده,استخراج شد,2026-09-08T18:42:40
3304871,کلبه سوئیسی با ویو جنگلی,کاردرکلا,آخر_هفته,2026-09-16,2026-09-17,2,4,4500000,0,4500000,0,,,,600000,2,4,ظرفیت پایه 2 نفر کمتر از 4 مهمان استخراج‌شده,شب اول بسته؛ شب دوم بسته,2026-09-08T18:42:40
3305398,کلبه سوئیسی با امکان سوارکاری در مرزیکلا,مرزیکلا,وسط_هفته,2026-09-19,2026-09-20,2,4,3500000,0,3500000,0,7000000,0,7000000,600000,4,6,,استخراج شد,2026-09-08T18:42:56
3305398,کلبه سوئیسی با امکان سوارکاری در مرزیکلا,مرزیکلا,آخر_هفته,2026-09-16,2026-09-17,2,4,4000000,0,4000000,0,8000000,0,8000000,600000,4,6,,استخراج شد,2026-09-08T18:42:56
3305556,کلبه سوئیسی استخردار در بابلکنار - سیدکلا,سیدکلا,وسط_هفته,2026-09-19,2026-09-20,2,4,7000000,0,7000000,0,14000000,0,14000000,800000,4,6,,استخراج شد,2026-09-08T18:42:58
3305556,کلبه سوئیسی استخردار در بابلکنار - سیدکلا,سیدکلا,آخر_هفته,2026-09-16,2026-09-17,2,4,8500000,0,8500000,0,,,,800000,4,6,,شب دوم بسته,2026-09-08T18:42:58
3305898,کلبه سوئیسی,شیردارکلا,وسط_هفته,2026-09-19,2026-09-20,2,4,4000000,0,4000000,0,8000000,0,8000000,5000000,4,4,,استخراج شد,2026-09-08T18:42:59
3305898,کلبه سوئیسی,شیردارکلا,آخر_هفته,2026-09-16,2026-09-17,2,4,4000000,0,4500000,0,8500000,0,8500000,5000000,4,4,,استخراج شد,2026-09-08T18:42:59
3306471,کلبه سوئیسی در بابلکنار - ممرزکن,ممرزکن,وسط_هفته,2026-09-19,2026-09-20,2,4,3500000,0,3500000,0,7000000,0,7000000,500000,2,4,ظرفیت پایه 2 نفر کمتر از 4 مهمان استخراج‌شده,استخراج شد,2026-09-08T18:43:03
3306471,کلبه سوئیسی در بابلکنار - ممرزکن,ممرزکن,آخر_هفته,2026-09-16,2026-09-17,2,4,4000000,0,4000000,0,8000000,0,8000000,500000,2,4,ظرفیت پایه 2 نفر کمتر از 4 مهمان استخراج‌شده,استخراج شد,2026-09-08T18:43:03
3306732,کلبه سوئیسی در مرزیکلا - رئیسکلا,مرزیکلا,وسط_هفته,2026-09-19,2026-09-20,2,4,2500000,0,2500000,0,5000000,0,5000000,300000,2,4,ظرفیت پایه 2 نفر کمتر از 4 مهمان استخراج‌شده,استخراج شد,2026-09-08T18:43:04
3306732,کلبه سوئیسی در مرزیکلا - رئیسکلا,مرزیکلا,آخر_هفته,2026-09-16,2026-09-17,2,4,2800000,0,2800000,0,5600000,0,5600000,300000,2,4,ظرفیت پایه 2 نفر کمتر از 4 مهمان استخراج‌شده,استخراج شد,2026-09-08T18:43:04
3307566,کلبه سوئیسی جکوزی دار در مرزیکلا,مرزیکلا,وسط_هفته,2026-09-19,2026-09-20,2,4,5000000,0,5000000,0,10000000,0,10000000,500000,4,6,,استخراج شد,2026-09-08T18:43:09
3307566,کلبه سوئیسی جکوزی دار در مرزیکلا,مرزیکلا,آخر_هفته,2026-09-16,2026-09-17,2,4,7000000,0,7000000,0,14000000,0,14000000,500000,4,6,,استخراج شد,2026-09-08T18:43:09
3307915,کلبه سوئیسی در بابلکنار - سیاه درکا,بابلکنار,وسط_هفته,2026-09-19,2026-09-20,2,4,4000000,0,4000000,0,8000000,0,8000000,600000,4,6,,استخراج شد,2026-09-08T18:43:10
3307915,کلبه سوئیسی در بابلکنار - سیاه درکا,بابلکنار,آخر_هفته,2026-09-16,2026-09-17,2,4,6000000,0,7500000,0,13500000,0,13500000,600000,4,6,,استخراج شد,2026-09-08T18:43:10
3308283,کلبه سوئیسی در بابلکنار - ممرزکن,ممرزکن,وسط_هفته,2026-09-19,2026-09-20,2,4,2700000,0,2700000,0,5400000,0,5400000,500000,2,6,ظرفیت پایه 2 نفر کمتر از 4 مهمان استخراج‌شده,استخراج شد,2026-09-08T18:43:13
3308283,کلبه سوئیسی در بابلکنار - ممرزکن,ممرزکن,آخر_هفته,2026-09-16,2026-09-17,2,4,3700000,0,3700000,0,7400000,0,7400000,500000,2,6,ظرفیت پایه 2 نفر کمتر از 4 مهمان استخراج‌شده,استخراج شد,2026-09-08T18:43:13
3308708,کلبه سوئیسی در بابلکنار - بالف کلا شرقی,بالفکلا,وسط_هفته,2026-09-19,2026-09-20,2,4,3000000,0,3000000,0,6000000,0,6000000,500000,4,4,,استخراج شد,2026-09-08T18:43:19
3308708,کلبه سوئیسی در بابلکنار - بالف کلا شرقی,بالفکلا,آخر_هفته,2026-09-16,2026-09-17,2,4,7000000,0,7000000,0,14000000,0,14000000,500000,4,4,,استخراج شد,2026-09-08T18:43:19
3308856,کلبه شیشه ای با وان جکوزی در بابلکنار - درازکلا,درازکلا,وسط_هفته,2026-09-19,2026-09-20,2,4,4230000,0,2250000,0,,,,350000,2,2,ظرفیت پایه 2 نفر کمتر از 4 مهمان استخراج‌شده,شب دوم بسته,2026-09-08T18:43:20
3308856,کلبه شیشه ای با وان جکوزی در بابلکنار - درازکلا,درازکلا,آخر_هفته,2026-09-16,2026-09-17,2,4,4230000,0,7500000,0,11730000,0,11730000,350000,2,2,ظرفیت پایه 2 نفر کمتر از 4 مهمان استخراج‌شده,استخراج شد,2026-09-08T18:43:20
3309125,کلبه سوئیسی با ویو زیبا در بابلکنار - بالف کلا,بالف کلا,وسط_هفته,2026-09-19,2026-09-20,2,4,5000000,0,5000000,0,10000000,0,10000000,500000,4,6,,استخراج شد,2026-09-08T18:43:22
3309125,کلبه سوئیسی با ویو زیبا در بابلکنار - بالف کلا,بالف کلا,آخر_هفته,2026-09-16,2026-09-17,2,4,8000000,0,8000000,0,16000000,0,16000000,500000,4,6,,استخراج شد,2026-09-08T18:43:22
3310486,کلبه سوئیسی,سیدکلا,وسط_هفته,2026-09-19,2026-09-20,2,4,3000000,20,3000000,20,6000000,1200000,4800000,700000,2,6,ظرفیت پایه 2 نفر کمتر از 4 مهمان استخراج‌شده,استخراج شد,2026-09-08T18:43:24
3310486,کلبه سوئیسی,سیدکلا,آخر_هفته,2026-09-16,2026-09-17,2,4,4000000,20,4000000,20,8000000,1600000,6400000,700000,2,6,ظرفیت پایه 2 نفر کمتر از 4 مهمان استخراج‌شده,استخراج شد,2026-09-08T18:43:24
