شناسه_اقامتگاه,تاریخ_نظر,امتیاز,متن_نظر,پاسخ_میزبان,تاریخ_پاسخ_میزبان,منبع
3146451,2024-12-25,5,میزبان خوب و خوش اخلاقی بود و کلبه هم تمیز و مرتب بود، فقط تخت خواب خشکی داشت که به خود میزبانم گفتیم فکری به حال بکنن,,,api
3146451,2025-03-19,5,"یکی از بهترین ویلاهایی که رفتیم و خاطره خوبی برامون شد.
میزبان خیلی خوش برخورد بودن، لوکیشن خوب بود، ما راضی بودیم
امتیاز کامل میدم.","سلام
از لطف واعتماد شما سپاسگزارم",2025-03-19,api
3146451,2025-03-24,5,"اول از همه از آقای {...} عزیز قدردانی و تشکر میکنم بابت کلبه ی خوش منظره و تمیزشون دوم از برخورد و مهمان نوازی عالیشون 
همه چی بی نقص و خوب بود پیشنهاد میدم حتما برای یکبار هم که شده کلبه های اقای {...} رو انتخاب کنید پشیمون نمیشید🔥","سلام
از ابراز لطف جنابعالی صمیمانه سپاسگزارم",2025-03-24,api
3146451,2025-04-23,5,"اخلاق بسیار خوب میزبان
 محیط امن با ویو دیدنی شالیزار 
محیط سرسبز با صدای پرندگان شب خوبی رو برای ما رقم زد که توی خاطرمون میمونه حتما پیشنهاد میکنم شما هم انتخاب کنید و لذت ببرید","سلام
سپاس بیکران",2025-04-23,api
3146451,2025-04-28,5,"میزبان بسیار انسان محترم و شریف و مهمان‌نوازی هستند،
شرایط اقامتگاه کاملا خوب بود
محوطه بسیار دلنشین و زیبایی دارد
و همچنین اقامتگاه امنیت بسیار خوبی دارد
باتشکر از میزبان گرامی",,,api
3146451,2025-05-14,5,از همه نظر عالی بود,"سلام
ممنون از حسن اعتماد شما",2025-05-14,api
3146451,2025-05-27,4.8,"آقای پیروزه مسئول اقامتگاه بسیار خوش برخورد و مهربان و مهمان نواز بودن.
تصاویر کلبه با واقعیت کاملا همخوانی داشت و از نزدیک و داخل کلبه مخصوصا طبقه دوم منظره و طبیعت بسیار زیباتر از عکس‌هاست.
نمای طبقه دوم روبه شالیزار و شبیه کارت پستاله.
هر دو طبقه اسپیلت داره و یک بخاری هم در طبقه پایین هست که ما کم استفاده کردیم.
فشار آب خیلی زیاده و کوچکترین مشکلی بابت آب ندارید.
پکیج بیرون ساختمونه و آب رو خوب گرم می‌کنه.
جای پارک نزدیک کلبه کمی سخته، چون باید برای ماشین کلبه کناری هم جا بذارید، اما اذیت کننده نیست.
کلبه‌ها طوری کنار هم هستند که حریم شخصی رعایت میشه و این خیلی حس خوبی به ساکنین میده.
سوپرمارکت و سایر اقلام رو با خروج از اقامتگاه و حدود چند کیلومتر رانندگی می‌تونید تهیه کنید.
ظروف پخت و پز کمه، اما کار راه‌اندازه.
یخچال کوچیکه و فریزر خوبی داره.
در کل با توجه به قیمت و تجربه‌ای که ما با خانواده (دو تا بچه کوچک + والدین) داشتیم، لذت‌بخش‌ بود و این کلبه زیبا رو توصیه می‌کنم.","سلام
ازحسن اعتماد شما به جاجیگا و باغ ملک متشکرم",2025-05-27,api
3146451,2025-05-30,5,من امتیاز کامل دادم,"سلام
سپاس از اعتماد شما",2025-05-30,api
3146451,2025-06-04,5,"سلام
جای خیلی عالی و تمیز هس. تشکر از آقای فتح علی",🙏🙏🙏,2025-06-04,api
3146451,2025-06-10,5,من امتیاز کامل دادم,"سلام
سپاس از اعتماد شما",2025-06-10,api
3146451,2025-06-11,5,من امتیاز کامل دادم,🙏🙏🙏🙏,2025-06-11,api
3146451,2025-07-20,5,"میزبان اقامتگاه انسان بسیار متعهد، خوش برخورد و مهمان نوازی بودند و هر چه آتچه را نیاز داشتیم برای ما مهیا مینمودند،بنده به نوبه ی خود از ایشان بسیار سپاسگزارم ،کلبه ی بسیار زیبا با معماری خاص و ویوی بسیار عالی بود 
حضوردائمی میزبان محترم و برادر محترمشان در آنجا موجب امنیت مسافر و دلگرمی ایشان بود درکل تجربه ی عالی بود از جاجیگا و میزبان محترم و مجموعه زحمتکش ایشان سپاسگزارم .","سلام شب بخیر
از ابراز لطف شما صمیمانه سپاسگزارم
به امید میزبانی مجدد",2025-07-20,api
3146451,2025-08-13,4.7,همه چیز خوب بود و کاملا راضی بودیم.، اما ویو و منظره به اندازه تصاویر قشنگ نبود به نظرم اون زمانی که رفتیم.,,,api
3146451,2025-08-19,4.7,"باتشکر از میزبان محترم ، کلبه دنج با مناظر بسیار قشنگی بود و ازنظر تمیزی همه چیزعالی بود فقط سرویس خواب تمیز نبود 
ولی در کل خوب بود و حتما درسفر بعدی انتخابم خواهد بود",,,api
3146451,2025-08-22,4.5,بسیار جای دیدنی و زیبایی بود  کلبه زیبا بود برخورد میزبان عالی بود ازشون تشکر میکنم پیگیری و اقدام برای راحتی مهمان عالی بود تنها ایراد فقط سفتی تشک ها بود,,,api
3146451,2025-08-27,5,میزبان اقای فتحعلی بسیار خوش برخورد و اقامتگاه بسیار مرتب بود,"سلام
از لطف شما سپاسگزارم",2025-08-27,api
3146451,2025-09-01,5,من امتیاز کامل دادم,,,api
3146451,2025-09-03,5,"سلام درود 
واقعا کلبه تمیز و منظمی بود بنده به شخصه لذت بردم ممنونم از میزبان محترم🤍",,,api
3146451,2025-09-05,4.3,کلبه زیبایی هست و جانسون دارای منظره زیبائیه ، رفتارشون مهمانواز و مودب و دوستانه هست، سعی کردم خواسته هامون رو درحد بضاعت و دراسرع وقت اجابت کنند ، جای ساکتی هست ، اما فقط دو تاعیب بنظر من بزرگ داره 1-تشک خوش خواب ندارم و ملکه کمردرد داشتیم واقعا اذیت شدیم ، 2 برای حمام صفحه ای روی دستشویی قرار نمیگیره آدم استرس داره نکنه چیزی بره توی چاه دستشویی ، واینکه توی دستشویی یه قسمت جلوی درب ورودی آب جمع میشه و خیلی باید مواظب باشی ترشح نشه بهت ، و پیشنهاد میکنم جارختی ایستاده تهیه بشه که شلوارولباس بیرون بهش آویز بشه ، یکی داشت اما روی میله پرده آویخته شده بود جون نداشت که تحمل وزن بکنه، درکل بسیار سفرخوبی رو دارین کلبه داشتیم  توصیه میکنم استفاده کنید حتما به خصوص اون منظره طبقه بالاش که من دوستش داشتم,,,api
3146451,2025-09-12,5,عالیییییییی,,,api
3146451,2025-09-14,5,فوق العاده بود حتما پیشنهاد میکنم,,,api
3146451,2025-09-22,3.3,"پتو ها خیلی تمیز نبودن
میزبان خیلی حوصله نداشتن",,,api
3146451,2025-09-23,4,برخورد میزبان عالی  ،از نظر نظافت  معمولی  بود ،و اگه به صدای  خودرو حساس هستید اصلا پیشنهاد نمی کنم ،چون امکان خواب عمیق وجود نداره,,,api
3146451,2025-09-26,5,من امتیاز کامل دادم,,,api
3146451,2025-09-29,4.8,فضای خوب و عالی با ویوی زیبا .همینطور احترام به مسافر و اخلاق زیبا ی میزبان.یکی از بهترین های این سفر برام بوده,,,api
3146451,2025-10-16,5,"برخورد میزبان خیلی خوب بود 
همه چیز عالی",,,api
3146451,2025-10-22,5,اقامت تو این کلبه عالی بود، دنج و تو دل طبیعت! آقای فتحعلی میزبان باحالی بود، با خوشامد گرم و همه چی روبراه. کلبه تمیز، آشپزخونه کامل، تراس رو به جنگل و موقعیت سوپر نزدیک پیاده‌روی و رودخونه. بدون شک برید، پشیمون نمی‌شید. مرسی آقای فتحعلی؛ برمی‌گردیم!,"سلام
سپاس از اعتماد شما دوست عزیز",2025-10-22,api
3146451,2025-11-04,3.2,لب جاده  بود  شیشه هام دو جداره نبود اصلا امکان استراحت نبود مخصوصا شب ها همه اش صدای ماشین و موتور و کامیون  رفت و آمد سنجاب و خرگوش و روی شیروانی خواب نذاشت برامون نه کمد داشت نه دراور نه اینه  نه مبل نه توالت فرنگی  البته مبلغ اجاره  خیلی نبود ولی نداشتن امکانات اولیه توجیه نداره تخت هام خوشخواب نداشت فقط تشک بود  حتما باید ملحفه داشته باشید چون متکا ها هم رو بالشتی نداشت  کف طبقه دوم هم چون چوب بود نمی شد شب رویش راه بروی  بس که جیر جیر می کرد کلا نیابد جای ارزون اجاره کرد پول بیشتری بده عوضش راحت باش فقط ممنون از میزبان دست و دلباز و خوش رو ولی منظره دشت روبرو عالی بود انشاله میزبان مشکلات برطرف کند,,,api
3146451,2025-11-08,5,رفتار محترام خیلی عالی,,,api
3146451,2025-11-12,4.7,همه چیز خوب بود,,,api
3146451,2025-11-19,4.8,"اقامت گاه خوب و تمیزی بود ویو قشنگی داشت 
پیشنهاد میشه به مسافران",,,api
3146451,2025-11-27,5,مسئول بسیار با شخصیت و با محبت بود.,,,api
3146451,2026-01-07,5,من امتیاز کامل دادم,,,api
3146451,2026-01-13,5,همه چیز خوب و مورد تایید بود رضایت داشتیم با تشکر,,,api
3146451,2026-01-30,5,من امتیاز کامل دادم,🙏💞🙏,2026-01-30,api
3146451,2026-03-20,5,من امتیاز کامل دادم,,,api
3146451,2026-04-02,5,همه چیز عالی بود. رفتار میزبان بسیار محترمانه، فضای بسیار زیبا و تمیز و در مجموع عالی بود,,,api
3146451,2026-04-05,4.8,"همه چی خصوصا نظافت عالی بود ‌کلبه ها میون درختهای نارنج هستن و بوی شوکوفه های نارنج واقعا بهشتی بود 
ممنون از آقای پیروزه و برادر محترمشون و دختر گلشون 
تنها نکته نزدیک بودن کلبه ب خیابون اصلیه ک صدای تردد ماشینها شنیده میشه
بازم ممنون",سپاس از لطف شما,2026-04-05,api
3146451,2026-04-15,5,من امتیاز کامل دادم,"سلام
سپاس از اعتماد شما",2026-04-15,api
3146451,2026-05-02,4.8,تر تمیز بود و برخورد خوبیم داشتن فقط موقعیت مکانیش زیاد جالب نبود,,,api
3146451,2026-05-14,,صاحب خانه خانواده محترمی بودند ولی در ورودی پرده نداشت و حس امنیت نداشت و برای ما ملحفه گذاشته بودند ولی فرش ها کثیف بود و کلبه ته یه باغ بود خفه ودلگیر بود وکلا اگر کسی به نظافت و باصفا بودن مکان اهمیت میده این جا مکان مناسبی نیست,,,api
3146451,2026-05-22,5,میزبان بسیار محترم هستند و همه چیز مطابق توضیحات بود,"سلام
سپاس از اعتماد شما مهمان گرانقدر",2026-05-22,api
3146451,2026-06-28,5,"لوکیشن فوق العاده
من حدود 2 سال قبل هم از مجموعه ایشون یه کلبه چوبی اقامت داشتم
این بار هم با مهمونمون اومدیم واقعا لذت بردیم و جلوی مهمون سرافراز شدیم
خودشونم خوش برخورد هستن و کلا همه چی عااااالی
من میتونم چند گزینه ی دیگه هم به ستاره ها اضافه کنم...، علاوه بر مواد غذایی دسترسی به همه ی مایحتاجتون، حتی پمپ بنزین و گاز
هر دو طبقه کولر گازی داره
خیلی مرتب و تمیز همه چی میزبان محترم آماده کردن
مایع ظرفشویی، دستشویی، دستمال کاغذی، دستمال توالت.... حرف نداره
ممنون از میزبان محترم و جاجیگا",💓🙏💓,2026-06-28,api
3146451,2026-07-01,4.8,میزبان بسیار محترم، بدون توقع ویلا رو چند ساعت زودتر تخویل دادند، محیط ارام ث با امنیت بالا، در کل به غیر از صدای رفت و امد ماشینها به دلیل موقعیت مکانی ملک همه چیز عالی بود.,"سلام
سپاس از لطف شما",2026-07-01,api
3146451,2026-07-05,5,همه چی عالی سپاسگذارم,,,api
3146451,2026-07-06,5,من امتیاز کامل دادم,,,api
3146451,2026-07-15,4.8,تشکر ویژه از جناب اقای فتحعلی اولا بابت برخورد بسیار خوب ایشان دوما بابت کبله زیبا ایشان همه چیز عالی بود,"سلام
ممنونم از بزرگواری شما",2026-07-15,api
3146451,2026-08-06,5,واقعا همه چیز عالی بود . کولر ها روشن . داخل کلبه,,,api
3146451,2026-08-14,5,درود. تشکر فراوان از میزبان گرامی، جناب فتحعلی عزیز. خیلی خوش برخورد و گرم و مهربان. ویو کلبه،عالی. نسبت به هزینه ای که پرداخت میکنید همه چی تمومه خلاصه. عالی بود. متشکرم. 🙏🌹,"سلام
سپاس فراوان",2026-08-14,api
3146451,2026-09-03,5,"اقا فتحعلی مشتی و مهمون نواز 
کلبه تمیز و حیاط پر از درخت ویو جنگل","سلام
سپاس از لطف شما",2026-09-03,api
3148363,2024-11-13,5,واقعا عالی بود. میزبان هم خیلی محترم بودن .,,,api
3148363,2024-11-29,5,عالی بود، میزبانم خیلی مهمان نواز بودن,,,api
3148363,2024-12-04,5,از همه نظر عالی،یه باغ زیبا پرتقال و برخورد میزبان بسیار خوب بود،امنیت جا برای خانواده خیلی خوبه ،ویو خیلی جذابی هم داره👌🏻,,,api
3148363,2025-01-13,4.3,سلام ،همه چیز عالی بود فقط تخت دو نفره برای دونفر کمی کوچک بود,,,api
3148363,2025-03-20,3.7,"علی رغم حسن برخورد صاحب اقامتگاه که جای تشکر دارد.
متاسفانه نکات ذیل مشهود بود:
کف کلبه و فرش داخل بسیار کثیف بود. یخچال خراب بود و وسایل ها که بالای یخچال گذاشتیم اب شد و از یخچال آب می آمد بیرون.
بالای سقف و زیر شیربونی شب ها و موقع استراحت موش با سروصدای زیادی رد میشد که فوق العاده ازار دهنده بود.
منقل کلبه پایینی نزدیک درب کلبه بود که زمان استفاده همسایه‌ دقیقا دود داخل واحد می اومد.
فواید:
نزدیک بودن به روستا البته با ماشین 
آرامش
محیط مشجر و ویوو عالی.
برخورد صاحب اقامتگاه خوب.",,,api
3148363,2025-03-26,5,عاااالی,,,api
3148363,2025-03-28,2.8,صدای ماشین خیلی زیاد بود و آزاردهنده بود واقعا,,,api
3148363,2025-03-31,4.7,"با درود به سایت و میزبان عزیز 
بر خورد خوب ومحترمانه میزبان و ودست و دلبازی،آقای فتحعلی و تمیزی و امنیت کامل 
مثال زدنیه،بنده خیلی راضی بودم",,,api
3148363,2025-04-02,5,من امتیاز کامل دادم,,,api
3148363,2025-04-07,5,همه چی عالی بود و میزبال بسیار خوش برخورد,,,api
3148363,2025-04-16,5,ممنون از آقای فتحلی,💞🙏💕,2025-04-16,api
3148363,2025-04-17,5,من امتیاز کامل دادم,"سلام
لطف فرمودین",2025-04-17,api
3148363,2025-05-14,3.2,"این موارد تجربه من هست :
1.شب خیلی صدا میومد از زیر شیروانی (راه رفتن کبوتر یا موش نمی‌دونم ...)
2.ورودی شیب تندی داشت
3.فقط دوتا از سوئیت ها ویو خوبی داشتن بقیه به منظره دید ندارن ولی محوطه اونجا هم زیباست.
4.خوب بود که زودتر از موعد تحویل دادن
5.بوی بد سرویس بهداشتی آزار دهنده بود
6.دقت کنید که اون دریاچه ای که تو عکسه داخل محوطه نیست و نیم ساعت حدودا فاصله داره 
7.تخت ها هم تشک راحت ندارن و خشک هستن
8.آب گرم و برق و گاز و وسایل اشپزی موجود هست 
(در کل اگر رو موارد بالا حساس نیستید گزینه بدی نیست)",,,api
3148363,2025-05-21,4.3,همه چیز خوب بود .تمیز بود .برخورد میزبان عالی بود .مسیر تا کلبه خوب بود درکل  خوب بود و  طبق عکسی ک هست بود,🙏🙏🙏,2025-05-21,api
3148363,2025-06-03,4.2,با سلام محیطی اروم و با صفایی داره برای دو نفره رفتن مناسبه,,,api
3148363,2025-06-10,,برخورد میزبان خوب بود ولی ایراداتش اول اینکه چندتا کلبه هست شانس شما بزنه و کدوم کلبه باشه خدا میدونه ایرادات کلبه بعصیاش ویو نداره ینی پنجره کلبه ها رو به هم هست اونایی ک ویو هم داره یا صدای موتور خونه اذییت میکنه یا صدای جاده و ماشین سنگین  ایراد بعدی اینکه شب پر پشه هست به حدی ک اثلا تو تراس یک ثانیه نمیشه موند و حیوونایی ک شبا رو شیروونی راه میرن ک معلوم نیس موش یا چیز دیگه ،تخت سفت ک کمردرد میگیره ادم ،سرویس هواکش نداره فرش ها و میزها اصلا تمیز نبود ،شیب ورودی  تیز,,,api
3148363,2025-06-10,5,ما 2شب در این اقامتگاه بودیم از نظر نظافت قابل قبول بود هم,,,api
3148363,2025-06-12,4.7,"بنده خدامیزبان تا ساعت 3 منتظر ما بودن 
وقتی هم ک رسیدیم تو کوچه بودن ماروشرمنده کردن 
همه چی خوب بود",,,api
3148363,2025-08-06,5,همه چیز خوب بود و کاملا راضی بودیم.,,,api
3148363,2025-08-09,5,اقا سپاس از پذیرایی بینظیرتون….واقعا همه چی عالی …عجیب پیشنهاد میشه,🙏💕💞🙏🙏,2025-08-09,api
3148363,2025-08-26,5,"همه چیز عالی بود 
خاطره ی قشنگی شد
ممنونم از میزبان مهربان",,,api
3148363,2025-08-29,5,همه چیز عالی بود ممنون از میزبان,,,api
3148363,2025-08-31,5,ممنون از برخورد خوب میزبان ما یک شب اقامت داشتیم و همه چیز خوب بود,,,api
3148363,2025-09-02,5,سپاس از تیم جاجیکا و جناب فتحعلی پیروزه مالک محترم، اقامت بینظیر.ارامبخش. کلبه بسیار پاکیزه و قیمت بسیار عالی محیط و محلی های عزیز بسیار خوب و خوش برخورد,,,api
3148363,2025-09-06,4.7,میزبان بسیار خوش‌ برخورد ،نظافت اقامتگاه واقعا خوب بود موقعیت مکانی خوب ،تقریبا همه چیز خوب بود,,,api
3148363,2025-09-09,5,"سلام و عرض ادب،میزبان بی نظیر،موقعیت مکانی عالی به طوری که انتخاب همیشگی ما شد،ویوو نگم براتون عالی بی نظیر،دسترسی به مکان های دیدنی بی نظیر،منطقه خوش و آب و هوا و جنگلی بدون حتی یک حشره مزاحم،بازم ممنون از میزبان با اخلاق و با انصاف
اینم بگم بهترین قیمت و ارزنده ترین کلبه
حتما برید قول میدم لذت ببرید",,,api
3148363,2025-09-14,5,"همه چی خوب بود میزبان عالی 
 فقط اگر برای تخت ها از تشک استفاده می شد بهتر بود",,,api
3148363,2025-09-23,5,من امتیاز کامل دادم,,,api
3148363,2025-09-23,3,با سلام تخت‌ها بدون تشکر طبی بود فقط پتو انداخته بودن خیلی سر و صدا داشتن.بخاطر نزدیکی به جاده سر وصدای زیادی رو تا صبح باید تحمل میکردیم.با تشکر,,,api
3148363,2025-10-03,5,"میزبان جناب آقای پیروزه بسیار خوش برخورد و با شخصیت هستن موقعیت مناسب و همه گونه امکانات در نزدیکی واحد موجوده و منظره واحد بسیار زیبا و دیدنی امکانات ویلا متناسب با قیمت می باشد
پیشنهاد میکنم به خاطر کوچکی واحدها در سرویس های بهداشتی فن خروجی نصب بشه که بوی بد به مشام نیاد",,,api
3148363,2025-10-29,4.3,ساعت 7 شب چرا باید صدای موزیک قطع بشه ؟,طبق مقررات اقامتگاه موزیک ممنوع,2025-10-29,api
3148363,2025-10-30,4.8,"یکی از بهترین اقامتگاه هایی که میشد انتخاب کرد همینجا بود
میزبان بسیار محترم و خوش اخلاق، کلبه ی مرتب، و ویو عالی
از هر نظر عالی بود و قطعا دوباره به اینجا سر میزنیم",,,api
3148363,2025-11-26,4.3,میزبان بسیار خوش برخورد بودن  و رفتار محترمانه داشتن اقامتگاه از نظر موقعیت بسیار عالی بود,,,api
3148363,2026-03-24,4.7,سلام ممنون از میزبانی اقای پیروزه با برخورد بسیار خوبشون,,,api
3148363,2026-04-03,5,همه چیز عالی. ممنون از میزبان عزیز,,,api
3148363,2026-04-05,2.8,این محیط حاوی چند سوئیت است که فقط ویو یکی از سوئیت ها با عکس مطابقت دارد. به نظرم هزینه سایر سوئیت ها باید کمتر باشد.,,,api
3148363,2026-05-19,5,"همه چیز عالی و خیلی خوش گذشت
ممنون از مهربانی و همکاری بسیار میزبان
بلاشک باز هم میهمان این میزبان خوش مشرب خواهیم شد",🙏🙏🙏,2026-05-19,api
3148363,2026-06-04,5,جای خوبی بود امنیت تمیزی  امکانات مناسبی هم نسبت به قیمت داشت,,,api
3148363,2026-06-07,5,"با سلام خدمت شما،ویو عالی ، دسترسی‌ها اعم از سوپرمارکت ،نانوایی و ...آسان،کلبه بسیار تمیز،برخورد میزبان جناب پیروزه بسیار خوب
توصیه میکنم حتما رزرو کنید.
فاضل از مشهد",سلامتز بذل محبت شما سپاسگزارم,2026-06-07,api
3148363,2026-06-16,5,من امتیاز کامل دادم,"سلام
سپاس از اعتماد شما",2026-06-16,api
3148363,2026-07-04,4.8,ویو خوبی داشت تقریبا تمیز بود فقط وسایل اشپزی کم بود ولی در کل خوب بود,,,api
3148363,2026-07-06,5,من امتیاز کامل دادم,,,api
3148363,2026-07-14,5,"دومین بار هست که به این اقامتگاه می‌رویم
خیلی خوب و عالی هست ممنونم از میزبان محترم","سلام
از انتخاب واعتماد شما به باغ ملک و جاجیگا سپاسگزارم",2026-07-14,api
3148363,2026-08-05,5,با توجه به قیمت همه چیز عالی بود مخصوصا برخورد میزبان با مهمانان و اینکه موقعیت مکانی و دسترسی به همه چیز عالی بود,"سلام
سپاس از محبت شما",2026-08-05,api
3148363,2026-08-09,3.8,"سلام 
بسیار تمیز اما گرم کولر مشکل داشت",,,api
3148363,2026-08-10,4.3,در موارد ذکر شده در مورد اقامتگاه موجود بودن وای فای رایگان بود که به گفته میزبان وای فای قطع بود.,,,api
3148363,2026-08-25,3.3,رضایت نسبی بود ازلوکیشن نکته ای که بود این بود رودخانه داخل عکس فاصله اش زیاد هست و 500 متر نیست و مسیر رفتن رودخانه پیاده ممکن نیست چون باید از کنار جاده  از داخل علف بری که ماشین ها با سرعت صد تا رفت و آمد می کنن .سوپر و نانوایی هم که حدود 2و 3 کیلومتر فاصله داشت .اونجا اسنپ هم پیدا نمیشه یه شماره آژانس خودشون دادن که بسیار قیمت هاش بالاتر بود حتی به همون راضی بودیم آژانس ماشینش خراب بود .طوری که مجبور شدیم برای همین رودخانه داخل عکس پشت وانت پر خاک  و مصالح میزبان بشیم که یه رودخانه بریم .قعطی برق و آب هم بود البته درسته دست میزبان نیست ولی خب این جور جاها مثل هتل ها باید موتور برق و پمپ اباد باشه چون مجموعه بود پشه های شمال هم که معروف هستن اونجا هم داخل باغ بود بسیار بیشتر بود .,,,api
3148363,2026-08-30,3,سلام لطفا از مسیری که از خیابان اصلی تا محل پارک خودرو تو آگهی بگید عکس بزارند مجموعه دقیقا چسبیده به خیابان اصلی بود با شیب خیلی زیاد یعنی شما باید سرعت رو به شدت کاهش بدی ی مقدار دور برداری بعد با سرعت بالا شیب زیاد بری بالا محل پارک دو تا خوردو کنار هم بود ماشین من همش میخورد به شاخ برگ درختان هزار پا هم که اومده بود داخل یک پاشی بشه فقط تو آگهی ها از محاسن اغراق میشه ولی معایب توضیحی ندارن هیچ اگهی,,,api
3148363,2026-09-01,2.8,اقامتگاه تحویل داده شده با تصویر مغایرت کامل را داشت ، و میزبان گفتند که ما بهترینش رو بارگذاری کردیم در سایت !!!! این یعنی چی واقعا ؟؟؟,,,api
3148363,2026-09-03,4.5,کلبه از نظر ظاهری تمیز و مرتب و میزبان برخورد بسیار خوبی داشتند موقعیت مکانی خوب بود فقط عکس های کلبه کمی فرق داشت,💞🙏,2026-09-03,api
3157431,2025-05-29,4.5,میزبان ادم بسیار محترمی هستن اقامتگاه رو زود تر از ساعت تحویل دادن ویو روبرومون به شدت زیباست در کل همه چیز خوب بود و برای اقامت پیشنهاد میکنم,"سلام
از انتخاب شما سپاسگزارم",2025-05-29,api
3157431,2025-06-03,4.8,سلام ممنون از میزبان محترم همه چیز عالی بود,,,api
3157431,2025-06-03,5,آقای فتحعلی انسان شریف و مهمان نوازی بودند و همه چیز خوب بود فقط چند مورد جزیی وجود داشت یکی اینکه در شیشه ای بالکن واحدی که ما در آن بودیم صدای دلخراشی داشت موقع باز و بسته شدن که خواهش میکنم تعمییر کنند و دیگری اینکه تشک ها بسیار سفت و نازک بودند بهتر یه بررسی بفرمایند و سوم اینکه ورودی باغ ملک از لب جاده است به نظرم یه کم ورود و خروج خطرناک باشه بهتر یه آینه محدب لب ورودی بگذارند در کل ویو عالی فضا عالی یکی از بهترین سفرهایی بود که بنده داشتم حتما به همه پیشنهاد میکنم اقامت در این اقامتگاه دوست داشتنی رو,,,api
3157431,2025-06-11,5,عالی بود,,,api
3157431,2025-06-11,4.5,"سلام.
اقامتگاه از نظر تمیزی خوب بود
اما صرفا به چشم خوابگاه باید در نظر بگیرید چون محیط خیلی کوچیکیه و امکاناتی ندارد
البته موقع خواب هم سر صدا موش و‌گربه ها روی سقف خیلی زیاد بود که بخاطر اینکه اقامتکاه در باغ واقع شده فکر میکنم طبیعیه
در کل قیمت نسبت به امکانات به نظر بالاست.
ممنون از میزبان",,,api
3157431,2025-06-14,4.7,میزبان ( آقای پیروزه) مردی بسیار خوش اخلاق و محترم و با دقت هستن که به طور کامل در محل اقامتگاه حضور دارند و نیاز شمارو برطرف می کنند. فضا و منظره داخل بالکن عالی سرویس بهداشتی تمیز اشپزخونه داخل واحد های فلت( بدون اتاق) وجود دارد و تمیز مرتب است.نسبت قیمت به موقعیت و دسترسی به فروشگاه ها خیلی خوب بود. «کلام آخر: متاسفانه در ایام جنگ تحمیلی خرداد ماه ، ما مجبور به ترک خانه و زندگی شدیم که البته این اقامتگاه و میزبان، مقداری بر رنج وارد شده مرحم گذاشت»,,,api
3157431,2025-06-16,4.8,محلی زیبا با دسترسی خوب به پمپ بنزنین و شهر‌نزدیک آن برای خرید مایحتاج و امکانات داخلی کامل و امنیت عالی و‌حضور میزبان در نزدیکی کلبه ها برای خدمات بهتر,,,api
3157431,2025-06-16,5,"مجموعه‌ای بسیار زیبا و خوش‌هوا
سوئیت تمیز و وسایل آشپزخانه تمیز و کامل
اگر در شرایط غیرجنگی بودیم بیشتر لذت می‌بردیم ولی حیف که شرایط جنگی ایران اجازه نداد در آرامش و سکوت لذت ببریم
یک پیشنهاد به مالک داشتم اینکه تشک‌های تخت‌ها یه مقدار سفت بود، بهتر میشه که تعویض بشوند",,,api
3157431,2025-07-02,5,"ویو کلبه عالی امکانات کلبه خوب بسیار تمیز بود برخورد میزبان بسیار محترمانه قیمت مناسب 
به شدت توصیه میشه و حتما تو سفرهای بعدی هم رزرو میکنم",,,api
3157431,2025-07-03,3.8,"سلام
ضمن تشکر از میزبان باید عرض کنم که کلا نمره قبولی می‌گیره، محیط عالی بود 
ولی امکانات می‌تونست بهتر باشه ‌که برای بهبود، مواردی رو در واحدی که ما بودیم، عرض می‌کنم:
1) ظروف تفلون تقریبا فرسوده است
2) تشک نازک است و گویی روی چوب خوابیدی
3) با توجه به کهنگی ملحفه‌ها از نظافت نمی‌شه اطمینان داشت. 
4) چاه‌بست مستراح فیکس نبود و موجب ورود حشرات و سختی نظافت بود
5) برخی واحدها تعدادی پله می‌خوره که خوبه به نحو مناسبی قبل از رزرو برای میهمان مشخص باشه 
6) مبل مستقر در بالکن گرچه قابل استفاده است ولی فرسوده بود، پیشنهاد می‌کنم بجاش میز و صندلی ناهارخوری 4 نفره گذاشته بشه که لذت وعده‌های غذایی رو چند برابر می‌کنه.
7) با توجه به اینکه برخی میهمانان به دلایل مختلف ممکنه در ساعت غیرمتعارفی برسند، خوبه ملاطفت بیشتری برای پذیرش آنها صورت بگیره.
در خاتمه باید عرض کنم مواردی که نوشتم برای رفع ایرادات و بهبود است وگرنه خودم مجددا آنجا رو در سفرهای بعدی‌ انتخاب می‌کنم.
مجددا از میزبان بابت فضا و امکانات خوبی که تهیه کردند و به قیمت مناسب در اختیار میهمانان قرار می‌دهند، سپاسگزارم 🌹🙏",,,api
3157431,2025-07-08,5,عالی,,,api
3157431,2025-07-09,4.7,خیلی عالی با اینکه کوچیک بود ولی حس خوبی داشت و‌ منظره هم عالی بود، میزبان اقای پیروزه هم با شخصیت و با نظم بودن. بازم ممنون,,,api
3157431,2025-07-23,4,همه چیز عالی و تمیز و خوب و لوکیشن عالی و ارامش زیاد,,,api
3157431,2025-08-03,5,خیلی قشنگ بود,,,api
3157431,2025-08-06,4.8,میزبان انسان شریفی بود جای کلبه خیلی بکر بود نزدیک سد لفور طبیعت بکر سواد کوه تمیزی اقامتگاه عالی بود,💞💕💕❄️,2025-08-06,api
3157431,2025-08-11,5,همه چیز خوب بود و کاملا راضی بودیم.,,,api
3157431,2025-08-17,4,"تشک تخت ها سفت بود 
آب حمام گاهی اوقات سرد می شد",,,api
3157431,2025-08-20,4.8,کلبه خوبی بود و ما راضی بودیم از کلیتش اما تخت خوابش یکم مشکل داشت و روش تشک خوش خواب نذاشته بودن و ما روی زمین خوابیدیم، به جز این مشکل دیگه ای نبود,,,api
3157431,2025-08-24,5,میزبان بسیار انسان با شخصیت و قابل احترامی بودن همیشه در دسترس بودن موقعیت و امکانات عالی همیشه موفق باشند,,,api
3157431,2025-08-31,4.7,اقامتگاه خیلی زیبا و تمیز بود،امکانات اولیه کافی بود،میزبان بسیار خوش برخورد و مهربان بودن،بالکن برای عکاسی عالی بود فقط اگه پرده ها شسته بشه عالی نر میشه.,,,api
3157431,2025-09-02,5,"سلام ارادت 
خیلی ممنونم همه چیز عالی بود کلبه تمیز و بدون حشره بود مرسی از میزبان محترم 🤍",,,api
3157431,2025-09-04,5,"باسلام.واقعا برخورد و مهمان‌نوازی میزبان عالی بود.
مکان اقامتگاه هم زیبا و سرسبز با ویوی عالی.
از لحاظ تمیزی و نظافت هم خیلی خیلی خوب بود.
واقعا لذت بردیم‌
سپاسگزارم",,,api
3157431,2025-09-08,5,با سلام، همه چیز عالی و خوب بود با تشکر از آقای پیروزه، فقط از شانس بد موقع یک روز آبگرمکن خراب بود که با پیگیری آقای پیروزه درست شد. ممنون,,,api
3157431,2025-09-08,4.5,"با سلام 
بابلکنار برای ما با نام جناب پیروزه ماندگار شد 
ایشون با برخورد زیبا و جنتلمنانه حس قشنگی رو به ما منتقل کردند و با سلیقه ای که در مجموعه اقامتگاه به خرج داده بودند باعث شدند خاطره خوبی رقم بخوره",,,api
3157431,2025-09-23,5,من امتیاز کامل دادم,,,api
3157431,2025-09-26,5,"در یک کلام عالی،واقعا عالی
برخورد میزبان بسیار عالی،انسانی خوش رو و با محبت
کیفیت ویلا و امکانات مورد نیاز در سطح عالی
موقعیت مکانی برای دسترسی به انواع خرید از خوراکی تا داروخانه و جاهای تفریحی عالی.
اگر دوباره به این سمت بیام قطعا با ایشون تماس میگیرم.
ممنون از شما و جاجیگا","سلام
ممنونم از لطف و محبت جنابعالی",2025-09-26,api
3157431,2025-09-26,5,همه چی خیلی عالی بود و به شدت تمیز و مرتب بود این اقامتگاه رو به شدت پیشنهاد میکنم,,,api
3157431,2025-10-04,5,"سلام از برنامه ی خوب جاجیگا ممنونم 
از آقای فتحعلی عزیز بسیار تشکر میکنم که انقدر محترم ومهمان نواز بودند با وجود این آقا و کلبه ی زیباشون به شدت سفرلذت بخشی برای ما شد 
من بچه ی کوچیک دارم نظافت خیلی برام مهمه کلبه واقعا تمیز و قابل سکونت بود بچم با خیال راحت بازی کرد و خوش گذشت بهش 
یه نکته ی دیگه ام که باید بهش اشاره کنم اینکه ما زودتر از ساعت ورود رسیدیم خیلی خسته بودیم آقای فتحعلی کلبه رو تحویلمون دادن ممنونم بابت همه چیز خیلی لذت بردیم انتخاب سفر بعدیمونم قطعا همینجاست","سلام
ممنونم از ابراز لطف شما مهمان محترم
از اعتماد شما سپاسگزارم",2025-10-04,api
3157431,2025-10-09,5,جاش تمیز بود همه چی خوب بود,,,api
3157431,2025-10-10,5,میزبان واقعا انسان محترم و مهربانی هستن و این کلبه بسیار تمیز تحویلمون شد,,,api
3157431,2025-10-21,5,"بسیار عالی از مهمان نوازی جناب آقای پیروزه و حسن نیت ایشان کمال تشکر را دارم.
قطعا مجدد همینجا را انتخاب میکنم","سلام
سپاس از بذل اعتماد شما",2025-10-21,api
3157431,2025-11-04,5,تمیز مرتب و به موقع تحویل گرفتیم همه چیز مثل تصاویر داخل سایت بود و میزبان هم رفتار خوب و قابل قبولی داشتند و از سفرم رضایت داشتم .,,,api
3157431,2025-11-05,5,همه چیز عالی بود و از سفرم  رضایت داشتم مایلم که در سفر بعدی هم از همین اقامتگاه استفاده کنم.,,,api
3157431,2025-11-21,5,خوب بود و من راضی بودم,,,api
3157431,2025-11-29,5,من امتیاز کامل میدم,,,api
3157431,2025-12-10,5,من امتیاز کامل دادم,,,api
3157431,2026-01-15,5,برخورد میزبان خیلی خوب بود. درختا پر از پرتقال بودن و میزبان بهمون کلی تعارف کردن که حتما از پرتقالا بخورید. خیلی مهمانواز بودن. ویو خیلی عالی بود. اقامتگاهم خوب بود.,,,api
3157431,2026-02-07,5,جای خیلی قشنگیه برای دومین بار بود که رزرو کردم پیشنهاد می کنم,"سلام
سپاس ار لطف حضرتعالی",2026-02-07,api
3157431,2026-03-20,3.2,لوکیشن و دسترسی خوب بود میزبان رفتار محترمانه ای داشتند اما نظافت خیلی خیلی خیلی میتونست بهتر باشه,,,api
3157431,2026-03-25,4.3,"ما 3 شب در این کلبه اقامت داشتیم. موقعیت مکانی عالی است؛ دسترسی راحت به جاده اصلی، نزدیکی به شهر و رودخانه، و تراس با ویوی بسیار زیبا بزرگ‌ترین مزیت آن است. جای پارک اختصاصی هم داشت و رفتار میزبان محترمانه و پیگیر بود.
اما از نظر امکانات، ضعف‌های قابل توجهی دارد: فضای کوچک با چیدمان نامناسب (دو تخت دونفره بدون میز ناهارخوری داخل)، تخت‌ها با تشک نازک و ناراحت، وسایل آشپزخانه محدود و فرسوده، نظافت ضعیف (یخچال، فرش‌ها و رختخواب‌ها)، نور کم داخل و بوی نامطبوع سرویس بهداشتی به‌دلیل نبود هواکش.
در مجموع، اگر فقط ویو و لوکیشن برایتان مهم است برای اقامت 2_3روزه قابل قبول است، اما از نظر راحتی و کیفیت، نیاز به بهبود جدی دارد.",,,api
3157431,2026-04-15,4.2,خانه بو میداد و از سقف صدای موش می آمد,,,api
3157431,2026-06-03,4.7,کمال تشکر رو دارم از جناب آقای پیروزه که بسیار آدم متشخص و محترمی هستند ما زودتر از زمان تحویل اومدیم ولی کلید رو تحویل دادن.ویو بسیار عالی بود امکانات داخل مجموعه عالی بود فقط ای کاش فرش ها شستشو بشن و وسایل خواب تمیز باشن و تشک تخت هم عوض بشه چون رسما روی چوب خوابیدیم😬ما عاشق ویوی بالکن شدیم برای اقامت یکی دو روزه عالیه شمارشونو سیو کردیم که حتما دفعه بعد هم بریم,,,api
3157431,2026-06-23,3.7,برخورد میزبان خوب بود کلبه ویو خوبی داشت ولی لازم است که موارد زیر نیز در نظر گرفته شودفرش و پادری نیاز به تعویض دارد.هود ومیز زیر تلویزیون خیلی کثیف بود تمام لوازم اشپز خانه نیاز به تعویض دارد کولر نیز فقط رو یک مد کار می‌کرد میز داخل اتاق قابل استفاده نبود.دستشویی فاقد هواکش و آویز برای وسایل بوددر کل تمام وسایل نیاز به تعویض دارد.,,,api
3157431,2026-07-01,5,من امتیاز کامل دادم,"سلام
سپاس",2026-07-01,api
3157431,2026-07-03,5,عالی تمیز دوس داشتنی,💓🙏💓,2026-07-03,api
3157431,2026-07-05,5,من امتیاز کامل دادم,,,api
3157431,2026-07-08,3.5,به نسبت قیمت بد نبود،ضعف زیاد داشت ،اول از همه توالت سیفون نداشت که از نظر بهداشتی بدترین ایراد هست ،شیر سینک باز نمیشد به زور باز میشد ،جا مایع که باید دست بشوریم کلا خراب بود ،که بازم بر میگرده به بهداشت ،و ملحفه های تخت و بالش کلا نمیشه روش خوابید ،خپب شد کلی ملافه بردیم,,,api
3157431,2026-08-02,5,من امتیاز کامل دادم,"سلام
سپاس از لطف و بزرگواری شما",2026-08-02,api
3157431,2026-08-30,5,"درود به همگی
ما واحد 9 رو گرفتیم عالی بود
امیدوارم پر برکت باشین",از اعتماد شما صمیمانه متشکرم,2026-08-30,api
3157431,2026-09-01,5,"صمیمانه از میزبان محترم تشکر میکنم
خدا بهشون سلامتی بده
ما یک شب گرفته بودیم ولی انقدر اینجا خوب بود ک تصمیم گرفتیم یک شب اضافه بمونیم
هرچی از تمیزی ، کیفیت و زیبایی کلبه ها بگم کمه، ویو عالی، دسترسی به تمامی فروشگاه ها و داروخانه واقعا 2 دقیقست چون کلبه لب جادست
فاصله نزدیک با نقاط دیدنی
ما رفتیم سد لفور ماهی کباب کردیم و چند ساعتی رو لذت بردیم
پیشنهاد میکنم بهتون و بشه بازم میایم",سپاس از محبت شما دوست عزیز,2026-09-01,api
3164584,2026-01-15,5,عالی بود ممنون از میزبان,سپاس فراوان از مهمان گرامی ما 🙏 از اینکه کلبه ما را قابل دانستین سپاسگذاریم به امید دیدار مجدد,2026-01-15,api
3164584,2026-01-20,5,"فوق العاده بود
همه چی مطابق عکس بود
امنیت عالی
برخورد فوق العاده
غذاشون نظیر نداره
در کل از هر نظر که فکرشو بکنین عالی بود
پیشنهاد میکنم حتما تشریف ببرین",سپاس فراوان از مهمان گرامی ما آقا علیرضای عزیز 🙏 باعث سرافرازی ماست مهمان های خب عالی مثل شما داریم 🌹❤️غذا هم نوش جانتان از اینکه کلبه ما را قابل دانستین سپاسگذاریم ❤️❤️ به امید دیدار مجدد,2026-01-20,api
3164584,2026-01-24,5,همه چیز همونی بود که داخل سایت نوشنه بودن خیلی کلبه قشنگ و رویایی بود ظرف و ظروف کامل وتمیز و خیلی همه چیز با سلیقه چیده شده بود و مهمتر از همه پت نوازی اقامتگاه,سپاس فراوان از مهمان گرامی ما آقا محسن عزیز 🙏 باعث افتخار ماست مهمان های خب عالی مثل شما داریم ❤️🌹 از اینکه کلبه مارو قابل دانستین سپاسگذاریم ❤️ به امید دیدار مجدد,2026-01-24,api
3164584,2026-02-04,5,نسبت به تمام کلبه هایی که تا حالا رفته بودم بیشترین امکانات و تمیزی رو داشت. توی امکانات داخل اقامتگاه به جزئیاتی توجه شده بود که واقعا ارزش اقامتگاه رو چند برابر میکرد. همه چیز دقیقا مطابق اطلاعات درج شده توی سایت بود و واقعا تمیز بود کاملا میشد توش راحت بود. عالی بود و قطعا برای سفرهای بعدی هم انتخابش میکنم,سپاس فراوان از مهمان گرامی ما آقا امیر حسین عزیز 🙏باعث سرافرازی ماست مهمان های خب عالی مثل شما داریم❤️از اینکه کلبه ما را قابل دانستین سپاسگذاریم 🌹 به امید دیدار مجدد,2026-02-04,api
3164584,2026-02-07,5,فوق العاده عالی از نظر رفتار میزبان تمیزی محیط و دنج بودن کلبه ،تجربه خیلی خوبی داشتیم تشکر از شما🙏🏻,سپاس فراوان از مهمان گرامی ما آقا مهران عزیز 🙏 باعث افتخار ماست مهمان های خب عالی مثل شما داریم ❤️🌹 از اینکه کلبه ما را قابل دانستین سپاسگذاریم ❤️ به امید دیدار مجدد,2026-02-07,api
3164584,2026-02-10,5,عالی و فوق العاده تمیز از جناب مرادی عزیز هم خیلی تشکر میکنم برای مهمون نوازی بی نهایتشون 🙏🏻,سپاس فراوان از مهمان گرامی ما آقا حسام عزیز 🙏 باعث افتخار ماست مهمان های خب عالی مثل شما داریم ❤️🌹 از اینکه کلبه ما را قابل دانستین سپاسگذاریم ❤️ به امید دیدار مجدد,2026-02-10,api
3164584,2026-02-12,4.8,ویلا از نظر تجهیزات و امکانات و نظافت واقعا عالی بود و میزبان هم خیلی محترم بودند در کل همه چی خوب بود,,,api
3164584,2026-02-14,5,نظافت و تمیزی درجه یک کلبه بسیار زیبا و با سلیقه همه چیز مطابقت داره با عکس ها و توضیحات. صاحب کلبه اقای مرادی بسیار ادم شریف و خوش برخورد و بسیار کمک ما کردن . ممنونم ازتون,سپاس فراوان از مهمان گرامی ما آقا یزدان عزیز 🙏 باعث افتخار ماست مهمان های خب عالی مثل شما داریم ❤️ از اینکه کلبه مارو قابل دانستین سپاسگذاریم ❤️🌹 به امید دیدار مجدد,2026-02-14,api
3164584,2026-02-18,5,"یه کلبه سوئیسی بسیار خاص همراه با میزبان درجه یک و با اخلاق که به همه اقامت رو توصیه می‌کنم 
بنظرم از غذاهای محلی میزبان هم غافل نشید که فوق العاده لذیذ و منصفانس",سپاس فراوان از مهمان گرامی ما آقا علی اصغر عزیز🙏باعث افتخار ماست مهمان های خب عالی مثل شما داریم ❤️❤️ غذا هم نوش جانتان از اینکه کلبه ما را قابل دانستین سپاسگذاریم ❤️🌹 به امید دیدار مجدد,2026-02-18,api
3164584,2026-02-20,5,عالی از همه نظر,سپاس فراوان از مهمان گرامی ما آقا علی عزیز 🙏 باعث سرافرازی ماست مهمان های خب عالی مثل شما داریم ❤️ از اینکه کلبه ما را قابل دانستین سپاسگذاریم ❤️🌹 به امید دیدار مجدد,2026-02-20,api
3164584,2026-02-24,5,من امتیاز کامل دادم,سپاس فراوان از مهمان گرامی ما 🙏 از اینکه کلبه ما را قابل دانستین سپاسگذاریم به امید دیدار مجدد,2026-02-24,api
3164584,2026-03-11,5,ممنون از آقا صالح عزیز،مثل همیشه همه چیز عالی بود🙏🏻,سپاس فراوان از مهمان گرامی ما آقا محمود عزیز🙏 باعث افتخار ماست مهمان خب عالی مثل شما داریم ❤️🌹 از اینکه کلبه مارو قابل دانستین سپاسگذاریم ❤️ به امید دیدار مجدد,2026-03-11,api
3164584,2026-03-27,4.3,ویلا واقعا تمیز بود و جای آروم و دنجی بود,سپاس فراوان از مهمان گرامی ما 🙏,2026-03-27,api
3164584,2026-03-29,5,"همه چیز عالی بود
محوطه زیبا، نظافت عالی، امکانات تکمیل
با تشکر از میزبان محترم",سپاس فراوان از مهمان گرامی ما 🙏 از اینکه کلبه ما را قابل دانستین سپاسگذاریم به امید دیدار مجدد,2026-03-29,api
3164584,2026-04-03,5,ممنون از میزبانیتون آقا صالح عزیز همه چیز عالی بود مخصوصا نظافت کلبه,سپاس فراوان از مهمان گرامی ما آقا میلاد عزیز 🙏 باعث افتخار ماست مهمان های خب عالی مثل شما داریم ❤️🌹 از اینکه کلبه ما را قابل دانستین سپاسگذاریم ❤️ به امید دیدار مجدد,2026-04-03,api
3164584,2026-04-04,5,من امتیاز کامل دادم,سپاس فراوان از مهمان گرامی ما 🙏,2026-04-04,api
3164584,2026-04-12,,"خیلی داخل محل و پیش ساکنان بومی هستش حتی امکان شنیدن موزیک با صدای متوسط نداره
خیلی توقع جا تمیز نداشته باشین حتی رخت خواب
فضاش خیلی دلگیره و کوچیک هستش بیشتر از 2 نفر اصن مناسب نیست فضا
تو جکوزی تار عنکبوت بسته شده 
در کل اصن تحربه خوبی نبود  
چیزی ک کاملا مشخص بود بعد از هر مسافر روتختی و ملافه تعویض نمیشه
جدا از همه اینا رفتار میزبان خوب و صمیمی بود",مسافران عزیز توجه کنند چون این مسافر حیوان خانگی داشتن و ما مجبور به عدم حضورشون شدیم این نظرات را نوشتن نیاز به دروغ نیست شما هستین که بدون اطلاع حیوان خانگی آوردین ما بالاترین امتیاز و اینکه تمیزترین کلبه تو سایت داریم میتونن مسافرای عزیز ما بخونن ما مجبور شدیم برای حرمت دیگه مسافران از شما جلو گیری کنیم ما انتظار داریم تا سایت بزرگ جاجیکا چنین مسافرانی رو به شددت جریمه کنن,2026-04-12,api
3164584,2026-04-15,4.7,محیط داخل وبیرون ویلا کاملا تمیز ومرتب بود امکانات آسایشی ورفاهی تکمیل وکاملا عالی ویو ومنظره ی خیلی قشنگی داشت برخورد میزبان هم کاملا محترمانه وخوب بود,سپاس فراوان از مهمان گرامی ما آقا علیرضا 🙏از اینکه کلبه ما را قابل دانستین سپاسگذاریم 🌹به امید دیدار مجدد❤️,2026-04-15,api
3164584,2026-04-20,5,"یک ویلای دنج، تمیز و نقلی با امکانات کامل و میزبان خوش برخورد و جوان آقای مرادی عزیز.
ویو تراس عالی هست و دسترسی ها به مناطق دیدنی مازندران بسیار خوبه .",سپاس فراوان از مهمان گرامی ما آقا حسن عزیز 🙏 باعث سرافرازی ماست مهمان های خب عالی مثل شما داریم ❤️ از اینکه کلبه ما را قابل دانستین سپاسگذاریم 🌹 به امید دیدار مجدد,2026-04-20,api
3164584,2026-04-22,5,"کلبه از لحاظ تمیزی امتیاز خیلی خوبی داره
پیشنهاد میشه برای 2 نفر عالیه
غذا حتما حتما پیشنهاد میشه
جای پارک برای یک ماشین هم مناسب هست
برخورد میزبان، نحوه توضیحات و... عالی",سپاس فراوان از مهمان گرامی ما آقا حسین عزیز 🙏 باعث سرافرازی ماست مهمان های خب عالی مثل شما داریم 🌹 غذا هم نوش جانتان از اینکه کلبه ما را قابل دانستین سپاسگذاریم ❤️ به امید دیدار مجدد,2026-04-22,api
3164584,2026-04-25,5,همه چی عالی بود، رفتار محترمانه، ویلا بسیار تمیز و شبیه عکساش بود.,سپاس فراوان از مهمان گرامی ما 🙏 باعث افتخار ماست مهمان های خب عالی مثل شما داریم از اینکه کلبه ما را قابل دانستین سپاسگذاریم به امید دیدار مجدد,2026-04-25,api
3164584,2026-04-29,5,"با سلام خواستم تجربه ی خودمو در این سفر با شما شریک بشم
دسترسی کلبه خیلی خوبه 
کلبه ی تمیز و دنجیه و برای 2 نفر مناسبه 
میزبان بسیار مهمان نواز بودن و حتما توصیه میکنم از غذایی که خودشون طبخ میکنن رو نوش جان کنید چون واقعا هم بسیار لذیذه هم از نظر قیمتی بسیار به صرفه هست 
در کل ممنونم ازشون همه چی خوب بود",سپاس فراوان از مهمان گرامی ما آقا فرهاد عزیز 🙏 باعث سرافرازی ماست مهمان های خب عالی مثل شما داریم ❤️ غذا هم نوش جانتان از اینکه کلبه ما را قابل دانستین سپاسگذاریم 🌹 به امید دیدار مجدد,2026-04-29,api
3164584,2026-05-01,4.8,واقعا کلبه تمیز و درجه یک هست پیشنهاد میکنم به همه که این کلبه جذاب رو از دست ندین,سپاس فراوان از مهمان گرامی ما آقا مسعود عزیز 🙏 از اینکه کلبه ما را قابل دانستین سپاسگذاریم ❤️ به امید دیدار. مجدد,2026-05-01,api
3164584,2026-05-04,5,"اقامتگاه مثل عکس ها بود.
واقعا تمیز بود.
مخصوصا سرویس بهداشتی و جکوزی.
از لحاظ محیط و زیبایی طبیعی مثل جنگل هم در موقعیت مناسبی قرار داره و لذت بخشه.",سپاس فراوان از مهمان گرامی ما آقا سجاد عزیز 🙏 باعث افتخار ماست مهمان های خب علی مثل شما داریم ❤️ از اینکه کلبه ما را قابل دانستین سپاسگذاریم ❤️ به امید دیدار مجدد,2026-05-04,api
3164584,2026-05-06,5,"با سلام و تشکر از آقای صالح 
همه چیز عالی بود مخصوصا غذای بسیار خوشمزه",سپاس فراوان از مهمان گرامی ما خانم نوروزی 🙏باعث افتخار ماست مهمان های خب عالی مثل شما داریم غذا هم نوش جانتان از اینکه کلبه ما را قابل دانستین سپاسگذاریم به امید دیدار مجدد,2026-05-06,api
3164584,2026-05-08,5,همه چیز عالی بود اقامتگاه بسیار تمیز بود.غذاهاشون با کیفیت بود اما خب کمی گران قیمت ک ب خاطر مواد اولیه بسیار با کیفیتی بود ک بکار برده بودن.درکل همه چیز خوب بود.ممنون و متشکرم از آقای مرادی,سپاس فراوان از مهمان گرامی ما 🙏 از اینکه کلبه مارا قابل دانستین سپاسگذاریم غذا هم نوش جانتان به امید دیدار مجدد,2026-05-08,api
3164584,2026-05-13,5,"همه چیز عالی بود
سپاس از آقای مرادی
و به امید اینکه میهمان دوباره کلبه زیباشون باشیم",سپاس فراوان از مهمان گرامی ما 🙏 از اینکه کلبه مارا قابل دانستین سپاسگذاریم به امید دیدار مجدد,2026-05-13,api
3164584,2026-05-16,5,کلبه عالی بود برخودرشونم خیلی عالی بود,سپاس فراوان از مهمان گرامی ما آقای حمید عزیز🙏باعث افتخار ماست مهمان های خب عالی مثل شما داریم ❤️ از اینکه کلبه مارا قابل دانستین سپاسگذاریم 🌹 به امید دیدار مجدد,2026-05-16,api
3164584,2026-05-17,4.7,جاش خیلی خوب بودرفتارمیزبان عالی بودتمیزبودجای دنج برای دونفروجوان پسند,سپاس فراوان از مهمان گرامی ما خانم کریمی 🙏از اینکه کلبه ما را قابل دانستین سپاسگذاریم به امید دیدار مجدد,2026-05-17,api
3164584,2026-05-24,5,با تشکر از    میزبان  محترم   همه  چی عالی بود.,سپاس فراوان از مهمان گرامی ما آقا داود عزیز🙏باعث افتخار ماست مهمان های خب عالی مثل شما داریم 🌹 از اینکه کلبه ما را قابل دانستین سپاسگذاریم به امید دیدار مجدد,2026-05-24,api
3164584,2026-05-29,5,عالی بود ممنون از اقای مرادی عزیز,سپاس فراوان از مهمان گرامی ما🙏باعث سرافرازی ماست مهمان های خب عالی مثل شما داریم  از اینکه کلبه مارو قابل دانستین سپاسگذاریم به امید دیدار مجدد,2026-05-29,api
3164584,2026-06-04,5,"از همه لحاظ راضی بودم بخصوص نظافت و تمیزی کلبه و حیاط .
رفتار و شخصیت آقای مرادی هم بسیار عالی و محترمانه بود.
غذایی هم که برامون آوردن بسیار باکیفیت و خوشمزه بود.",سپاس فراوان از مهمان گرامی ما آقا علی عزیز 🙏 باعث افتخار ماست مهمان های خب عالی مثل شما داریم 🌹 غذا هم نوش جانتان از اینکه کلبه ما را قابل دانستین سپاسگذاریم ❤️ به امید دیدار مجدد,2026-06-04,api
3164584,2026-06-11,4.7,باتشکر از جناب مرادی بابت کلبه خوب وتمیز و میزبانی عالی ایشان,سپاس فراوان از مهمان گرامی ما آقا اسماعیل عزیز 🙏 از اینکه کلبه مار را قابل دانستین سپاسگذاریم ❤️ به امید دیدار مجدد,2026-06-11,api
3164584,2026-06-20,5,همه چی عالی بود بسیار خوش برخورد بودن ویلا بسیار تمیز و مرتب بود. همه چی تموم بود,سپاس فراوان از مهمان گرامی ما 🙏 از اینکه کلبه ما را قابل دانستین سپاسگذاریم به امید دیدار مجدد,2026-06-20,api
3164584,2026-06-25,4.8,حیاط قشنگی داشت مخصوص,سپاس فراوان از مهمان گرامی ما 🙏 از اینکه کلبه ما را قابل دانستین سپاسگذاریم به امید دیدار مجدد,2026-06-25,api
3164584,2026-06-27,5,همه چی مطابقت داشت با عکس و اطلاعات سایت. از نظر نظافت هم عالی بود.غذاشونم ما مرغ ترش سفارش دادیم خیلی خوشمزه بود . ممنون از میزبان محترم.,سپاس فراوان از مهمان گرامی ما آقا امیر عزیز🙏باعث سرافرازی ماست مهمان های خوبی مثل شما داریم ❤️ غذا هم نوش جانتان از اینکه کلبه ما را قابل دانستین سپاسگذاریم به امید دیدار مجدد,2026-06-27,api
3164584,2026-06-29,5,"لوکیشن و مسیر عالی ، ویلا دنج و تمیز و فوق العاده کاملا شبیه عکس ، محیط بسیاااار اروم و بدون هیچ‌گونه مزاحمت ، قیمت بی نظیر ،اقای مرادی عزیز خیلی خیلی خوش برخورد و خوش قول . بهتون پیشنهاد میکنم حتما این کلبه رو انتخاب کنید انرژی مثبت و حیاط خیلی با صفایی داره به ما که خیلی خوش گذشت ، واااااقعا لذت بردیم و کیف کردیم
ممنونم ازتون یکی از بهترین تجربیاتمون بود",سپاس فراوان از مهمان گرامی ما خانم تاجیک 🙏باعث افتخار ماست مهمان های خب عالی مثل شما داریم از اینکه کلبه مارا قابل دانستین سپاسگذاریم به امید دیدار مجدد,2026-06-29,api
3164584,2026-07-01,4.8,همه چیز از برخورد و رفتار تا تمیزی و کیفیت کلبه خوب بود و هیچ مشکلی نداشتیم. فقط اب سرد سرویس کمی مورد داشت که به خودشونم گفتیم و حل شد. با تشکر از میزبان محترم و همراهی خوبشون.,سپاس فراوان از مهمان گرامی ما 🙏 از اینکه کلبه ما را قابل دانستین سپاسگذاریم به امید دیدار مجدد,2026-07-01,api
3164584,2026-07-07,5,"خیلی عالی بود 
همه چی مثل عکسا
برخورد فوق العاده خوب
کلبه درحد خودش خیلی خوبه و واقعا تمیزه
ما اردک‌محلی هم سفارش دادیم از خود میزبان که خیلی خوشمزه و لذیذ بود",سپاس فراوان از مهمان گرامی ما 🙏 باعث سرافرازی ماست مهمان های خب عالی مثل شما داریم غذا هم نوش جانتان از اینکه کلبه ما را قابل دانستین سپاسگذاریم به امید دیدار مجدد,2026-07-07,api
3164584,2026-07-08,5,واقعا عالی بود. هم خیلی تمیز بود و هم سرسبز و ویو خیلی قشنگی داشت خیلی راضی بودیم.,سپاس فراوان از مهمان گرامی ما 🙏 از اینکه کلبه ما را قابل دانستین سپاسگذاریم به امید دیدار مجدد,2026-07-08,api
3164584,2026-07-13,5,همه چیز اوکی بود. تمیز و به موقع تحویل گرفتیم.,سپاس فراوان از مهمان گرامی ما آقا محمد عزیز 🙏 از اینکه کلبه ما را قابل دانستین سپاسگذاریم ❤️ به امید دیدار مجدد,2026-07-13,api
3164584,2026-07-24,5,اقامت خوبی داشتیم و میزبان خوش برخوردی بودن، کلبه هم نظافت خوبی داشت.,سپاس فراوان از مهمان گرامی ما 🙏 باعث سرافرازی ماست مهمان های خب عالی مثل شما داریم از اینکه کلبه ما را قابل دانستین سپاسگذاریم به امید دیدار مجدد,2026-07-24,api
3164584,2026-07-29,4.8,عالی هستن,سپاس فراوان از مهمان گرامی ما آقا حمید رضا عزیز 🙏 از اینکه کلبه ما را قابل دانستین سپاسگذاریم ❤️ به امید دیدار مجدد,2026-07-29,api
3164584,2026-07-30,5,کلبه تمیز و مثل تصاویر بود میزبان برخورد خوبی داشتن و به موقع تحویل دادن با تشکر,سپاس فراوان از مهمان گرامی ما آقا حمید عزیز 🙏 باعث افتخار ماست مهمان های خب عالی مثل شما داریم ❤️ از اینکه کلبه ما را قابل دانستین سپاسگذاریم به امید دیدار مجدد,2026-07-30,api
3164584,2026-08-10,5,من امتیاز کامل دادم,,,api
3164584,2026-08-14,4.5,"با توجه به قیمت ویلا ، شرایط آن خیلی خوب بود.. مکان تمیز بود .. یکی‌از حسن های این ویلا سویسی دربست بودن آن بود وجود الاچیق داخل محوطه  و تاب خیلی خوب بود...
وسیله اسپیکر صوتی هم داشت 👍
برخورد آقای صالحی هم خیلی خوب بود
در کل من رضایت کامل دارم..
در کل من رضایت",سپاس فراوان از مهمان گرامی ما آقا دانیال عزیز 🙏 باعث سرافرازی ماست مهمان های خب عالی مثل شما داریم ❤️ از اینکه کلبه ما را قابل دانستین سپاسگذاریم به امید دیدار مجدد,2026-08-14,api
3164584,2026-08-20,5,خیلی ممنون از میزبان عزیز کلبه واقعا مثل عکسا هست بسیار تمیز برخورد خیلی خوب راهنمایی های دقیق میزبان واقعا میشه شب رویایی رو داخل کلبه سپری کرد ❤️,سپاس فراوان از مهمان گرامی ما آقا محمد عزیز 🙏 باعث افتخار ماست مهمان های خب عالی مثل شما داریم ❤️ از اینکه کلبه ما را قابل دانستین سپاسگذاریم به امید دیدار مجدد,2026-08-20,api
3164584,2026-08-21,5,با تشکر فراوان از میزبان محترم آقاصالح..واقعا خوش برخورد و مهمان نواز بودند امکانات اقامتگاه کامل و از همه نظر عالی..دقیقا مطابق تصاویر تمیز و مرتب بود زیبایی های اطراف بینظیر و نزدیک بود به ما خوش گذشت..ما غذا هم سفارش دادیم فوق العاده بود با سپاس,سپاس فراوان از مهمان گرامی ما 🙏 باعث افتخار ماست مهمان های خب عالی مثل شما داریم غذا هم نوش جانتان از اینکه کلبه ما را قابل دانستین سپاسگذاریم به امید دیدار مجدد,2026-08-21,api
3164584,2026-08-25,4.7,با سپاس فراوان از جناب مرادی عزیز .متاسفانه قطعی برق خیلی ما رو اذیت کرد مخصوصا که نمی شد درب را باز گذاشت پشه می اومد و درب ها هیچکدام توری نداشتند .ازطرفی همزمان با قطعی برق  اب هم قطع می شد وهیچ منبعی برای این مواقع تعبیه نشده بود . ناچارا بیرون می رفتیم تا برق بیاد.یخچال هم پسیار کوچک وپر از برفک وعملا استفاده از ان مقدور نبود .طوری که مجبور شدم خودم تمیز کنم تا مواد غذایی سرد وخراب نشود.فاصله با دریاچه لفور از این موقعیت با خودرو حدودا 50 دقیقه می باشد.ولی در مجموع حیاط بسیار زیبا و ویوی قشنگی داشت کلبه تمیز وقشنگی بود .وجناب مرادی بسیار مودب ومسئولیت پذیر بودند .ازجناب مرادی تشکر ویژه بابت تمیزی  ومرتبی کلبه داریم,مهمان عزیز شما از مشهد اومدین و میگین برق خونه ما اصلا نمیره ولی همه جای ایران روزی دو ساعت میره و واقعا دست ما نیست و ما اینکه ساعت قعطی به کل مهمانان اطلاع میدیم آب خب حتی خانه آپارتمانی هستین برق بره آب قعط میشه ما برا مسافرا ذخیره داشتیم چطور به دروغ میگین تا لفور 50دقیقه فاطله داریم ما کلا 17یا 18دقیقه فاصله داریم کلبه سویسی جوری طراحی شده که طوری نمیخوره و ریخت نما بهم میریزم اصلا تو این فصل پشه ای نیست برق یخچال کشیدین و اینکه یخچال خاموش کردین امکان نداره یخچال ما برفک داشته باشه ما حدود 1000تا مسافر داشتیم کسی نگفت چنین چیزی لااقل نفر اضافه که اوردین می‌گفتین لااقل آقای مرادی با ما راه اومد ما راضی نبودیم واقعا باید هزینه میپرداختین,2026-08-25,api
3164584,2026-08-31,4.8,"ویلا به شدت تمیزه و امکاناتش خوبه و حیاطش خیلی قشنگه
اما خب اگر منظره ویو براتون مهمه اصلا جنگلی نیست و روستاییه ویو و سرسبزی جنگل نداره",سپاس فراوان از مهمان گرامی آقا طاها عزیز از اینکه کلبه مارو قابل دانستین سپاسگذاریم ❤️ کلبه ما از مسیر شالیزار رودخانه بابلرود عبور می‌کنه و تا جنگل کلا پیاده 2دقیقه فاصله داره شما کلبه روستایی رزو کردین با کلبه جنگلی فرق داره به امید دیدار مجدد,2026-08-31,api
3165107,2024-08-07,5,من امتیاز کامل دادم,,,api
3165107,2024-08-09,5,سلام همه چی عالی بود فقط جاده ای ک به سمت کلبه میره خیلی بده,,,api
3165107,2024-08-11,4.5,اقامتگاه خوبی بود. برخورد میزبان عالی بود. موقعیت ویلا خوب بود بالای جنگل. دسترسی با رانا و 206 امکان پذیره. نظافت باید بهتر میبود,,,api
3165107,2024-08-19,4.3,"بسیار دنج و با ارامش مطلق و منظره بسیار عالی
واقعا یک بار دیگه حتما اینجا میرم فقط شیر روشویی دستشویی مشکل داشت سرجاش محکم نبود و روشویی و تخت و محیط خوب تمیز نبود به عبارتی خوب بود ولی بهتر از این هم میشد باشه ولی درکل من بازهم برای یک دوره دیگه حتما انتخاب میکنم برای اقامت در این کلبه دنج و پر آرامش البته اینم ذکر کنم واقعا امکاناشت کامل بود. بسیار از اقا شهرام هم سپاس گذارم بابت مهمان پذیریش🙏🏻🙏🏻🙏🏻",,,api
3165107,2024-08-22,4.8,همه چی عاالی  بخصوص ویو و طبیعتش بسیار عالی بود فقط مسیرش سر بالایی و کمی سخت بود که با توجه به ویو و لوکیشن کلبه در ارتفاع، این سربالایی و پیچ و خم طبیعی هست,,,api
3165107,2024-08-24,5,من امتیاز کامل دادم,,,api
3165107,2024-08-29,5,واقعا زیبا بود و چشم انداز عالی داشت.,,,api
3165107,2024-08-30,4.3,"به طور کلی خوب بود . چشم انداز زیبایی به طبیعت داشت.
چند تا موضوع کوچیک داشت که بهتره بهش توجه بشه
میتونست از نظر نظافت بهتر باشه
طبقه بالا کولر نداره خیلی گرمه
بالکن اگه پشه بند داشت بهتر بود
محوطه حیاط نور چراغش کمه
200 متر از ورودی چراغ کشی میشد عالی بود",,,api
3165107,2024-09-13,4.7,"سلام
من خیلی راضی بودم
بهمون خیلی خوش گذشت
فقط یکم‌شیب جاده زیاد بود که در برابر زیبایی های کلبه مهم نبود
ممنونم از اقای {..} عزیز",,,api
3165107,2024-09-16,5,عالی بود  خیلی باحال بود,,,api
3165107,2024-09-18,4.7,ویو بسیار قشنگی داشت و بسیار باصفا . فقط یه ایرادی که داشت مبل ها همه روشون جای سیگار و سوختگی بود که البته مربوط به مهمانانی میشه که رعایت نمیکنن و خوب ما تمام مدت از صندلی های توی تراس استفاده کردیم و دوست نداشتم روی اون مبل ها بنشینیم,,,api
3165107,2024-09-20,5,من امتیاز کامل دادم,,,api
3165107,2024-09-21,5,همه چیز خوب پیش رفت و کاملا راضی بودیم,,,api
3165107,2024-10-01,5,"آقا من خودم بچه ی شمالم
واقعا جاش عالیه
حتما برین",,,api
3165107,2024-10-07,5,"همه چیز عالی بود ،
با تشکر",,,api
3165107,2024-10-23,5,"بسیار بکر با چشم اندازی فوق العاده 
فقط فکر کنم یه پرنده داخل شیروونی لونه کرده که به واسطه صداهایی که ایجاد میکنه شبها بسیار در رعب و وحشت هستید😁
اقا شهرام یه فکری به حالش بکن 😂
در نهایت بی نظیر بود",,,api
3165107,2024-10-29,5,کلبه جنگلی تمییز و خوبی بود و مثل عکس هاش و امکاناتش بود و از همه چیز راضی بودیم.,,,api
3165107,2024-11-08,3.5,"میزبان درجه یک. موقع ترک اقامتگاه یه کیسه نارنگی و پرتقال از درخت چید و بهم داد. 
موقعیت مکانی عالی، یه کلبه چوبی دنج تو کوه با ویو کل منطقه که خیلی خیلی خوب بود.
اما. تو تاج تخت خواب حداقل چهل تا حشره کوچیک که نمیدونم {چی بودن}زنده بودن و حرکت می‌کردن. جوری که علیرغم این که ملحفه و بالش و پتو داشتم نتونستم رو تخت بخوابم و مجبور شدم رو مبل بخوابم و مبل هم  سفت بود و اذیت شدم.
وسایل کلبه هم خوب نبود و اکثرا مستعمل بودن.
با توجه به مشکل حشرات علیرغم این که واقعا جای خوب و میزبان درجه یکی داشت اما دیگه اینجا رو رزرو نمی‌کنم!",,,api
3165107,2024-12-03,5,راضی بودیم و همه چیز خوب بود.,,,api
3165107,2025-01-26,5,"میزبان فوق العاده عالی مخصوصا پدربزرگوارشون 
یجای زیبا دیدنی با صفا اصلا نگم براتون اگه راهتون سمت شیرگاه افتاد اینجا نریدبدونید سفر نرفتین همه چی عالی امتیازشون 100هست",,,api
3165107,2025-02-06,5,ویو عالی و از اون مهم تر اخلاق و‌ رفتار بسیار مناسب و‌ میزبانی آقا شهرام که واقعا با معرفت و انسان شریفی بود.پیشنهاد میکنم حتما مهمون این بنده خدا باشید.از همه نظر واقعا معرکه بود,,,api
3165107,2025-02-26,4.8,بسیار محیط آرام و بگری بود,,,api
3165107,2025-03-27,5,من امتیاز کامل دادم,,,api
3165107,2025-03-31,4.7,"تجربه خوبی بود
شهرام خان میزبان محترمی بودن 🙏",,,api
3165107,2025-04-22,5,میزبان عالی و کلبه هم از همه لحاظ عالی ما دوساله همینجارو انتخاب میکنیم,,,api
3165107,2025-04-26,2.7,متکا و پتو ها تمیز مرتب بودن ولی امکانات نداره. ترسناک از کلبه نمیشه بیای بیرون تاریک لامپ نداره چند تا دور حیاط فنس محافظ نداره شب سگهای ولگرد تا صبح اذیت میکنن روز اول اینقدر ناراحت بودیم برق میره تاریک یه فانوس یا لامپ شارژی نزاشتن حتی شمع نزاشتن تا صبح گوشی موبایل روشن کردیم از ترس ولی خودشون انسان خوبی هستند میزبان یه تلویزیون واجب با مبدل دیجیتال چند تا لامپ روشنایی داخل محوطه روشن باش شب تاریک یه مقدار فنس محوطه بکش امنیت داشته باشیم حقیقت دوست ندارم منفی نظر بدم ولی واقعیت بیان کردم انشالاه هزینه چند روز میشه ایرادهای کلبه رفع مشکل بشه بازم عذرخواهی میکنم رک صحبت کردم,,,api
3165107,2025-04-29,3.8,"ما میزبان رو ندیدیم و صبح زود هم کلبه رو ترک کردیم
کلبه قدیمیه پله ها صدا میده
تلویزیون نصب نشده بود شیشه پنجره رو به ویو کثیف بود تخت بیرون برای نشستن دارای مو بود  داخلش تمیزه ولی امکانات خاصی نداره
ویو کلبه فوق العاده ست و میتونید لذت ببرید",,,api
3165107,2025-05-06,5,"همه چیز عالی و مرتب و واقعی
ممنون از آقای عابدی مهمان نواز
و تشکر ویژه از پدر مهربان جنابعالی
به شدت پیشنهاد می‌کنم حتما به این
اقامتگاه سفر کنید
به امید دیدار مجدد",,,api
3165107,2025-06-06,5,همه چی عالی بود واقعا جای تشکر داره هم از میزبان هم جاجیگای عزیز,,,api
3165107,2025-06-07,4.5,"به نظر من موقعیت و ویو کلبه عالی بود.
مالک(آقای عابدی) خیلی خوش برخورد و راهنمای خوب و دقیقی برای مناطق گردشگردی اطراف بودند، نظافت نیز خوب بود.
کلبه در تایم مشخص تحویل داده شد، سفر به این منطقه و کلبه توصیه می شود، البته ما موفق به بازدید از آبشار نشدیم.
از ایشان تشکر می گردد.🙏",,,api
3165107,2025-07-02,5,موقعیت مکانی،امکانات،ویو همه چی عالی..,,,api
3165107,2025-07-15,4.3,جای خوبی بود . ویوی ابدی و عالی ای داشت . یه کم به نظافت بیشتر اهمیت میدادن بهتر بود. بهارخواب خوبی داشت .,,,api
3165107,2025-07-23,4.3,"تشکر فراوان از جاجیگا بابت پیگیری هاشون.اقامتگاه موقعیت مکانی بسیار خوبی داشت و داخل تجهیز بود .
همه نوع وسایلی بود تنها مشکل نظافت بود که اذیت کننده بود.",,,api
3165107,2025-07-30,2.5,"سلام
1،فضای اقامتگاه کثیف بودوبرای خواب اجبارن اززیلوی شخصی استفاده کردیم
2،دربدو ورودبوی نامطبوع حمام آزاردهنده بود
3،یخچال بعدازگذشت چندین ساعت قابل استفاده شد
4، قیمت بالا وهم خوانی باعکس داخل برنامه نداشت",,,api
3165107,2025-08-18,5,"همه چی عالی و مرتب 
وسایل کلبه کامل بود تقریبا
تلوزیون البته نداشت",,,api
3165107,2025-08-31,5,من امتیاز کامل دادم,,,api
3165107,2025-09-06,2.2,"این ویلا فقط ویو فوق العاده قشنگی داره و از نشستن توی بالکنش و طبیعت و آسمون روستا سیر نمیشید ولی کلبه تقریبا قدیمی بود خیلی‌ صدا میداد به شدت نیاز به بازسازی داشت نظافت تقریبا داغون وسیله ها تمیز نبودن و ما فقط یک شب بودیم و ارزش دوشب موندن نداشت
میزبان خوش اخلاق بود ولی خب دیگه وقت نبود بهش بگیم بیان تمیزکاری کنن باید از قبل انجام میدادن 
پتو ها تخت مبلها پرده ها تمیز نبودن و حس خوبی نمی‌داد ولی سرویس و حمام تمیز بود 
دسترسی ش به روستا و امکانات دور بود جاده ش کمی پرته و بدون ماشین خیلی‌ سخت میشه تفریح کرد و جایی رفت در کل اگه عشق ویو و طبیعت هستید برید",,,api
3165107,2025-09-10,5,"ویو 10/10, فراتر از عکس های اقامتگاه، آرامش 10/10, نظافت 10/10, امکانات عالی، امنیت 10/10, پاسخگویی میزبان 10/10
خیلی ممنونم آقا شهرام، یکی از بهترین اقامتگاه های منطقه🌹🌹🌹🌹",,,api
3165107,2025-09-12,4.7,همه چی عالی مخصوصا ویو کلبه ،انگار تکه ای از بهشت بود اینجارو به همه توصیه میکنم در رزرو اینجا اصلا تردید نکنید عالیه,,,api
3165107,2025-09-18,5,"برای رزرو این اقامتگاه شک نکنید 
واقعا عالی و ویو کم نظیر
ممنون از برخورد عالی میزبان عزیز",,,api
3165107,2025-09-23,4.7,خیلی عالی بود ،جای خوب ، میزبان خوب  ،توصیه میکنم برید لذت ببرید,,,api
3165107,2025-09-25,4.7,"ویو اقامتگاه بسیار عالی و غیر قابل توصیف 
به منظور جلوگیری از آزار حشرات بهتر است از یک پشه بند استفاده کنید",,,api
3165107,2025-10-07,5,"از مهمان نوازی شهرام عزیز تشکر میکنم .
مکان فوق دارای بهترین شرایط اب وهوایی ومنظره میباشد فقط ظرفیت این کلبه برای 3نفر است که از این مکان بهترین لذتو ببرن",,,api
3165107,2025-10-12,3,رفتار میزبان خوب بود و بهمون اجازه داد از میوه های باغ برداریم ولی وسایل خونه کهنه بود و فرشها کثیف ،دیوار تار عنکبوت داشت و شیشه کثیف بودن،صدای حشرات توی چوبای کلبه تا صبح اذیت میکرد،جلوی در کلبه که جای منقل بود تاریک بود و نمیشد بری شب اونجا،,,,api
3165107,2025-11-19,5,"ویو عالی
پاکیزگی
فضای بیرون زیبا
داخل کلبه قشنگ
برخورد میزبان محترمانه و گرم
برای استراحت بهترین گزینه هست",,,api
3165107,2026-03-22,2.7,ممنون از میزبان خیلی خوش برخورد بودن و تا اقامتگاه همراهیمون کردن و ب موقع تحویل دادن ویو عالی اما راه خیلی پیچ و خم داشت و سربالایی سختی داشت و وسایل خونه قدیمی بودن باید عوض بشه و فرش ها نیاز به شستشو داشت,,,api
3165107,2026-05-06,4.3,"لوکیشن درجه یک
میزبان درجه یک
جذابیت محیط عالی
آرامش و صدای طبیعت درجه یک
راه و دسترسی راحت 
تنها نکته منفی نظافت بود که واقعا بد بود تار عنکبوت کثیف بودن گوشه های خونه حیون های که اون اطراف بودن یا جسدشون رویت میشد 
خلاصه بجز نظافت بقیه موارد واقعا لذت بخش و با توجه به این نظافت قیمت یک مقدار بالا بود 
اگر رسیدگی بشه میتونه خیلی خیلی رویایی تر از این بشه و شانس بیارین مه هم بیاد که دیگه دل کندن سخت تر از معمول میشه.",,,api
3165107,2026-05-19,4,"سلام
از لحاظ لوکیشن و منظره عالی بود ولی از نظر نظافت خیلی ضعیف بود",,,api
3165107,2026-06-09,4.7,مرتبه دوم بود که میومدم،همه چیز عالی بود،دسترسی نسبت به قشنگیهای مکان،عالیه و راحت,,,api
3165107,2026-07-29,5,ویو عالییی برخورد عالییی,,,api
3168158,2025-07-18,5,من امتیاز کامل دادم,"سلام.ارادت
تشکرازشما وخانواده‌گرامی",2025-07-18,api
3168158,2025-07-22,4.2,مممون از اقا رضا بابت میهمان نوازی ایشان,"تشکراقا‌امید‌‌بابت‌کامنت‌خوبتون‌‌‌.
انتظار میرفت‌که‌نظرتون‌مثبت هستش‌امتیاز‌تون‌هم‌خوب
هست‌ولی‌اینطور‌نبود.یکسری‌از‌آیتم هارو‌کم‌دادین‌که
خودم‌متعجبم‌چرا?
اگه‌طبق‌قانون‌سند‌رزرو‌سایت‌‌پیش‌بریم‌.نفراضافه‌که‌داشتید
میتونستم ‌جلوی ورودشما‌رو‌بگیرم‌‌ولحظه‌تحویل‌بهتون‌
گفتم‌که‌اگر‌ازقبل‌بهم‌اطلاع میدادید‌‌‌لغو‌رزرو‌‌میزدم.
کم‌لطفی‌کردید.پس‌قابل‌توجه‌مهمان‌های‌عزیزی‌که‌‌تعدادتون
بیش‌از‌سند‌رزرو‌هستش‌.ظرفیت‌4نفر هست.پس‌بیش 
ازاین‌تعداد‌کلبه‌تحویل‌داده‌نمیشه.",2025-07-22,api
3168158,2025-07-24,5,ویو بسیار خوب، منزلی تمیز، امکانات و امنیت کامل. یه مکان خیلی ساکت. با تشکر از میزبان محترم,"ممنونم‌ازمهمان‌‌عزیز‌اقا‌مجتبی‌وخانواده‌گرامی 
تشکرویژه‌بابت‌نظافت‌کلبه",2025-07-24,api
3168158,2025-07-25,5,جای بسیار عالی و تمیز و میزبان بسیار با اخلاق بودند آقای علی پور,"سلام.تشکر‌ازشمااقاارش‌بابت‌این‌کامنت‌زیبا.
امیدوارم بتونیم‌باشما‌وخانواده‌محترمتون‌‌دیدار‌کنیم.
شادوپیروز‌باشید",2025-07-25,api
3168158,2025-07-29,5,"همه چی عالی،تمیز،بکر
حیاط بسیار خوشگل و دلباز 
3 روز عالی رو سپری کردیم","اقافرشاد‌عزیز‌ازاینکه‌میزبان‌شما‌خوبان‌بودیم‌بسیار‌خرسندیم 
به‌هنگام‌تحویل‌کلبه‌نظافت‌رو‌بسیار عالی‌به‌ما‌تحویل‌دادید
که‌نشان‌ازشخصیت‌وفرهنگ‌بالای‌شماست.
امیدواریم‌دراینده باشما دیدارداشته‌باشیم",2025-07-29,api
3168158,2025-07-31,5,بسیار تمیز و عالی,سپاس‌گذارم بابت کامنت خوبتون,2025-07-31,api
3168158,2025-08-01,5,درباره اقامتگاه همه چیز واقعا عالی‌بود ولی اگه قصد سفر به این مناطق رو دارین به نظرم فصل تابستون مناسب نیست چون توی روز وحشتناک گرمه ولی شب و صبح خنکه,"سلام‌حسین‌اقا‌تشکر بابت‌کامنت‌خوبت.
ازشما‌وخانواده‌بسیارمحترمتون‌بابت‌نظافت‌کلبه
ممنونیم‌.",2025-08-01,api
3168158,2025-08-06,4.2,همه چیز خوب بود هم برخورد میزبان هم رعایت ادب و احترام فقط خیلی هوا شرجی و گرم بود ما فقط جلوی کولر بودیم,"اقا‌محمدرضا‌تشکرازشما. 
فقط‌به‌خاطر گرم‌بودن‌هوا‌توتابستان‌امتیاز‌پایین‌دادید.
وسط‌تابستون‌که‌انتظار‌نباید‌داشته‌باشی‌براتون هوا‌خنک‌باشه.
داخل‌کلبه‌دوتا‌کولر‌نصب شده‌‌داخل‌کلبه‌بسیارعالیه.
برای‌بیرون‌.تو‌تابستون‌باید‌چاره‌ای‌کنیم.",2025-08-06,api
3168158,2025-08-07,5,من امتیاز کامل دادم,"میزبان‌3خانم‌بسیارباشخصیت‌وعالی بودیم
ممنونم‌بابت‌تمیزی‌کلبه",2025-08-07,api
3168158,2025-08-08,4.5,"خوب و مناسب بود
ممنون از میزبان",تشکرازشما موفق‌باشید,2025-08-08,api
3168158,2025-08-09,5,سلام میزبان بسیار خوش برخورد و عالی بودن کلبه بسیار تمیز و همه امکانات فراهم بود دسترسی به نقاط گردشگردی عالی بود,"ارادت‌اقا‌مهدی‌عزیز
ممنونم‌بابت‌کامنت‌زیباتون.
امیدواریم‌دراینده بتونیم باشما وخانواده‌محترمتون 
دیدار‌کنیم",2025-08-09,api
3168158,2025-08-15,4,ما سه شب اقامت داشتیم دسترسی به مکان های تفریحی خوب بود خود کلبه هم خوب بود,تشکرازشما,2025-08-15,api
3168158,2025-08-29,5,من امتیاز کامل دادم,سپاس ازشما سید‌عزیز,2025-08-29,api
3168158,2025-09-05,5,"همه چیز بسیار عالی بود  و ما لذت بردیم  سکوت. آرامش. منظره فوق العاده. ادب و نزاکت صاحبخانه و نزدیکی به همه چیز درباره خرید و غذا. و جاهای تفریحی و ..
خلاصه که به همه توصیه میکنم","سلام.عرض‌ادب‌
ممنومم بابت‌کامنت‌بسیارزیباتون.ازاینکه‌‌‌به‌شماوخانواده
محترمتون‌خوش‌گذشت‌خوشحالیم. بی‌شک‌لایق‌بهترینها
هستید.ارزوی‌خوشبختی‌براتون‌داریم.",2025-09-05,api
3168158,2025-09-08,5,بسیار عالی و از همه نظر راضی بودیم. ویو هم خوب هست فقط توجه داشته باشید که کلبه تقریبا در فضای روستایی هست تا جنگلی. البته شاید به لحاظ امنیت بهتر از فضای جنگلی باشد.,سپاس‌گذارم ازشما مهمان گرامی,2025-09-08,api
3168158,2025-09-12,5,سلام ویلای بسیار زیبای بود ویوی خیلی جذابی داشت تمیز بود ما یک شب اقامت داشتیم هم از فضای حیاط میشه استفاده کرد که خیلی خوب بود هم بالکن بنظرم نسبت به قیمت ارزششو داشت و مشکلی نداشت تشکر میکنم از میزبان عزیز 🌹,"متشکرم اقا‌احسان سپاس‌گذارم بابت‌کامنت‌زیباتون 
انقدرخوب‌ومحترم‌وباشخصیت‌بودید که‌نمیتونیم‌کامل
درکامنتها‌ثبت‌کنیم. به‌امید‌دیدار‌مجدد‌دوباره.",2025-09-12,api
3168158,2025-09-13,5,سلام .ممنونم از میزبان محترم ،همه چی خوب بود .حتی مایع و دستمال هم داخل ویلا بود .ظروف هم تمیز بود بااینکه خودم برده بودم ولی بازم از ظروفش استفاده کردم .برای خانواده چهارنفره خیلی عالیه .حتما باز هم این اقامتگاه و باز هم رزرو میکنم .,"سلام‌واحترام به‌مهمان‌گرامی
بسیارممنون‌وسپاسگذارم‌ازشما وبابت‌نظافت‌درجه‌1وعالیتون
به‌هنگام تحویل.که‌نشان ازشخصیت‌وفرهنگ‌بالای
شماست.امیدواریم‌دراینده باشما خانواده گرامی‌دیدار
داشته‌باشیم",2025-09-13,api
3168158,2025-09-14,4.8,تناسب امکانات و نظافت با قیمت ، محیط آرام با چشم انداز دشت، نزدیکی به مراکز خرید مایحتاج روزانه، امکان سفارش غذا (همسایه)، مالک تجربه کافی در خصوص تکمیل و پشتیبانی از واحدهای اقامتی را دارد و در دسترس میباشد. با این حال مواردی جهت ارتقاء خدمات با آقای علیپور مطرح شد که ایشان استقبال نمودند.,"ارادت‌بزرگوار.تشکرویژه‌بابت‌پیشنهاد های‌خوبتون‌
که‌حتما‌‌این‌یه‌مورد‌رفع‌میشه‌چشم. 
هرچه‌ازطرف‌ما‌صورت‌گرفته انجام‌وظیفه‌بوده.
ارزوی‌بهترینها‌براتون‌داریم",2025-09-14,api
3168158,2025-09-17,5,"یعنی دو شبی که اونجا بودیم سراسر آرامش و پر از حال خوب  بود . فقط چندتا نکته ظریف داره که باید خدمت مسافرین اعلام کنم :
ویو کلبه به صورت کامل نیست و ساختمان جلو آن می باشد . اما فارغ از اون ساختمان ، ویو قشنگی دارد . 
متکا های ویلا بسیار سفت و سنگین بوده است . اگر حساس هستید لطفا متکا همراه خودتون داشته باشید . 
و پله های ویلا کمی تیز و با شیب زیاد است که برای بچه ها اصلا مناسب نیست و بزرگسالان هم باید بسیار موظب باشند .","سلام.ممنونم‌ازشما‌بابت‌کامنت‌زیباتون‌‌وکاملتون‌
درمورد‌متکاهای‌‌کلبه‌‌‌5متکا‌گذاشتیم .کلا‌یه‌چیزهایی‌یا‌وسایلی‌
سلیقه‌ای‌ومتفاوت‌هستش. یه‌مورد‌ها‌کوچیکی‌اختلاف هستش.بازم‌چشم‌موردی‌باشه اگه‌مهمان‌‌‌پیشنهاد‌بدن‌.
روچشم.یاعلی",2025-09-17,api
3168158,2025-09-19,4.7,با سلام صاحب کلبه  مرد بسیار شریف و خوش برخورد کلبه زیبا چند روزی که اونجا بودیم بارون بود همه چی عالی,"ممنونم‌ازشما علی‌اقا‌عزیز
میزبان‌یه‌هم‌وطن‌درجه‌1ودوست‌داشتنی بودیم.
پیروز وپایدار‌باشید",2025-09-19,api
3168158,2025-09-21,5,عالی بود .ما حتی زود تر هم رسیدیم از ما استقبال کردن و مکان های دیدنی اون منطقه رو معرفی کردن و اینکه ویلا تمیز بود با ویو منظره زیبا در کنار همه اینها ما از غذا های منو ویلا سفارش دادیم که خوشمزه بود فقط نکته ای که داشت برای دوستانی ک بالشت نرم دوس دارن حتما باید با خودشون همراه داشته باشن چون سفت بودن,"سلام 
سپاس‌ازشما‌بابت‌کامنت‌بسیارزیباتون.
به‌امید‌دیداردوباره‌شما‌مهمان‌گرامی‌",2025-09-21,api
3168158,2025-09-28,5,"اقای علیپور بشدت خوش اخلاق
ویو عالی پیشنهاد میکنم تجربه کنید","ارات‌آقا رضا‌
میزبانی شما‌دوست عزیز‌باعث‌افتخار ماست.
امیدواریم دوباره‌بتونیم‌میزبان‌شما‌خوبان‌باشیم",2025-09-28,api
3168158,2025-10-02,5,واقعا میزبان امکانت خوبی فراهم کرده بود یه جای بکر آروم و دور از هیاهو لوکیشنشم عالی بود خونم واقعا تمیز بود ممنون از میزبان و برنامه جاجیگا,"ارادت‌اقا‌رضا
اونقدر‌خوب‌وباشخصیت‌بودید‌که‌میزبانی‌ازشما‌
مهمان‌گرامی‌باعث‌افتخار‌ما‌بوده.
آرزوی‌بهترینها‌براتون‌داریم.
ممنون‌میشیم‌کلبه‌خودتون‌رو‌به‌دوستانتون‌معرفی کنید",2025-10-02,api
3168158,2025-10-06,5,من در کل امتیاز کامل رو میدم رفتار میزبان عالی و از نظر تمیزی عالی بود,"اقا‌وحید بسبارتشکربابت‌کامنت‌خوبتون‌
هرچه‌ازطرف‌ما‌صورت‌گرفته انجام‌وظیفه‌بوده‌.
تا‌مهمانمون‌با‌خیالی‌آسوده وباارامشی‌کامل‌یه‌چند‌‌شبی
رو‌مهمان‌کلبه‌میباشند.
امیدواریم‌میزبان‌دوباره‌شما‌دوست‌گرامی‌باشیم",2025-10-06,api
3168158,2025-10-12,5,من امتیاز کامل دادم,"سپاس‌گذارم ازشما اقا‌بهنام‌‌
تشکرازشما وخانواده‌گرامی",2025-10-12,api
3168158,2025-10-15,5,به استثنای یه مورد جزئی که با میزبان محترم در میون گذاشته شد، با یه کلبه تر و تمیز با چشم انداز زیبا و میزبان باشخصیت طرف بودیم که اوقات خوشی سپری شد. میزبان محترم لطف داشتن و روز آخر از میوه های نارنگی باغ زیباشون برامون آوردن که فوق العاده خوشمزه بود. استفاده از این اقامتگاه رو به دوستانی که قصد سفر به این منطقه دارن پیشنهاد میکنم.,"میزبانی‌شما‌اقاصابر‌وخانواده‌گرامی باعث‌افتخارماست
امیدواریم‌لایق‌این‌همه‌کامنت‌زیبا‌باشیم.
ازدوستی‌باشما‌لذت‌بردم‌.
محصولات‌باغ‌هم‌نوش‌جانتان",2025-10-15,api
3168158,2025-10-28,5,"مکان دنج و آرامی بود و همه چی عالی😍
ممنون از جناب علیپور و خانواده محترم🌹🌹","ممنونم‌بزرگوار
ماهم‌تشکرازشما‌وخانواده‌گرامی بابت‌نظافت کلبه
به‌هنگام‌تحویل‌.
امیدوارم دوباره‌بتونیم باشما‌دیدار‌کنیم",2025-10-28,api
3168158,2025-11-05,3.3,"درود 
تشک سفت بود،که بعد از 2 شب من و دوستم دچار کمر درد شدیم و بالشت نامناسب باز هم دچار گردن درد شدیم، دستمال کاغذی و توالت وجود نداشت، کبریت یا فندک برای روشن‌ اجاق گاز نبود، یک سری تجهیزاتی اپلیه که واجب هست داخل اقامتگاه نبود.","درود‌ به‌ شما.‌حدود‌ 5 سالی‌ هستش‌ که‌ با‌ جاجیگاه کار میکنم‌ و 220‌ نظر‌ ثبت‌ شده‌ دارم‌. که‌ خدارو شکر‌ همگی‌
مثبت‌ بوده‌. ضعیفترین‌ امتیاز‌ از طرف‌ شما‌ به‌ ما داده‌ شده‌ که
انتقادات‌ تون‌ برامون محترم هستش.خانم‌ نوبهار‌‌ کم لطفی هستش‌ از شما‌ انتقاد‌ نکنم. تشک‌ کلبه‌ یکیش‌‌‌ نرم‌ و دیگری‌ به
قول‌ شما‌ سفت‌‌ باید‌ همین‌ باشه‌. نبود‌ که‌ تو سایت‌ هم‌ ثبت‌ نشده
و تا بحال‌ نزاشتیم‌ ولی‌ کبریت‌ درسته‌ احتمالا فراموش کردیم
که‌ ای‌ کاش‌ تو‌ نظر‌ میگفتید‌ که‌ میزبان‌ به‌ ما‌ گفته‌ اگه‌ کمو‌ کسری‌  دارید‌ به‌ ما‌ اطلاع‌ بدید‌ که‌ اصلا‌ تماس‌ نگرفتید. 
قابل‌توجه‌که
 بینظم‌ترین‌ مهمان‌ 5 سال ما‌ شما‌ بودید. تعجب
4 تا خانم‌ انقدر‌ به‌هم‌ریختگی‌ کلبه‌ که‌ زحمت‌ 5 دقیقه‌ جاروبرقی
کشیدن‌ به خودوشون‌‌ ندادن..و در ضمن‌ بدون‌ اجازه‌ از‌ مرکبات‌ اطراف‌ کلبه‌ چیدن‌ جایز‌ نیست‌ ای‌کاش
اجازه می‌گرفتید وماهم‌باروی‌باز‌به همه اجازه‌میدیم. 
ودراخرامیدوارم‌هیچ یک‌ازمیزبانان‌‌با شما‌‌برخورد‌نکن
یعنی‌‌کسی‌اقامتگاه داغون‌وترکیده‌میخاد‌خانم نوبهار
رو‌به‌مهمانی‌خودشون‌بپذیرن.",2025-11-05,api
3168158,2025-11-11,5,"برای بار دوم اومدیم، همه چی عالی و تمیز 
دو روز رو دور از شلوغی شهر گذروندیم در ارامش و سکوت کامل
ممنون از میزبان محترم","ارادت‌اقا‌فرشاد‌عزیز 
اونقدر‌خوب‌‌وخونگرم‌هستید‌که‌میزبانی‌از‌شما‌را‌افتخار
میکنیم.دیدار‌مجدد‌دوباره‌‌شما‌وهمسر‌محترمتون‌که
‌اقامت‌درکلبه‌خودتون‌بودید‌..واقعا‌به‌خودمیبالیم‌
که‌مهمان‌های‌محترمی‌‌چون‌شما‌‌کلبه‌وارش‌را‌انتخاب‌
می‌کنند.ارزوی‌بهترینها‌براتون‌داریم",2025-11-11,api
3168158,2025-12-03,5,"با سلام به مدت 2  روز در این خونه قشنگ بودیم اقای علی پور و خانواده محترم خیلی لطف داشتن و همچی بسیار عالی بود.  
کلبه دقیقا همون بود. مشکل جای پارک نداشتیم. پیشنهاد میکنم حتما پرتقال هم تهیه کنید","سلام.ارادتمند‌
میزبان شمابودن آقا امیر باعث افتخار ماست 
به امید دیدار دوبارتون",2025-12-03,api
3168158,2025-12-28,5,تجربه رزرو خوبی داشتیم کلبه رو تمیز و مرتب تحویلمون دادند و منظره قشنگی داشت امتیاز کامل میدم,"حسین آقا ازاینکه مهمان محترمی به کلبه وارش 
اومدن‌ وبا شما دوست گرامی آشنا شدیم خوشحالیم‌
امیدواریم درآینده دوباره میزبان شما وخانواده‌گرامی باشیم. 
ارزوی‌ بهترینها‌ برای همه‌ مهمانها‌ عزیزمون..",2025-12-28,api
3168158,2026-01-28,5,من امتیاز کامل دادم,سپاسگذارم ازشما مهمان گرامی,2026-01-28,api
3168158,2026-02-19,5,آقای علیپور مردی گل و با معرفت ...کلبه مرتب و تمیز بود,"سلام عرض وادب 
بزرگوار شما به ما محبت‌ ولطف به ما دارید.
هر چه ازطرف من میزبان صورت گرفته انجام وظیفه بوده.
اونقدر خونگرم‌بودید که ازدوستی‌ باشما لذت بردیم.
آرزوی بهترینها براتون داریم.",2026-02-19,api
3168158,2026-03-11,5,حس واقعی کلبه چوبی رو داره ،بی نظیره,تشکر فراوان اقا مجید عزیز,2026-03-11,api
3168158,2026-03-17,5,"مدت سه روز مهمان آقای علی پور بودیم.
میزبان بسیار خوش برخورد و مودب بودند.
هر زمان با ایشان کار داشتیم پاسخگو بودند.
کلبه بسیار تمیز و چشم انداز فوق‌العاده داشت.
حیاط بزرگ و مشجر به درختان پرتقال.","تشکر از شما اقا سعید عزیز 
هر چه از طرف ما صورت گرفته انجام وظیفه بوده 
تا مهمان با خیالی اسوده وراحت چند روزی رو اقامت کند 
به امید سربلندی ایران عزیزمون",2026-03-17,api
3168158,2026-03-20,5,ما خیلی راضی بودیم. میزبان آقای علیپور و خانوادشون بسیار خوش برخورد و مهمان نواز. لطف کردن یک ساعت زودتر کلبه رو به ما تحویل دادن. لوکیشن جذاب کلبه در باغ های پرتغال بود. لطف کردن گذاشتن از پرتغال ها هم بخوریم که بسیار خوشایند بود. داخل کلبه وسایل تمیز و تکمیله. حتی سرویس بشقاب و لیوان و همه چیز تکمیل. ما از اقامتمون لذت بردیم.,"ممنونم بابت ثبت نظر زیبا کاملتون.
انقدر خوب وخونگرم بودین که میزبانی کردن ازشما 
باعث افتخار هر کلبه داری هستش 
امیدواریم دوباره میزبان شما خوبان باشیم",2026-03-20,api
3168158,2026-03-30,5,من امتیاز کامل دادم,"تشکر از شما اقا پویا 
امیدواریم که این 3روز اقامت در کلبه خودتون 
بهتون خوش گذشته باشه.",2026-03-30,api
3168158,2026-05-01,4.3,"همه چی خوب و مرتب، تحویل به موقع. کوچه دنج و امن، میزبان مودب و خوش برخورد، خوبیش اینه محل زندگی میزبان داخل همون کوچه هست و چند تا خونه فاصله داره.
عطر شکوفه های پرتقال و نارنج تو این فصل فضا رو دلنشین تر کرده بود، صدای حیوانات مزرعه و شالی های اطراف هم که حس خیلی خوبی داشت.
فقط ما فکر میکردیم تو دل جنگله با توجه به عکس ها، و میتونیم پیمایش جنگلی داشته باشیم اما درخت های پرتقال اطراف کلبه ارتفاع پایینی داشتن و اجازه پیمایش نمیدادن.
در کل خیلی خوش گذشت ممنونم از آقا رضای عزیز و مهمان نواز🌻","ممنونم علی اقا عزیز
چقدر زیبا وکامل توصیف کردید.تشکر بابتدوقتی 
که برای ثبت کامنت گذاشتین.
تو قسمت توضیحات سایت ثبت کردیم که 
کلبه تو باغ مرکبات بنا شده نه تو جنگل.
از اینکه این دو روز میزبان شما بودیم وبه شما وخانواده
گرامی خوش گذشت خوشحالیم.",2026-05-01,api
3168158,2026-05-04,5,من امتیاز کامل دادم,تشکر,2026-05-04,api
3168158,2026-05-08,3.3,فقط‌ویوخوبی‌داشت‌ومابقی‌دیگرهیچ........,"اقا حامد واقعا متعجبم بابت این کامنت شما.
کمترین نمره از طرف شما تو این 5ساله به مابوده.
براورده کردن تمام خواستهای مهمان واقعا نشد هستش.
مجموعه وارش 5تا کلبه هستس که خداروشکر تمامی کلبه هامهمان های ما بانظرات ‌مثبت ونمره بالا ثبت کردند.
که من هم‌رو نظافت وهم رو بالا بردن صدای موزیک 
وسروصدای زیادی که باعث اذیت اطرافیان بشه .بسیار حساس بوده.به نظر من بدلیل اینکه به شما چند بار 
تذکر دادم که صدا موزیک وسروصدای دوستانتون 
باعث ازار اطرافیان میشه .این سخت گیری من باعث شده 
شما نگاه تون رو از همه نکات‌ مثبت چشم پوشی کنید
وبا دید نادرست کامنت رو ثبت کنید.
امیدوارم بتونم مطلب رو برای مهمان بعدیمون 
خوب ادا کرده باشم.",2026-05-08,api
3168158,2026-05-12,4.7,ه,سپاسگذار,2026-05-12,api
3168158,2026-06-01,4.8,اقامتگاه بسیار تمیز و مرتب بود و با توجه به قیمت مناسب بود. منظره بسیار زیبایی داشت و میزبان هم بسیار خوش‌برخورد بودند.,"بسیار ممنونم ازشما مهمان گرامی 
ازآشنایی باخانواده شما که بسیار باشخصیت 
ومحترم بودن خوشحالیم.منتظردیدار سبزتان هستیم.
پیروز وپایدار باشید.",2026-06-01,api
3168158,2026-06-14,3.7,نسبت به قیمتش بد نبود اما از نظر تمیزی نمیتونم انتیازی بدم چون اکثر خونه تار عنکبوت بود حتی درب ورودیش مبل وقالیش افتضاح بود لوکیشنشم نسبت به قیمتش خوب بود,"مهمان گرامی نظرتون برامون محترم .
شاید یه نقطه یا یه گوشه از کلبه تار عنکبوت بوده باشه 
که احتمال زیاد از چشممون دور مونده وندیدیمش.
دیگه اکثریت خونه تار داره اجازه بده باور نکنیم.
قالی کلبها هر 3ماه تعویض و شسته میشه .پس نمیتونیم 
کلمه افتضاح بکار ببریم .که واقعا بی انصافیه .نمیتونم بگم کلبه من بهترین کلبه هستش.. نه بزرگوار ولی‌  
تمام تلاش خودمون میکنیم که مهمان با رضایت کامل 
کلبه رو به ما تحویل بده.",2026-06-14,api
3168158,2026-06-25,5,"همه چیز عالی لوکشین تمیزی دسترسی به امکانات...
ممنون از آقای علی پور","تشکر ازشما مهمان محترم 
به امید دیدار دوبارتان",2026-06-25,api
3168158,2026-06-26,5,واقعا عالی بود از همه لحاظ. بالشت ها پتو کلا رخت خواب تمیز بود من رو این چیزا خیلی حساس و وسواسم ولی انقدر به نظافت کلبه و همه چی اهمیت داده بودن من کاملا راحت بودم و اصلا احساس بدی از نظر تمیزی نداشتم.  نگم براتون از بالکن طبقه بالا ویو عالی هر تایمی از روز و شب که برین بالا خلوت کنید فوق العادست.ما اونقدر خوشمون اومده بود از ویو بالا وعده های غذایی رو اونجا میخوردیم. البته شما چه طبقه بالا بری چه پایین از اون ویو فوق العاده زیبا میتونید لذت ببرید.گاهی اوقات تو حیاط غاز و اردک هم رفت و امد داشتن که خیلی خوب بود.میزبان هیچ چیزی کم نزاشتن تو کلبه نیازی به اوردن بشقاب و کتری و... نیست خودشون تهیه کردن و گذاشتن.در کل میزبانی خوبی داشتن و زحمت کشیدن برای ما الو اوردن.اگر باز هم قصد سفر به بابلکنار رو داشته باشتم قطعا این کلبه رو انتخاب میکنم. و در اخر ممنونم از میزبان عزیز که در این کلبه زیبا و بکر خاطره خوبی رو برای ما رقم زدن🙏🏻🌹,"بسیارممنونم.چقدر زیبا وجامع 
تو این مدت 4روز اقامتی که مهمان ما بودید.
اونقدر خوب بودید که واقعا لذت بردیم.
امیدواریم میزبانان عزیز هم مهمانهای بافرهنگ و با شخصیتی همچون شما وهمسر محترمتون اقامتگاه شون 
رورزرو کنند.ارزوی بهترینها تو این ایام براتون داریم.
امیدواریم دوباره میزبان شما خوبان باشیم",2026-06-26,api
3168158,2026-07-01,5,تشکر,تشکر ازشمااقاحمید رضا عزیز,2026-07-01,api
3168158,2026-07-02,4.5,خیلی خوب بود,ممنونم ازشما نظر لطفتون هستش,2026-07-02,api
3168158,2026-07-05,5,این کلبه در جای دنج و امنی بود و همه چیز طبق عکسها بودند ، ما دو شب در تیرماه 1405 اینجا بودیم و گلها و گلدان های پر از گل همه جا بودند ، حمام و دستشویی کاملا تمیز بود ، تشک ها و ملحفه ها تمیز بودند ، سطل زباله تمیز بود ، بالش ها تمیز و نو بودند و معلومه که تازه تعویض شده بودند ، لوکیشن کلبه طبیعت بکر و زیبا و  خوش آب و هوای داشت ، آب گرم کلبه داغ و عالی بود . فرش ها تمیز بودند ، سینگ ظرفشویی تمیز و شفاف بود ، اسکاج ظرفشویی نو و تمیز بود . کاشی حمام و توالت با مایع ضدعفونی کننده ( من ) شستشو و تمیز شده بود ، اسپیلت هر دو طبقه خنک کنندگی عالی داشتند . لوازم آشپزخانه و سیخ کباب و منقل در حیاط سالم بودند ، کتری و قوری مخصوص چای ذغالی در حیاط مهیا بود ، میزبان بسیار محترم و خوش برخورد بودند .,"اقای حبیبی عزیزازدوستی باشما وخانواده محترمتون لذت بردیم.اینقدر این کامنت زیباتون خوب بودش که خستگی این مدت ازتنمون خارج کردش.
امیدواریم که این دوستیمون ومیزبانی کردن ازشما 
تداوم داشته باشه.موفق پیروز باشید",2026-07-05,api
3168158,2026-07-21,4.8,"بسیار برخورد خوبی داشتن و مخصوصا غذای خانگی ک معرفی شد بسسسسیار عالی بود 
فقط ی ایراد داشت ک خود ویلا ویو خاص و زیبایی نداره ولی ب جاهای دیدنی نزدیکه","سپاس از شما مهمان گرامی.
غذای هم که سفارش دادید نوش جانتان.
به امید دیدار دوبارتان",2026-07-21,api
3168158,2026-09-01,5,من امتیاز کامل دادم,,,api
3176580,2025-08-11,5,"باسلام
اخلاق میزبان عالی
نظافت اقامتگاه عالی
امکانات و تجهیزات اقامتگاه عالی
ما دو شب اقامت داشتیم و در کل همه چی عالی بود،بسیار ممنونم ازشون",سپاسگزارم ازنگاه ونظرمثبت شما مهمانان عزیز که بسیارخوش اخلاق ومرتب ومنظم وعالی بودید امیدوارم که سلامت باشید ممنونم از اینکه وقت گذاشتید ودرنظر سنجی شرکت کردید انشاالله که بتوانیم مجددا درخدمت شما مهمانان عزیزباشیم باتشکر,2025-08-11,api
3176580,2025-08-13,3.7,از برخورد خوب میزبان رضایت دارم ولی از لحاظ نظافت در حد انتظار نبود خیلی کوچک بود,نظافت گمان نکنم مشکلی داشت موقع خروج چطور تعریف می‌کردید اگه ایرادی یامشکلی بودااطلاع رسانی می‌کردید زحمت شما زیاد نمی شدبه می‌گفتید تارفع عیب بشه درهر حال این نظر شما برای من ملاک نیست همون رضایت شما موقع خروج برای ما کفایت میکنه شما هم مهمان خوبی بودید ولی ...🤔🤔,2025-08-13,api
3176580,2025-08-20,3.7,"همه چی خوب بود رفتار میزبان عالی.انتن دهی و اینترنت واقعا بد بود.سرویس بهداشتی شلنگش وضعیت جالبی نداش.مسیرشم ب جاده اصلی دوره 
ولی نسبت ب قیمتش خوب بود در کل .",وقتی می نویسید همه چی خوب بودوموقع رفتن هی تعریف می‌کردیدهمه چی عالی ولی حرف وعمل شما باهم فرق مکنه بابت انتن دهی بله حق باشماست بااین قطعی برق که جدیدارخ میده دکل مخابراتی از کار می افته ولی بعد مدتی خوب میشه دست مانیست جالب اینه که شما از قیمت وکیفت نظر مثبت میدهید ولی ستاره کم میدهید ما بابت امنیت وسلامت شما هزینه های زیادی انجام دادیم تا خدا نکرده موقع اتفاقات ناگوار بتوانیم جواب گوی شما و ادارات مربوطه باشیم ولی شما خیلی راحت پایه دوربین را از جا کندیدوبه ما خسارت زدیدمسیر اقامتگاه هم تاجاده اصلی 3 دقیقه بیشتر زمان نمی بره وقتی کلبه جنگلی انتخاب می‌کنید این فاصله گمان نکنم زیاد باشه🤔 شما تنها مهمانی هستید که کمترین امتیاز را طی 3 سال از شما گرفتم شکستن دستگیره هم از شما نگرفتیم بماند,2025-08-20,api
3176580,2025-08-21,5,کلبه سوئیسی عالی.میزبان محترم و مهربان.از هر نظر عالی.,ممنونم از نگاه ونظر مثبت شما مهمانان عزیز که بسیارخوش اخلاق وعالی بودید از اینکه وقت گذاشتید واقامتگاه مااینطورتوصیف کردیدبسیار سپاسگزارم نمیدونم چرا بعضی از مهمانان مطالب ناحق ونادرست درسایت می‌نویسند درصورتی که موقع تحویل دادان کلبه از همه چیز تعریف وعالی میگن ولی توسایت عکس چیزی که میگن میبینم اگه انتقادوپیشنهادی هم مهمانان عزیز دارند به میزبان موقع تحویل اطلاع بدن حتما برای بهتر شدن اقامتگاه میزبانان انجام وظیفه   خواهند کرد باتشکر امیدوارم که بتوانیم مجددا درخدمت شما باشیم,2025-08-21,api
3176580,2025-08-24,5,"سلام همه چیز خوب بود ممنون از شما
مطابق عکس و‌توضیحات بود
جای دنج و عالی",ازلطف شما مهمان عزیز که بسیارخوش اخلاق ومرتب ومنظم وعالی بودید سپاسگزارم باعث افتخار ماست که راضی بودید انشالله که بتوانیم مجددا درخدمت شما مهمانان عزیزباشیم باتشکر,2025-08-24,api
3176580,2025-08-25,4.8,کلبه قشنگ و‌دنجی بود .باتشکر از میزبان محترم,ممنونم به شما خانواده محترم وعالی بسیار خوشحالیم که رضایت داشتید انشاالله که بتوانیم مجددا درخدمت شما مهمانان عزیزباشیم باتشکر,2025-08-25,api
3176580,2025-08-31,5,"«ما چند روزی مهمان ویلای آقا پیمان در شمال بودیم و تجربه خیلی خوبی برامون رقم خورد. کلبه از همون لحظه ورود فوق‌العاده تمیز، مرتب و دلنشین بود، همه‌چیز درست مثل عکس‌ها بلکه حتی بهتر. فضای داخل ویلا خیلی راحت و آرامش‌بخش طراحی شده و تمام امکانات لازم رو داشت. حیاط و اطراف کلبه هم پر از حس خوب طبیعت بود و واقعا برای استراحت و دوری از شلوغی شهر عالیه.
از طرف دیگه برخورد آقا پیمان فوق‌العاده محترمانه، صبور و دوستانه بود؛ هر سوال یا نیازی داشتیم سریع و با خوش‌رویی پاسخ دادن. همین موضوع باعث شد احساس راحتی و امنیت بیشتری داشته باشیم. به طور کلی، هم ویلا هم میزبان فراتر از انتظار ما بودن و ما با خاطره‌های خیلی خوب برگشتیم.
اگر دنبال یک اقامت آرام، تمیز و مطمئن در شمال هستید، کلبه آقا پیمان رو با خیال راحت پیشنهاد می‌کنم.»",ضمن سپاس وتشکرویژه که وقت گذاشتید وکلبه مارا اینطور توصیف کردید بسیار خوشحالیم که تونستیم خاطرات خوشی را برای شما مهمانان  عزیز فراهم کنیم قطعا مهمانان که بی حاشیه وآروم وپایبند یه سری قوانین اقامتگاه باشید حتما با رضایت کامل از پیش ما می روندکسانی که اقامتگاه وتجهیزات ولوازم کلبه را مثل خونه خودشان استفاده می کنند قطعا پذیرای مجددا آنها خواهیم بود انشاالله که بتوانیم مجددا درخدمت شما مهمانان عزیزباشیم باتشکر ارادتمند شما پیمان حسن پور کلبه باران🙏🙏,2025-08-31,api
3176580,2025-09-02,5,من امتیاز کامل دادم,ممنون از شما دوست عزیز که بسیارخوش اخلاق ومرتب ومنظم وعالی بودید امیدوارم که مجددا درخدمت شما مهمانان عزیزباشیم باتشکر,2025-09-02,api
3176580,2025-09-07,5,برخورد میزبان عالی بوداقمتگاه دربست و راحت بود,ازنگاه ونظر مثبت شما مهمانان عزیز ممنونم انشالله بتوانیم مجددا درخدمت شما مهمانان عزیزباشیم باتشکر,2025-09-07,api
3176580,2025-09-13,5,من امتیاز کامل دادم,بسیار ممنونم که رضایت داشتید خانواده بسیار عالی ومحترم بودید انشالله بتوانیم مجددا درخدمت شما مهمانان عزیزباشیم باتشکر,2025-09-13,api
3176580,2025-09-16,4.2,"آقا پیمان خیلی محترم و خوش برخورد بودن اقامتگاه تمیز و مرتب بود مطابق عکس 
لوکیشن خوش آب و هوا و زیبا بود",ممنون از لطف شما مهمانان عزیز باعث افتخار ماست که راضی بودید انشالله که بتوانیم مجددا درخدمت شما مهمانان عزیزباشیم باتشکر,2025-09-16,api
3176580,2025-09-17,5,"بسیار مهمان نواز و گرم و صمیمی و محیطی آرام و دلنشین 
اقا پیمان هم بسیار مهمان نواز خوبی بودند",سپاس فراوان که کلبه ما مورد پسندشماقرارگرفت بسیار خوب ومرتب وعالی بودید امیدوارم که مجددا درخدمت شما مهمانان عزیزباشیم باتشکر,2025-09-17,api
3176580,2025-09-23,5,همه چیز عالی بود خیلی تمیز و مرتب واقعا ممنونم از آقا پیمان عزیز,باسلام خدمت شما مهمانان عزیزبسیار عالی واروم وبی سروصدا ومرتب بوید شما ازجمله مهمانان بودید که قبل از رزرو نگران تمیزی ونظافت  بودید این امتیاز ورضایت به ما دل گرمی میده البته ما همیشه اقامتگاه راتروتمیز به مهمان تحویل می‌دهیم وهمان طور هم تحویل می گیریم بعضی مهمانان انم خیلی خیلی محدودکم لطفی میکنن وبارضایت کمال خارج می شوند ولی در نظر دادن خلاف حرف ورضایت حضوری نظر می‌دهند اگه انتقاد وپیشنهاد هر مهمانی داره به اطلاع رسانی کنه قطعا رسیدگی وپیگیری وانجام خواهد شد باتشکر 🙏🙏⚘️⚘️,2025-09-23,api
3176580,2025-09-30,5,میزبان محترم بسیار مهمان‌نواز و خوب بودن. اقامتگاه تمیز تحویل شد، امکاناتش خوب و کامل بود و اطلاعات منطبق بر سایت بود. حقیقتا تجربه و خاطره خوبی شد. ما هیچ مشکل خاصی ندیدیم. مرسی ازتون.,ممنونم از شما دوست عزیز که بسیارخوش اخلاق ومرتب ومنظم وعالی بودید ازاینکه وقت گذاشتید واقامتگاه مااینطورتوصیف کردیدبسیار سپاسگزارم نمیدونم چرا بعضی ها درحق بعضی میزبان ناحقی میکنند ومطالب نامناسبی که حتی بایه پیشنهاد میتونن به میزبان بگن را به زبان نمیارن ولی در کامنت ایراد یا مشکلاشان طوری توصیف می‌کنند که اون اقامتگاه از دید مهمانان بعدی مشکل دار به نظر میرسه امیدوارم تمام مهمانان با تمامی میزبان همکاری لازم دراین مورد را داشته باشند بعضی مواقع یه سری اتفاقات پیش میاد برای مهمان که اگه کوتاهی از میزبان باشه حق را به مهمانان میدهیم ولی درکل انتقادات وپیشنهاد ها جزئی زبانی باشه گمان کنم بهتره .‌..انشاالله بتوانیم مجددا درخدمت شما مهمانان عزیزباشیم باتشکر🙏🙏,2025-09-30,api
3176580,2025-10-02,5,میزبان بسیار آقای با شخصیت و مهربانی بودن و کلبه خیلی تمیز بود جکوزی خیلی تمیز و عالی بود کلن همه چی عالی بود,از لطف شما مهمانان عزیز که بسیارخوش اخلاق ومرتب ومنظم وعالی بودید ممنونم انشالله سلامت باشید امید داریم دوباره درخدمت شما دوست عزیز باشیم باتشکر,2025-10-02,api
3176580,2025-10-03,5,همه چیز عالی بود از هر نظر بسی لذت بردیم.,بسیار خوشحالیم که کلبه باران توانست موجب رضایت شما مهمانان عزیز قرارگیرد قطعا مهمانان که درچهارچوب قوانین اقامتگاه را رعایت کنند خوش میگذره وگرنه خلاف مقررات اقامتگاه باشه جایگاه مهمان خارج از اقامتگاه خواهد بودوشرمندشان می‌شویم ازاینکه اقامتگاه را تمیز ومرتب تحویل دادید ممنونم انشالله بتوانیم مجددا درخدمت شما مهمانان عزیزباشیم باتشکر 🙏🙏🙏,2025-10-03,api
3176580,2025-10-07,5,"اقا پیمان عالی هستی
خیلی حال کردم باهاتون
کلبه شما قشنگترین تجربه زندگیم بود..
همه چیش عالی و مرتب
هرچیزی ریزه کاریاش رعایت شده بود
هرچی خواستیم بود
.توجهتون ب کوچکترین امکانات رفاهی قابل ستودنی بود
در کل عالی",از این همه تقدیر ولطف شما ونظرمثبت شما مهمانان عزیز بسیار خوشحالیم از اینکه رضایت  داشتیدبخاطر خوب بودن شما ومحترم وعالی بودن شما بود مهمان بی حاشیه وپایبند قوانین اقامتگاه  نتیجه میشه رضایت وخاطره خوش برعکس این موضوع میشه خاطره نچندان خوب و...انشاالله که بتوانیم مجددا درخدمت شما مهمانان عزیزدر کلبه باران باشیم باتشکر🙏🙏,2025-10-07,api
3176580,2025-10-08,5,بسیار عالی و تمیز و دقیقا شبیه عکسا بود جناب حسن پور واقعا خوش برخورد و بسیار مهمان نواز بودند,بی حاشیه وآروم وخوب وبدون دردسر باشید نتیجه میشه رضایت کامل _از اینکه رضایت داشتید خوشحالیم بسیار مهمان گرامی وعزیز وعالی بودید کلبه را بسیار عالی و تمیز ومرتب ومنظم تحویل دادید سپاسگزارم انشالله سلامت باشید امید داریم دوباره درخدمت شما مهمانان عزیزباشیم باتشکر 🙏🙏,2025-10-08,api
3176580,2025-10-10,5,"من چهار شب این اقامتگاه بودم.
موقعیت مکانی و لوکیشن واقعا عالی.
منطقه روستایی و بکر و به دور از هیاهو.
مسیر دسترسی خوب و اسفالت.
میزبان خونگرم و دقیق و منظم.
تمیزی اقامتگاه رضایت بخش بود.
وسایل و تجهیزات هم خوب و کامل بود.
در کل راضیم و هرزمانی دوباره برم این‌ منطقه حتما جزو انتخابم خواهد بود و خاطره خوبی از اقامت توی این محل برام موند.",بسیار ممنونم که کلبه باران را این‌طور توصیف کردیدبسیار مهمانان محترم وعالی واروم و بی حاشیه بودید کلبه را تروتمیز ومرتب وعالی عالی تحویل دادید سپاسگزارم انشالله که بتوانیم مجددا درخدمت شما مهمانان عزیزباشیم باتشکر🙏🙏🙏,2025-10-10,api
3176580,2025-10-14,5,من امتیاز کامل دادم,از لطف ونظر مثبت شما مهمانان عزیز تشکر میکنم,2025-10-14,api
3176580,2025-10-23,5,سلام لوکیشن کلبه بسیار خوب و دنج بود و امکانات کلی ویلا بسیار عالی بود داخل و خارج کلبه بسیار تمیز بود سیستم های سرمایش عالی بودن جکوزی هم بسیار تمیز و خوب بود برامون چای و نبات و نسکافه هم گذاشته بودن و چای ساز هم داشتن و توری نصب شده روی درب های اصلی و طبقه ی بالا جلوی ورود حشرات رو به خوبی میگرفت امنیت محل ویلا عالی بود و نور پردازی بسیار عالی داشت که وقتی هوا تاریک تر شد خودکار داخل حیاط و دور کلبه ریسه های نور روشن شدن و آب نما و تابی که کنارش بود در کل حس خوبی رو بهمون میدادن و بالکن طبقه ی بالا که ویوی بسیار خوبی به منطقه دست عالی بود و باربیکیو و نظافتش هم خوب بود و ممنونم از برخورد عالی و بسیار خوب آقای حسن پور که بسیار با شخصیت و مودب هستن و خیلی کمک کردن به ما در مدت اقامتمون در کل بهترین گزینه برای اقامتی آروم هست حتما پیشنهاد میکنم,باسپاس فراوان از لطف شما مهمانان عزیز که بسیار عالی ومحترم بودید ازاینکه وقت گذاشتیددرنظر سنجی سایت پیام دادید سپاسگزارم باعث افتخار ماست که راضی بودید خوشحالیم بااین نظرات مثبت به ماکمک میکنید تا برای بهتر شدن تلاش کنیم انشالله بتوانیم مجددا درخدمت شما مهمانان عزیزباشیم باتشکر,2025-10-23,api
3176580,2025-10-29,4.2,"با تشکر همه چی خوب بود
ممنون از مهمون نوازیتون خاطره خوبی بود.تشکر",ممنون,2025-10-29,api
3176580,2025-11-04,5,"همه چی عالی، از میزبانی اقای حسن پور عزیز تا کلبه دنج و زیبا شون
به همه پیشنهاد میکنم این کلبه رو تجربه کنن",ممنونم ازشما مهمانان عزیز که بسیارخوش اخلاق ومرتب ومنظم وعالی بودید هرچی از خوش اخلاقی شما بگم کمه انشالله سلامت  وتندرست باشید امید داریم دوباره درخدمت شما دوست عزیز باشیم ارادتمند شما حسن پور کلبه باران باتشکر 🙏🙏,2025-11-04,api
3176580,2025-11-06,5,تمیز و دنج و ایده آل بود,نظر لطف شماست مهمانان بی حاشیه آروم وعالی باشید میشه رضایت کامل انشالله بتوانیم مجددا درخدمت شما مهمانان عزیزباشیم باتشکر,2025-11-06,api
3176580,2025-11-16,5,میزبان بسیار میهمان نواز و انسان شریفی هستن ،همچنین امکانات خیلی خوب و کلبه ی بسیار زیبا و دلنشین است,بی حاشیه وآروم ومرتب وپایبنده قوانین اقامتگاه نتیجه حتما میشه رضایت انشالله بتوانیم مجددا درخدمت شما مهمانان عزیزباشیم باتشکر,2025-11-16,api
3176580,2025-11-20,5,"سلام وقت بخیر
اقامتگاه خیلی عالی بود تمیز و بسیار زیبا مثل عکس 
صاحب اقامتگاه آقای حسن پور خیلی خوش برخورد و مهربون و با شخصیت بودن 
از همه نظر عالی و راضی ام خیلی خوش گذشت",فوق العاده مرتب آروم محترم وبی حاشیه وخیلی تمیز کلبه را طی چند شبی که مهمان ما بودید تحویل دادید انشالله بتوانیم مجددا درخدمت شما مهمانان عزیزباشیم,2025-11-20,api
3176580,2025-12-03,4.7,اقامتگاه زیبا بود، پارکینگ داشت و تمیز بود. از میزبان ممنونم,بسیار عالی و محترم واروم وبی حاشیه بودید ازاینکه رضایت داشتید خوشحالیم انشالله بتوانیم مجددا درخدمت شما مهمانان عزیزباشیم باتشکر,2025-12-03,api
3176580,2025-12-31,5,"سلام خواستم تشکر کنم از آقا پیمان  با برخورد خوبشون و مهمان نوازیشون کلبه واقعا تمیز و مرتب  بود من خودم خیلی حساسم چون رو تمیزی عالی بود .بسیار جای دنج و خلوتی بود ارامشی که داشت وصف شدنی نبود واقعا من الان تو راه برگشتم که نظرم رو ثبت میکنم واقعا دلم نمیخواست برگردم  و قطعا دفعه بعدی هم انتخاب من کلبه باران خواهد بود 
چشم انداز زیبا /ارامش ارامش/تمیزی/کلبه زیبا و نور پردازی شبش هم خیلی قشنگه و تشکر ویژه از آقا پیمان",قطعا این همه رضایت نظر لطف شما خانواده محترم وعالی وآروم میباشد بسیار خوش برخورد وخوب بودید که آدم کیف میکنه اینطور مهمان نصیبش میشه البته خوش شانسی ما بود😁 امیدوارم سلامت وتندرست باشید از اینکه کلبه جکوزی دار باران خاطرات خوشی را برای شما رقم زد خوشحالیم  انشالله بتوانیم مجددا درخدمت شما مهمانان عزیزباشیم باتشکر,2025-12-31,api
3176580,2026-01-14,5,"درود 
آقا پیمان عزیز خیلی با سلیقه ، بسیار تمیز و مودب و خوش برخورد بودن 
لوکیشن عالی نظافت عالی
از هر نظر عالی بودن 
امنیت خاطر محیطی برای خانواده و خوش منظره 
پیشنهاد میکنم 👌
موفق باشی پیمان جان به امید دیدار 🌹",باسپاس فراوان از این همه تقدیر مهمانان عزیز نسبت به کلبه باران طی چند شبی که مهمان مابودید بسیار تمیز ومرتب ومنظم کلبه تحویل دادید و اقامتگاه را مثل خونه خودتان میدونستید ممنون از شما که وقت گذاشتید ودرنظر سنجی سایت پیام دادید امیدارم سلامت وتندرست باشید امید داریم دوباره درخدمت شما مهمانان عزیزباشیم باتشکر🙏🙏,2026-01-14,api
3176580,2026-01-27,5,"واقعا همه چی خوب و عالی بود 
کامل مطابق عکسا 
تمیز و مرتب 
مخصوصا میزبان ک بسیار خوش برخورد و محترم هستن",بسیار مهمان محترم وعالی وپایبند مقررات بودید  تحویل ونظافت اقامتگاه هم عالی بود نشالله بتوانیم مجددا درخدمت شما مهمانان عزیزباشیم باتشکر 🙏🙏,2026-01-27,api
3176580,2026-02-02,5,من امتیاز کامل دادم,بسیار عالی وبی حاشیه ومحترم بودید از اینکه رضایت داشتید سپاسگذارم انشالله بتوانیم مجددا درخدمت شما مهمانان عزیزباشیم باتشکر,2026-02-02,api
3176580,2026-02-03,4.7,"بسیار خوش برخورد و خونگرم
مکان تر و تمیز و زیبا",بسیار سپاسگزارم که در نظر سنجی سایت وقت گذاشتید ورضایت داشتید خوشحالیم بسیار خانواده محترم وخیلی عالی بودید بهترین ها را برای شما آرزو میکنم انشالله سلامت وتندرست باشید امید داریم دوباره درخدمت شما خوبان باشیم ارداتمندشماپیمان کلبه جکوزی دارباران باتشکر 🙏🙏,2026-02-03,api
3176580,2026-02-26,4.7,ممنون از اقا پیمان کلبه تمیز مرتب بود,ممنون از لطف شما بسیار محترم وعالی بودید انشاالله که بتوانیم مجددا درخدمت شما مهمانان عزیزباشیم باتشکر,2026-02-26,api
3176580,2026-03-03,5,دفعه دومی بود که میخاستیم مهمانشون بشیم اما به علت شرایط بحرانی متاسفانه موفق به سفر نشدیم،اما دفعه قبلی که رفتیم همه چی عالی بود,باسلام خدمت شما مهمانان عزیز که رضایت کلبه موجب درخواست مجدد برای اقامت داشتید ولی بخاطر شرایط جنگی نتونستیم خدمت شما خوبان باشیم بسیار نگرانیم انشالله این درگیری ها وتنش ها هرچه زودتر تموم شه وبتوانیم دیدار دوباره میزبان شما مهمانان گرانقدر باشیم باتشکر,2026-03-03,api
3176580,2026-03-15,5,ممنون از آقا پیمان و کلبه بسیار خوشگلشون پیشنهاد میکنم حتما برید و لذت ببرید,باسپاس فراوان از لطف شما مهمانان عزیز باعث افتخار ماست که راضی بودید انشالله بتوانیم مجددا درخدمت شما مهمانان عزیزباشیم باتشکر,2026-03-15,api
3176580,2026-04-05,5,همه چیز بسیار عالی و تمیز و بسیار زیبا بود.میزبان محترم آقا پیمان عزیز انسان بسیار مهربان و محترمی بودند که بنده رو بسیار شرمنده کردن. لوکیشن دنج و آرام. درکل توصیه میکنم. به امید دیدار مجدد😍😍,ممنونم از شما دوست عزیز که بسیارخوش اخلاق ومحترم وعالی بودید امیدوارم که همیشه حال دلتون خوب وعالی وسلامت وتندرست باشید از اینکه رضایت داشتید ودرنظرسنجی پیام گذاشتید سپاسگزارم انشالله بتوانیم مجددا درخدمت شما مهمان عزیز باشیم باتشکر🙏🙏,2026-04-05,api
3176580,2026-04-12,5,تجربه لذت بخشی بود.توصیه میکنم امتحان کنید.کلبه تمیزی بود. سرویس بهداشتی و جکوزی بسیار تمیز بود. حیاط اختصاصی  زیبایی داره که میشه ماشین رو پارک کرد و خیالتون از بابت ماشین راحته.کلبه و منظره خیلی زیباتر از عکسها هستند.مجددا همین اقامتگاه رو رزرو خواهم کرد.با تشکر از میزبان محترم.,از رضایت شما خوشحالیم ازاینکه وقت گذاشتید ودرنظر سنجی سایت شرکت کردید سپاسگزارم قطعن مهمانانی که مقرارت مربوط اقامتگاه رارعایت میکنند به اونا خوش میگذره شما هم محترم وعالی بودید وخیلی تمیز کلبه راتحویل دادید ممنونم انشالله بتوانیم مجددا درخدمت شما مهمانان عزیزباشیم باتشکر,2026-04-12,api
3176580,2026-04-21,5,با سلام بسیار خوش برخورد و تمیز و عالی بود و دسترسی خوب به جنگل دارد,بسیار خرسندیم که میزبان شما مهمانان خوش رو ومنظم واز هر لحاظ فوق‌العاده بودیم امیدوارم که سلامت وتندرست باشید انشالله بتوانیم مجددا درخدمت شما مهمانان عزیزباشیم باتشکر,2026-04-21,api
3176580,2026-04-23,5,من امتیاز کامل دادم,رضایت شما مهمانان عزیز باعث افتخار ماست ممنونم که در نظر سنجی سایت پیام دادید بهترین ها را برای شما آرزو میکنم انشالله دیدارمجدد درخدمت شما خوبان باشیم باتشکر,2026-04-23,api
3176580,2026-04-28,5,"باسلام
ما دوشب اقامت داشتیم واقعاا بی نظیر بود.خیلی تمیز و مرتب بود همه چی.برخورد و مهمان نوازی آقای حسن پور عالی بود.حتما پیشنهاد میکنم این اقامتگاه رو و خودم دوستدارم مجدد برم.خیلی قشنگ بود",بابت رضایت شما مهمانان عزیز بایستی به تمام مخاطبانی که این کامنت ها را می‌خوانند بگم که هر کسی قوانینی که ما دراقامتگاه گذاشتیم  ومهمانان آن رارعایت می کنند حتما موجب رضایت مهمانان وخاطره خوشی را برای آنها بهمراه دارد درضمن شما هم مهمانان بسیار خوب وعالی بودید انشالله دیدارمجدد درخدمت شما خوبان باشیم باتشکر,2026-04-28,api
3176580,2026-05-20,5,من امتیاز کامل دادم,از لطف شما مهمانان عزیز تشکر میکنم انشالله بتوانیم مجددا درخدمت شما مهمانان عزیزباشیم باتشکر,2026-05-20,api
3176580,2026-06-19,5,"باسلام
بهترین میزبان و منظم ترین بودن خیلی بما خوش گذشت جای بسیار عالی بود دسترسی خیلی خوبی داشت همه چی عالی و تمیز و مرتب قطعا بازهم خواهم رفت",ممنونم از لطف ونظرارزشمندتان امیدوارم که مجددا درخدمت شما مهمانان عزیزباشیم باتشکر 🙏🙏,2026-06-19,api
3176580,2026-06-29,5,همه چی عالی بود اگه شیش ستاره داشت میدادم ، تمیزی که نگم برات ، انواع ظرف و ظروف داشت ، کولر بالا پایین خنکککک، آب گرم برا جکوزی یا آشپزخونه در لحظه میومد ، همه چی تموم بود مرسی واقعا ❤️,سپاسگزارم باعث افتخار ماست که راضی بودید رعایت قوانین مساوی با رضایت این چنین میشه شما هم بسیار عالی ومحترم بودید کلبه مثل روز اول تحویل دادید تمیز ومرتب ومنظم امیدوارم که مجددا درخدمت شما مهمانان عزیزباشیم باتشکر,2026-06-29,api
3176580,2026-07-02,5,اولا که با یک میزبان بسیار بسیار عالی طرف هستید ، اقای حسن پور شریف و ادم حسابی که از رفتارشون به شدت لذت بردیم ، ما مسافر از کرج بودیم ایشون سر اینکه تو افتاب نمونیم کلبه رو دوساعت زودتر بهمون تحویل دادن و به شدت ادم دوست داشتنی ای هستن ، کلبه از عکس هاش خیلی بهتره پر از گل های خفنه که خیاط و تراس کلبه رو پر کرده ، اقامتگاه جای اروم و قشنگی هست ، نظافت بسیار عالی جکوزی تمیز و عالی هست ، ظروف بسیار تمیز و هرچیزی که ادم از یه کلبه میخاد فراهمه ، قطعا یکی از بهترین سفر هام بود و یکی از بهترین تجربه هام توی این کلبه ، ممنون از اقای حسن پوره عزیز در اینده حتما باز هم مزاحمشون میشیم,ازلطف ونظر مثبت وتوصیف کامل واز اینکه وقت گذاشتید ودرنظر سنجی شرکت کردید سپاسگزارم شما هم از جمله مهمانان خوش اخلاق و عالی وارم وبی حاشیه  بودید انشالله دیدارمجدد درخدمت شما مهمانان عزیزباشیم باتشکر,2026-07-02,api
3176580,2026-07-04,4.8,من امتیاز کامل دادم خصوصا برای تمیزی و رفتار مودبانه آقا پیمان فقط فشار آب دوش خیلی کم بود که انشالله درست میکنن,ممنونم از لطف شما مهمانان عزیز که بسیار عالی بودید بابت فشار دوش بله حق باشماست رفتم چک کردم سوراخ های دوش کمی گیر داشت  کاشکی طی چند شبی که مهمان مابودیداطلاع می‌دادید فقط موقع تحویل خبر دادید که رفع عیب جزئی داشت ودرست شد بابت این ایراد کوچک هم ببخشید انشالله بتوانیم مجددا درخدمت شما مهمانان عزیزباشیم باتشکر,2026-07-04,api
3176580,2026-07-22,5,بسیار عالی و مرتب بود.,ممنونم از رضایت و نظر مثبت شما امیدوارم که مجددا درخدمت شما مهمانان عزیزباشیم باتشکر,2026-07-22,api
3176580,2026-07-23,5,واقعا همه چی عالی بود از برخورد میزبان گرفته تا نظافت اقامتگاه من از 20 نمره 20 رو میدم😊,البته خودتان 20 بودید که همچین نظری داشتید آنقدر کلبه را تمیز تحویل دادید اصلا نیاز به هیچ کاری نبود خوشا به حال کسی که دوست عزیزمون آقای جهان پور مهمان اون میشه باادب آروم بی حاشیه ومحترم حتی فراتر از این چند خط پیام انشالله بتوانیم مجددا درخدمت شما مهمانان عزیزباشیم باتشکر,2026-07-23,api
3176580,2026-08-07,4.7,همه چی عالی بود همه چیز دقیقا شکل عکس و بسیار تمیز,ممنونم از نگاه ونظر مثبت شما سپاسگزارم باعث افتخار ماست که راضی بودید انشالله که بتوانیم مجددا درخدمت شما مهمانان عزیزباشیم باتشکر,2026-08-07,api
3176580,2026-08-28,5,واقعا همه چیز عالی بود. بخصوص برخورد میزبان آقا پیمان عزیز,سلام ممنونم ازشما آقامسعود بسیار خوش برخورد وعالی ازاینکه میزبان شما خانواده محترم طی چند شب بودیم خوشحالیم بسیار عالی وتمیز ومرتب کلبه را تحویل دادید انشالله بتوانیم مجددا درخدمت شما مهمانان عزیزباشیم باتشکر,2026-08-28,api
3176580,2026-09-03,4.7,آدم صادقی بودند و هرچی نوشتند درسته,ممنونم از نگاه ونظر مثبت شما مهمانان عزیز باعث افتخار ماست که راضی بودید انشالله که بتوانیم مجددا درخدمت شما مهمانان عزیزباشیم باتشکر,2026-09-03,api
3178842,2025-07-02,5,بدون شککککک جز بهترین خاطره هامون شد,ممنونم از نظر خوبتون اعتبار مارو بیشتر میکنین🫀🙏,2025-07-02,api
3178842,2025-07-14,5,جای بسیار دنج و آرومی بود و خیلی به ما خوش گذشت,ممنونم از نظرخوبتون اعتبار مارو بیشتر میکنین همین ک بهتون خوش گذشت کلی از خستگیامون کم شد🙏,2025-07-14,api
3178842,2025-07-17,5,من امتیاز کامل دادم,مرسی از شما🙏,2025-07-17,api
3178842,2025-07-24,5,"یه تجربه خیلی عالی بود
ممنون از میزبان بخاطر زحمتاشون بابت نگهداری از مجموعه که مسبب فراهم شدن اینچنین تجربه های خیلی خوبی برای ما گردشگرا میشه
همینطور ممنون از پلتفرم جایگاه
شجاعی",ممنونم از نظر خوبتون  ایشالا بتونم دفع بعد بیشتر جبران کنم,2025-07-24,api
3178842,2025-07-28,5,خیلی عالی تمیز و لوکیشن بینظیر تشکر ویژه ازهمشهری عزیزمون اقای علیپور همه خوب و با صفا بود,ممنونم از نظر خوبتون ب ما اعتبار میدین🫀🙏,2025-07-28,api
3178842,2025-08-06,4.8,اقامتگاه خوب و راحتی هست، فقط نور حیاط برای شب مناسب نیست و فشار آب حمام کمه، اگه میزبان محترم اینارو برطرف کنن فوق العاده میشه,نور حیاط چشم حتما اضافه میشه فشار اب کلیه بخاطر رفتن برق خدارپ شکر فعلا بر طرف شد,2025-08-06,api
3178842,2025-08-21,5,من امتیاز کامل دادم,ممنونم از شما 🙏,2025-08-21,api
3178842,2025-08-22,5,عالی و درجه یک,ممنوم از شما 🙏,2025-08-22,api
3178842,2025-08-30,4.8,یه جای عالی و آروم. استخر تمیز. اخلاق آقا آرش هم صمیمی.  واقعا پیشنهاد میدم کسانی که دنبال جای آروم و امن هستن حتما برن تجربه کنن,ممنون از نظرتون خوبی از خودتونه🫀,2025-08-30,api
3178842,2025-09-15,4.8,سپاس از آقا آرش گل بابت مهمان نوازیشون کلبه بسیار دنج و از هر لحاظ عالی استخر تمیز و مهمتر از همه ساکت و دنج تنها موردی که بود و خواهش دارم از میزبان محترم رفع بشه وجود کرم هایی شبیه هزار پاکه از درزها داخل اومده بودن که یه مقدار شب ها موقع خواب بچه ها میترسیدن ازشون و گرنه همه چی عالی بود,سپاس🫀🙏,2025-09-15,api
3178842,2025-09-19,5,"محیط زیبا از نظر نظافت عالی 
برخورد میزبان بسیار گرم و صمیمی",ممنونم از نظر خوبتون 🫀🙏,2025-09-19,api
3178842,2025-09-23,4.8,همه چیز عالی بود واقعا سپاسگذارم,ممنونم از نظر خوبتون🫀🙏,2025-09-23,api
3178842,2025-09-25,4.7,خیلی عالی بود واقعا ترکیب این کلبه سویئسی و استخر کوچیک خیلی خوب بود داخل کلبه زیبا استخر تمیز و گرم محیط بیرون دنج و مرتب تنها مشکلی که میشه گفت سرو صدای راه رفتن توی طبقه بالا بقیه چیزها عالی بود,ممنونم از نظر خوبتون استخر 4در 7 براتون کوچیک بود ببخسید بعد همه کلبه چوبیا طبقه بالاش راه میری صدا چوب میده,2025-09-25,api
3178842,2025-09-28,5,عالی بود همه چی بسیار تمیز و منظم و خوش برخود,ممنونم از نظرتون اعتبار مارو بیشتر میکنه🫀🙏,2025-09-28,api
3178842,2025-10-06,5,سلام .ممنون از کلبه زیبا و شیکتون..همه چیز عالی بود .فضای حیاط و استخر زیبا و بسیار تمیز و گرم واقعا بکر بود .صدای پرندگان و صدای آب آرامش خاصی به فضا داده بود .دوست دارم دوباره تجربه اش کنم.,ممنونم از نظر خوبتون🙏🛖,2025-10-06,api
3178842,2025-10-08,4.7,"همه چیز عالی بود
سپاسگزارم",مرسی از نظرتون🙏🫀,2025-10-08,api
3178842,2025-10-15,4.5,"اقامتگاه واقعا زیبایی بود با طبیعت فوق العاده و جاده زیبای سیادرکا در دل طبیعت بکر مازندران یک سری نکات ریز من جمله تعویض نیاز به تعویض تشک به میزبان جهت تبدیل شدن خوب به عالی گفته شد.ما واقعا اقامت 2 روزه خیلی خوبی رو تجربه کردیم
با تشکر از سایت و پرسنل محترم جاجیگا",ممنونم از نظر خواتپن اعتبار مارو بیشتر میکنین🫀,2025-10-15,api
3178842,2025-10-17,5,عالی بود,ممنونم از نظر خوبتون🙏🛖,2025-10-17,api
3178842,2025-10-29,5,همچی عالی بود ما خیلی حال کردیم حتما بازم میایم,ممنونم از نظر خوبی ک دادین اعتبار مارو بیشتر کردین🫀🛖,2025-10-29,api
3178842,2025-11-03,5,من امتیاز کامل دادم,مرسی ک با امتیازتون اعتبار مارو بیشتر میکنین,2025-11-03,api
3178842,2025-11-04,4.5,بسیار ویلای قشنگ و خوبی بود میزبان هم هر زمانی که تماس گرفته میشد در دسترس بودن استخر و آب گرم آن فوق‌العاده بود.سیستم گرمایشی برای شب خیلی خوب نبود.بالکن در شب پر از حشره بود که امکان استفاده نبود که طبیعی هست در آنجا بخاطر وجود درختها.تمیزی ویلا و منظره و استخر و موقعیت ویلا خوب بود,سیستم گرمایشی بخاطر اینکه روز گرمه کم بود زنگ میزدین براتون زیاد میکردم گرمایشی شفاژ کاری شده,2025-11-04,api
3178842,2025-11-20,4.8,"واقعا همه چی عالی بود 
ویلا و استخر واقعا تمیز بود
ممنون ازتون",ممنونم از نظرتون که اعتبار مارو بیشتر میکنه❤️🛖,2025-11-20,api
3178842,2025-11-30,5,همه چی عالی,ممنونم از نظر خوبتون 🫀🙏,2025-11-30,api
3178842,2025-12-16,5,صفر تا صد عالی . میزبان مهمان‌نواز. محیط داخل کلبه و بیرون عالی . 💛💛👌👌,ممنونم از نظر خوبتون افتخار ماست بهرینارو فراهم کنیم🙏,2025-12-16,api
3178842,2026-01-09,5,عالی بود همهچیز حتما پیشنهاد میکنم,مرسی ک با نظرتون اعتبار کلبه رو نسبت ب مسافرای دیگه مطمئن میکنین🙏🫀,2026-01-09,api
3178842,2026-03-09,2.3,همه چی کاملا معمولی بود فقط یه صداهایی شب از داخل چوب ویلا میومد که میزبان گفتن پرنده ست با اینکه شبیه به پرنده نبود صداش,داداش الان بهاره جز پرنده لونه درست کنه چی میتونه باشه خودتم امدی دیدی برات توضیع دادم جلوی پرنده رو نمیتونم بگیرم دورت بگردم تمیزیو وسایل همه چی کامل تحویل دادم استخر اب گرم,2026-03-09,api
3178842,2026-03-19,4.3,استخر آب گرم عالی بود ؛ تمامی موارد مطرح شده با واقعیت مطابقت داشت ؛ محیط کلبه پر از حس خوب و آرامش بود؛ وضعیت تمیزی کلبه در کل مناسب بود ؛ با توجه به تمامی موارد ، اقامت در این کلبه پیشنهاد میشه ؛ ممنون از میزبان محترم .,مننونم از نظر خوبتون🙏🤍,2026-03-19,api
3178842,2026-03-26,4.3,سلام ارادت واقعا خیلی خوب بود فقط,مرسی از نظر خوبتون🫀🙏,2026-03-26,api
3178842,2026-04-09,5,"عالی بود همه چیز
برخورد میزبان فوق العاده",ممنونم از نظرخوبتون باعث انرژی بیشتر رفع خستگی ما میشه ایشالا بتونم دفع های بعد میزبان خوبی برای شما باشم🙏🫀,2026-04-09,api
3178842,2026-04-11,5,"به عنوان‌کسی‌که‌سالها‌در‌صنف‌گردشگری فعالیت داشتم کاملا وپیشنهاد میدم و از میزبان عزیز سپاسگذارم بابت این مکان خوش انرژی
همه چی عالی",ممنونم ازتون بابت انرژی خوبتون ایشالا بتونم جبران کنم 🙏🌻,2026-04-11,api
3178842,2026-04-18,5,"اول از همه برخورد مناسب و تحویل به موقع ویلا از طرف میزبان نظرمو جلب کرد
نظافت ویلا و پتو و بالش ‌و باقی موارد هم مناسب بود
سیستم سرمایش و گرمایش خوب کار می کرد و در کل از لحاظ امکانات خوب بود
تنها انتقادی که میتونم کنم بابت کیفیت مایع",ممنونم از نظر خوبتون که اعتبار مارو بیشتر میکنین🙏🫀,2026-04-18,api
3178842,2026-04-24,5,همه چیز با تصاویر مطابقت داشت برخورد میزبان عالی بود ممنونم بابت وقت شناسیتون، استخر و محوطه عالی بود،ویلا جای بکر و زیبایی بود با تشکر فراوان,ممنونم از نظر خوبتون ک اعتبار مار بیشتر میکنین🫀🙏,2026-04-24,api
3178842,2026-04-26,3.8,ویلای خوبی بود خوش گذشت,ممنونم ازتون,2026-04-26,api
3178842,2026-05-07,4.8,"باتشکر ازمیزبان عزیز
مکان بسیار زیبا ودنج
اب استخر 24 ساعته داغ داغ
وبسیارتمیزبود
امکانات هم کامل بود",ممنونم از نظر خوبتون ک اعتبار مارو بیشتر میکنین🙏,2026-05-07,api
3178842,2026-05-13,4.3,"فضای ویلا قشنگ و بزرگ بود، استخر خوبی داشت دما آب مناسب بود شب هم می‌شد تو آب گرفت.تسویه 24 ساعته هم داشت که آب تمییز میموند.
از نکات منفی داخل ویلا خیلی تمییز نبود ظرفهارو اگه بخواین استفاده کنین باید شسته بشه میز داخل ایوان و حیاط هم کثیف بود در کل نظافت ویلا رسیدگی بیشتری میخواد 
بصورت کلی چون فضای زیبایی داره قابل قبول و خوب بود",ممنونم از نظر خوبتون ظرفا اکثرا شسته بعضیا باید بیارین,2026-05-13,api
3178842,2026-05-15,5,بسیار جای باصفا و خوبیه و از نظر تمیزی محیط و آب استخر در حد خیلی خوبیه,ممنونم از نظر خوبتون ک باعث میشه اعتبار کلبه بیشتر بشه بیشتر دیده بشه🙏🫀,2026-05-15,api
3178842,2026-05-22,4.5,سلام . اقامت ما توی ویلا تبدیل شد به چندروز آرامش … حیاط بزرگ و استخر تمیز. ممنونم از میزبان محترم,مرسی از نظر خونتون ب ما اعتبار میدین 🙏,2026-05-22,api
3178842,2026-06-01,4.2,با سلام. ویلا رو سر تایم ، مرتب و تمیز تحویل گرفتیم ، پک یک بار مصرف گزینه ی مناسبی از طرف میزبان بود ، به فضا سازی و امکانات ویلا توجه ویژه شده بود اما نیاز به توجه بیشتری از جهت نگهداری و تعمیر لوازم چه از طرف میهمانان محترم و چه از طرف میزبان بود ، در کل همه چیز خوب و عالی بود...با تشکر,ممنونم از نظر خوبتون که اعتبار مار نصبت ب مهمانای دیگه بیشتر میکنین🫀🙏,2026-06-01,api
3178842,2026-06-10,5,من امتیاز کامل دادم,ممنونم ازت ک اعتبار مارو بیشتر میکنینن,2026-06-10,api
3178842,2026-07-02,5,میزبان خوش برخورد بودن. کلبه هم تر و تمیز بود. راضی بودیم.,ممنونم ازتون که واقعا انرژی میدین 🙏🌻,2026-07-02,api
3178842,2026-07-05,5,من امتیاز کامل دادم,"ممنونم از امتیاز خوبتون. بعضیا دنبال زیر بغل مار میگردن 
وسیله میشکنن میان اینجا خودشونو خالی میکنن",2026-07-05,api
3178842,2026-07-06,4.3,میزبان محترم و خوش برخورد بودند ، جای دنج و آرومیه و استخر تمیز و آب گرم خوبی داره ، طبقه بالا چون کلبه چوبیه سر و صدا میده موقع حرکت ، در کل اوکیه مرسی از آقا آرش عزیز,ممنونم از نظر خوبتون🫀,2026-07-06,api
3178842,2026-07-10,4.2,"متاسفانه تو این هفته‌ای که ما رفتیم هم قطعی برق داشت و هم روزی چند نوبت کلا انتن موبایل به مدت دوساعت، دوساعت قطع می‌شد.اگر نیاز به کار با اینترنت یا تماس دارید حتما این نکته رو در نظر بگیرید چون مطلقا دسترسی‌ها قطع می‌شه.
باقی چیزها اما دقیقا مشابه چیزی بود که گفته شده بود.",والا ما خودمونم خسته شدیم  متاسفانه سراسری قطع میشه خونه خودتونم باشین قطع باز خدارو شکر استخر یه حیاط خوب داره خنک باشه برقا میره انتن میره مشگل کلبه نیست🙏,2026-07-10,api
3178842,2026-07-17,5,"ما یه خانواده 8 نفره رفتیم،دو شب اونجا بودیم
برخورد میزبان عالی و درجه یک بود
ویلا تمیز و مرتب و به موقع تحویل ما شد
در کل همه چی عالی بود و مشکلی نداشتیم
ممنون از سایت جاجیگا و میزبان محترم🙏🤗",ممنونم از نظر خوبتون که اعتبار مارو بیشتر میکنین🫀🙏,2026-07-17,api
3178842,2026-07-26,4.5,"اقامتگاه بسیار دنج و زیبا و باصفا
تحویل بموقع
برخورد خوب میزبان
باید نظافت و تمیزی بیشتر رعایت شود 
با تشکر",ممنونم از نظر خوبتون ما تموم سعی ما اینه بهتر باشیم همین ک گفتی دقت خودمونو بیشتر میکنیم چشم🙏,2026-07-26,api
3178842,2026-07-27,4.3,"میزبان فوق العاده خون گرم خوش برخورد 
کلبه دنج
استخر تمیز
امکانات خوب 
تمامی لوازم تمیز و مرتب💯",ممنونم از نظر خوبتون اعتبار مارو بیشتر میکنین 🫀🙏,2026-07-27,api
3178842,2026-07-28,5,"ما یک روز توی کلبه اقامت داشتیم.
همه چیز عالی بود.رفتار میزبان عالی.تحویل آنی.نظافت عالی.محیط ساکت و آروم.حتما دوباره میام اینجا.",ممنونم ازتون ایشالا دلتون شاد باشه خدا برکت زندگیتونو زیاد کنه🫀🙏,2026-07-28,api
3178842,2026-08-07,3.5,"سلام. نکات مثبت : دسترسی آسان. دنج و امن بودن منطقه و رفتار خوب میزبان.
نکات منفی: کلبه کلی درز داشت که حشرات به راحتی وارد میشدن !! چون اسپلیت طبقه اول هست تقریبا طبقه بالا که محل خواب هست اصلا خنک نمیشه و تو این فصل عین جهنم میشه حتی اگه جهت باد کولر به سمت بالا باشه . اصلا تختی در کار نیست و یه تشک ۲ نفره خیلی خیلی قدیمی هست که عملا غیر قابل استفاده س !! چندتا مارمولک تو حمام بود که از درزهای دیوار جابجا می‌شدن. دیوار چوبی کنار استخر چندجاش دقیقا برای جای چشم و دید سوراخ شده بود.کف باربکیو یا بهتر بگم منقل شکسته و سوراخ بود و فقط میشد۳- ۴ سیخ روش گذاشت. مایع ظرفشویی و دستشویی با آب رقیق شده بود. کف طبقه بالا پر از مو و خاک بود. چند جای بدنمو حشره ای که احتمالا داخل رختخواب هست نیش زده احتمالا مالک محترم میگه تعداد شما زیاد بود و این حرفا !!! ولی ما کلا ۲ نفر بودیم و اینکه من خودم شمالی هستم و می دونم تو این فصل حشرات زیاد هستن ولی خب اگه کلبه درز و سوراخ نباشه و توری بزنن، خیلی کمتر میان داخل و نکات منفی دیگه !! با احترام به مالک محترم، همیشه نقد باعث پیشرفت میشه نه تعریف الکی.",درز زیر کلبه اصلا هیچ راهی برای وارد شده حشرات نداره دوم اینکه درو باز میزارین حشرات میان بعدش اسپلیت هم بالا رو خنک میکنه هم پایین من پک بهداشتی دادم بهتون رختخواب هم تمیز شسته بودن چون زدین چای سازو شکستین پولشو گرفتم دارید بد میگین مسافرای دیگه امدن دیدن خداروشکر راضی بودن پس الکی نیا روزی مردمو قطع نکن,2026-08-07,api
3178842,2026-08-23,5,ممنونم از آقای علیپور بابت رفتار و لوکیش عالیشون خیلی مکان عالی و تمیزی بود همه چی فوق العاده بود استخر تمیز کلبه تمیز همه چی عالی عالی بود ممنونم از میزبانیشون,ممنونم از نظر خوبتون,2026-08-23,api
3178842,2026-08-28,4.5,"کاملا مطابق با عکس هست استخر بسیار تمییز و عالی کلبه تمییز بود حیات عالی جای پارک 5 تا ماشین
فقط لوازم آشپزخانه فرسوده بود که با تمییز کردن حل نمیشد همچینن لوازم خواب اصلا خوب نبود همه فرسوده بود تشک تخت روی فنر بود پتو ها و بالش فرسوده و کثیف بود میزبان محترم باید اینها را هر چند وقت بشوید یا تعویض کند میزبان بسیار محترم و خوش برخورد در کل راضی بودم هتل 5 ستاره نیست",من وظیفمه همه تمیزگی رو رعایت کنم بخاطر واس واسی زیاد بهتون پک بهداشتی میدم,2026-08-28,api
3178917,2025-08-07,5,من امتیاز کامل دادم,,,api
3178917,2025-08-08,4.8,"سلام خدمت آقای دانشور عزیز
کلبه بسیار زیبا و دلنشین هست و حیاط فوق العاده زیبایی داره که توی فصل تابستون حس سفر به کشور های استوایی رو بهتون میده. بی تردید یکی از بهترین هاست و در رزرو کردنش شک نکنید. اگر توفیق باشه مجدد مزاحم ایشون خواهیم شد 🙏",,,api
3178917,2025-08-12,5,میزبان فوق العاده عالی،لوکیشن بهشت روی زمین.ممنون,,,api
3178917,2025-08-29,5,"بسیار عالی بود برای ما دو شب خیلی رویایی رو رقم زد این ویلا 
بسیار تمیز و اب استخر زلال و تمیز بود
رفتار میزبان به شدت محترمانه بود و دسترسی ویلا خیلی راحت بود و اطراف ویلا همه نوع مغازه هست
ویلا خیلی زیبا تر از عکس ها هست و به همه توصیه میکنم حتما یک بار هم که شده تجربه کنید این ویلارو",,,api
3178917,2025-08-31,5,"با سلام خدمت شما
توضیح کامل میدم که همه دوستان بتونن استفاده کنن
توضیحات موجود در سایت کاملا با امکانات کلبه همخوانی داشت. 
کلبه کاملا تمیز و مجهز بوده، اندازه ی خوبی داشت که راحت برای 6 نفر مناسب بود. حیاط دلباز و بسیار زیبایی داشت.
 از همه مهم تر استخر بود که اندازه ی خیلی خوبی داشت نسبت به اکثر کلبه هایی که رفته بودم اندازش به نسبت بزرگ بود و خیلی خوب بود. چون استخر تغییر ارتفاع داشت هم برای بچه ها و هم برای بزرگسال قابل استفاده بود، از لحاظ پاکیزگی هم عالی بود.
منظره ی کلبه غالبا روستایی بوده و دسترسی بهش آسون بود.
 میزبان بسیار محترم و خوش برخورد بودن و برای هرکاری به سرعت پاسخگو و پیگیر بودن.
 تناسب قیمت و امکانات خیلی بود.
در کل به عنوان یه کلبه ی استخر دار و جا دار حتما توصیه میشه. 
با سپاس 🙏🏻",,,api
3178917,2025-09-06,5,"بسیار بسیار تمیز و مرتب و عالی از هر نظر
میزبان بسیار خوش اخلاق و انسان متین و خوش برخوردی بودند
همه امکانات لازم فراهم بود و قطعا انتخاب بعدی بنده هم خواهد بود
به عنوان پیشنهاد وجود یک کولر خیلی کوچک در بهار خواب بالا استفاده بیشتری از اون محیط رو برای میهمان به ارمغان خواهد اورد
به طور کل از نظر پاکیزگی برای افراد با حساسیت بالا انتخابی درست و به جا میباشد.
حساسیت بالای میزبان برای فراهم کردن لحظاتی خوش برای میهمانان تحسین برانگیز میباشد.",,,api
3178917,2025-09-22,5,من امتیاز کامل دادم,,,api
3178917,2025-09-23,5,سلام ویلا و لوازم  بسیار تمیز و مرتب بود مث عکس ها دیزاین زیبایی داشت استخر تمیز و آب گرم بود ما تو بارون رسیدیم همون موقعه از استخر استفاده کردیم میزبان جناب دانشور  مودب و مهمان‌نوازی بودن قبل رسیدن با ما تماس گرفتن و هنگام رسیدن سریع آمدن و ویلا رو تحویل دادن بهمون خوش گذشت و از ویو زیبا لذت بردیم حتما مجدد این ویلا رو انتخاب میکنیم,,,api
3178917,2025-09-27,5,همه چی عالی بود،ممنونم,,,api
3178917,2025-10-07,5,بسیار تمیز و مرتب بود و برخورد میزبان عالی,,,api
3178917,2025-10-10,4.5,سلام همه چیز خیلی خوب بود استخر آب گرمش همیشه به آماده بود من با ورود به ویلا با اینکه باران هم می آمد از استخر استفاده کردم فقط اگر روی استخر پوشانده شود خیلی عالی می باشد دسترسی به همه چیز خیلی خوب هست,,,api
3178917,2025-10-14,5,من امتیاز کامل دادم,,,api
3178917,2025-10-31,5,من امتیاز کامل دادم,,,api
3178917,2025-11-01,5,"همه چی عالی بود 
از میزبان گرفته تا خود کلبه
رفتار میزبان عالی
کلبه تمیز 
امکانات کامل
دسترسی محلی خوب
واقعا لذت بردیم
به شدت پیشنهاد میشه",,,api
3178917,2025-11-05,4.3,سازه ویلا زیباست،با کیفیت ساخته شده اما علی رغم تصفیه آب مداوم استخر لبه های استخر کثیف و سیاه بود.نور شب خیلی نسبت به فضای بزرگ کمه وعملا امکان استفاده در شب خیلی محدوده. صندلی های نشیمنش پایه ها ایراد داشت و موقع نشستن باز میشه یک دفعه،در بدو ورود هم مواردی نقص داشت که اطلاع دادیم برطرف شدهمون موقع. درکل به نظرم فضای زیبا و بسیار قشنگه داره اما اگر نواقص رو برطرف کنند تجربه فوق العاده ای خواهد شد.,,,api
3178917,2025-11-13,5,همه چیز به بک کلام فوق العاده . دسترسی خوب . کلبه تمیز محوطه سازی عالی . استخر تمیز و گرم . میزبان فوق العاده . خدا به کسب و کارشان برکت بدهد و امیدوارم همین شرایط را بتواند در وضعیت کلبه نگهداری نمایند ، وجود زمین بازی اقامت را دلچسب تر نموده است.,,,api
3178917,2025-11-30,5,"واقعا از آقا مهدی ممنونم بابت مهمان نوازیشون یکی از بهترین تجربیات من بود تو این صفر و واقعا لذت بریم همچی عالی همچی از لوکیشن گرفته تاهمچی ویلا
یه کلبه خوشگل و با سلیقه 
از نظر تمیزی هم عالییی
گرمایه آب عالییی
تمیزیه آب عاییی
خود اقا مهدیم که معرکه بود ایشالله خدا بهش سلامتی بده و به زندگیش برکت❤️",,,api
3178917,2025-12-16,4.7,"خوب ، قیمت مبلغ پرداختی کاملا مناسب ویلا بود ، استخر رو باز واقعی برای زمستون ، دمای آب عالی
میزبان هم بسیار محترم بود",,,api
3178917,2025-12-24,5,من امتیاز کامل دادم,,,api
3178917,2025-12-31,5,میزبانی بسیار محترم، محیطی کم نظیر و ویلایی تمام عیار. به شدت توصیه می کنم.,,,api
3178917,2026-01-29,5,من امتیاز کامل دادم,,,api
3178917,2026-02-18,5,"ویلا بسیار تمیز و مرتب بود، میزبان خوش برخورد، در دسترس و همراه بودن. 
استحر بسیار تمیز بود و گرمای مناسب داشت. رسیدگی خوبی هم میشد بهش. 
اقامتگاه به خوبی تمیز شده بود. 
وسایل آشپزخانه کافی بود به جز لیوان‌ها. 
تعدادی استکان بود ولی لیوان نوشیدنی نبود.
اتاق سوم که در واقع یه بهارخواب هست در طبقه دوم است بسیار دید خوبی به منظره‌ی روبرو دارد. 
در کل ما حتما این ویلا رو دوباره رزرو میکنیم.",,,api
3178917,2026-03-01,5,"ویلا دقیقا مطابق عکس ها و حتی قشنگ تر هم بود.
داخل ویلا و محوطه بسیییییار تمیز بود. ما همراهمون ظرف داشتیم اما ظرف های ویلا هم برای 6 نفر کامل بود.
آقای میزبان خیلی خوش اخلاق و پاسخگو بودند.
ما 4 شب اقامت داشتیم و واقعا راحت بودیم. گرمایش از کف بود و با اینکه هوای بیرون خیلی سرد بود، داخل بسیار عالی بود. بهارخواب یه کم خنک تر از طبقه پایین بود.استخر هم چهارفصل و در هوای سرد هم، لذتبخش بود.
امیدوارم همیشه انقدر قشنگ و تمیز بمونه.",,,api
3178917,2026-03-05,5,بسیار عالی و همه چیز تمام ، دسترسی عالی به تمام نیازمندی ها و میزبانی و پشتیبانی بسیار خوب.,,,api
3178917,2026-03-12,5,همه چیز عالی بود,,,api
3178917,2026-04-13,5,همه چیز عالی و طبق گفته های میزبان بود ، نظافت و تمیزی ویلا هم بسیار خوب بود و محوطه هم غرق در بوی گل,,,api
3178917,2026-04-23,5,همه چی عالی بود واقعا و تمیز,,,api
3178917,2026-04-24,5,"اقامتگاه تمیزو با آرامشی بود 
محیط بسیار زیبا و دسترسی به همیچیز خوب بود",,,api
3178917,2026-05-22,5,"سلام وسپاس بیکران ازآقامحمدمهدی گل که هم در ورود و هم در خروج تاجاییکه براشون مقدور بود نهایت همکاری راباما داشتند...
یک شب خاطره انگیز را درنهایت آرامش در باغ ویلای زیبا و پرازعطرگل و درختانی که فرمودند حاصل ذوق و سلیقه مادر عزیزشون هست در جای جای خونه تجربه کردیم و زحمت کشیدند آب استخر راتا10شب در دمای متعادل و مناسب خردادماه حفظ کردند، هم خونه تمیزومرتب تحویل شد وهم وسایل پخت وپز و پذیرایی به اندازه کافی بود، همه چیز عالی و ممنون بابت ساخت این کلبه زیبا و تقسیم این فضای زیبا و فراهم آوردن شرایط لذت و شادی با مهمان هاشون...
به نسبت تمام کلبه و ویلاباغ هایی که تاکنون از جاجیگای ارزشمند اجاره کرده بودیم، عالی تر و باامکانات رفاهی بیشتر بود، کولرگازی هامرتب و خنک درهراتاق، اسپیکرهم داشتند که برای ماخیلی کاربردی بود
فضای حیاط هم که باانرژی آقامحمدمهدی و سلیقه مادر در کاشت و نگهداشت گل ها بی نظیر بود و آرامش بخش، باویوی شالی که نام کلبه شالی برازنده این باغ ویلای زیباست👌🌹",,,api
3178917,2026-05-23,4.8,"تجربه بسیار خوبی داشتیم
ویلا خیلی باصفا بود همه‌چی اوکی میزبان هم بسیار محترم
🙏🏻",,,api
3178917,2026-05-24,5,همه چی عالی بود پیش نهاد میکنم حتما امتحان کنید دسترسی اسان به نانوایی و سوپر و میوه و داروخانه و پمپ بنزین,,,api
3178917,2026-05-26,5,واقعا همه چیز عالی بود . ممنون از مدیریت,,,api
3178917,2026-05-28,5,"از اقامت در ویلای شما بسیار رضایت داشتیم.
ویلا از هر نظر عالی، تمیز، آرام و کاملا مطابق انتظار بود و تجربه‌ای بسیار دلنشین برای ما رقم زد.
همچنین برخورد محترمانه، شخصیت قابل‌تحسین و پاسخگویی خوب شما، این تجربه را برای ما خوشایندتر کرد.
از لطف و میزبانی ارزشمندتان صمیمانه سپاسگزاریم.",,,api
3178917,2026-06-05,5,"تجربه عالی بود ویلا بسیار تمیز و کاملا شبیه عکس ها بود
فضاسازی حیاط ویلا زیبا و کاملا مناسب خانواده بود
همه چیز فکر شده و محیا بود و ویلا از نظر دسترسی عالی بود
در کل این ویلا رو به کسانی که قصد سفر به این لوکیشن و دارن پیشنهاد میدم",,,api
3178917,2026-06-11,4.8,میزبان بسیار محترم و پاسخگو بودن، استخر بزرگ، تمیز و حیاط بسیار قشنگ و سرسبز بود، وسایل داخل آشپزخانه خوب و کافی بود، منظره ویلا خیلی قشنگ و دید به شالیزار داشت، داخل کلبه دنج و قشنگه، داخل اتاق ها خوبه که آیینه وصل بشه، اتاق بالا حالت بهار خواب هست که تو تابستون گرمه ولی فصل های دیگه کاربردی تره، در کل ویلای خیلی خوبیه و کاملا توصیه میشه.,,,api
3178917,2026-06-13,4.8,میزبان بسیار محترم و مودب.حتی برا کباب ،ما بادبزن نداشتیم،سریع تهیه کردند.یه مکان امن و بسیار تمیز و شیک با یه دسترسی خوب به همه چی و ویو عالی.سپاس,,,api
3178917,2026-06-15,4.8,"رفتار میزبان بسیار محترمانه بود و خود اقامتگاه هم خیلی تمیز و باصفا بود
حتما دوباره میریم",,,api
3178917,2026-06-17,4.8,ویلا بسیار تمیز و به موقع به ما تحویل داده شد. رفتار میزبان بسیار محترمانه بود. اکثر عکسها مطابق با واقعیت بود(یه سایه بان کنار استخر در عکس بود که در زمان اقامت ما نبود). وسائل پخت و پز و باربکیو در حد نیاز موجود بود. دمای آب استخر در روز اول حضور ما که هوا ابری بود، کمی سرد بود ولی در روز آفتابی خوب بود. کولر بخوبی خنک میکرد. سرویس بهداشتی داخل ویلا تمیز بود ولی کمی بو میداد( علیرغم اینکه فن مداوما کار میکرد). از نظر من، وجود سرویس بهداشتی و دوش کنار استخر (که در کمتر ویلائی به این مورد مهم توجه شده)، یک امتیاز اضافه بحساب میاد. منظره ای که از بهارخواب دیده میشد، بسیار خاطره انگیز بود. اتاق خوابها کمی کوچک بودن ولی پذیرائی بسیار بزرگ و دلباز بود.دسترسی محلی ویلا بسیار عالی بود( سوپر مارکت، نانوائی، آشپزخانه و رستوران و ...). در کل از اقامت در این ویلا بسیار راضی بودم و اگر یه جکوزی در محوطه ساخته بشه، دیگه گل سرسبد تمام ویلاهای منطقه خواهد شد..,,,api
3178917,2026-06-26,5,من امتیاز کامل دادم,,,api
3178917,2026-06-27,5,من امتیاز کامل دادم,,,api
3178917,2026-07-06,5,خیلی خوب و عالی بود واقعا,,,api
3178917,2026-07-14,4.8,"ما برای بار سوم به این ویلا رفتیم و مثل همیشه خود ویلا و استخر و فضای باز بسیار تمیز و مرتب بود و از میزبان هم بسیار راضی بودیم
مثل همیشه عالی بود همه چیز",,,api
3178917,2026-07-22,4,در مجموع فضا زیبا و تمیز بود و برخورد میزبان عالی. چند تا ایتم اگر رعایت بشه دیگه جای هیچ عیب و ایرادی نمیمونه یکی اینکه اب استخر تار و کدر بود، اگر شفاف تر بود بیشتر لذت میبردیم ترجیحا اگر یک دوش در فضای باز کنار استخر وجود داشت بهتر بود چون سرویس بهداشتی حیاط زیاد تمیز نبود، سایز اسپیکر خیلی کوچیک بود فضای حیاط نیاز به روشنایی بیشتری داشت,مدتها بود پاسخی برای نظرات عزیزانی که رزرو میکردن نمیزاشتم، اما این کامنت برام خیلی جالب بود ، شما زمان تحویل استخر تمیز تحویل گرفتین، زمان خروج استخر کرد تحویل بنده دادین، وقتی وارد موتور خونه شدم دیدم موتور استخر رو خاموش کردین، تماس گرفتم که چرا این اتفاق افتاده فرمودین همسرتون تصمیم گرفتن با دوستان که چرا موتور استخر باید روشن بمونه و نیازی نیست، پس خاموشش کردین و استخر 24 ساعت بدون فعالیت بود و اب استخر کدر شد، بنده گفتم بسیار خب مشکلی نیست و خداحافظی کردیم، الان که نظرتون رو میخونم میبینم من اشتباه کردم که ازتون خسارت نگرفتم، من برای این کار شما مجبور شدم مکملی داخل استخر بریزم که هزینش نصف هزینه اقامت یک شب هست؛ فقط برای جمع کردن کاری که شما کردین، بعد کامنت میزارین اب استخر کدر بود!؛ حیف انرژی که ما میزاریم و این بازخورد رو میگیریم،وجود اسپیکر داخل کلبه یک اپشن اضافه هست و ما داخل سایت هیچ اشاره ای به وجود اسپیکر نکردیم و به عهده میهمان هست .در مورد روشنایی نظرتون درست هست در اینده حل میشه,2026-07-22,api
3178917,2026-07-27,4.8,"ضمن سپاس از میزبان محترم
ویلای فوق بسیار خوب و تمیز بود",,,api
3178917,2026-08-02,5,"عالی بسیار خوش برخورد 
و بسیار تمیز",,,api
3178917,2026-08-07,5,"ویلا زیبا و تمییز بود،  آب استخر هم تمییز بود.
رفتار میزبان هم بسیار محترمانه است.
همه چی خوب بود امتیاز کامل دادم فقط چند تا پیشنهاد در جهت بهبود اقامتگاه دارم، 
اول، با توجه به اینکه ویلا  استخر داره و خیلی ها آفتاب میگیرن پیشنهاد میکنم در حمامی که داخل محوطه س شامپو بدن گذاشته بشه که مسافران قبل از اینکه داخل استخر بشن حتما دوش بگیرن تا آب روغنی نشه
دوم اینکه، در هوای گرم تابستان و از آنجائیکه همه اقامتگاه تا ظهر ویلا رو تحویل میدن اگر ی بطری آب خنک داخل یخچال باشه در نظر مسافران تاثیرگذار خواهد بود.",,,api
3178917,2026-08-11,5,عالی,,,api
3178917,2026-08-13,5,من امتیاز کامل دادم,,,api
3178917,2026-08-25,5,"اقامت بسیار لذت‌بخش و خاطره‌انگیزی داشتیم. 🌿
ویلا بسیار زیبا، تمیز و راحت بود و فضای بزرگ و دلبازی برای اقامت و دورهمی داشت. حیاط بسیار زیبا و باصفا بود و فضاسازی آن در دل منطقه جنگلی لفور واقعا عالی انجام شده بود. استخر هم فوق‌العاده بود و یکی از بخش‌های جذاب اقامت ما محسوب می‌شد.
یکی از نکات مثبت مهم این ویلا، دسترسی سریع و آسان به مراکز خرید و امکانات اطراف بود؛ موضوعی که در یک منطقه جنگلی مثل لفور واقعا مزیت بزرگی محسوب می‌شود.
همه چیز برای یک اقامت راحت و دلچسب فراهم بود و ما قطعا دوباره به این ویلا برمی‌گردیم. ❤️
اگر قصد سفر به لفور را دارید، این ویلا را بدون تردید پیشنهاد می‌کنم و به نظرم ارزش رزرو کردن را دارد.
ممنون از میزبان محترم بابت فراهم کردن چنین فضای زیبا و دلنشینی. امیدوارم دوباره مهمان این ویلای دوست‌داشتنی باشیم. 🌱",,,api
3178917,2026-08-31,5,همه چیزعالی بود،ویلا فضا تمیزی امکانات درحدعالی,,,api
3179336,2025-08-22,5,منظره خیلی قشنگی داشتی. فضای بیرون از کلبه خیلی باحال بود. انواع بازی منچ تخته موجود بود.میزبان خوش اخلاق و پر حوصله. پیشنهاد میشه که برین به این کلبه,درود بر شما دوست عزیز،   ممنونم بابت ثبت نظر با ارزش و زیباتون، رضایت شما از اقامتتون و همچنین میزبانی از مسافرانی محترم و متشخصی چون شما نهایت افتخار ماست، به امید دیدار مجدد ،شاد باشید و پایدار,2025-08-22,api
3179336,2025-08-23,5,سلام وقت بخیر خیلی اقامتگاه خوبی بود برخورد میزبان عالی امکانات رفاهی کامل و جای بسیار دنجی بود این اقامتگاه رو حتما پیشنهاد میکنم,درود بر شما دوست عزیز،   ممنونم بابت ثبت نظر با ارزش و زیباتون، رضایت شما از اقامتتون و همچنین میزبانی از مسافرانی محترم و متشخصی چون شما نهایت افتخار ماست، به امید دیدار مجدد ،شاد باشید و پایدار,2025-08-23,api
3179336,2025-08-24,5,من امتیاز کامل دادم,درود بر شما دوست عزیز،   ممنونم بابت ثبت نظر با ارزش و زیباتون، رضایت شما از اقامتتون و همچنین میزبانی از مسافرانی محترم و متشخصی چون شما نهایت افتخار ماست، به امید دیدار مجدد ،شاد باشید و پایدار,2025-08-24,api
3179336,2025-09-07,4.5,انتظار محیط اطراف اقامتگاه جذاب تر داشتم ولی خود ویلا و امکانات داخلش عالی بود,درود بر شما دوست عزیز،   ممنونم بابت ثبت نظر با ارزش و زیباتون، رضایت شما از اقامتتون و همچنین میزبانی از مسافرانی محترم و متشخصی چون شما نهایت افتخار ماست، به امید دیدار مجدد ،شاد باشید و پایدار,2025-09-07,api
3179336,2025-09-11,4.3,داخل کلبه پر از هزارپا و حشرات مختلف بود.فرش و مبل ها تمیز نبود,"درود، به خاطر خسارتی که به جکوزی زدید و هزینه ای که با هزار تا گرفتاری ازتون گرفتم  و بحثهایی که پیش اومد،مطمانا باید هم نظر دروغ ثبت کنین تا ذره ای از فشاری که روتون هست کم بشه 
کاش در اینجا امکان ثبت تصویر هم بود تا با ثبت تصویر و عکسها،نظر دروغ شما رو به اثبات میرسوندم",2025-09-11,api
3179336,2025-09-21,5,واقعا همه چی عالی بود دوباره حتما انتخاب می‌کنم میزبان خوش برخورد و بسیار خوش سلیقه انواع بازی ها و نور پردازی عالی و فضای دلنشینی بود و همه چی مرتب وتمیز بود با تشکر از میزبان,درود بر شما دوست عزیز،   ممنونم بابت ثبت نظر با ارزش و زیباتون، رضایت شما از اقامتتون و همچنین میزبانی از مسافرانی محترم و متشخصی چون شما نهایت افتخار ماست، به امید دیدار مجدد ،شاد باشید و پایدار,2025-09-21,api
3179336,2025-09-23,5,"همه چی عالی و درجه 1
واقعا تمیز بود لوکیشن بکر
حتما حتما بازهم میام",درود بر شما دوست عزیز،   ممنونم بابت ثبت نظر با ارزش و زیباتون، رضایت شما از اقامتتون و همچنین میزبانی از مسافرانی محترم و متشخصی چون شما نهایت افتخار ماست، به امید دیدار مجدد ،شاد باشید و پایدار,2025-09-23,api
3179336,2025-09-27,5,بسیار تمیز و مرتب بود …,درود بر شما دوست عزیز،   ممنونم بابت ثبت نظر با ارزش و زیباتون، رضایت شما از اقامتتون و همچنین میزبانی از مسافرانی محترم و متشخصی چون شما نهایت افتخار ماست، به امید دیدار مجدد ،شاد باشید و پایدار,2025-09-27,api
3179336,2025-09-28,4.3,"من اول از همه تشکر میکنم برای نکات مثبت این اقامتگاه: زیبایی فضا، ادرس و دسترسی، منظره زیبا، 90 درصد تصاویر واقعی هستن و دقیقا همینه که دارید میبینید ، فشار آب عالی، اب گرم عالی که نیاز اصلی بود ، تخویل به موقع
ما برای دو شب مهمان بودیم 
این چندتا نکته رو مینویسم برای بهتر شدن اقامتگاه که مجدد هم بتونیم بیایم و امیدوارم که عکسهای تازه رو همینجا بزارن 
تصاویری که از جکوزی و فضای بیرونی هست  دقیقا همین هستن (فقط تخته چوب روی جکوزی کمی کهنه شده و روش چسب نوازی کشیدن که خوب یکم توی ذوق میزد)
سرویس داخل حمام ) توالت فرنگی، تمیز نیود، یعنی لک‌ه بود و ما فقط از سرویس ایرانی استفادا کردیم( وسائل آشپزخانه هم ( مثلا یخچال درب یخچال  کثیف بود ، فکر کنم دقت نشده بود به تمیز کردن)‌(اسکاچ‌ کهنه و قدیمی بودن که خوب دیگه به‌نظرم اینا سلیقه هست که میشه رسیدگی بشه) 
تخت خواب هم جاش یکم بد بود، یعنی برای قد 185 شب نمیشه درست خوابید و جای پاها کوتاه میشه، اگه بشه حابه جا کردش  خیلی خوب میشد 
موفق و پر برکت باشید 
ممنونم",درود بر شما دوست عزیز،   ممنونم بابت ثبت نظر با ارزش و زیباتون، رضایت شما از اقامتتون و همچنین میزبانی از مسافرانی محترم و متشخصی چون شما نهایت افتخار ماست، به امید دیدار مجدد ،شاد باشید و پایدار,2025-09-28,api
3179336,2025-10-02,5,سلام تشکر فراوان از میزبان محترم.لوکیشین فوق العاده کاملا تمیز و مرتب امکانات کامل.جکوزی عالی.پیشنهاد به سفر پشیمون نمیشید,درود بر شما دوست عزیز،   ممنونم بابت ثبت نظر با ارزش و زیباتون، رضایت شما از اقامتتون و همچنین میزبانی از مسافرانی محترم و متشخصی چون شما نهایت افتخار ماست، به امید دیدار مجدد ،شاد باشید و پایدار,2025-10-02,api
3179336,2025-10-07,5,"سلام وقتتون بخیر 
با تشکر و خسته نباشی از آقای آخوندی
همه چیز عالی طبق عکس بود،متشکرم🙏❤️",درود بر شما دوست عزیز،   ممنونم بابت ثبت نظر با ارزش و زیباتون، رضایت شما از اقامتتون و همچنین میزبانی از مسافرانی محترم و متشخصی چون شما نهایت افتخار ماست، به امید دیدار مجدد ،شاد باشید و پایدار,2025-10-07,api
3179336,2025-10-11,4.8,تشکر از شما بابت کلبه دنج و با صفا و سلیقه ای ک در سر گرمی های کلبه فراهم کردید,درود بر شما دوست عزیز،   ممنونم بابت ثبت نظر با ارزش و زیباتون، رضایت شما از اقامتتون و همچنین میزبانی از مسافرانی محترم و متشخصی چون شما نهایت افتخار ماست، به امید دیدار مجدد ،شاد باشید و پایدار,2025-10-11,api
3179336,2025-10-15,4.8,"اقای اخوندی با درک بسیار بالا و میزبانی فوق العاده 
اقامتگاه تمیز و عالی 
فضای ساکت و با ارامش","درود بر شما دوست عزیز
ممنونم بابت ثبت نظر زیباتون 
رضایت شما از اقامتتون و همچنین میزبانی از مسافرانی محترم و متشخصی چون شما نهایت افتخار ماست
به امید دیدار مجدد دوست عزیز و گرامی
شاد باشید و برقرار",2025-10-15,api
3179336,2025-10-27,4.3,خیلی خوب بود.ب شخصه بازهم این اقامتگاه رو میریم,درود بر شما دوست عزیز،   ممنونم بابت ثبت نظر با ارزش و زیباتون، رضایت شما از اقامتتون و همچنین میزبانی از مسافرانی محترم و متشخصی چون شما نهایت افتخار ماست، به امید دیدار مجدد ،شاد باشید و پایدار,2025-10-27,api
3179336,2025-11-20,5,بسیار عالی..ممنون از آقای آخوندی...پیشنهاد میکنم ...,درود بر شما دوست عزیز،   ممنونم بابت ثبت نظر با ارزش و زیباتون، رضایت شما از اقامتتون و همچنین میزبانی از مسافرانی محترم و متشخصی چون شما نهایت افتخار ماست، به امید دیدار مجدد ،شاد باشید و پایدار,2025-11-20,api
3179336,2025-12-04,5,"باسلام.
واقا کلبه خیلی زیبا و عالی بود امکاناتی ک واسه سرگرمی در نظر گرفته بودن واقا خلاقانه بود لوکیشن کلبه محیطی خیلی ارام و زیبایی بود 100درصد پیشنهاد میکنم برید پشیمون نمیشید من خودم حتما دوباره میرم واقا یکی بهترین کلبه های بود ک رفتم.میزبانی اقای اخوندی خیلی محترمانه بود برخورد صمیمانه و ادم بسیار باشخصیتی بودن.
لطفا مسافرانی ک تشریف میبرن از امکانات کلبه ب درستی استفاده کنند.","درود بر شما دوست عزیز و دوست داشتنی🌹
به جرات میتونم بگم که یکی از بهترینها بودید شما
آدم واقعا کیف میکنه از میزبانی مسافرانی چون شما
داداش، با افتخار و اشتیاق تمام تر منتظر دیدار مجدد شما هستم و پای قولی هم که به شما دادم هستم
هر جا هستید شاد باشید و برقرار
🌹🌹🌹🌹🌹🌹🌹",2025-12-04,api
3179336,2025-12-06,3.8,"حیاط کلبه خیلی خوبه و دید عالی داره
ولی از لحاظ نظافت و وسایل داخل به خصوص مبلمان و تخت میتونه خیلی بهتر بشه
برخورد میزبان خوب بود",درود بر شما دوست عزیز،   ممنونم بابت ثبت نظر با ارزش و زیباتون، رضایت شما از اقامتتون و همچنین میزبانی از مسافرانی محترم و متشخصی چون شما نهایت افتخار ماست، به امید دیدار مجدد ،شاد باشید و پایدار,2025-12-06,api
3179336,2025-12-21,4.8,از بهترین سفرهام بود ویلا آقای آخوندی واقعا حس فوق‌العاده ای رو به ما داد از محیط بسیار زیباش تا حیاط خیلی خوشگلش که با سلیقه ساخته شده واقعا بی‌نظیر بود بازی هایی که در کلبه در نظر گرفته بودن جکوزی بسیار تمیز و خوب بود و هر چی بگم کم گفتم این ویلا هیچی کم نداره فقط تنها موضوعی که میتونست بهتر بشه تمیزی ویلا بود که خوب بود ولی جای بهتر شدن داشت ممنون از آقای آخوندی که سفر فوق‌العاده ای برامون رقم زدن در رفتن به این کلبه شک نکنید,درود بر شما دوست عزیز،   ممنونم بابت ثبت نظر با ارزش و زیباتون، رضایت شما از اقامتتون و همچنین میزبانی از مسافرانی محترم و متشخصی چون شما نهایت افتخار ماست، به امید دیدار مجدد ،شاد باشید و پایدار,2025-12-21,api
3179336,2026-01-09,5,کلبه شیک و تمیزی هست، میزبان خودشون هم آدم خیلی خوبی بودن، فضا سازی کلبه عالی بود، بیرونش خیلی قشنگه، امکاناتی خوبی از قبیل تاب، فوتبال دستی و ... داشت که واقعا خوب بود باتشکر,"🌹درود بر دوست عزیزم🌹
باعث افتخار و سربلندی من بوده که میزبان چنین مسافری دوست داشتنی، مهربان،و بسیار بسیار با شخصیتی چون شما بودم
و با کمال افتخار و اشتیاق ،منتطر دیدار بعدی شما هستم 
و خدا رو شاکرم بابت اینکه لحظاتی شاد و رضایت بخشی رو در گلوریا کلبه سپری کردین
شاد باشید و برقرار🌹🌹🌹",2026-01-09,api
3179336,2026-01-12,5,"سلام و ارادت خدمت اقای اخوندی عزیز و مردم خوبم 
اقامتگاه همچیش عالیه و قابل قبول و به همه عزیزان پیشنهاد میکنم حتما این ویلا رو تجربه کنن 
برای من تجربه خوب و دل نشینی بودش هم تمیز بود هم جاش مناسب بود هم امکانات مناسب بود
محوطه زیبایی داره ویلا مناسب جشنهای متفاوته و سوپرایز کردن خلاصه بگم پیشنهاد میشه تجربه کنید با سپاس از اقای اخوندی عزیز و خوش برخورد","🌹درود بر دوست عزیزم🌹
باعث افتخار و سربلندی من بوده که میزبان چنین مسافری دوست داشتنی، مهربان،و بسیار بسیار با شخصیتی چون شما بودم
و با کمال افتخار و اشتیاق ،منتطر دیدار بعدی شما هستم 
و خدا رو شاکرم بابت اینکه لحظاتی شاد و رضایت بخشی رو در گلوریا کلبه سپری کردین
شاد باشید و برقرار
🌹🌹🌹",2026-01-12,api
3179336,2026-01-19,3.8,همه چی عالی بود ممنونم .,نظر,2026-01-19,api
3179336,2026-01-22,5,با سلام خدمت دوستان واقعا از همه نظر عالی بود توصیه میکنم حتما دوستان تشریف ببرن بسیار زیبا و باکیفیت عالی و مالک بسیار متشخص هستند,درود بر شما دوست عزیز،   ممنونم بابت ثبت نظر با ارزش و زیباتون، رضایت شما از اقامتتون و همچنین میزبانی از مسافرانی محترم و متشخصی چون شما نهایت افتخار ماست، به امید دیدار مجدد ،شاد باشید و پایدار,2026-01-22,api
3179336,2026-02-13,5,خیلی بهمون خوش گذشت,درود بر شما دوست عزیز،   ممنونم بابت ثبت نظر با ارزش و زیباتون، رضایت شما از اقامتتون و همچنین میزبانی از مسافرانی محترم و متشخصی چون شما نهایت افتخار ماست، به امید دیدار مجدد ،شاد باشید و پایدار,2026-02-13,api
3179336,2026-02-19,5,سلام خدمت دوستان، واقعا جا داره اول از همه تشکر کنم از میزبان عزیزمون که بسیار انسان با شخصیتی بودن و همیشه با حوصله پاسخگوی تماسها، از نظر اقامتگاه هم که باید گفت یکی از بهترین اقامتگاه‌ها و اقامتهایی بوده که من از جاجیگا داشتم،کلبه بسیار شیک تمیز امکانات عالی ، جکوزی زیبا،آلاچیق فوق‌العاده زیبا و آتشکده و محوطه سازی بسیار عالی و مناسب جهت یه اقامت رویایی و عکاسی، بسیار بسیار توصیه میشه.,درود بر شما دوست عزیزم، 🌹  ممنونم بابت ثبت نظر با ارزش و زیباتون، رضایت شما از اقامتتون و همچنین میزبانی از مسافرانی محترم و متشخصی چون شما نهایت افتخار ماست، به امید دیدار مجدد ،شاد باشید و پایدار 🌹🌹🌹,2026-02-19,api
3179336,2026-02-22,4.7,اقامت دلنشینی رو سپری کردیم با میزبانی عالی جناب آخوندی، طبیعت بکر و سکوت صبحگاهی، باران شبانه بسیار لذت‌بخش بود، خود کلبه زیبا بود و دسترسی خوبی هم داشت، تنها مشکل این بود که به علت بارندگی نتونستیم سیب زمینی کبابی بخوریم :) ما خاطرات قشنگی ساختیم و اونجا هم ثبتش کردم به امید روزای روشن تر. ✌🏻,درود بر شما دوست عزیز،   ممنونم بابت ثبت نظر با ارزش و زیباتون، رضایت شما از اقامتتون و همچنین میزبانی از مسافرانی محترم و متشخصی چون شما نهایت افتخار ماست، به امید دیدار مجدد ،شاد باشید و پایدار,2026-02-22,api
3179336,2026-03-02,5,من امتیاز کامل دادم,درود بر شما دوست عزیز،   ممنونم بابت ثبت نظر با ارزش و زیباتون، رضایت شما از اقامتتون و همچنین میزبانی از مسافرانی محترم و متشخصی چون شما نهایت افتخار ماست، به امید دیدار مجدد ،شاد باشید و پایدار,2026-03-02,api
3179336,2026-04-04,5,"با تشکر از میزبان و جاجیگا
همه چیز واقعا عالی بود میزبان بسیار بااخلاق و فکر همه چیزو کرده بود تمیز و مرتب امکانات رفاهی کامل . ویوی پنجره کنار تخت به شالیزار ها بود که خیلی جذاب بود .
بنظرم حداقل باید دوشب رزرو کنید که حسابی خوشبگذرونید برای ما بعد از یک شب ، دل کندن واقعا سخت بود . حتما دوباره انتخابش میکنیم .",درود بر شما دوست عزیز،   ممنونم بابت ثبت نظر با ارزش و زیباتون، رضایت شما از اقامتتون و همچنین میزبانی از مسافرانی محترم و متشخصی چون شما نهایت افتخار ماست، به امید دیدار مجدد ،شاد باشید و پایدار,2026-04-04,api
3179336,2026-04-05,4.7,"سلام همه چیز مطابق اطلاعات سایت بود
در کل از میزبان عزیز و اقامتگاشون رضایت داریم 🌹🙏🏻",درود بر شما دوست عزیز،   ممنونم بابت ثبت نظر با ارزش و زیباتون، رضایت شما از اقامتتون و همچنین میزبانی از مسافرانی محترم و متشخصی چون شما نهایت افتخار ماست، به امید دیدار مجدد ،شاد باشید و پایدار,2026-04-05,api
3179336,2026-04-23,5,همه چیز عالی,درود بر شما دوست عزیز،   ممنونم بابت ثبت نظر با ارزش و زیباتون، رضایت شما از اقامتتون و همچنین میزبانی از مسافرانی محترم و متشخصی چون شما نهایت افتخار ماست، به امید دیدار مجدد ،شاد باشید و پایدار,2026-04-23,api
3179336,2026-05-01,4.8,امتیاز کامل میدم عالی بود,درود بر شما دوست عزیز،   ممنونم بابت ثبت نظر با ارزش و زیباتون، رضایت شما از اقامتتون و همچنین میزبانی از مسافرانی محترم و متشخصی چون شما نهایت افتخار ماست، به امید دیدار مجدد ،شاد باشید و پایدار,2026-05-01,api
3179336,2026-05-02,5,ممنون از اقای آخوندی همه چی عالی بود,درود بر شما دوست عزیز،   ممنونم بابت ثبت نظر با ارزش و زیباتون، رضایت شما از اقامتتون و همچنین میزبانی از مسافرانی محترم و متشخصی چون شما نهایت افتخار ماست، به امید دیدار مجدد ،شاد باشید و پایدار,2026-05-02,api
3179336,2026-05-03,4.8,"درود و تشکر خدمت اقای اخوندی میزبان با اخلاق 
اقامت دلنشینی داشتیم همه چیز دقیقا مثل عکس سایت  بود ویو تو عکس مشخص نیست اما بسیار زیبا بود ویو ، وسایل تفریحی عالی ، جکوزی عالی و تمیز ، سلیقه میزبان بینهایت عالی بود از همه مهمتر دمپایی های تمیز و قبل ورود باعث شد در طول اقامت ویلا تمیز بمونه فقط کاش رو تراس بالا هم میز صبحونه داشت",درود بر شما دوست عزیز،   ممنونم بابت ثبت نظر با ارزش و زیباتون، رضایت شما از اقامتتون و همچنین میزبانی از مسافرانی محترم و متشخصی چون شما نهایت افتخار ماست، به امید دیدار مجدد ،شاد باشید و پایدار,2026-05-03,api
3179336,2026-05-11,5,"درود
دوشب ما اقامت در این کلبه زیبا داشتیم همه چی عالی بود و خاطره خوب و بیاد ماندنی برای ما شد",درود بر شما دوست عزیز،   ممنونم بابت ثبت نظر با ارزش و زیباتون، رضایت شما از اقامتتون و همچنین میزبانی از مسافرانی محترم و متشخصی چون شما نهایت افتخار ماست، به امید دیدار مجدد ،شاد باشید و پایدار,2026-05-11,api
3179336,2026-05-20,4.8,ما 1 شب اقامت داشتیم و از همه نظر خوب بود فضای حیاط واقعا زیبا بود و همه امکاناتی داخل ویلا بود فقط اگر کمی به نظافت دسشویی فرنگی دقت کنن عالی بود همه چیز,درود بر شما دوست عزیز،   ممنونم بابت ثبت نظر با ارزش و زیباتون، رضایت شما از اقامتتون و همچنین میزبانی از مسافرانی محترم و متشخصی چون شما نهایت افتخار ماست، به امید دیدار مجدد ،شاد باشید و پایدار,2026-05-20,api
3179336,2026-05-25,4.3,برخورد میزبان خوب بود ، فضای بیرونی عالی و دلباز و دنج بود ، فقط وسایل داخل یک مقدار کهنه بود و میتونست نظافت بهتر باشه و چون درب ورودی توری نداشت بلافاصله بعد از ورود و خروج حشره وارد میشد,درود بر شما دوست عزیز،   ممنونم بابت ثبت نظر با ارزش و زیباتون، رضایت شما از اقامتتون و همچنین میزبانی از مسافرانی محترم و متشخصی چون شما نهایت افتخار ماست، به امید دیدار مجدد ،شاد باشید و پایدار,2026-05-25,api
3179336,2026-05-28,4.8,"بسیار عالی فوق العاده باسلیقه و تمیز 
آب و هوا دل انگیز 
برخورد میزبان بسیار محترمانه و عالی 
از همه نظر تایید شده و پیشنهاد میکنم حتما برید",درود بر شما دوست عزیز،   ممنونم بابت ثبت نظر با ارزش و زیباتون، رضایت شما از اقامتتون و همچنین میزبانی از مسافرانی محترم و متشخصی چون شما نهایت افتخار ماست، به امید دیدار مجدد ،شاد باشید و پایدار,2026-05-28,api
3179336,2026-06-18,4.5,اقامتگاه دنج و زیبایی هست پیشنهاد میکنم,درود بر شما دوست عزیز،   ممنونم بابت ثبت نظر با ارزش و زیباتون، رضایت شما از اقامتتون و همچنین میزبانی از مسافرانی محترم و متشخصی چون شما نهایت افتخار ماست، به امید دیدار مجدد ،شاد باشید و پایدار,2026-06-18,api
3179336,2026-06-26,5,"همه چیز تمیز و عالی
جای دنج و امنیت 100😍
پیشنهاد میشه 🤩
ممنون از آقای آخوندی عزیز",درود بر شما دوست عزیز،   ممنونم بابت ثبت نظر با ارزش و زیباتون، رضایت شما از اقامتتون و همچنین میزبانی از مسافرانی محترم و متشخصی چون شما نهایت افتخار ماست، به امید دیدار مجدد ،شاد باشید و پایدار,2026-06-26,api
3179336,2026-06-30,5,"سلام و درود جناب آخوندی عزیز
اقامت بسیار خوبی داشتیم و از تمیزی و آرامش و امنیت و همچنین فضای زیبای کلبه کاملا راضی بودیم 
برخورد میزبان بسیار خوب و محترمانه 
و فقط جسارت نباشه یه پیشنهاد برای بهتر شدن اقامتگاه داشتم اونم اینکه برای درب ورودی و همچنین درب روی بالکن توری نصب شود که بتوان در را برای ورود هوای تازه با توجه به شرایط آب و هوایی عالی که هست اونجا بتوان باز گذاشت که مانع ورود حشرات هم بشه 
از بس همه چی عالی بود حیفم اومد این نکته رو پیشنهاد ندم که دیگه همه چی تموم باشه 
جسارت منو ببخشید جناب آخوندی 
بابت همه چی ممنونم از تحویل به موقع و مهمتر از اون اعتمادی که به بنده داشتید 
به همه کسانی که که یه اقامت فراموش نشدنی میخوان با لوکیشن عالی حتما پیشنهاد میکنم",درود بر شما دوست عزیز،   ممنونم بابت ثبت نظر با ارزش و زیباتون، رضایت شما از اقامتتون و همچنین میزبانی از مسافرانی محترم و متشخصی چون شما نهایت افتخار ماست، به امید دیدار مجدد ،شاد باشید و پایدار,2026-06-30,api
3179336,2026-07-01,5,همه چی عالی بود ممنونم از میزبان محترم بابت تمامی زحماتشان,درود بر شما دوست عزیز،   ممنونم بابت ثبت نظر با ارزش و زیباتون، رضایت شما از اقامتتون و همچنین میزبانی از مسافرانی محترم و متشخصی چون شما نهایت افتخار ماست، به امید دیدار مجدد ،شاد باشید و پایدار,2026-07-01,api
3179336,2026-07-04,5,لاکچری ترین حیاط 'تفرجگاه خصوصی،جکوزی داغ در محیط مناسب ،ویو تخت به سمت شالیزار ها و چشم انداز بی نظیر بدون هیچ گونه مشرف ؛تاب 2نفره :آتش دان عالی محیط جنگلی و مالک خوش اخلاق کاربلد و اقامتی دوست داشتنی . عالی هست شک نکنید .تمیزززز,درود بر شما دوست عزیز،   ممنونم بابت ثبت نظر با ارزش و زیباتون، رضایت شما از اقامتتون و همچنین میزبانی از مسافرانی محترم و متشخصی چون شما نهایت افتخار ماست، به امید دیدار مجدد ،شاد باشید و پایدار,2026-07-04,api
3179336,2026-07-05,5,واقعا بی نظیر بود از لحاظ فضاسازی محیط و آرامش و زیبایی هایی ک کلبه داشت ب شدت لذت بردیم حتما رزرو کنید ک بی شک شب رومانتیکی براتون رقم میخوره وقتی داخل کلبه گلوریا هستی دوست نداری زمان بگذره خلاصه هرچی بگم کم گفتم ب جرات یکی از زیباترین کلبه سوئیسی های شمال همین کلبس و تشکر از اقای آخوندی بابت پیگیری هاشون ک خیلی سریع واسمون انجام دادن,درود بر شما دوست عزیز،   ممنونم بابت ثبت نظر با ارزش و زیباتون، رضایت شما از اقامتتون و همچنین میزبانی از مسافرانی محترم و متشخصی چون شما نهایت افتخار ماست، به امید دیدار مجدد ،شاد باشید و پایدار,2026-07-05,api
3179336,2026-07-22,5,از لحاظ تمیزی عالی بود. ممنونم از برخورد خوب آقای آخوندی. من امتیاز کامل دادم.,درود بر شما دوست عزیز،   ممنونم بابت ثبت نظر با ارزش و زیباتون، رضایت شما از اقامتتون و همچنین میزبانی از مسافرانی محترم و متشخصی چون شما نهایت افتخار ماست، به امید دیدار مجدد ،شاد باشید و پایدار,2026-07-22,api
3179336,2026-07-30,4.8,"سلام
اقامت بسیار عالی و با صفایی هست
میزبان بسیار بسیار محترم 
همه چی عالی بود 🙏🙏",درود بر شما دوست عزیز،   ممنونم بابت ثبت نظر با ارزش و زیباتون، رضایت شما از اقامتتون و همچنین میزبانی از مسافرانی محترم و متشخصی چون شما نهایت افتخار ماست، به امید دیدار مجدد ،شاد باشید و پایدار,2026-07-30,api
3179336,2026-08-03,5,من امتیاز کامل دادم,درود بر شما دوست عزیز،   ممنونم بابت ثبت نظر با ارزش و زیباتون، رضایت شما از اقامتتون و همچنین میزبانی از مسافرانی محترم و متشخصی چون شما نهایت افتخار ماست، به امید دیدار مجدد ،شاد باشید و پایدار,2026-08-03,api
3179336,2026-08-06,5,فقط میتونم بگم که واقعا لذت بردیم از اقامت در اینجا، جای دنج و بسیار قشنگ و آرومی بود، یک سری تغییرات هم نیاز داره که میزبان اگه زحمتش رو بکشه عالی تر از این هم میشه واقعا,درود بر شما دوست عزیز،   ممنونم بابت ثبت نظر با ارزش و زیباتون، رضایت شما از اقامتتون و همچنین میزبانی از مسافرانی محترم و متشخصی چون شما نهایت افتخار ماست، به امید دیدار مجدد ،شاد باشید و پایدار,2026-08-06,api
3179336,2026-08-11,4.7,"باسلام، شبی که ما در این کلبه ی زیبا اقامت داشتیم، بسیار عالی بود، شبی به یادماندنی وکلبه بشدت قشنگ و محشر برای عکاسی کردن
نقاط مثبت:
بنده باتوجه به داشتن فرزندان دوقلو ام، این کلبه ی زیبا دارای موکت بود که بشدت تمیزبود واصولی که رعایت میشد ،پوشیدن کفش ممنوع بود داخل حیاط که خیلی نکته خوبی بود
بدلیل اینکه ورود سگ هم مجازنبود، خیالم بابت این موضوع راحت بودکه فرزندانم بدون استرس بازی میکردن.
داشتن تاب در حیاط بادیدن منظره زیباوسرسبز وگیاهان بسیار عالی، یکی از لذتبخش ترین لوکیشن های داخل کلبه بود
داخل کلبه دارای فوتبال دستی و تنوع بازی های گروهی بود که میتوانستیم ازآن استفاده کنیم.
یک اتاق درطبقه ی بالا که روبه شالیزاربود و قشنگی صبح ازپنجره ها به چشم میخورد.
داشتن ظروف تمیزولوازم چوبی برای سروغذا هم وجود داشت
تنهانکته ی ضعف آن،قطعی برق بود که قبل ازآن میزبان با ماتماس گرفتن واطلاع دادن
قطعابارها وبارهای دیگر به این کلبه خواهم رفت و به تمامی دوستانم معرفی کرده ام.
متشکرم از میزبان محترم",درود بر شما دوست عزیز،   ممنونم بابت ثبت نظر با ارزش و زیباتون، رضایت شما از اقامتتون و همچنین میزبانی از مسافرانی محترم و متشخصی چون شما نهایت افتخار ماست، به امید دیدار مجدد ،شاد باشید و پایدار,2026-08-11,api
3179336,2026-08-17,5,سلام! طبق نظرات دیگران قبل از ما همه چی عالی,درود بر شما دوست عزیز،   ممنونم بابت ثبت نظر با ارزش و زیباتون، رضایت شما از اقامتتون و همچنین میزبانی از مسافرانی محترم و متشخصی چون شما نهایت افتخار ماست، به امید دیدار مجدد ،شاد باشید و پایدار,2026-08-17,api
3179336,2026-08-26,4.7,"با تشکر از میزبان کلبه‌ی گلوریا، کلبه‌ی درجه یک و خوبی بوده و از اون لذت بردیم، فقط نکته‌ای که هست با توجه به شرایط جنگلی و روستایی منطقه و کلبه، خیلی خوب میشد اگر کلبه هرچندماه به دلیل وجود حشرات و کرم و ... سم‌پاشی صورت بگیره تا کسانی که ممکنه کمی نسبت به حشرات حساس‌ترن اذیت نشن، به غیر از این نکته همه‌چی عالی بوده و به بقیه دوستان پیشنهاد میکنم برای سفرشون حتما این کلبه رو مد نظر داشته باشن.
سپاس",درود بر شما دوست عزیز،   ممنونم بابت ثبت نظر با ارزش و زیباتون، رضایت شما از اقامتتون و همچنین میزبانی از مسافرانی محترم و متشخصی چون شما نهایت افتخار ماست، به امید دیدار مجدد ،شاد باشید و پایدار,2026-08-26,api
3179336,2026-09-01,5,"بینظیر بود ، عالی ترین جایی تا حالا از جاجیگا رزرو کردم ، تا حالا جایی نرفته بودم که از عکس هاش هم قشنگتر باشه.
آرام و دنج و تمیز ، میزبانی فوق العاده داشت . همه چی مرتب .",درود بر شما دوست عزیزم،   ممنونم بابت ثبت نظر با ارزش و زیباتون، رضایت شما از اقامتتون و همچنین میزبانی از مسافرانی محترم و متشخصی چون شما نهایت افتخار ماست، به امید دیدار مجدد ،شاد باشید و پایدار,2026-09-01,api
3181918,2025-07-15,5,"سلام من دو شب اقامت داشتم برای اخر هفته سوپرایز تولد همسرم و داخل کلبه گرفتم از چند روز قبل میزبان با روی خوش و صمیمانه تمام مواردی که میخواستم و برام برنامه ریزی کردن و انجام دادن ممنونم از خاطرات خوش و به یادموندی که برای ما گذاشتن قطعا انتخاب بعدی ما هم هستن 
از لحاظ تمیزی واقعا تمیز بود فقط حجم یخچال برای مسافر به نظرم کمه وگرنه هیچ مورد منفی از دید ما نبود 🙏از نظر منظره و ویو که دیگه فقط زیبایی و ارامش و امنیت بود ✌🏻","درود بر شما دوست عزیز
ممنونم بابت ثبت نظر زیباتون
رضایت شما از اقامتتون و همچنین میزبانی از مسافرانی محترم و دوست داشتنی چون شما نهایت افتخار ماست 
به امید دیدار مجدد دوست عزیز",2025-07-15,api
3181918,2025-07-17,4.5,همه چیه کلبه خوب,"درود بر شما دوست عزیز
ممنونم بابت ثبت نظر زیباتون
رضایت شما از اقامتتون و همچنین میزبانی از مسافرانی محترم و دوست داشتنی چون شما نهایت افتخار ماست 
به امید دیدار مجدد دوست عزیز",2025-07-17,api
3181918,2025-07-24,5,"جالبه بدونید واقعیت از عکس هم بهتر بود 
میزبانی عالی . تمیز با ویو فوق العاده و امکانات عالی با دسترسی به طبیعت زیبای سوادکوه و شیرگاه واقعا لذت بردیم","درود بر شما دوست عزیز
ممنونم بابت ثبت نظر زیباتون
رضایت شما از اقامتتون و همچنین میزبانی از مسافرانی محترم و دوست داشتنی چون شما نهایت افتخار ماست 
به امید دیدار مجدد دوست عزیز",2025-07-24,api
3181918,2025-07-27,4.8,"ما دو شب اقامت داشتیم
واقعا اقامتگاه خوبی بود و حس خوبی داشت.
رفتار میزبان هم خیلی خوب بود.
ممنون از جاجیگا و میزبان","درود بر شما دوست عزیز
ممنونم بابت ثبت نظر زیباتون
رضایت شما از اقامتتون و همچنین میزبانی از مسافرانی محترم و دوست داشتنی چون شما نهایت افتخار ماست 
به امید دیدار مجدد دوست عزیز",2025-07-27,api
3181918,2025-07-30,2.5,"حمام فکر کنم چندماه بود شسته نشده بود،
هردو تراس ازکثیفی تارعنکبوت بسته بود و دارای لک های کهنه
رومیزی ها {..} ازسیاهی وکثیفی
دسترسی سخت و آنتن دهی ضعیف
ظروف هم {بد} بودن ازکثیفی
درکل فقط قشنگ بود ولی بیش ازحد کثیف ،فک نکنم حتی ماهی یبار نظافت بشه","درود بر شما،کاملا مشخصه که بابت خسارتی که بابت شیشه های درب کلبه زدین و بابت دریافت خسارت از شما و بحثهایی که به وجود اومده، {دلخور شدید} و یه نظر دروغ ثبت کردین 
واگرنه هر آدم بره بقیه نظر ها رو بخونه متوجه میشه گه شما به دروغ نظر ثبت کردین
بلااستثنا بعد از خروج هر مسافری نظافت با بالاترین کیفیت انجام میشه و تضمین نظافت صد در صدی رو به تمام عزیزانی که قصد رزرو دارن میدم و با خیالی راحت میتونن رزرو کنن",2025-07-30,api
3181918,2025-08-05,5,"همه چی عالی بود...
نظافت و برخورد میزبان بسیار عالی و محترمانه بود
دسترسی به امکانات رفاهی مثل فروشگاه و نانوایی عالی
یه کلبه دنج تو یه جای ساکت و آروم
دقیقا مطابق عکس
منظره عالی 
حتما تو سفرهای بعدی باز هم این کلبه رو انتخاب میکنم😍","سلام و درود بر شما دوست عزیز
مرسی بابت وقتی که برای ثبت نظر گزاشتید
رضایت شما از  کلبه شالیزار
 و همچنین میزبانی ازمسافرانی محترم و دوست داشتنی چون شما نهایت افتخار ماست 
به امید دیدار مجدد دوست عزیز",2025-08-05,api
3181918,2025-08-08,5,"درود بر جناب آخوندی عزیز.
همه چیز عالی بود .
ویلا تمیز ،زیبا با ویو عالی.حتمابه همه  پیشنهاد می کنم.","سلام و درود بر شما دوست عزیز
مرسی بابت وقتی که برای ثبت نظر گزاشتید
رضایت شما از  کلبه شالیزار
 و همچنین میزبانی ازمسافرانی محترم و دوست داشتنی چون شما نهایت افتخار ماست 
به امید دیدار مجدد دوست عزیز",2025-08-08,api
3181918,2025-08-16,5,"بسیار تمیز و مرتب 
جایی ساکت و دنج 
از همه نظر عالی","سلام و درود بر شما دوست عزیز
مرسی بابت وقتی که برای ثبت نظر گزاشتید
رضایت شما از  کلبه شالیزار
 و همچنین میزبانی ازمسافرانی محترم و دوست داشتنی چون شما نهایت افتخار ماست 
به امید دیدار مجدد دوست عزیز",2025-08-16,api
3181918,2025-08-23,5,"همه چیز عالی بود
ممنون","سلام و درود بر شما دوست عزیز
مرسی بابت وقتی که برای ثبت نظر گزاشتید
رضایت شما از  کلبه شالیزار
 و همچنین میزبانی ازمسافرانی محترم و دوست داشتنی چون شما نهایت افتخار ماست 
به امید دیدار مجدد دوست عزیز",2025-08-23,api
3181918,2025-08-29,3.8,"اول از نکات مثبت شروع میکنم ، موقعیت این ویلا و چشم انداز آن و آرامش و سکوت آن منطقه بسیار عالی است.تراس بالای ویلا با چشم انداز سبز شالیزار و درختان سرسبز واقعا عالی است.جکوزی هم عالی بود .محیط ورودی ویلا هم خوب و مرتب بود .سیستم سرمایش و کولر هم خوب و بدون مشکل بود.نظافت حمام و دستشویی قابل قبول و خوب بود.
از نکات منفی این ویلا که جدی است عدم آراستگی داخلی ویلا از جمله مکتبهای کثیف کف ویلا و مبلهای کثیف و غیر راحت ویلا است.طبقه بالا هم که موکت نداشت و کف چوبی آن کثیف و خاکی بود.یزبان  حتی یک میز برای قرار دادن وسایل در داخل ویلا نداشت .در کل بزرگترین نقطه منفی ویلا نظافت داخل و کهنگی وسایل خواب بود.برای کف خواب یک مکان تمیز وجود ندارد وعملا ویلا دو نفره است نه چهار نفره .تمام رختخوابها نیاز به شستشو دارد و موکت باید عوض شود .
برمیگردیم به نکات مثبت. نزدیکی به سد لفور  و رستوران ماه و ماهی و سایر چشم اندازهای منطقه زیبای لفور از نکات مثبت ویلا است.",,,api
3181918,2025-09-06,4.8,"سلام
همه چیز عالی بود بسیار لذت بردیم.
 جای بسیار دنج و آرامی بود و ویوی خیلی جذابی داشت.
فقط لازمه میزبان شیلنگ آب سرویس ایرانی و حمام رو تعویض کنند.ایشالا اگه قسمت بشه مجددا همین کلبه رو انتخاب میکنیم.🌹","سلام و درود بر شما دوست عزیز
مرسی بابت وقتی که برای ثبت نظر گزاشتید
رضایت شما از  کلبه شالیزار
 و همچنین میزبانی ازمسافرانی محترم و دوست داشتنی چون شما نهایت افتخار ماست 
به امید دیدار مجدد دوست عزیز",2025-09-06,api
3181918,2025-09-10,5,"با اختلاف بهترین اقامتگاهی بود که رفته بودیم
مشخص بود که همه چیز با توجه به نیازمندی مسافر طراحی و بعد از اون پیاده سازی شده(کباب پز و جکوزی در بالکن، اجاق گاز در حیاط و سایر موارد)، همچنین تمامی وسایل خونه نو و تمیز بودند و تجربه یه اقامت درجه یک رو به ما دادند.","سلام و درود بر شما دوست عزیز
مرسی بابت وقتی که برای ثبت نظر گزاشتید
رضایت شما از  کلبه شالیزار
 و همچنین میزبانی ازمسافرانی محترم و دوست داشتنی چون شما نهایت افتخار ماست 
به امید دیدار مجدد دوست عزیز",2025-09-10,api
3181918,2025-09-14,4.7,عالی بود همه چی فضای دلنشین و دنج و زیبا،فقط نکته منفی بخوام بگم این بود که دستمال کاغذی و توالت نبود میتونست خیلی تمیز تر باشه حمام و توالت باید تمیز تر میبود ولی درکل خیلی تجربه ی قشنگی بود,"سلام و درود بر شما دوست عزیز
مرسی بابت وقتی که برای ثبت نظر گزاشتید
رضایت شما از  کلبه شالیزار
 و همچنین میزبانی ازمسافرانی محترم و دوست داشتنی چون شما نهایت افتخار ماست 
به امید دیدار مجدد دوست عزیز",2025-09-14,api
3181918,2025-09-16,4.7,"سلام وقت همه عزیزان بخیر
در کل بخوام بگم همه چی عالی بود. . از میزبان تا خود ویلا و منظره
فقط یه مشکلی بود که برای من مهم و دردسر ساز بود . شاید برای بعضی ها مهم نباشه
داخل ویلا پر از حشرات و سوسک و هزار پا و ..... بود 
ما چون بچه کوچیک داشتیم مجبور شدیم داخل ویلا چادر بزنیم و در چادر بخوابیم و فقط نیاز به سمپاشی داره
بازم میگم همه چی به جز این یه مورد عالی بود 
هم تمیز هم نوساز هم خوش منظره و اینکه همه چی نزدیک ویلا هست مثل سوپر مارکت نانوایی و رستوران عالی 
از میزبان عزیز هم سپاسگزارم","درود بر شما بزرگوار
اتفاقا دو روز بعد از خروج شما ،همه ی تدارکات چیده بود برای رفع و از بین بردن موضوعی که اشاره کردین،
و این کار انجام شده و صد در صد این موضوع حل و رفع شده ،
و هم حضوری از شما و خانواده عزیزتون بابت این موضوع عذرخواهی کردم و هم اینجا صمیمانه بابت این موضوع از شما عذرخواهی میکنم
امیدوارم افتخار مجدد میزبانی از شما دوست عزیز قسمت من بشه تا بتونم با شرایط ایده عالی که در نظر دارین در خدمتتون باشم
و در آخر تشکر بابت ذکر نکات مثبت و مخصوصا منفی که اعلام کردین تا قطعا باعث پیشرفت و بهتر شدن من در میزبانی از مسافران عزیز میشه
شاد باشید و برقرار دوست عزیزم⚘️⚘️⚘️",2025-09-16,api
3181918,2025-09-22,5,من امتیاز کامل دادم,,,api
3181918,2025-10-05,4.7,سلام من یک بار این کلبه رو رزرو کردم و واقعا همه چی عالی و تمیز بود هم لوکیشن و هم ویلای قشنگی بود به غیر از جکوزی و هرکاری کردیم آب گرم نشد با میزبان هم هماهنگ کردیم اما مشکل برطرف نشد و ما نتونستیم از جکوزی استفاده کنیم,"سلام و درود بر شما دوست عزیز
مرسی بابت وقتی که برای ثبت نظر گزاشتید
رضایت شما از  کلبه شالیزار
 و همچنین میزبانی ازمسافرانی محترم و دوست داشتنی چون شما نهایت افتخار ماست 
در مورد جکوزی هم باید به اطلاعتون برسونم که به محض خروج شما از کلبه مشکلی که در قسمت جکوزی به وجود اومده بود کاملا رفع شد
در طول اقامتتون هم سرویس کار جکوزی تایم خالی نداشت که بیاد،به هر حال از شما صمیمانه بابت این موضوع عذر میخام 
به امید دیدار مجدد دوست عزیز",2025-10-05,api
3181918,2025-10-13,3.7,"لوکیشن کلبه عالی بود
هم حیاط و هم‌تراس خوب بود با ویو خوب
جکوزی رو زیاد روش حساب نکنید هم خراب بود هم کثیف
از نظر تمیزی واقعا افتضاح بود 
ی مایع ظرفشویی یه دستمال کاغذی تو کلبه نبود
پر از حشره و جونور بود تموم تن پسر منو خوردن
نور داخل کم بود و بسیار دلگیر ما شب آخر نموندیم و 
ساعت ۸ شب تحویل دادیم برگشتیم
من واقعا نظراتو که میخونم تعجب میکنم","درود بر شما 
با اون بحثی که بین شما و همراهانتون پیش اومد  که خودم شاهد  این دعوا بودم،و دیدم که چه جور رفتاری داشتید،دیگه قطعا انتظار نظر مثبت از شما ندارم،هر چند تمامه مطالبی که نوشتید 100 درصد از روی قرض هست، {...} و به کلبه هم خسارت وارد نمیکردید،
آرزوی دلخوشی و لحضاتی شاد برای خانواده ی شما مخصوصا پسره نازنینتون",2025-10-13,api
3181918,2025-10-15,4.8,"رفتار میزبان خوب بود محیط هم تمیز بود ولی خب  اتشکده خراب بود
و جکوزیش هم کار نمیکرد شیلنگ دستشویشم خراب بود
دیگه دارید رزرو میکنید این دوتا امکانات رو ندار","سپاس از لطف شما دوست عزیز
آتشکده چون تازه نصب شده ،هنوز فعالش نکردیم و هنوز هم عکسشو داخل سایت نداشتیم حتی
پس دلیلی بر ناراحتی شما در مورد آتشکده نباید باشه و ناراحتی شما در مورد آتشکده عاقلانه نیست 
چون هیچ عکسی از آتشکده داخل سایت نیست
بابت مشکل فنی پیش اومده بابت جکوزی هم در طول اقامتتون از شما عذرخواهی کرده بودم دوست عزیز
و بلافاصله بعد از خروج شما از کلبه این مشکل حل شده
به امید دیدار مجدد شما دوست عزیز",2025-10-15,api
3181918,2025-10-24,5,"خیلی عالی
از همه لحاظ خیلی خوب بود
تمیز، مرتب، جکوزی هم تمیز بود
همه وسایل تو ویلا بود حتی پک بهداشتی هم گذاشته بودن هزینه نگرفتن
میزبان  بهمون لطف کردن ویلارو خیلی زودتر از تایم بهمون تحویل دادن
بعضی ها کم لطفی داشتن نظر منفی گذاشتن
؛اصلا حشره نداشت، اگرم‌باشه طبیعیه
قطعا سفرهای بعدیمم همینجا رو‌ رزرو میکنم
ممنون","درود بر شما دوست عزیز
در جواب نظر زیبا و پرانرژی شما باید بگم که باعث افتخارم بود که میزبان مسافری محترم و متشخصی چون شما با درک و شعور و فهم بالا بودم،و مشتاقانه و با افتخار منتظر دیدار بعدی شما هستم
هر کاری هم انجام دادم انجام وظیفه بود دوست عزیز
شاد باشید و برقرار ❤️❤️❤️",2025-10-24,api
3181918,2025-10-31,5,من امتیاز کامل دادم,"سلام و درود بر شما دوست عزیز
مرسی بابت وقتی که برای ثبت نظر گزاشتید
رضایت شما از  کلبه شالیزار
 و همچنین میزبانی ازمسافرانی محترم و دوست داشتنی چون شما نهایت افتخار ماست 
به امید دیدار مجدد دوست عزیز",2025-10-31,api
3181918,2025-11-01,5,خفن ترین کلبه بدون شک بود واقعا عالی تمیز و واقعا نمیشه ایراد پیدا کرد اخلاق عالی ممنون از میزبان محترم 🙏,,,api
3181918,2025-11-06,4.5,به لحاظ اینکه دوستان نظرات منفی داده بودن اقامتگاه رو انتخاب کردم ولی با نظر دوستان تفاوت داشت . اقامتگاه خوب بود و همه امکاناتی که توضیح داده شده بود مناسب بود . در کل بنده راضی هستم و یکی از گزینه های حضور مجدد ما هست,"سلام و درود بر شما دوست عزیز
مرسی بابت وقتی که برای ثبت نظر گزاشتید
رضایت شما از  کلبه شالیزار
 و همچنین میزبانی ازمسافرانی محترم و دوست داشتنی چون شما نهایت افتخار ماست 
به امید دیدار مجدد دوست عزیز",2025-11-06,api
3181918,2025-11-09,4.8,همه چی عالی بود فقط اگه یه میز برای پذیرایی در نظر بگیرید خیلی بهتر میشه,"سلام و درود بر شما دوست عزیز
مرسی بابت وقتی که برای ثبت نظر گزاشتید
رضایت شما از  کلبه شالیزار
 و همچنین میزبانی ازمسافرانی محترم و دوست داشتنی چون شما نهایت افتخار ماست 
در اولین فرصت هم پیشنهادی که لطف کردین در راستای رفاه حال مسافرین عزیز ثبت کردین انجام میشه
به امید دیدار مجدد دوست عزیز",2025-11-09,api
3181918,2025-11-12,5,بسیار اقامت خوبی داشتیم، کلبه و امکاناتش عاالی بود همه چیز دقیقا مطابق با عکس‌ها بود، میزبان بسیار محترم و خوش برخورد بودن، هر جا نیاز بود تماس گرفتیم و راهنماییمون کردن. راه کلبه یه مقدار پر پیچ و خمه اما جای بکریه و چشم انداز زیبایی داره. ممنون از سایت جاجیگا و میزبان محترم🥰🙏,"سلام و درود بر شما دوست عزیز
هر کاری کردم انجام وظیفه بود فقط
مرسی بابت وقتی که برای ثبت نظر گزاشتید
رضایت شما از  کلبه شالیزار
 و همچنین میزبانی ازمسافرانی محترم و دوست داشتنی چون شما نهایت افتخار ماست 
به امید دیدار مجدد دوست عزیز",2025-11-12,api
3181918,2025-11-14,5,من امتیاز کامل دادم,"سلام و درود بر شما دوست عزیز
مرسی بابت وقتی که برای ثبت نظر گزاشتید
رضایت شما از  کلبه شالیزار
 و همچنین میزبانی ازمسافرانی محترم و دوست داشتنی چون شما نهایت افتخار ماست 
به امید دیدار مجدد دوست عزیز",2025-11-14,api
3181918,2025-11-20,5,عالی همه چیز عالی,"سلام و درود بر شما دوست عزیز
مرسی بابت وقتی که برای ثبت نظر گزاشتید
رضایت شما از  کلبه شالیزار
 و همچنین میزبانی ازمسافرانی محترم و دوست داشتنی چون شما نهایت افتخار ماست 
به امید دیدار مجدد دوست عزیز",2025-11-20,api
3181918,2025-12-06,5,خیلی خوب بود نکات مثبتش جکوزی اب گرم عالی بود ویو خیلی قشنگی داشت..جاش سیف بود و میزبان بسیار اقای محترمی بودن و هروقت تماس گرفتیم پاسخگو بودن ..اقامتگاه تمیز تحویل داده شد ..طبیعت..آرامش لذت بخش بود..قطعا بازم اینجارو رزرو میکنیم,"سلام و درود بر شما دوست عزیز
مرسی بابت وقتی که برای ثبت نظر گزاشتید
رضایت شما از  کلبه شالیزار
 و همچنین میزبانی ازمسافرانی محترم و دوست داشتنی چون شما نهایت افتخار ماست 
به امید دیدار مجدد دوست عزیز",2025-12-06,api
3181918,2025-12-28,5,کلبه دنج و خوبی بود,"سلام و درود بر شما دوست عزیز
مرسی بابت وقتی که برای ثبت نظر گزاشتید
رضایت شما از  کلبه شالیزار
 و همچنین میزبانی ازمسافرانی محترم و دوست داشتنی چون شما نهایت افتخار ماست 
به امید دیدار مجدد دوست عزیز",2025-12-28,api
3181918,2026-01-03,5,همه چی عالی و درجه یک بود. میزبان برخورد خوب و مناسبی داشتن.,"سلام و درود بر شما دوست عزیز
مرسی بابت وقتی که برای ثبت نظر گزاشتید
رضایت شما از  کلبه شالیزار
 و همچنین میزبانی ازمسافرانی محترم و دوست داشتنی چون شما نهایت افتخار ماست 
به امید دیدار مجدد دوست عزیز",2026-01-03,api
3181918,2026-01-30,4.5,میزبان بسیار  محترم و خوش برخورد هستن و کلبه هم از نظر امکانات مطابقت داشت. لوکیشن هم جای قشنگیه اما نطافت میتونست بهتر باشه . تنها مورد همین بود. باتشکر,"سلام و درود بر شما دوست عزیز
مرسی بابت وقتی که برای ثبت نظر گزاشتید
رضایت شما از  کلبه شالیزار
 و همچنین میزبانی ازمسافرانی محترم و دوست داشتنی چون شما نهایت افتخار ماست 
به امید دیدار مجدد دوست عزیز",2026-01-30,api
3181918,2026-02-06,4.5,لوکیشن ویلا خوب و زیبا بود میزبان بسیار محترم بودند.چوب داخل ویلا با هزینه جداگانه فراهم بود…نظافت جای بهبود داشت مثل جارو و تی اتاق طبقه بالا  و مخصوصا سرویس خواب..تمیز کردن یخچال و برفک زدایی و…متاسفانه روز اول اقامت ما جکوزی خراب شد و عملا غیر استفاده شد و میزبان روز خروج برای تعمیر و نصب قطعه اقدام فرمودن.,"سلام و درود بر شما دوست عزیز
مرسی بابت وقتی که برای ثبت نظر گزاشتید
دوست عزیز،هر لوازم برقی یا هر کالایی  احتمال خراب شدنش خیلی بالاست و کاملا هم طبیعیه که بعد از یه مدتی خراب بشه،نکته غیر طبیعیش اینه که صاحب اون وسیله،برای تعمیر،اقدام نکنه،و منه میزبان چنین کاری نکردم ،جکوزی در طی اقامت شما دچار مشکل شده و خودتون هم شاهد این موضوع بودین که نصفه شب اومدم قطعه رو گرفتم ،و کمتر از 24 ساعت قطعه تعویض و جکوزی کاملا به حالت قبل و قابل استفاده برای شما شده بود
با تمام این تفاسیر،من شخصا از شما عذرخواهی میکنم و امیدوارم در سفر بعدی شما رضایت کامل شما رو جلب کنم 
شاد باشید و برقرار",2026-02-06,api
3181918,2026-02-20,4.8,درجه یک,"سلام و درود بر شما دوست عزیز🌹🌹
مرسی بابت وقتی که برای ثبت نظر گزاشتید
رضایت شما از  کلبه شالیزار
 و همچنین میزبانی ازمسافرانی محترم و دوست داشتنی چون شما نهایت افتخار ماست 
به امید دیدار مجدد دوست عزیز🌹🌹🌹",2026-02-20,api
3181918,2026-02-25,4.8,واقعا جای بکر و خوبی بود رفتار میزبان به شدت عالی همچنین زحمت کشیدن با هزینه جدا یه گونی بزرگ چوب دادن برای استفاده آتشگاه.. در کل عالی پیشنهاد میکنم استفاده کنید..,"سلام و درود بر شما دوست عزیز
مرسی بابت وقتی که برای ثبت نظر گزاشتید
رضایت شما از  کلبه شالیزار
 و همچنین میزبانی ازمسافرانی محترم و دوست داشتنی چون شما نهایت افتخار ماست 
به امید دیدار مجدد دوست عزیز🌹🌹🌹",2026-02-25,api
3181918,2026-03-21,3.3,"آب گرم حمام مشکل داشت 
در توضیحات آگهی نوشته شده یک تخت دونفره و چهار دست رختخواب ولی دو دست رختخواب بیشتر نبود 
میزبان راه حل خودش را برای مشکلات داشت تقریبا با جواب  همینی که هست مواجه میشدیم","درود بر شما
وقتی شما با وجود اینکه داخله سایت جاجیگا تعداد تخت و حتی تعداد رختخواب نوشته ، تخت یک عدد نوشته  
و رختخواب دو دست،با در نظر داشتن این موضوع و درج دقیق این امکانات در سایت،شما موقع ورود به کلبه اعلام میکنین یک عدد تخت خواب کمه،چه توضیحی به شما بدم 
شما باید قبل از رزرو ،تعداد تخت خواب و... رو دقت کنین و طبق نفراتی که هستین ،کلبه مورد نظرتون رو بر اساس تعداد نفراتتون و امکاناتی که نیاز دارین انتخاب کنین
شاد باشید و برقرار",2026-03-21,api
3181918,2026-03-26,2.7,"دوستان موقع رزرو دقت کنید به نظرات،من اشتباه کردم تو عید رزرو کردم سرم شلوغ بود نظراتو ندیدم. حالا هر کی گول بخوره بره دفترچه نظرات اونجا گذاشتن میفهمه چخبره. جکوزی خراب بود میگفتن الان خراب شده بعدا تو نظرات دیدم که همه گفتن، یه ساعت جکوزی کثیفو شستیم بعد دیدیم آب سرد میده درحالی که به ما نگفتن خرابه، اب گرم ویلا هی قطع میشد، فریزر پر از برفک بود میگفتن چرا شما جوجه و کباب اوردین(ینی مسافر باید وعده‌ای بره خرید!!؟) ما خودمون یخچالو شستیمو جا به جا کردیم به کمک میزبان، میزیان یجوری رفتار میکرد که انگار در راه رضای خدا ویلا رو رایگان داده با اخم و طلبکاری، {...} اگه فقط میخواین استراحت کنید بدون امکانات مورد خوبیه.ما که حلال نمیکنیم چون حس کردیم سرمون کلاه رفته و بعد رفتیم یه ویلای دیگه که اونم از جاجیگا گرفته بودیم ولی بی نظیر بود. لطفا دقت کنید که پولتون هدر نره.
😐 هر چی زیر این پیام من میزبان بنویسه دروغه.
چون ما هر جا میریم انقدر خانواده خوب و تمیزی هستیم موقع تحویل میزبان تشکر میکنه ازمون.",,,api
3181918,2026-03-30,4.5,در کل خوب بود,"سلام و درود بر شما دوست عزیز
مرسی بابت وقتی که برای ثبت نظر گزاشتید
رضایت شما از  کلبه شالیزار
 و همچنین میزبانی ازمسافرانی محترم و دوست داشتنی چون شما نهایت افتخار ماست 
به امید دیدار مجدد دوست عزیز",2026-03-30,api
3181918,2026-04-03,5,مکان کلبه خوب بود به جنگل و سد لفور نزدیکه سوپرمارکت 10 دقیقه ای هست، مکان کلبه امنیت خوبی داره و رفتار میزبان هم خوب بود,"سلام و درود بر شما دوست عزیز
مرسی بابت وقتی که برای ثبت نظر گزاشتید
رضایت شما از  کلبه شالیزار
 و همچنین میزبانی ازمسافرانی محترم و دوست داشتنی چون شما نهایت افتخار ماست 
به امید دیدار مجدد دوست عزیز",2026-04-03,api
3181918,2026-04-04,5,من امتیاز کامل دادم,"سلام و درود بر شما دوست عزیز
مرسی بابت وقتی که برای ثبت نظر گزاشتید
رضایت شما از  کلبه شالیزار
 و همچنین میزبانی ازمسافرانی محترم و دوست داشتنی چون شما نهایت افتخار ماست 
به امید دیدار مجدد دوست عزیز",2026-04-04,api
3181918,2026-04-10,3.8,"سلام، نقشه و مهندسی خوبی داره، کنار شالیزاراس، ولی از شهر دوره و جکوزی هم بیشتر دکوریه و کار نمیکنه
اگه خواستید برید حتما قبلش مواد غذایی مورد نیاز رو از شهر بگیرید. البته سوپرمارکت هم توی جاده اصلی هست ولی دولا پهنا حساب میکنه!
در کل، فقط توی تخفیفات بالا و غیر تعطیل ارزش داره به نظرم","درود 
این پیام رو فقط جهت شفاف سازی برای عزیزانی که این پیام رو میخونن مینویسم،واگرنه این مسافر،نیازی به هیج پاسخی نداره.این مسافر سه بسته هیزمی که داخله کلبه ،فروشی هست،استفاده کرده،و موقع خروج به صورت خارق العاده ای اعلام کرده که این هیزم ها باید رایگان تحویل مسافر داده بشه،
و همین موضوع باعث دلخوری شده و مثلا به عنوان تلافی اومده داخله سایت،از همه چی انتقاد کرده
کم مونده بود که از شورا و دهیار روستا هم انتقاد کنه",2026-04-10,api
3181918,2026-04-11,4.8,در کل همه چیز خوب بود ، لوکیشن و ویو شالیزار زیبایی داره و سکوت کامل هستش، برای کسانی که سکوت و مدیتیشن دوسدارن عالیه، میزبان کامل در دسترس بودن و پاسخگو,"سلام و درود بر شما دوست عزیز
مرسی بابت وقتی که برای ثبت نظر گزاشتید
رضایت شما از  کلبه شالیزار
 و همچنین میزبانی ازمسافرانی محترم و دوست داشتنی چون شما نهایت افتخار ماست 
به امید دیدار مجدد دوست عزیز",2026-04-11,api
3181918,2026-04-13,4.3,با سلام و احترام، لوکیشن ویلا خوب بود و ویو بسیار خوبی هم داشت ، داخلشم تمیز بود ولی مبلاش کثیف بود و سیاه شده بودن ، هیزم نبود بهشون گفتیم برامون زحمت کشیدن اوردن منتهی یک نکته دیگه هم که بود این بود که یک کلبه دیگه در کنارش هست و ورودی ماشین با اون کلبه یکی است و پارکینگشم مشترک هست ، و متاسفانه اون تایمی که بودیم کلبه بغل سرصدا زیادی داشتند و مزاحمت ایجاد میکردن، در مجموع ولی خوب بود ممنون از اقای اخوندی عزیز,"سلام و درود بر شما دوست عزیز
مرسی بابت وقتی که برای ثبت نظر گزاشتید
رضایت شما از  کلبه شالیزار
 و همچنین میزبانی ازمسافرانی محترم و دوست داشتنی چون شما نهایت افتخار ماست 
به امید دیدار مجدد دوست عزیز",2026-04-13,api
3181918,2026-04-20,5,همه چی همونجوری که میخواستیم واقعا همه چی تکمیل و بی نظیر به ما که خیلی خوش گذشت🙌🏽,"سلام و درود بر شما دوست عزیز
مرسی بابت وقتی که برای ثبت نظر گزاشتید
رضایت شما از  کلبه شالیزار
 و همچنین میزبانی ازمسافرانی محترم و دوست داشتنی چون شما نهایت افتخار ماست 
به امید دیدار مجدد دوست عزیز",2026-04-20,api
3181918,2026-04-28,2.8,"ما حدودا ساعت 9 شب رسیدیم که میزبان‌ درب واحد را باز گذاشته بودند و بدون مشکل وارد شدیم.
از لحاظ نظافت ضعیف بود، مبلمان کثیف بود، کابینت موریانه زده بود، فرش جلوی سینک ظرفشویی رطوبت داشت، سرویس فرنگی کثیف بود و مشخص بود نظافت نشده.
جکوزی قابل استفاده نبود و کثیف بود، منقل از استفاده‌ی قبلی تمیز نشده بود و...
در کل اگر ناچارید که به این اقامتگاه برید، حتما باید دمپایی، ملحفه، رو تختی، بالشت و... رو همراه داشته باشید.
من به شخصه امکان نداره مجدد مراجعه داشته باشم به این اقامتگاه.
لازم به ذکره که یکسری از عکس‌ها با واقعیت فاصله‌ دارند!","درود بر عزیزانی که در حال خوندن این نظر هستن
دوستان،این مسافر به ظاهر محترم،بدون اطلاع بنده و به صورت مخفیانه، قصد آوردن حیوان خانگی به کلبه رو داشته، و من به صورت اتفاقی متوجه این موضوع شدم،و طبق قوانین سایت و ممنوعیتی که در سایت ثبت کردم،مانع ورود حیوان خانگی به کلبه شدم،و کار به بحث و ناراحتی کشیده شد
و این دوست ما به خاطر همین موضوع اومده اینجا ،مطالب کذبی رو ثبت کرده تا شاید ذره ای از {...} رو کم کنه
به امید دیدار تک تک شما عزیزان⚘️⚘️⚘️",2026-04-28,api
3181918,2026-04-30,5,ویلا واقعا از لحاظ تمیزی و نظافت عالی بود ویو فوق العاده ای داشت هم قسمت پشتی ساختمون هم قسمت جلویی در کل اقامت فوق العاده ای بود و به نظرم بهترین قسمتش بالکن با صفاش و جکوزی روی بالکنه که واقعا عالی بود,"سلام و درود بر شما دوست عزیز
مرسی بابت وقتی که برای ثبت نظر گزاشتید
رضایت شما از  کلبه شالیزار
 و همچنین میزبانی ازمسافرانی محترم و دوست داشتنی چون شما نهایت افتخار ماست 
به امید دیدار مجدد دوست عزیز",2026-04-30,api
3181918,2026-05-07,5,مرسی از آقای آخوندی عزیز همه چی عالی بهترین ویو بود یه طرف جنگل یه طرف شالیزار جکوزی درست بود قلق خودشو داشت نظافت عالی,"سلام و درود بر شما دوست عزیز
مرسی بابت وقتی که برای ثبت نظر گزاشتید
رضایت شما از  کلبه شالیزار
 و همچنین میزبانی ازمسافرانی محترم و دوست داشتنی چون شما نهایت افتخار ماست 
به امید دیدار مجدد دوست عزیز",2026-05-07,api
3181918,2026-05-10,4.2,"از نظر دسترسی : نزدیک روستا یه مرکز خرید هست و پمپ بنزین و دکتر و همه چی اونجا هست از نون گرفته تا خیلی چیزای دیگه با خیال راحت برید و از همونجا خرید کنید
ولی از نظر پاکیزگی توصیه نمیکنم، تخت کثیف بود و حتما دمپایی ببرین، کجوزی پر حشره و عنکبوت بودش اصلا نمیشه ازش استفاده کرد، و کل مجموعه هم هر دری رو باز میکردیم تار عنکبوت بسته شده بود و کابینتهای بالای گاز هم، پر از چربی بود
وکنار ویلاهم یه ویلای دیگه بودش که بعضی وقتا سر و صداش اذیتت میکنه و دربست نمیشه گفت بهش،و جای پارک هم مشترک بودش،  
ولی از نظر مکانی خیلی خوب بود و زیبا بود",,,api
3181918,2026-06-01,4.5,عالی بود همه چی ممنون,"سلام و درود بر شما دوست عزیز
مرسی بابت وقتی که برای ثبت نظر گزاشتید
رضایت شما از  کلبه شالیزار
 و همچنین میزبانی ازمسافرانی محترم و دوست داشتنی چون شما نهایت افتخار ماست 
به امید دیدار مجدد دوست عزیز",2026-06-01,api
3181918,2026-06-05,4.5,همه چیز عالی فقط به نظافت باید بیشتر رسیدگی بشه از لحاظ قیمت به نسبت کلبه عالیه,"سلام و درود بر شما دوست عزیز
مرسی بابت وقتی که برای ثبت نظر گزاشتید
رضایت شما از  کلبه شالیزار
 و همچنین میزبانی ازمسافرانی محترم و دوست داشتنی چون شما نهایت افتخار ماست 
به امید دیدار مجدد دوست عزیز",2026-06-05,api
3181918,2026-07-01,5,راضی بودم و خوب بود. امیتاز کامل میدم بهشون.,"سلام و درود بر شما دوست عزیز
مرسی بابت وقتی که برای ثبت نظر گزاشتید
رضایت شما از  کلبه شالیزار
 و همچنین میزبانی ازمسافرانی محترم و دوست داشتنی چون شما نهایت افتخار ماست 
به امید دیدار مجدد دوست عزیز",2026-07-01,api
3181918,2026-08-07,5,من امتیاز کامل دادم,"سلام و درود بر شما دوست عزیز
مرسی بابت وقتی که برای ثبت نظر گزاشتید
رضایت شما از  کلبه شالیزار
 و همچنین میزبانی ازمسافرانی محترم و دوست داشتنی چون شما نهایت افتخار ماست 
به امید دیدار مجدد دوست عزیز",2026-08-07,api
3190495,2025-02-12,5,عالی بود،میزبان بسیار انسان محترم،از عکساشم بهتر بود,درود به میهمان گرامی و به امید دیدار دوباره,2025-02-12,api
3190495,2025-03-21,4.3,سلام بیشتر نکات مثبت بوده، منفی فقط آبگرمکن آب گرم کم میاره برای تعداد 2 نفر بیشتر،,ممنون از زحمت میهمان. ابگرمکن واسه 8 نفر ممکنه نیاز به تنفس داشته باشه,2025-03-21,api
3190495,2025-03-23,5,از همه نظر عالی، تمیزی برای من خیلی مهم بود که خداروشکر بسیار تمیز و امکانات کامل بود .انشالاه بازم مزاحم اقای علیزاده محترم خواهیم شد,درود. ممنون از میهمان محترم وهمراهان گرامی و به امید دیدار دوباره,2025-03-23,api
3190495,2025-03-26,4.5,"مشابه عکسها بود 
پیشنهاد میشه
مالک بسیار خوش مشرب و خوش رو بودن ممنون از میزبانی خوب اقای علیزاده و همسر ایشان",درود به میهمان محترم و به امید دیدار دوباره,2025-03-26,api
3190495,2025-03-29,4.7,"ویلا از نظر تمیزی و مرتب بودن و امکانات خیلی خوب بود.صاحب ویلا از نظر شخصیت مرد قابل احترام و قابل اعتمادی بودن‌ .محیط دنج و سرسبز و خوراک آرامش برا ریلکس کردن 
روح و جسم بود.به ما و میهمانمون خیلی خوش گذشت.",درود. ممنون از زحمت میهمان گرامی و به امید دیدار دوباره,2025-03-29,api
3190495,2025-04-06,4.5,با تشکر از آقای علیزاده در خصوص تمیز بودن اقامتگاه به چند مورد اشاره می کنم که ضروری است توجه داشته باشند از بدو ورود تا خروج از اقامتگاه توفیق زیارت آقای علیزاده را نداشتیم و بدلیل حساسیت های خاص قبل از سفر از ایشان سوال کردم که مسافران قبل آیا حیوان خانگی و سگ بهمراه داشته اند یا خیر که فرمودند به این امر نظارت دارم و ممنوع است اما در کامنت های دیگر میهمانان نیز دیدم که اصلا آقای علیزاده را ندیده اند و این امر اطمینان عدم همراه داشتن حیوانات خانگی را نقض می کند و ممکن است کی همراه داشته باشند همچنین بررسی کارت ملی که ضروری است . مسئله بعد ظروف کامل میباشد اما تمیزی که انتظار داشتیم نداشت و مجدد شستیم و سرشلنگ توالت ها که آب را بطور منظم پخش می کند برداشته شده بود که بهتر بود مجدد نسب یا تعویض شود و در مجموع از اقامتگاه آقای علیزاده راضی بودیم اما لطفا نسبت به موارد نظارتی لطفا دقت بیشتری داشته باشند و در انتها شیب منتهی به ویلا بسیار تند است,درود. ممنون از زحمت میهمان گرامی و رهنمودهای مورد نظر و به امید دیدار مجدد,2025-04-06,api
3190495,2025-04-29,4.8,"اقامتگاه بسیار محیط دنج ویو زیبا و بکر داشت 
از نظر امکانات هم خوب بود از آقای علیزاده ممنون که با رفتار و میزبانی خوبشون حس خوبی بهمون دادن .قطعا انتخاب بعدیمون هم هستید🙏🏻","سلام 
ممنون از حسن نظر مهمان گرامی 
به امید دیدار مجدد",2025-04-29,api
3190495,2025-05-05,4.7,میزبان بموقع تحویل دادن و برخورد محترمانه ای داشتن. لوکیشن مثل عکسا قشنگه و دسترسی به اینترنت و آنتن  قطع و وصل داشت . سینک و گاز نیاز به نظافت بیشتری داشت و یخرده بوی فاصلاب میومد توی واحد.باتشکر,درود به میهمان گرامی. پس از تخلیه کلبه کلیه کارهای نظافت هر بار کامل انجام میشه منتهی چون اب شهری کمی املاح داره. پس شستن سینک و خشک شدن کمی رسوب میبنده که طبیعیه,2025-05-05,api
3190495,2025-05-07,3.3,اونقدر که تو سایت نوشتن تمیز نیست ولی ویو خیلی خوبی داره,درود. ارزیابی باید منصفانه باشه. چه چیزی رو ادعا کردیم که انطباق نداشت؟ اقامتگاهی که تو نظافت نمونه هست یکباره اینهمه افت؟معلومه که اغراق فرمودن ضمن اینکه ایشون شب جمعه اقامتگاه رو مجانی میخواستن لابد که ی ستاره دادن,2025-05-07,api
3190495,2025-05-13,5,میزبان بسیار بسیار محترم و خوش برخورد بودن. پاسخگو و در دسترس بودن. خود ویلا ویوی بسیار خوبی داره و لذت بردیم. نظافت ویلا عالی بود. در اطراف ویلا هم جاهای بسیار قشنگی میتونید پیدا کنید,درود فراوان به میهمانان گرامی. ممنون بابت زحمت نظر دهی و به امید دیدار دوباره. میهمانان خوب ما از دیار ملایر دوست داشتنی,2025-05-13,api
3190495,2025-06-02,4.8,"میزبان بسیار محترم،خوش برخورد ، محترم ، پاسخگو و در دسترس بودند
خود ویلا هم تمیز بود ویو قشنگی داشت صدای قشنگ آواز پرنده ها شنیده میشد که بسیار عالی بود","درود به مهمان گرامی 
سپاس بابت شرکت در نظر سنجی 
به امید دیدار دوباره",2025-06-02,api
3190495,2025-06-17,5,"میزبان خیلی محترم و وقت شناس بودند و تنام مشخصات دقیقا شبیه به آگهی بود
من و خانوادم خیلی راضی بودیم
تشکر",درود به میهمان محترم و به امید دیدار دوباره,2025-06-17,api
3190495,2025-06-19,4.8,میزبان بسیار محترم و موقعیت مکانی عالی,درود به میهمان گرامی و همراهان.ممنون بابت نظر دهی و به امید دیدار دوباره,2025-06-19,api
3190495,2025-07-04,4,"رفتار صاحب خانه خیلی خوب بود تاکید میکنم خیلی خوب بود 
منظره خیلی زیبایی داشت 
فقط ای کاش به نظافت بیشتر برسن متاسفانه رخت خواب‌ها خیلی کثیف بود 
تار عنکبوت گوشه های خونه زیاد بود 
کاش به این موارد رسیدگی بشه",با درود  قبل و بعد از حضور مهمانان محترم همیشه  ملافه ی خوشخواب و رو بالشی ها عوض می شود  و با تاکید میگم که یک همچین موردی صحت  نداره  در خصوص تارعنکبوت ممکنه امروز من  خونه رو تمیز کنم و فردا تارعنکبوت ببنده چون اطراف کلبه باغ هست,2025-07-04,api
3190495,2025-08-05,4.8,عالی بود فقط لطفا برای پنجره ها توری نصب کنید با تشکر,درود به میهمان گرامی و همراهان و به امید دیدار دوباره,2025-08-05,api
3190495,2025-08-21,5,همه چی عالی بود فقط اگه پنجره ها توری داشته باشه که از دست پشه ها در امان باشیم دیگه حرف نداره,درود به میهمانان محترم و به امید دوباره,2025-08-21,api
3190495,2025-08-26,4.8,عالی,درود به میهمان گرامی و همراهان و به امید دیدار دوباره,2025-08-26,api
3190495,2025-09-03,5,"سلام واقعا ممنونم از اقا عباس 
همه چیز عالی بود هیج مشکلی نبود خیلیم تمیز و وسایل کامل و برخورد عالی 
مخصوصا با وجود 3 عدد اسپیلت  🙏",درود به میهمان گرامی و همراهان. به امید دیدار دوباره,2025-09-03,api
3190495,2025-09-09,4.5,"اقامتگاه دنج، کلبه چوبی واقعی و منظره ای عالی
از میزبان محترم کمال تشکر رو دارم",درود به میهمان گرامی و همراهان. کاش ی توضیحی راجع به ایراد پاکیزگی میدادن,2025-09-09,api
3190495,2025-09-15,5,"از نظر موقعیت و زیبای بسیار عالی بود 
میزبان بسیار محترم و خوش برخورد",درود به میهمان گرامی و همراهان. ممنون از زحمت نظر دهی و به امید دیدار دوباره,2025-09-15,api
3190495,2025-09-29,5,من امتیاز کامل دادم,"درود 
سپاس از حسن توجه شما
به امید دیدار مجدد",2025-09-29,api
3190495,2025-10-02,5,من واقعا راضی بودم و امتیاز کامل میدم,درود به میهمان گرامی و همراهان و به امید دیدار دوباره,2025-10-02,api
3190495,2025-10-09,4.8,"ویو بسیار زیبا، هوا در مهرماه عالی، برخورد میزبان عالی.... فقط اگر مبلمان با مبل جدید جایگزین بشه و برای پنجره های طبقه بالا حفاظ نصب بشه خیلی بهتر میشه
سایر موارد و برخورد میزبان عالی",درود به میهمان محترم و همراهان و به امید دیدار دوباره,2025-10-09,api
3190495,2025-10-13,5,"بسیار عالی بود
میزبانی درجه یک
سکوت و آرامش",درود به میهمان گرامی و ممنون از حسن توجه شما و به امید دیدار دوباره,2025-10-13,api
3190495,2025-10-28,5,ویلای خوب و تمیزی بود با ویوی عالی,درود به میهمان های گرامی وهمراهان و به امیددیدار دوباره,2025-10-28,api
3190495,2025-11-18,5,"اقامتگاه تمیز و ویو عالی و قیمت مناسب ، میزبان عالی
تشکر از میزبان عزیز و محترم 🌹",درود به میهمان گرامی و همراهان و ممنون از زحمت نظر دهی و به امید دیدار دوباره,2025-11-18,api
3190495,2025-12-03,5,میزبان بسیار خوش اخلاق و آدم حسابی. تجربه بسیار عالی بود.,درود به میهمان عزیز و همراهان محترم و به امید دیدار دوباره,2025-12-03,api
3190495,2025-12-31,5,برای بار دوم رزرو میکنیم کلبه کاملا تمیز و مثل عکس هاست میزبان محترم و خوش برخورد هستن رضایت کامل داریم و پیشنهاد میکنم با تشکر,درود به میهمان محترم و همراهان. ممنون بابت زحمت کشیده شده و به امید دیدار دوباره,2025-12-31,api
3190495,2026-05-06,5,عالی بود,"سپاس از میهمان محترم بابت زحمتی که کشیدند برای نظردهی 
به امید دیدار مجدد",2026-05-06,api
3190495,2026-05-11,4.8,تمیزی استخر عالی، محوطه حیاط خوب بود، ویو تراس خیلی خوب بود، اتاق ها تمیز بود قسمت آشپزخانه می توانست بهتر باشد با تشکر از میزبان,درود به میهمان محترم و همراهان و به امید دیدار دوباره,2026-05-11,api
3190495,2026-05-13,5,"مسیر خوبی داشت،ویو کلبه عالی 
استخر تمیز ،تمام وسایل منزل تمیز بود
حیاط با صفایی داشت",درود به میهمان محترم و همراهان و به امید دیدار دوباره,2026-05-13,api
3190495,2026-05-14,5,از میزبان گرامی و همسرشون تشکر میکنم خوش برخورد و صبور بودند ، امیدوارم فرصتی باشه که مجدد این اقامتگاه رو رزرو کنیم قطعا به دوستان هم پیشنهاد میدم اینجا بیان و لحظات خوبی رو سپری کنند ❤️,درود به میهمان محترم و همراهان. ممنون بابت زحمت نظر دهی و به امید دیدار دوباره,2026-05-14,api
3190495,2026-05-25,5,اقامتگاهی باصفا با امکانات عالی و همه چیز تمام دفعه بعد هم انتخابم اینجاست,درودبه میهمان گرامی و همراهان. ممنون از زحمت نظر دهی و به امید دیدار دوباره,2026-05-25,api
3190495,2026-06-01,5,تمییییز عالی با امکانات حیاط باصفا استخر تمییز امکانات اشپزخانه کامل 3 تا کولرگازی میزبان باشخصیت همه چیز تموم حتما بازم میایم,درود به میهمان محترم و همراهان و ممنون از لطف شما,2026-06-01,api
3190495,2026-06-06,5,بهترین بودن هم از نظر مسیر هم از تظر پاکیزگی هم ویو همه چی عالی بود برخورد میزبان خیلی خوب بود استخر خیلی تمیز بود,درود به میهمانان محترم. امیدوارم در کنار خانواده سفرهای خوب و خاطره انگیز همیشه داشته باشید و به امید دیدار دوباره,2026-06-06,api
3190495,2026-06-07,5,بنده چهار شب میهمان جناب علیزاده بودم که برامون سعادتی بود آشنایی با ایشون و همسر محترمشون. ویلا و استخر بسیار تمیز بود و مرتب. مهمتر از هر چیز برخورد محبت آمیز و لطفا میزبان  بود که باعث شده ما تصمیم بگیریم هر وقت بخوایم بریم تو این منطقه حتما خدمت ایشون برسیم و به تمام دوستان و آشنایان پیشنهاد کنیم اینجا رو . خرداد ماه 1405,درود به میهمانان گرامی که حالا دیگه جزو دوستان خوب ما هستن. ممنون از اظهار لطف شما و به امید دیدار دوباره,2026-06-07,api
3190495,2026-06-16,5,با سلام و احترام خدمت جناب علیزاده عزیز و همسر محترمشان بابت رزرو ویلا از شما ممنونم همه چی عالی بود محیط حیاط نظافت داخل و تمیزی استخر انشالله بتونیم دفعات بعد بیشتر در خدمتتان باشیم با تشکر ساریخانی,درود به اقا مجید و خانواده محترم ایشان. ممنون بابت اینهمه تعریف. امیدوارم بتونیم رضایت همه میهمانان را جلب کنیم. به امید دیدار دوباره,2026-06-16,api
3190495,2026-06-17,5,همه چی عالی بود,درود به میهمان محترم و همراهان و به امید دیدار دوباره,2026-06-17,api
3190495,2026-06-18,5,همه چیز عالی بود خیلی تمیز وباصفا....فوق العاده مهمان نواز و مهربان ..ممنون از خانم  وآقای علیزاده,"درود به میهمان گرامی و همراهان محترمشون 
ممنون بابت زحمت نظر دهی و به امید دیدار دوباره",2026-06-18,api
3190495,2026-06-23,4.8,همچی خوب بود لذت بردیم ممنون از  مهمان نوازی میزبان,"درود به میهمان گرامی و همراهان  ممنون از زحمت نظردهی  شما
چون زمان پیک تعطیلات رو برای اقامت در ویلای ما انتخاب کردید طبیعتا قیمت یک مقدار بالاتر بود 
به امید دیدار مجدد",2026-06-23,api
3190495,2026-06-25,5,سلام و درود همه چی عالی،تمیزی استخر و داخل اتاق ها از همه مهمتر آرامش و بکر بودن محیط,درود به میهمان محترم و خانواده گرامی. ممنون از اینکه به همون تمیزی کلبه رو تحویل دادین. به امید دیدار دوباره,2026-06-25,api
3190495,2026-06-27,5,من امتیاز کامل دادم,سپاس از علی اقای عزیز و همراهان که ویلا را بسیار تمیز و مرتب تحویل ما دادن. به امید دیدار دوباره,2026-06-27,api
3190495,2026-06-30,4.2,"سلام 
همه چیز عالی بود فقط موقعیت مکانی در یک تپه بود که میخوای ماشین رو میخوای پارک کنی سر میخوره 
اما ویو عالی توصیه میکنم با یک خوانواده بیایید چون ۲ تا تخت ۲ نفره داره 
من کلیتش راضی بودم 
مچکرم","درود
ای کاش آدم ها توی زندگیشون یک کم انصاف داشته داشته باشند",2026-06-30,api
3190495,2026-07-03,4.8,"همه چیز به نسبت قیمت خوب بود .فقط بهتره سیستم سرمایش توی تابستون با میزبان چک بشه .
آب استخر هم کلرش به نظرم زیاد بود.بقیه چیزا خوب بود .واینکه ویو عالی داشت که ممکنه توی رزرو و عکس ها مشخص نباشه ولی از نزدیک خیلی خوب بود.",درود به میهمان گرامی و همراهان. سه عدد کولر برای هال و اتاق خواب ها کفایت می کند. شاید تعداد زیاد شما 9 نفر یکم مشکل بود. در هر صورت ممنون از زحمت نظر دهی شما و اینکه کلبه را خیلی تمیز تحویل ما دادید. پاینده باشید,2026-07-03,api
3190495,2026-07-06,4.8,"تنها مشکل استخر بود که انقدررکلر ووایتکسش زیاد بود بیشتر از نیم‌ساعت نمیتونستی بمونی
ما 4 نفر بودیم 
بعد از یه ربع بیست دقیقه انقدررر به سرفه و سوزش گلو میفتادیم از آب باید میومدین بیرون
باقی موارد خوب بود",درود به میهمان گرامی و همراهان. از تعریف شما مشخصه که اطلاع درستی از استخر نداری. کلر زنی استخر ما اتوماته و وایتکس رو نفهمیدم از کجا گفتید. اصولا اگه بخواهی زمان زیاد از استخر استفاده کنید حتما باید عینک شنا داشته باشید وگرنه استخر ما مشکلی نداشت. ممنون از زحمت نظر دهی,2026-07-06,api
3190495,2026-07-08,5,من امتیاز کامل دادم,درود به میهمانان محترم. ممنون بابت ارزش دهی و به امید دیدار دوباره,2026-07-08,api
3190495,2026-07-15,5,همه چیز خوب و مطابق عکس ها بود,درود به میهمان گرامی و همراهان و به امید دیدار دوباره,2026-07-15,api
3190495,2026-07-23,5,باتشکر از اقای علیزاده عزیز و همسر محترمشون اقامتگاه بسیار تمیز با ارامش کامل برای ریلکس کردن حتما پیشنهاد میکنم انتخاب بعدی من هم همین اقامتگاه هستش,درود به اقا مجتبی عزیز و خانواده محترمشان. ممنون از اینهمه تمیزی و دقت مسایل و به امید دیدار دوباره,2026-07-23,api
3190495,2026-08-08,4.8,"ویلا در یک منطقه روستایی با صفا و زیبا قرار داده دسترسی به سوپر و فروشگاه  ها خوراکی راحته
اطراف ویلا مکان تفریحی مثل جنگل و آبشار و رود بسیار زیاده 
عکس ها دقیقا مطابق ویلاست 
سیستم سرمایش و امکانات نسبی اون خوب هست 
برخورد میزبان افای علیزاده عالی بود",درود به میهمان گرامی و همراهان خوب ایشان و به امید دیدار دوباره,2026-08-08,api
3190495,2026-09-02,5,بسیار عالی و تمیز تصاویر مطابق اقامتگاه بود بسیار مهمانواز و خوش رو و خوش اخلاق بودند✌️,"با تشکر از شما مهمات محترم و همراهان
به امید دیدار مجدد شما عزیزان",2026-09-02,api
3190552,2023-08-23,4.5,هم مکان خوب از نظر جا و امکانات هم بر خورد عالی میزبان,خیلی ممنونم از لطفتتون🙏🌷,2023-08-23,api+corpus
3190552,2023-08-26,5,"اقامتگاه بسیار تمیز و مرتب بود ، میزبان خیلی خوش‌برخورد بودند ، کم و کاستی دیده نمیشد
با سپاس از میزبان محترم",خیلی خیلی ممنونم از لطفتون شماام یکی از بهترین مهمانهای مابودین🙏🙏,2023-08-26,api+corpus
3190552,2023-09-04,5,میزبان بسیار خوش برخورد بودند و اقامتگاه از نظر امکانات خیلی کامل بود و به مکان های دیدنی زیادی نزدیک بود,خیلی ممنونم‌از لطفتتون شمام یکی بهترین مهمونای مابودین ممنونم ازتون🙏🌷🌷,2023-09-04,api+corpus
3190552,2023-09-08,5,واقعا عالی بود حتما توصیه میکنم ، میزبان هم خیلی مهربون و با شخصیت بودن و هر چی خواستیم برای ما تهیه کردند. مسیرش هم خیلی خوبه راحت رفتیم ، سوپر مارکت هم در نزدیکیش هست .,خیلی ممنونم از لطفتون شماهم یکی ازتمیزترین و بهترین مهمونای مابودین🌷🙏,2023-09-08,api+corpus
3190552,2023-09-16,5,"بسیار بسیار تمیز و زیبا و دلباز بود
محله ای امن با فضایی عالی
داخل خونه چیدمان خیلی خوشگلی داشت
از هر نظر فوق العاده بود و کوچکترین مشکلی نداشت
ممنون از صاحب خانه محترم 🙏😍",خیلی خوشحالم که مفتخر به میزبانی ازمهمانان عزیزی مثل شما بودیم خیلی خیلی ممنونم ازتون🙏🌷به امید دیدار مجددشما🙋,2023-09-16,api+corpus
3190552,2023-09-17,4.5,کلبه بسیار زیبا با میزبان بسیار خوش رو و پاسخگو در دل طبیعت زیبای منطقه .تشکربابت مهمان نوازی و پاسخگویی میزبان محترم. اگه دنبال یه جای دنج و ساکت می‌گردید این اقامتگاه رو توصیه میکنم.,خیلی ممنونم از لطفتون🙏,2023-09-17,api+corpus
3190552,2023-09-29,5,سلام واقعا از هر نظر که فکرشو بکنید عالی بود تمیز میزبان عالی واقعا من اگه بخوام برم میرم همین جا من پیشنهاد میدم به دوستان,خیلی خوشحالم ک افتخار میزبانی شماروداشتم ب امید دیدار مجددشما🌷🌷🌷🌷🙏🙏🙏,2023-09-29,api+corpus
3190552,2023-10-25,5,با سلام اقامتگاه واقعا علی بود رفتار میزبان خوب بود با تشکر از ایشون نظافت خوب بود از نطر امکانات همه چی در دسترس بود طی دو شبی ما اقامت داشتیم همه چی عالی بود و از نظر آرامش و راحتی و سکوت خوب بود و از نطر قیمتی نسبت به موقعیت و مکانی که بودیم ارزشش را داشت با تشکر از میزبان پربرکت باشید,خیلی ممنونم از لطفتتون خیلی خوشحال شدم که میزبان مهمانان ب این عزیزی و تمیزی بودم ب امید دیدار مجددتون🙏🙏,2023-10-25,api+corpus
3190552,2023-11-30,5,یکی از بهترین کلبه های بود ک رفتم خیلییی همه چی تمیز بود بااینکه دوتا دختر بودیم وماشین هم نداشتیم هم امنیت کلبه بالا بودهم هم اینکه دسترسی ب فروشگاه و مکانهای تفریحی راحت بود خیلی ممنونم از مهمان نوازیتون,خیلی خوشحالم که راضی بودین خیلی ممنونم از لطفتون به امیددیدار مجدد شما🌹🙏,2023-11-30,api+corpus
3190552,2023-12-16,5,"عالی
جای بکر و دور از هیاهوی شهری برای آخر هفته آرام
برخورد عالی
نظافت عالی",ممنونم از لطفتون خوشحالم که افتخار میزبانی شمارو داشتم به امید دیدار مجددتون🌹🙏,2023-12-16,api+corpus
3190552,2023-12-24,5,خیلی خیلی ویلای بسیااااار تمیزی بود..برخورد میزبان عالی بود و تمام امکانات داخل ویلا مهیا بود و بسیار سکوت دلنشینی داشت..و منطقه های اطرافش هم برای پیاده روی و هم دور زدن با ماشین دل انگیزه.. و من اگر دوباره قصد رفتن به اون منطقه رو داشته باشم حتما دوباره رزرو میکنم اینجا رو..خیلی خیلی از میزبان متشکرم,خیلییی ممنونم ازلطفتون خوشحالم ک دوست داشتیدبه امید دیدار مجددشما🙏🌹🌹,2023-12-24,api+corpus
3190552,2023-12-24,5,خیلی خیلی ویلای بسیااااار تمیزی بود..برخورد میزبان عالی بود و تمام امکانات داخل ویلا مهیا بود و بسیار سکوت دلنشینی داشت..و منطقه های اطرافش هم برای پیاده روی و هم دور زدن با ماشین دل انگیزه.. و من اگر دوباره قصد رفتن به اون منطقه رو داشته باشم حتما دوباره رزرو میکنم اینجا رو..خیلی خیلی از میزبان متشکرم,,,api+corpus
3190552,2024-01-13,4.8,ما ۳ روز مهمان خانم {...} بودیم بسیار به ماخوش گذشت .میزبان بسیار با اخلاق و مهمان نواز با روی خوش بودن و در مواردی که از ایشان کمک خواستیم با صبوری مدیریت کردن ...کلبه بسیار تمیزو نوساز و با سبک مینیمال تزیین شده بود کاملا حس خوب با ارامش و امنیت به مهمان میده..اگر دنبال جای دنج با ارامش و تمیزی و امنیت هستید به شدت پیشنهاد میکنم ما ۴ خانم بودیم از نظر امنیت و رفت امد هیچ مشکلی نداشتیم  بازم تشکر از خانم درزی و از اقای {...} که زحمت رفت و امد ما را به عهده داشتند ..در ضمن مکانهای عالی دیدنی مثل سد و جنگل لفور ..سد سمبل اباد و جوارم بسیار دیدنی بود,خیلی ممنونم از لطفتون خوشحال شدم از اشنایتون به امید دیدارمجددشما🌹🙏,2024-01-13,api+corpus
3190552,2024-01-13,4.8,ما ۳ روز مهمان خانم {...} بودیم بسیار به ماخوش گذشت .میزبان بسیار با اخلاق و مهمان نواز با روی خوش بودن و در مواردی که از ایشان کمک خواستیم با صبوری مدیریت کردن ...کلبه بسیار تمیزو نوساز و با سبک مینیمال تزیین شده بود کاملا حس خوب با ارامش و امنیت به مهمان میده..اگر دنبال جای دنج با ارامش و تمیزی و امنیت هستید به شدت پیشنهاد میکنم ما ۴ خانم بودیم از نظر امنیت و رفت امد هیچ مشکلی نداشتیم  بازم تشکر از خانم درزی و از اقای {...} که زحمت رفت و امد ما را به عهده داشتند ..در ضمن مکانهای عالی دیدنی مثل سد و جنگل لفور ..سد سمبل اباد و جوارم بسیار دیدنی بود,,,api+corpus
3190552,2024-01-17,4.8,خدایی عالی بود برخورد میزبان و خیلی هم تمیز بود,خیلی ممنونم از لطفتون🌹🙏,2024-01-17,api+corpus
3190552,2024-01-17,4.8,خدایی عالی بود برخورد میزبان و خیلی هم تمیز بود,,,api+corpus
3190552,2024-01-18,4.8,محیط کلبه فوق العاده تمیز و زیبا بود_میزبان بسیار مهربون بودن.امکانات کلبه عالی بود.,خیلی ممنونم از لطفتون به امیدار مجددتون تو فضای سازی جدیدحیاط🌹🙏,2024-01-18,api+corpus
3190552,2024-01-18,4.8,محیط کلبه فوق العاده تمیز و زیبا بود_میزبان بسیار مهربون بودن.امکانات کلبه عالی بود.,,,api+corpus
3190552,2024-04-21,4.7,اقامتگاه خوب و آرام ، حیاط کاربردی و دارای آتش دان که استفاده اون رو توصیه می کنم میزبان دقیق و مسئولیت پذیر,خیلی ممنونم ازلطفتتون🙏🌹,2024-04-21,api+corpus
3190552,2024-04-21,4.7,اقامتگاه خوب و آرام ، حیاط کاربردی و دارای آتش دان که استفاده اون رو توصیه می کنم میزبان دقیق و مسئولیت پذیر,,,api+corpus
3190552,2024-04-28,5,بسیار عالی برخورد میزبان بسیار مناسب و محیط دارای امنیت کامل است.ممنونم از میزبان محترم,خیلی ممنونم از لطفتون🌹🙏,2024-04-28,api+corpus
3190552,2024-04-28,5,بسیار عالی برخورد میزبان بسیار مناسب و محیط دارای امنیت کامل است.ممنونم از میزبان محترم,,,api+corpus
3190552,2024-05-01,5,فضای کلبه و محوطه آن فوق العاده زیبا و خاطره انگیز بود. امکانات و لوازم دقیقا مطابق با مشخصات و تصاویر سایت و نظافت داخلی کلبه بسیار عالی بود. میزبان بسیار خوش سلیقه، مهمان نواز، محترم و خوش برخورد بودند و از ایشان بابت محبتی که به ما داشتند (که نشان از سخاوتمندی و مناعت طبع میزبان بود) بسیار ممنون هستم. امیدوارم در سفرهای بعدی فرصتی باشد که دوباره مهمان این کلبه باشم.,خیلی ممنونم از لطفتون خیلی خوشحال شدم ک دوست داشتید به امید دیدار مجددشما🙏🌹,2024-05-01,api+corpus
3190552,2024-05-01,5,فضای کلبه و محوطه آن فوق العاده زیبا و خاطره انگیز بود. امکانات و لوازم دقیقا مطابق با مشخصات و تصاویر سایت و نظافت داخلی کلبه بسیار عالی بود. میزبان بسیار خوش سلیقه، مهمان نواز، محترم و خوش برخورد بودند و از ایشان بابت محبتی که به ما داشتند (که نشان از سخاوتمندی و مناعت طبع میزبان بود) بسیار ممنون هستم. امیدوارم در سفرهای بعدی فرصتی باشد که دوباره مهمان این کلبه باشم.,,,api+corpus
3190552,2024-06-07,4.8,با تشکر از میزبان عزیز و محترم،رفتار میزبان فوق العاده،امکانات اقامتگاهم عالی بود.,,,api+corpus
3190552,2024-06-07,4.8,با تشکر از میزبان عزیز و محترم،رفتار میزبان فوق العاده،امکانات اقامتگاهم عالی بود.,,,api+corpus
3190552,2024-08-06,5,سلام کلبه بسیار تمیزو زیبا بود حیاط بزرگ و سرسبز ونورپردازی عالی تو شب زیبارو چندین برابر کرده بود خیلی ممنونم از میزبان محترم🌹🙏,خیلی ممنونم ازلطف و محبتتون🙏🌹,2024-08-06,api+corpus
3190552,2024-08-06,5,سلام کلبه بسیار تمیزو زیبا بود حیاط بزرگ و سرسبز ونورپردازی عالی تو شب زیبارو چندین برابر کرده بود خیلی ممنونم از میزبان محترم🌹🙏,,,api+corpus
3190552,2024-08-09,5,مکان تمیزی و با سلیقه چیده شده .‌ میزبان هم خوش برخورد و مهربون هستن.  پیشنهاد میشه,خیلیی ممنونم از محبتتون به امید دیدار مجددشما🌹🙏,2024-08-09,api+corpus
3190552,2024-08-09,5,مکان تمیزی و با سلیقه چیده شده .‌ میزبان هم خوش برخورد و مهربون هستن.  پیشنهاد میشه,,,api+corpus
3190552,2024-10-18,4.5,"یک شب مهمان این خانواده محترم بودیم.
کیفیت اقامتگاه و به خصوص نورپردازی خوب بود. رفتار محترمانه میزبان هم قابل تقدیره",,,api+corpus
3190552,2024-10-18,4.5,"یک شب مهمان این خانواده محترم بودیم.
کیفیت اقامتگاه و به خصوص نورپردازی خوب بود. رفتار محترمانه میزبان هم قابل تقدیره",,,api+corpus
3190552,2024-12-03,4.8,خیلی عالی و شی,ممنونم از لطف و محبتتون🌹🙏,2024-12-03,api+corpus
3190552,2024-12-03,4.8,خیلی عالی و شی,,,api+corpus
3190552,2024-12-19,4.7,میزبان به شدت مهمون نواز و با شخصیت و خوش برخورد بودن,خیلی ممنون از لطفتتون🙏🌹,2024-12-19,api+corpus
3190552,2024-12-19,4.7,میزبان به شدت مهمون نواز و با شخصیت و خوش برخورد بودن,,,api+corpus
3190552,2025-05-15,4.8,همه چی عالی فقط بوی نامطلوب چاه دستشویی در خانه میپیچد و فاضلاب دستشویی بالا میزند.,,,api+corpus
3190552,2025-05-15,4.8,همه چی عالی فقط بوی نامطلوب چاه دستشویی در خانه میپیچد و فاضلاب دستشویی بالا میزند.,,,api+corpus
3190552,2025-05-28,4.8,"1.برخورد بسیار محترمانه و خوب میزبان جای تشکر ویژه داره.
2.دسترسی به ویلا عالی. 
3.فضای داخلی و خارجی اقامتگاه عالی و بسیار تمیز بود و امیدوارم بتوانیم مجدد میهمان میزبان محترم باشیم.
حتما پیشنهاد میشود که اقامت در این کلبه ای زیبا رو تجربه کنید.🕊️🙏🏼",خیلی ممنونم از لطف و محبت شما🌹🙏,2025-05-28,api+corpus
3190552,2025-05-28,4.8,"1.برخورد بسیار محترمانه و خوب میزبان جای تشکر ویژه داره.
2.دسترسی به ویلا عالی. 
3.فضای داخلی و خارجی اقامتگاه عالی و بسیار تمیز بود و امیدوارم بتوانیم مجدد میهمان میزبان محترم باشیم.
حتما پیشنهاد میشود که اقامت در این کلبه ای زیبا رو تجربه کنید.🕊️🙏🏼",,,api+corpus
3190552,2025-09-23,5,تجربه سفر خوبی داشتیم و همه چیز خوب بود از نظافت کلبه گرفته تا برخورد خوبی که میزبان داشتند و لوکیشن این واحد به صورت کلی راضی بودیم,خیلی ممنونم از لطف و محبتتون خیلی خوشحالم ک رضایت داشتید🌹🙏,2025-09-23,api+corpus
3190552,2025-09-23,5,تجربه سفر خوبی داشتیم و همه چیز خوب بود از نظافت کلبه گرفته تا برخورد خوبی که میزبان داشتند و لوکیشن این واحد به صورت کلی راضی بودیم,,,api+corpus
3190552,2026-01-03,5,از همه لحاظ عالی بود,خیلی ممنونم از لطف شما🌹🙏,2026-01-03,api+corpus
3190552,2026-01-03,5,از همه لحاظ عالی بود,,,api+corpus
3190552,2026-03-22,5,عالی,,,api+corpus
3190552,2026-03-22,5,عالی,,,api+corpus
3190552,2026-03-27,5,کلبه تمیز و مثل عکس ها بود میزبان خوش برخورد بودن رضایت کامل داشتیم با تشکر,خیلی ممنونم از لطف و محبت شما خوشحالم که رضایت داشتید🙏🌹,2026-03-27,api+corpus
3190552,2026-03-27,5,کلبه تمیز و مثل عکس ها بود میزبان خوش برخورد بودن رضایت کامل داشتیم با تشکر,,,api+corpus
3190552,2026-05-29,5,"میزبان بسیار محترم و متشخص،کلبه بسیار زیبا،لوکیشن عالی،امکانات تکمیل،دسترسی سریع و آسان ب مراکز خرید و‌ تهیه مایحتاج،نظافت بسیار بسیار خوب،امنیت و آرامش مثال زدنی،چشم انداز دیدنی و‌ محوطه سازی منحصر بفرد،بدون کوچکترین ایراد همه و همه باعث شد سفری خاطره انگیز داشته باشیم و ب تمامی کابران توصیه میکنم اقامت در این کلبه رو تجربه کنن،قطعا ب یاد ماندنی خواهی بود
ممنون از میزبان محترم🙏
با اختلاف بهترین هستین👌","سلام و عرض ادب
از صمیم قلب بابت لطفی که در پیام‌تون داشتید سپاسگزارم. باعث افتخارمه که میزبان مهمان محترمی مثل شما بودم با آرزوی بهترین‌ها برای شما و خانواده محترمتون🌹🙏",2026-05-29,api+corpus
3190552,2026-05-29,5,"میزبان بسیار محترم و متشخص،کلبه بسیار زیبا،لوکیشن عالی،امکانات تکمیل،دسترسی سریع و آسان ب مراکز خرید و‌ تهیه مایحتاج،نظافت بسیار بسیار خوب،امنیت و آرامش مثال زدنی،چشم انداز دیدنی و‌ محوطه سازی منحصر بفرد،بدون کوچکترین ایراد همه و همه باعث شد سفری خاطره انگیز داشته باشیم و ب تمامی کابران توصیه میکنم اقامت در این کلبه رو تجربه کنن،قطعا ب یاد ماندنی خواهی بود
ممنون از میزبان محترم🙏
با اختلاف بهترین هستین👌",,,api+corpus
3193879,2025-06-11,4.8,"بسیار جای زیبا و تمیزی بود ، یه باغ میوه بزرگ که لذت توی طبیعت بودن رو کامل بهمون داد. پیگیری و احساس امنیتی که میزبان با روی خوش داشتن لذت اقامت رو بیشتر کرد برامون ، تنها چیزی که میتونم بگم اونم مشکل از میزبان و اقامتگاه نیست اما توی این فصل پشه زیاد بود.
باز هم ممنون از میزبان خوش ذوق جناب طاهری عزیز.",ممنون و سپاس ازشما دوست عزیزم.به امید دیدار.,2025-06-11,api
3193879,2025-06-16,5,"برخورد میزبان بی نظیر و درجه یک 
از لحاظ تمیزی خیلی خوب و ایده آل بود 
در یک کلام کلی انرژی مثبت داشت این جا ممنون واقعا",سپاس ارشما،نظره لطفتونه،بهترینها رو براتون آرزو میکنم.,2025-06-16,api
3193879,2025-06-19,5,وای هرچی بگم کم گفتم خدایی ما راضی بودیم دمتون گرم,ممنونم ازشما دوست عزیزم،باعث افتخارم بود که درخدمتتون بودم.,2025-06-19,api
3193879,2025-07-04,4.8,همه چیز بسیار زیبا و عالی و درجه یک ، میزبان مردی محترم و مسئولیت پذیر، بسیار زحمت کشیدند و سپاسگذاریم ازشون 🙏,ممنونم ازشما دوست عزیزم،نظر لطفتونه،به امید دیدار,2025-07-04,api
3193879,2025-07-05,5,من امتیاز کامل دادم,ممنونم از لطفت دوست عزیزم.به امید دیدار,2025-07-05,api
3193879,2025-07-08,5,از همه نظر عالی بود,سپاس از شما دوست عزیزم.,2025-07-08,api
3193879,2025-07-16,5,بهترین اقامتگاهی بود ک تاحالا از جاجیگا گرفته بودم ، یک محیط بسیاااااار آرام با یک میزبان بسیار باشخصیت و با محبت.... به تمام جزئیات در ساخت و نگهداری این مجموعه دقت شده و محیط خیلی دل انگیز و خاطره سازی برای مهمان فراهم آوردند. برای من باعث افتخار بود آشناییدبا آقای دکتر مجتبی.... حتما برای دفعات بعد مهمان این مکان رویایی خواهم بود,"داداش مرتضی عزیزم سپاس ازشما دوست نازنینم،نظره لطفتونه،باعث افتخارم بود که درخدمته شما بودم،بهترینهارو برات آرزو میکنم
به امید دیدار",2025-07-16,api
3193879,2025-07-20,5,چیزی جز گفتن همه چی فوق العاده نمیشه گفت برخورد. عالی مکان عالی تمیزی عالی لوکیشن عالی,خیلی ازت ممنونم دوست عزیزم نظره لطفتونه،به امید دیدار و آرزوی سلامتی.,2025-07-20,api
3193879,2025-08-11,5,"ما یک شب اقامت داشتیم در این کلبه ی زیبا
میزبان بسیار محترم و اقامتگاه بسیار تمیز و شیک بود
حتی از تصاویر هم زیبا تر!
حتما دوباره انتخابمون این کلبست 
فضایی به دور از هیاهو شهر و آرامش جنگلی
ممنونم از آقای دکتر عزیز بابت مهمان نوازیشون",سپاس از شما داداش مهدی عزیزم،نظره لطفته،خیلی خوشحالم که درخدمتتون بودم.,2025-08-11,api
3193879,2025-08-20,5,یکی از بهترین لوکیشن ها و بهترین میزبان ها،واقعا همه چیز عالی بود،ممنون از آقا مجتبی عزیز,قربونت داداشه عزیزم،متعلق بخودته،بهترینهارو برات آرزو میکنم.,2025-08-20,api
3193879,2025-08-24,5,نظافت عالی.برخورد عالی، دسترسی عالی، محوطه بسیار دلبازی داره و اطراف کلبه خلوته و راحت میتونید از محیط استفاده کنید . برای کسایی ک میخوان دور از شلوغی شهر باشن ب شدت توصیه میشه همچنین برخورد میزبان بسیار عالی بود,ممنونم از شما دوسته عزیزم،نظره لطفتونه،آرزو میکنم همیشه شادو سلامت باشید.به امید دیدار.,2025-08-24,api
3193879,2025-08-30,5,"اقامتگاه از همه نظر عالی و درجه یک بود
ما جاهای خوب زیادی رو از جاجیگا رزرو کردیم ولی این یکی زبانزد شد برامون
بی نظیر بود
ممنون از میزبان محترم",خواهش میکنم،خیلی ممنونم ازشما،باعث افتخارم بود که درخدمت شما و خانوادهء نازنینت ون بودم،به امید دیدار مجدد.,2025-08-30,api
3193879,2025-09-07,5,"بسیار تمیز و عالی بود
میزبان عزیز خیلی خوش برخورد بودن
فضای باغ خیلی ارامش برای شب نشینی داشت 
و لوکیشن واقعا دنج بود",سپاس هادی جان،نظر لطفته،بهترینهارو براتون آرزو میکنم.به امید دیدار,2025-09-07,api
3193879,2025-09-17,5,اقامتگاه از هر نظر عالی بود ،تکمیل بودن وسایل،چشم انداز زیبا ، آرامش منطقه...تشکر از آقای طاهری عزیز  بسیار انسان خوش برخورد و مهمان نوازی هستن.,سپاس از شما دوست عزیزم،بهترینا رو براتون آرزو میکنم.,2025-09-17,api
3193879,2025-09-27,5,موندم از خود آقا مجتبی بگم از پدرش بگم خدا حفظتون واسه هم...کلبه و منظره و محیطم ک اصلا ب هیچ عنوان توش هیچ بحثی نیست.خیلی ممنونم بابت همه چیز دارم جدی میگم بدون تعارف.♥️🌹🌹,سلامت باشی دوست عزیزم،باعث افتخارم بود درخدمتتون بودم،بهترینها رو براتون آرزو میکنم.,2025-09-27,api
3193879,2025-10-22,5,فوق العاده بود قبلا هم اومده بودیم بی نظیره از همه لحاظ,ممنونم ازشما،نظره لطفتونه،متعلق بخودتونه،به امید دیدار,2025-10-22,api
3193879,2025-10-27,5,"واقعا ممنون از اقامتگاهی که درست کردین کلمه ای مناسب برای این همه زیبایی اقامتگاه نمیتونم پیدا کنم .
پیشنهاد من اینه که حتما دوستان برین این مکان زیبا رو ببینید تا خودتون شگفت زده بشید.
آقا مجتبی عزیز واقعا بهتون خسته نباشید میگم و ممنون بابت روی خوشتون و اقامتگاهی که درست کردین امیدوارم همیشه موفق و پیروز باشید.",سلامت باشی دوست عزیزو ارزشمندم،باعث افتخارم بود که درخدمتتون بودم،بهترینهارو براتون آرزو میکنم به امید دیدار,2025-10-27,api
3193879,2025-10-29,5,مثل همیشه همه چیز عالی،ممنون از آقای طاهری عزیز,سپاس از شما دوست عزیزم،متعلق بخودتونه،به امید دیدار,2025-10-29,api
3193879,2025-11-14,5,"آقای طاهری خودشون  بسیار انسان شریف ، مرتب،متعهد،و از هر لحاظ نمونه هستند 
از نظر نظافت و تمیزی مثل خونه خودمون بود 
با اینکه ما به نظافت خیلی حساس بودیم
از نظر  چشم انداز و محیط اطراف بهتر از تصاویر هست
جای دنج و آرومی هست
به نظر ما 5ستاره کم هست
رزرو کنید و مطمئن باشید که ضرر نکردید",ممنونم از شما دوست عزیز و ارزشمندم،میزبانی ازشما باعث افتخارم بود.به امید دیدار,2025-11-14,api
3193879,2025-12-02,5,بسیار عالی و تمیز بود,ممنونم از شما دوست عزیزم،به امید دیدار,2025-12-02,api
3193879,2025-12-03,5,تشکر از آقای طاهری عزیز♥️مثل همیشه همه چیز عالی🌹,"ممنونم ازت محمودجان،نظر لطفته داداشه عزیزم،
بهترینهارو برات آرزو میکنم.به امید دیدار.",2025-12-03,api
3193879,2025-12-23,5,رفتن به اینجا برای من یک خاطره ی بسیار خوب شد ، محیط عالی ، کلبه عالی ، میزبان بسیار محترم و فهیم ، لوکیشن فوق العاده ، امکانات عالی ، انصافا همه چی تموم بود، اگر دوسدارین یک محیط خلوت و دربست رو در یک نقطه ی زیبا داشته باشین حتما به این اقامتگاه برین ، وقتی برین متوجه میشین از عکس ها بسیار بهتره و من بازهم اینجا میام ، تشکر فراوان از اقای طاهری عزیز,سپاس از شما دوست عزیزم،متعلق بخودتونه،باعث افتخارم بود که در خدمتتون بودم،به امید دیدار,2025-12-23,api
3193879,2025-12-26,5,من امتیاز کامل دادم,سپاس ازشما دوست عزیزم,2025-12-26,api
3193879,2026-01-11,5,عاااالی بود  برخورد میزبان عاااالی بود. اقامتگاه فوق العاده زیبا بود,ممنونم از شما،بهترینهارو براتون آرزو میکنم،به امید دیدار,2026-01-11,api
3193879,2026-01-23,5,من امتیاز کامل دادم,نظره لطفتونه،به امید دیدار,2026-01-23,api
3193879,2026-02-19,5,سلام امتیاز کامل رو میدم یک اقامتگاه بسیار پر انرژی و تمیز,سپاس از شما دوست عزیزم،به امید دیدار,2026-02-19,api
3193879,2026-02-26,5,به معنای واقعی بهشت و آرامش,بینهایت ازشما سپاسگزارم،بهترینهارو براتون آرزو میکنم.,2026-02-26,api
3193879,2026-03-03,5,"سلام به هیچی نمیشد ایراد گرفت
همه چیزش عالی بود
برای دو نفر خوبه بیشتر از دو نفر نه
میزبان خیلی محترم و خوش برخوردی هم داشت👌🏼","ممنونم ازشما دوست عزیزم،نظره لطفتونه،البته برا چهارنفره.
به امید دیدار",2026-03-03,api
3193879,2026-03-12,5,"ب جرات میتونم بگم اینجا ی تیکه از بهشت بود 😍
در مورد شخصیت اقای طاهری ک تمامی کاربران گفتند و بنده هم تایید میکنم 
از نظر امکانات همه چی تکمیل بود و نیازی ب ظرف و ظروف نبود 
از همینجا ازتون تشکر میکنم 🙏🏻🌱
و قطعا باز هم بودن در این مکان رو تجربه خواهم کرد",خیلی سپاسگزارم از شما،این نظر لطفته شماست،با افتخار درخدمتتونم،بهترینهارو براتون آرزو میکنم،به امید دیدار.,2026-03-12,api
3193879,2026-03-25,4.7,با تشکر از جناب طاهری عزیز بابت مهمان نوازی و اخلاق بسیار خوبشان ؛ این ویلا از هر نظر عالی و با ویوی بسیار خوب را پیشنهاد میکنم ؛ میزان تمیزی این ویلا را من در هیچ کدام از سفرهام ندیده بودم ؛ بسیار عالی و تمیز بود,سپاس ازشما دوست عزیزم،نظره لطفتونه.,2026-03-25,api
3193879,2026-03-26,5,با اختلاف خیلی زیاد تمیز ترین ویلایی ک رفتم اینجا بود.ی باغ زیبا با ورودی قشنگش.میزبان بسیار محترم و خوش برخورد.واقعا هیچ نکته منفی نداره که بگم.پرروزی باشید جناب طاهری,سلامت باشید دوست عزیزم،این لطفو‌محبته شماست،به امید دیدار.,2026-03-26,api
3193879,2026-04-16,5,"برای بار دوم مهمان جناب طاهری بودیم
از نظر کیفیت ،تمیزی جا ،محوطه و چشم انداز ،رفتار و تعهد میزبان ،امکانات سوئیت ،عالی هستند ،رزرو کنید پشیمون نمی شید.",سپاس از شما جناب مرادی بزرگوار،باعث افتخارم بود که درخدمتتون بودم.,2026-04-16,api
3193879,2026-04-22,5,من امتیاز کامل دادم,سپاس ازت دوست عزیزم,2026-04-22,api
3193879,2026-04-29,5,"یه تیکه از بهشته
میزبان خوش برخورد
کلبه کاملا تمیز با امکانات خوب
باغ زیبا 
همه چیز عالی بود 
حتما باز هم برمیگردیم",نظره لطفته داداش حسین عزیز،خیلی خوشحال شدم از اینکه درخدمتتون بودم،به امید دیدار مجدد شما.,2026-04-29,api
3193879,2026-05-06,5,بسیار جای زیبا و خوش منظره یی هست ویو عالی امکانات خوب و تمیز,بینهایت از شما و حسن نظره شما سپاسگزارم،به امید دیدار,2026-05-06,api
3193879,2026-05-07,5,"کلبه بسیار تمیز و عالی با امکانات عالی
منظره و باغ بسیار دلباز و دلچسب",بسیار سپاس از شما،نظره لطفتونه دوست عزیزم،به امید دیدار,2026-05-07,api
3193879,2026-05-20,5,"درود 
اقامتگاه از نظر نظافت بی نظیر بود جوری که فکر کردیم کلبه تازه ساخته شده
فضای باز و زیبا اقامتگاه عالی بود و در آخر میزبان واقعا مردم دار و مهمان نواز بودند .
تشکر از سید مجتبی عزیز",نظره لطفته شماست دوست عزیز و ارزشمندم،باعث افتخارم بود که درخدمتتون بودم،به امید دیدار,2026-05-20,api
3193879,2026-05-26,5,عالی,ممنونم سید جان،به امید دیدار,2026-05-26,api
3193879,2026-06-10,5,تشکر از آقای طاهری عزیز♥️عالی مثل همیشه,ممنونم داداشه عزیزم،نظر لطفتونه.,2026-06-10,api
3193879,2026-06-21,5,"هرچی از عالی بودن اقامتگاه بگم کم گفتم 
عالی عالی عالی 
حقشونه که بعد صد رزرو موفق هنوز 5 ستاره باشن❤️
حتما انتخاب همیشگی ما هستن",بینهایت ازشما سپاسگزارم دوست عزیزم،نظر لطفتونه،باعث افتخارم بود که درخدمتتون بودم،بهترینها رو براتون آرزو میکنم،بازم با افتخار درخدمتتونم،به امید دیدار.,2026-06-21,api
3193879,2026-07-01,5,من با اینکه شب اول رسیده بودم و در آخرین لحظه رزرو کردم تقریبا بهترین جا برای سفر بود در یک باغ بسیار خوب زیبا میزبان لطف داشتن قبل از ورود ما کولر رو روشن کرده بودن و پس از چندین ساعت رانندگی رسیدن با برخورد خوب و میزبانی عالی اقای طاهری خستگی از تن آدم رفت خیلی هم خوب و عالی هست حتما از فضای طراحی شده و زیبا و تر تمیز ایشان برای یک شب وقت بگذارید,خیلی ممنونم ازشما دوست عزیز و ارزشمندم،نظر لطفتونه،باعث افتخارم بود که درخدمتتون بودم،بهترینها رو براتون آرزو میکنم.به امید دیدار.,2026-07-01,api
3193879,2026-07-05,5,عالی,سپاس ازشما دوست عزیزم به امید دیدار,2026-07-05,api
3193879,2026-07-07,5,من امتیاز کامل دادم,سپاس از شما دوست عزیزم،به امید دیدار,2026-07-07,api
3193879,2026-07-15,5,من امتیاز کامل دادم,ممنونم محمود جان،خیلی لطف کردی،به امید دیدار دوست خوبم.,2026-07-15,api
3193879,2026-07-18,4.7,اقامت خیلی خوبی داشتیم. کلبه تمیز، مرتب و دقیقا مطابق عکس‌ها بود. محیط آرام و دلنشینی داشت و برای استراحت عالی بود. آقای طاهری هم بسیار خوش‌برخورد، محترم و پاسخگو بودند و همکاری خوبی داشتند. از مهمان‌نوازیشون ممنونیم و با خیال راحت این اقامتگاه رو پیشنهاد می‌کنم,سپاس ازشما دوست عزیزم،با افتخار درخدمته شما هستم،به امید دیدار.,2026-07-18,api
3193879,2026-07-28,5,"اقامت تو یه کلبه خوش منظره واقع در یه محیط آرامش بخش با انواع درختان میوه و به میزبانی دوستی باشخصیت و پاسخگو رو تجربه کردیم.
نظافت کلبه به خوبی انجام شده بود و کاملا تمیز و مرتب به ما تحویل داده شد.
کولر اقامتگاه از قبل ورود ما توسط میزبان محترم روشن شده بود که دلالت بر با ملاحظه بودن ایشون داشت.
همچنین بزرگواری کردن و اجازه دادن از محصولات گلابی و انجیر باغ زیباشون استفاده کنیم که ازشون سپاسگزارم.
در پایان لازم میدونم از زحمات عوامل محترم جاجیگا در ایجاد بستر مناسب اجاره ویلا و سازماندهی روابط میزبان و مهمان قدردانی کنم.",بینهایت ازشما سپاسگزارم دوست عزیزم،نظره لطفتونه،باعث افتخارم بود که درخدمتتون بودم،بهترینها رو براتون آرزو میکنم،به امید دیدار.,2026-07-28,api
3193879,2026-08-06,5,"خونه ای‌ ک حس واقعی شمالو بهت میده…
ممنون از‌میزبان که اینقد با شخصیت و‌محترم‌بودن
در‌ رزرو‌ این خونه شک‌نکنید ببینید متوجه میشید چرا 5ستارس و‌ممتاز",ممنونم از شما دوست عزیز و ارزشمندم،متعلق بخودتونه،بهترینها رو براتون آرزو میکنم،به امید شما دوست بزرگوارم.,2026-08-06,api
3193879,2026-08-16,5,از هر لحاظ عالی نظافت لوکیشن و برخورد میزبان,ممنونم دوست عزیزم،به امید دیدار,2026-08-16,api
3193879,2026-08-31,5,"باسلام خدمت مدیریت ومیزبان محترم
بسیار از سفر به این کلبه در این طبیعت بکر لذت بردیم 
آمکانات لوکیشن عالی 
برخورد میزبآن عالی
بنا نوساز بود
بسیآر تمیز وشیک
قطعا برای سفرهای بعدی هم انتخاب میکنم",بینهایت از شما سپاسگزارم دوست عزیزم،باعث افتخارم بود که درخدمتتون بودم،به امید دیدار شما,2026-08-31,api
3193879,2026-09-02,4.5,"جای دنج و آروم با ویو باغ 
وسایل کافی برای اقامت راحت
ویلای تمیزی بود",ممنونم ازشما دوست عزیزم،به امید دیدار,2026-09-02,api
3201318,2025-05-09,4.7,با تشکر از ایشون بابت مهمون نوازیشون.چند نکته بنظرم جهت بهبود کیفی فضا میرسه که مطرح میکنم.نصب پلیسه درب ورودی جهت جلوگیری از ورود حشرات.نصب نرده ایمنی مسیر سرویس بهداشتی.راهکاری جهت استفاده از تراس درغروب و شب بخاطر وجود پشه های فصل گرم.بازم ممنون از ایشون,"تشکر از محبت شما 
در تلاشیم که به مرور نقص ها برطرف شه 
انشالله در اینده باز هم در خدمتتون باشیم 🙏🌹",2025-05-09,api
3201318,2025-05-25,4.8,باتشکر از میزبان محترم همه چیز عالی بود .,"ممنون از شما و چه خوب که رضایت داشتید
انشالله اینده در خدمتتون باشیم🙏",2025-05-25,api
3201318,2025-05-29,3.5,از همه لحاظ مورد قبول بود از میزبان کمال تشکر رو داریم و به دوستان هم انتخاب این سوییت رو  پیشنهاد میکنیم از جاجیکا هم متشکریم,متشکرم اقای عزتی چه خوب که راضی بودید و به دوستان پیشنهاد دادید ،نمیدونم نحوه ی امتیاز دادنتون خواسته بوده یا ناخواسته ولی گفته هاتون با ستاره هایی که دادید اصلا صدق نمیکنه و ممکنه مهمان درانتخاب اقامتگاه به شک بیوفته🙏,2025-05-29,api
3201318,2025-05-30,3.8,در کل خوب بود ونظر بنده هم در راستای نظرات قبلی مهمانان هست,,,api
3201318,2025-06-05,5,عالی,متشکرم🙏🥰,2025-06-05,api
3201318,2025-06-06,5,ممنون از جاجیگاه، و مالک محترم که با سلیقه و ذوق هنری پنجره جدیدی از طبیعت و هنرمندی خداوندو به ما نمایان کردند علاوه براین برخورد و تکریم بی مثالشان سپلسگزارم,,,api
3201318,2025-07-02,5,من امتیاز کامل دادم,ممنون از لطفتون🙏🥰,2025-07-02,api
3201318,2025-07-04,5,"با درود بیکران
ممنون از برنامه خوب جاجیگا و میزبان محترم
همه چیز طبق نظر ها عالی و بی نقص بود،
 نکات مثبت؛دسترسی به جنگل،جاده اصلی و فروشگاه در عین حال سکوت فوق العاده منزل همچنین داشتن پارکینگ و امنیت عالی،مسیر منتهی به خانه هم صاف و قابل قبول بود،تمیزی اقامتگاه و از همه مهم تر منظره بکر و درجه یک اقامتگاه بود،میزبان هم برخورد عالی داشتن
فقط نکته اینکه ما تهرانی ها تا دیر وقت بیداریم و صبح هم دیر بیدار میشیم یه فکری به حال اون خروس خوشگلتون بکنید.ممنون",,,api
3201318,2025-07-07,5,بسیار خوب بود متشکرم,"تشکر از لطف شما 
امیدوارم در اینده مجدد ببینمتون🙏🥰",2025-07-07,api
3201318,2025-07-28,4,"اگر از حشرات و جانوران نمی ترسید برید شب ها جانور داره
دسشویی هم بیرونه که بده
درب حیاط هم مشکل داره که برای رفتن بیرون امنیت نداره و باید باز بگذاریش بری","کجای شمال بدون حشره و جانوره که اینجا باشه!
🙂
توضیحات مربوط به اقامتگاه اگر کامل مطالعه بشه 
در اون قید شده که سرویس بیرونه و پرنده و جانور داره
در بابت درب ورودی مقداری سخت بازو بسته میشه میپذیرم  و بزودی حل میشه ولی ابنکه بکل باز باشه ،نا امن باشه ،بسته نشه رو نمیپذیرم 🙏",2025-07-28,api
3201318,2025-07-29,4.8,"بنام خدا
تشکر از میزبان محترم
همه چیز خوب بود
خاطره خوبی برای ما بجاماند","ممنون از شما خوشحالم که رضایت داشتید 
امیدوارم در اینده مجدد در خدمتتون باشیم🙏🥰",2025-07-29,api
3201318,2025-07-31,5,بسیار عالی محترم و تمیز,,,api
3201318,2025-08-02,4,اقامتگاه تمیز با تراس زیبا ،برخورد میزبان عالی بود,"ممنون از لطف شما 
امیدوارم در اینده مجدد در خدمتتون باشیم🙏🥰",2025-08-02,api
3201318,2025-08-12,4,ممنون از میزبان و پاکیزگی مثال زدنی ویلا. همه چیز مطابق مطالب ثبت شده بود. فقط به جهت بهبود پیشنهاد می‌کنم‌برای هواکش حمام و دستشویی با توجه به محیط روستایی و نوع آب و هوا طوری نصب بشه که از ورود حشرات جلوگیری بشه.,,,api
3201318,2025-08-18,5,"واقعا خوب بود
همه چی عالی 
نزدیک رودخونه،  سد ، 
ویو دلنواز
ممنون از میزبان گرامی","ممنون از شما خوشحالم که رضایت داشتید
امیدوارم مجدد در خدمت شما و خانواده محترم باشیم🙏",2025-08-18,api
3201318,2025-08-25,2.5,"درود اول اینکه من با میزبان چت کردم پرسیدم که ایا به رستوران یا غذاخوری یا سوپر مارکت نزدیک هست گفتن بله اما در حقیقت  دسترسی نداشت به این امکانات حتی من قبل اینکه برسم ازشون تلفنی پرسیدم  گفتن بله ولی رسیدم هیچ خبری نبود و حضورا بهشون گفتم گفتن نه دسترسی نداره ،حتی به سد لفور و دیگر جاذبه خای طبیعی فاصله زیادی داره 
نکته دوم از غذاخوریشون غذا سفارش دادم مجبوری چون جای دیگه نبود یه کوبیده رو با من 350حساب کردن واقعا بی کیفیت بود و با اینکه گفتن تهیه غذای خودشونه از من کرایه هم گرفتن
وقتی رسیدم چون برق رفته بود در پذیرایی باز بود و کلی مگس بود نا اخر شب هم اذیت کردن من تذکر دادم در ببندن بستن
نکته بعدی اتاق خواب که تخت داخلش هست از پذیرایی جداهست ایرادش اینه که پذیرایی کولر داره اما اتاق خواب فقط پنکه سرمایش لازم نداره","درود و احترام 
در واقعیت متعجب شدم از بیانتون 
 فرض میگیریم گفته های شما درست و بهتون بد گذشته خوب چرا قصد رزرو مجدد رو داشتید ?و چون توسط مهمان دیگری رزروبود این امکان براتون فراهم نشد.
چرا لحاظ نکردین مهمان لحظه اخری بودین و اطلاعات مربوط به اقامتگاه رو کامل مطالعه نکردین ؟در صورتی که تمام اطلاعات در سایت ثبت شده از جدا بودن اتاق گرفته تا هزینه بر بودن غذا وفاصله با مراکز خرید و غیره..
چرا اینقدر کم لطفی؟ 
خواهشمندم مهمانان قبل از رزرو تمام توضیحات مربوط به اقامتگاه رو کامل مطالعه کنند🙏",2025-08-25,api
3201318,2025-08-26,5,باسلام واحترام سپاس از برنامه جاجیگاه و میزبان محترم و خوش سلیقه ،اقامتگاه بسیار تمیز ومرتب دارای منظره بکر وزیبا جهت آرامش گرفتن ،برخورد میزبان عالی  وحتما به دوستان این اقامتگاه را پیشنهاد میکنم.,,,api
3201318,2025-08-30,5,"سلام وقت بخیر سپاسگزارم از جاجیگا و همچنین از میزبان که بسیار محترم و با شخصیت می‌باشند ، محل اقامت بسیار تمیز ، مرتب و اینکه حیاطی سرسبز داشت ، امکانات عالی و مهم تر از همه محلی بسیار ساکت بود.
با تشکر",,,api
3201318,2025-09-05,4.2,"همچی عالی ممنون از خانم حاجی تبار عزیز هم جا بسیار از همه نظر عالی بود هم برخورد میزبان 
اون دسته افرادی که الکی ایراد میگیرن انصاف ندارن",,,api
3201318,2025-09-08,5,ممنون از میزبانی خانم حاجی تبار. همه چیز عالی بود و بی نقص. امیدوارم دوباره اقامت در خونه زیباشون رو تجربه کنیم,,,api
3201318,2025-09-22,5,با احترام فراوان به خانم حاجی تبار و ارزوی تندرستی.ممنون از اینکه اقامتگاه بسیار تمیز و مرتب بود.رفتار میزبان محترم بسیار بسیار عالی و مودبانه بود.اقامتگاه امنیت کامل داشت.ان شالا انتخاب  بعدی من همین اقامتگاه خواهد بود.و به دوستان هم توصیه خواهم کرد.,,,api
3201318,2025-09-26,4.7,خوب بود همه چیز ممنون.,"سپاس از محبت شما 
انشالله مجدد در خدمت باشیم 🙏🌹",2025-09-26,api
3201318,2025-10-02,5,"واقعا عالی ممنون از مهماننوازی خانم حاجی تبار
انقدر این کلبه تمیز و مرتب بود که خدا میدونه واقعا عالی بود ما 3روز تقریبا اقامت داشتیم همچیشون عالی بود ویو عالی هوا عالی این اقامتگاه درجه یک هستش",,,api
3201318,2025-10-14,5,من امتیاز کامل دادم,ممنون از محبت شما🙏🌹,2025-10-14,api
3201318,2025-10-15,4,به طور کلی خوب بود اما امکان سوار کاریش دور بود از کلبه,,,api
3201318,2025-10-21,5,به نظر من اگه واقعا دنبال یه سفر برای آرامش هستین و با فضای طبیعی روستایی و صدای دل انگیز حیوانات خونگی مشکلی ندارین اینجا یکی از بهترین انتخاب هاست برای ریلکس کردن حتما پیشنهاد میکنم,,,api
3201318,2025-11-04,5,عالی,"ممنوون ازمحبت شما🙌
امیدورام مجدد در خدمتتون باشیم",2025-11-04,api
3201318,2025-11-05,4,"تناسب مکان و مبلغ مناسب بود 
محیطی زیبا و روستایی به همراه مناظری بکر از شالیزارهای شمال و سکوت شبانه که گاهی با زوزه های زیبای شغالها میشکست 
و این تجربه ای زیبا از رویاهای واقعی شمال بود . درضمن اینکه از نظر موقعیت مکانی دسترسی و سهولت تردد و حتی امکانات مدرنیته ای مثل کافه های لوکس را نیز در اطراف خود داشت 😉👍🌹",,,api
3201318,2025-11-06,5,همه چیز خوب بود ، فقط یه خروس اونجا هست که نمیذاره شب بخوابید😄,"مرسی از شما 🌹🙌
خروسمون دیگه نیست🙂",2025-11-06,api
3201318,2025-11-20,5,من امتیاز کامل دادم,,,api
3201318,2025-11-21,5,"خیلی جای آروم و دلنشینی هستش
خونه واقعا قشنگه و با سلیقه دیزاین شده","خوشحالم که راضی بودین 🌹
انشالله مجدد در خدمت باشیم 🙌",2025-11-21,api
3201318,2025-12-02,5,خیلی همه چیز عالی،تمیز،شیک.برای یه شب دونفره با ویو منظره عالی حتما این مکان رو بهتون توصیه میکنم.پشیمون نمیشید از انتخابتون صددرصد😊,"خیلی ممنون از لطفتون 🌹😍
خوشحالم که رضایت داشتید 
امیدورام مجدد در خدمتتون باشیم 🙌",2025-12-02,api
3201318,2025-12-03,5,من واقعا راضی بودم و امتیاز کامل میدم,ممنون از لطف شما 🌹😍خوشحالم که راضی بودین,2025-12-03,api
3201318,2025-12-10,5,میزبان شخص محترمی بودن و در کل همه چیز خوب بود فقط دسترسی به اتاق خواب و سرویس بهداشتی از ترس خونه بود که به دلیل سرمای هوا یکم سخت بود.در کل ما راضی بودیم,"ممنون بابت وقتی که گذاشتین 
و ممنون بابت لطفتون 🌹
طراحی اقامتگاه به همین گونه هست ممنون میشم از مهمانان قبل از قطعی شدن رزروشون 
معالعه کامل داشته باشن",2025-12-10,api
3201318,2025-12-12,5,"میزبان بسیار بسیار خوش برخورد بودن
موقعیت و ویو بسیار عالی و دلنشین","ممنون از لطف شما 
امیدوارم مجدد در خدمتتون باشیم🙏🌹",2025-12-12,api
3201318,2025-12-18,5,من امتیاز کامل دادم,"سپاس از لطفتون 
انشالله مجدد در خدمت باشیم🙏🌹",2025-12-18,api
3201318,2025-12-21,5,سلام به نظر من بهترین جایی بود که تا حالا رفته بودم جایی که آرامش واقعی طبیعت رو داره واز نظر تمیزی و نظافت درجه یک و میزبان هم بسیار با شخصیت و دقیق امیدوارم این تجربه برای من تکرار بشه.  انشالله,"سپاس از محبت شما و بسیار خوشحالم که رضایت داشتید
انشالله بزودی زود در خدمتتون باشیم🌹🙏",2025-12-21,api
3201318,2025-12-24,5,"فوق العاده تمیز و مرتب
دکوراسیون عالی
انرژی مثبت
برخورد کاملا محترمانه 
جوابگو بودن 
ممنون","سپاس از محبت شما و خوشحالم که رضایت داشتید 
امیدوارم مجدد در خدمتتون باشیم🌹🙏",2025-12-24,api
3201318,2026-02-08,5,"هرگوشه این خونه پر از هنر و سلیقیه ی قشنگ میزبانه.
واقعا ب ما ک خیلی خوش گذشت و لذت بردیم از اون همه هنر و آرامشی که این خونه داره...  تمیز و مرتب با یه تراس فوق العاده دلنشین
ممنون از میزبان هنرمند و خوش ذوق این خونه","خوشحالم که رضایت خاطرتون فراهم شد 
و ممنون از محبتتون
امیدوارم بازهم افتخار میزبانی از رو داشته باشیم😍🌹",2026-02-08,api
3201318,2026-02-09,5,همه چیز خوب بود,"ممنون بابت وقتی که گذاشتین🌹🙌
امیدوارم مجدد در خدمت باشیم",2026-02-09,api
3201318,2026-03-01,5,میزبان بسیار خوش اخلاق و محترم هستند. اقامتگاه تمیز و مرتب بود و همه وسایل منزل سالم است. قبل از ورود ما نظافت کامل انجام شده بود. از اقامت در این محل لذت بردیم و به مسافران پیشنهاد میکنم. در نهایت کیفیت با قیمت تناسب دارد و من امتیاز کامل میدهم.,"مرسی بابت وقتی که گذاشتین و ممنون از محبتتون 🌹
انشالله تو خوشی هاتون میزبان تون باشیم🙌",2026-03-01,api
3201318,2026-03-21,4.8,"باسلام ، برای یک روز که اقامت داشتم خیلی خوب بود ، از نظر تمیزی واقعااا عالی بود ، منظره هم زمین های زراعی بود، باسلیقگی‌ میزبان هم به‌ چشم میومد ، فقط تنها موردی که بود حیاط به بزرگی داخل عکس نیست و حصار کشیده شده هستش.
در کل راضی بودم و ممنون از میزبان عزیز","ممنون از لطفتون وممنون بابت وقتی که گذاشتین 🌹
انشالله مجدد در خدمت باشیم🙌",2026-03-21,api
3201318,2026-04-04,5,عاالی بود,متشکرم🙌,2026-04-04,api
3201318,2026-04-12,5,"واقعا همه چی عالی 
ی جای بکر و با صفا و بسیار تمیز و مرتب با ی دیزایین متفاوت و خاص
با میزبان خوش برخورد و خوش ذوق و خوش رفتار",,,api
3201318,2026-04-15,5,همه چی عالی,,,api
3201318,2026-04-21,5,من امتیاز کامل دادم,,,api
3201318,2026-06-04,5,"خوب باید گفت مثل همیشه بی نظیر
ازون جاهاست که باید گفت همون همیشگی  البته با تغییرات بهتر  
کاش میشد برنگشت",,,api
3201318,2026-07-01,4.5,من اینجارو برای خواهرم اینا گرفته بودم از لوکیشن و موقعیت و برخورد و تایم تحویل همه چیز رضایت داشتند فقط نظافتش اونجور که باید نبود و کمی نیاز به رسیدگی بیشتری داشت. باقی موارد خوب بود و مشکلی نداشتند. با تشکر,,,api
3201318,2026-07-08,5,"بی نظیر و‌ترو‌تمیز عالی بود 
علاوه بر تمیزی عاشق جزییات خونه شدم😍",,,api
3201318,2026-07-10,5,میزبان برخورد خوبی داشتند، واحد رو به موقع تحویل گرفتیم، نظافت رعایت شده بود، در مجموع راضی بودیم.,,,api
3203064,2024-10-10,5,جای تر و تمیز و خوبی بود من راضی بودم فقط صدای ماشین های تو جاده صدای طبیعتو خراب میکرد,"درود محسن جان
خوشحالیم که میزبان شما بودیم و رضایت داشتید،منطقه مهمانی‌های زیادی به اطراف هفت ابشارمیرن🙏",2024-10-10,api
3203064,2024-10-12,5,من امتیاز کامل دادم,"درود بر سرکار سحر خانم
خوشحالیم که تونستیم فضای خوبی را برایتان محیا کنیم تا باعث رضایت تان شود ،به امید دیدار مجدد شما عزیزان🌹💗",2024-10-12,api
3203064,2024-10-21,4.7,همه چی عالی بود. میزبان فوق‌العاده خوش برخورد بودن، اقامتگاه بسیار تمیز و مرتب بود.,درود،بابت اظهار لطفتون،به امید دیدار شما خوبان🙏,2024-10-21,api
3203064,2024-10-28,5,من امتیاز کامل دادم,درود تشکر از لطفتون به امید دیدارتان🙏,2024-10-28,api
3203064,2024-11-01,5,من امتیاز کامل دادم,"درود سرکار زهرا خانم
ممنون از اظهار لطفتون ،به امید دیدار شما خانواده محترم🙏🌹",2024-11-01,api
3203064,2024-11-02,5,خیلیی تمیز و عالی بود رفتار میزبان عالی بود,درود ،خوشحالیم که رضایت داشتید،به امید دیدارتان🙏,2024-11-02,api
3203064,2024-11-03,5,"همه چیز عالی بود
میزبان بسیار آقای خوبی بودند",درود لیلا خانم ،باعث افتخار ما بود میز بانی از شما خوبان به امید دیدارتان در کلبه حقیرما🙏,2024-11-03,api
3203064,2024-11-04,5,از همه نظر عالی بود هم تمیز و مرتب بود هم موقعیت و ویو خوبی داشت میزبان هم آدم بسیار خوبی بودن,درود فرهادجان،شما لطف دارین،خوشحالم از میزبانی شما ،به امید دیدارمجدد🙏,2024-11-04,api
3203064,2024-11-05,5,برخورد میزبان ، شرایط اقامتی و امکانات در بهترین حالت بود‌.سپاس,درود ،خوشحالم که رضایت داشتین به امید دیدارتان💗,2024-11-05,api
3203064,2024-11-15,5,"رفتار میزبان عالی بود. 
تمام وسایل مرتب و تمیز بود 
مجموعه ای کامل و دنج و شیک",درود آقامهدی،ممنون از اظهار نظر ولطفتون به امید دیدار مجدد شما خوبان🙏,2024-11-15,api
3203064,2024-11-24,5,عالی بود.,"درود
ممنون از لطفتون ،به امید دیدارتان🙏",2024-11-24,api
3203064,2024-12-04,4.8,بسیا عالی و تمیز بود با منظره خیلی زیبا ،فقط به دلیل نزدیکی به جاده یه مقدار صدای عبور و مرور ماشین وجود داشت ،در کل شب بسیار خوبی داشتیم,"درود
ممنونم از اظهار نظرتون،خوشحالیم که رضایت داشتین،البته منطقه لفور وهفت آبشار بعلت ازدیاد مسافر تردد زیاد انجام میشه ،به امید دیدار شما خوبان🙏❤️",2024-12-04,api
3203064,2024-12-05,5,به صورت کلی من رضایت داشتم. نظافتش خوب و مناسب بود و میزبان شخص مهربونی بودند فقط تنها موردی که اذیت کننده هست سایز سرویس بهداشتیه، احساس میکنم کوچیکه و فضای کافی برای حمام نداره.,درود،خوشحالم که رضایت داشتید،بابرنامه ریزی که داریم ،در طی هفته های جاری جهت بزرگ کردن سرویس و امکانات بیشتر در دست اقدام هست،که در تصاویر بعد اجرا گنجانده خواهد شد 🙏🌹,2024-12-05,api
3203064,2024-12-06,5,من امتیاز کامل دادم,ممنونم از لطف شما ،به امید دیدارتان🙏,2024-12-06,api
3203064,2024-12-10,5,من امتیاز کامل دادم,"درود
خوشحالم که رضایت داشتین ،به امید دیدارنان،ضمنا سرویس بزرگ احداث شد🙏",2024-12-10,api
3203064,2024-12-15,4.8,میزبان بعد از رزرو در دسترس بودن و بسیار خوش‌اخلاق و خوش‌برخورد هستند. اقامتگاه منظره‌ی زیبا و دل‌نشینی دارد. برای استراحت و ریلکسیشن عالی است... ممنونم...,"درود
از اینکه در طی اقامت رضایت داشتین خوشحالم ،به امید دیدار مجدد شما عزیزان🙏",2024-12-15,api
3203064,2024-12-18,5,عااالی بود رفتار میزبان عالی بود کلی از پرتقال های درختشون به ما دادن تشکر از ایشون,"درود
ما وظیفه خود می‌دانیم هر آنچه در توان داریم 
در طی اقامت به میهمانان عزیز خوش بگذره
خوشحالیم که رضایت داشتین،
به امید دیدارتان🙏🌹",2024-12-18,api
3203064,2024-12-23,5,در کل همه چیز خوب بود.,"درود احسان چان
رضایت شما باعث خوشحالی ماست،ممنون از اظهار نظرتون 🙏💗",2024-12-23,api
3203064,2024-12-31,5,بسیار عالی مهمان نواز.دستشون درد نکنه خیلی خوب بود.همه چی هم دم دست.🌹🙏,درود ،باعث افتخار ما بود که میزبان شما بودیم،به امید دیدار شما خوبان🙏❤️,2024-12-31,api
3203064,2025-01-23,5,همه چی عالی,"درود
ممنونم از اظهار لطفتون،به امید دیدار شما خوبان🙏🌹",2025-01-23,api
3203064,2025-02-12,5,"خیلی ممنونم از میزبانی آقا کوروش عزیز
کلبه بسیار تمیز و مرتب میزبان بسیار خوش برخورد و مهمان نواز همه چیز درجه 1","درود آریای عزیز
خوشحالیم که میزبان مهمانی چون شماییم،شما لطف دارین ،سعی ما بر رضایت مهمانان عزیز هست،به امید دیدار مجدد شما خوبان🙏",2025-02-12,api
3203064,2025-02-23,5,من امتیاز کامل دادم,"درود 
ممنونم سوگند خانم،خوشحال میشیم،مجددا میزبان شما خوبان باشیم🙏",2025-02-23,api
3203064,2025-04-04,5,"با سلام 
موقعیت مکانی ویلا عالی به همراه ویو خوب و میزبانی محترم
باتشکرازمیزبان","درود خدمت شما خوبان
باعث افتخارم بود که کلبه مارو انتخاب کردین،
به امید دیدارمجدد شما خوبان🙏❤️",2025-04-04,api
3203064,2025-04-15,5,"فضای بسیار تمیز
با اقای خوش برخورد و مهربان","درود
خوشحالیم از اینکه کلبه مارو انتخاب کردین 
و رضایت داشتین به امید دیدارتان🙏",2025-04-15,api
3203064,2025-04-26,5,من امتیاز کامل دادم,درود،ممنونم بابت اظهار لطفتون🙏💗,2025-04-26,api
3203064,2025-05-08,5,همه چیز عالی و تمیز و زیبا,"درودآقا مرتضی
هرآنچه بود وظیفه بوده
خوشحالم که خوش گذشت ،به امید دارتان🙏🌹",2025-05-08,api
3203064,2025-06-22,5,واقعا میزبان شخص بسیار مهربان و از همه لحاظ عالی همه چی کلبه به نظر خودم عالی بود جای دنج و بسیار خوب من از 100 همون 100 امتیازو میدم تشکر,"سلام آقا مجتبی 
شما لطف دارین،وظیفه ماست درخدمت مهمانان عزیز باشیم
به امید دیدار مجدد شما عزیزان🙏🌹",2025-06-22,api
3203064,2025-07-21,5,من امتیاز کامل دادم,"درود 
ممنون از اظهار نظرتان🙏🌹",2025-07-21,api
3203064,2025-08-07,5,"اقامتگاه بسیار قشنگ و تمیزی بود ما که لذت بردیم.
اطلاع رسانی و پیگیری های میزبان نیز بسیار عالی بود.","درود خدمت شما
رضایت شما از کلبه ترنج باعث خوشحالی ماست
به امید حضور محددتان🙏🌹",2025-08-07,api
3203064,2025-09-04,4.8,"ویلا در بلندی با چشم انداز بسیار خوب قرارداشت
ویلاهای همجوار دید بر حریم خصوصی و بالکن نداشت 
محل بسیار آرام و دنج بود
دسترسی عالی به همه اقلام مورد نیاز
فقط ابتدای کوچه می‌بایست از کنار آرامشتان رد شوید
و نظافت واقعا عالی و تمیز 
همه امکانات درنظر گرفته شده
اطلاع رسانی و همراهی میزبان بسیار خوب بود","درود خدمت شما و همراهان
ممنون از اظهار لطفتون ،از اینکه چند روزی رو میزبان شما خانواده محترم بودیم باعث افتخارما بود،به امید دیدار مجدد شما خانواده محترم🙏🌹",2025-09-04,api
3203064,2025-09-07,5,من امتیاز کامل دادم,"درود آقا مجید عزیز
ممنونم از اظهار نظر ولطفتون،به امید دیدار شما عزیزان🙏🌹",2025-09-07,api
3203064,2025-10-09,5,همه جوره عالی بود نظافت عالی ممنونم ازتون,"درود وسپاس سرکار نسرین خانم
ممنون از اظهار لطفتون
امید وارم افتخار میزبانی مجدد شما رو داشته باشیم🙏🌹",2025-10-09,api
3203064,2025-10-28,5,از اقای سیلاخوری بسیار ممنونم بابت همه چیز قطعا به همه مسافران پیشنهاد میکنم همه چیزعالی بود دسترسی عالی.. نظافت.. برخورد بسیار محترمانه.. و فضای دنج و ارامش....یه انتخاب عالیه واسه کسایی که قصد سفر دارن به شیرگاه,"باسلام خدمت سرکار شیرین خانم
ممنون از اظهار نظرتون ،افتخار ماست که درخواست حضور مجدد برای آینده نزدیک رو داشتین،🙏🌹",2025-10-28,api
3203064,2025-11-07,5,کلبه تمیز و مرتب وسایل همه تمیز چوب لباسی توی حموم داخل کلبه ساعت تلویزیون...در واقع همه چی داشت هر چی فکر کردم هیچ عیبی نتونستم روی کلبه بذارم میزبان خوش اخلاق و مهمان نواز یه باغ پرتقال داره که اجازه خوردن دارید نه بردن سابقه ویلا و کلبه های زیادی دارم سعی میکنم نظر منصفانه بدم تو تمیزی کلبه و اخلاق میزبان هیچ شکی ندارم و مجددا انتخابم همین جاست,درود بر شما و همراهان ،باعث افتخارمون هست که میزبان شما خوبان باشیم،و خوشحالم که فرمودین در آینده نزدیک به همراه خانواده محترم تشریف میارین🙏🌹,2025-11-07,api
3203064,2025-11-09,5,"عرض ادب
رفتار میزبان عالی بود خیلی با ادب و با شخصیت 
حتی زودتر از موعد مقرر کلید را تحویل دادن
فشار اب عالی،گاز،برق سیستم گرمایشی و سرمایشی عالی 
در کل این کلبه را پیشنهاد میکنم","محمد رضای عزیز
شما بزرگوارید،
سعی ما براین هست که مدت کوتاهی که افتخار میزبانی راداریم،مهمون های عزیز خاطره خوبی از کلبه ما داشته باشند ،🙏🌹",2025-11-09,api
3203064,2025-11-14,5,خیلی ممنون بابت پذیرایی عالیتون,"عرض ادب و احترام 
ممنونم از اظهار نظرتون 
باعث افتخار ماست مجددا در خدمتتان باشیم🙏🌹",2025-11-14,api
3203064,2025-11-15,4.8,با تشکر از آقای سیلاخوری،همه چیز عالی وکلبه تمیز و زیبا,"سپاس بابت اظهار لطفتون 
هر آنچه بوده  وظیفه ماست جهت رفاه مهمانان عزیز ،دیدار مجدد شما عزیزان باعث خوشحالی ماست🌹💗",2025-11-15,api
3203064,2025-12-02,5,از همه نظر عالی ممنون عمو کوروش عزیز ❤️,"درود بر شما 
ممنون از اظهار نظرتون،
حضور مجدد شما باعث افتخار ماست🙏🌹",2025-12-02,api
3203064,2025-12-04,5,با ساام خیلی عالی و لوکس و خوش منظره بود,"درود سرکار سحر خانم
ممنونم از اظهار نظرتون خوشحالم که میزبان شما عزیزان بودیم
به امید دیدارتان🙏🙏🌹",2025-12-04,api
3203064,2026-02-04,5,ممنون از آقا کوروش عزیز🌹همه‌چیز عالی بود🙏🏻,"درود آقا محمود عزیز
رضایت شما باعث خوشحالی ماست
هر آنچه بود وظیفه ماست،خوشحال میشم مجددا در خدمتتان باشم🌹😍",2026-02-04,api
3203064,2026-02-19,5,"بنظرم واقعا عالی بود بهمون خیلی خوش گذشت واقعا
برخورد میزبان بسیار گرم و مهربان
واقعا فضاش هم تمیز بود انصافا مشخص بود براشون مهمه که مهمان در جای تمیز باشه","درود بر شما،
ممنونم از اظهار نظر شما،
خوشحالیم که به شما و همراه محترم خوش گذشت،
و باعث افتخار ماست که برای حضور مجدد برنامه ریزی کردین🙏🌹",2026-02-19,api
3203064,2026-03-06,5,خیلی خوب بود خدا برکت ببخشه بهتون,"درود بر شما
ممنون از اظهار لطفتون
سپاس🙏🌹",2026-03-06,api
3203064,2026-05-05,4.8,"سلام
به نسبت قیمت کلبه خوبی هست
با توجه به انتقاد پذیری میزبان محترم در نظرات قبلی امید است به موارد ذکر شده جهت بهتر شدت کلبه 
توجه شود
*نظافت فرش ها مناسب نبود 
*با توجه به کوچک بودن تراس طبقه بالا پوشاندن قسمت نرده ها باعث محدود شدن دید شده بود
*با توجه به کوچک بودن کلبه میشه وسائل اضافی رو حذف کرد مثلا کابینت قسمت بالا سینک کاملا سر گیر هست و یا دو بخاری در کلبه و ...
*
پرده کرکره روی پنجره آشپزخانه و سیم کشی فن آشپزخانه و لوله کشی گاز بخاری و ... امکان اجرا بهتر را داره
در مجموع با اندکی تغییرات و رسیدگی کلبه به دسته کلبه های لوکس جاجیگا تبدیل میشه
هرچند که در حال حاضر هم کلبه خوب با ویو قشنگ
و میزبانی عالی رو تجربه میکنید","درود آقا محسن عزیز
ممنون از اظهار نظر و لطفتون
حتما از راهنمایی شما استفاده میشه
ممنونم🙏🌹",2026-05-05,api
3203064,2026-05-10,4.8,میزبان بسیار محترم و منعطف بودند و فضای اقامتگاه دلنشین بود با اینکه کوچیک هست ولی برای یه اقامت دو نفره و استراحت کاملا مناسب هست،امکانات رفاهی و تمیزی اقامتگاه هم کاملا قابل قبول بود،به صورت کلی توصیه میکنم,"سروش عزیز ممنونم از اظهار نظر تون 
به امید دیدارتان🙏🌹",2026-05-10,api
3203064,2026-05-16,5,من امتیاز کامل دادم,درود محسن عزیز بابت اظهار نظرتون 🙏🌹,2026-05-16,api
3203064,2026-07-02,5,من امتیاز کامل دادم,"سپاس بابت اظهار نظرتون،هر آنچه بوده وظیفه ماست ،
دیدار مجدد شما خوبان باعث افتخار ماست🙏🌹",2026-07-02,api
3203064,2026-07-10,4.7,"واقعا فرقی با عکس ها نمی‌کرد
کاملا تمیز 
و نحوه برخورد میزبان خیلی خوب
ویو هم خوب","درود متین عزیز
ممنونم از اظهار نظرتون
به امید دیدار شما عزیزان🙏🌹",2026-07-10,api
3203064,2026-08-21,5,"سلام
تشکر از میزبان محترم. اقامت خوبی بود. فکر همه چی رو کرده بودن. به امکانات و اماکن دیدنی خیلی نزدیک بود. در کل پیشنهاد میکنم به بقیه.","سپاس از اظهار نظرتون
هر آنچه بود وظیفه ماست
از اینکه کلبه مارو برای آینده نزدیک مجددا برنامه ریزی کردین باعث افتخار ماست🙏🌹",2026-08-21,api
3203064,2026-08-23,5,"سلام 
بسیار راضی بودیم از میزبانی خوب و عالیتون همه چی باب میل بود 
میزبان رفتار شایسته با ما داشت 
پشتیبانی عالی داشتن 
کلبه تمیز و مرتب بود 
امکانات عالی 
ما که راضی بودیم و حتما دوباره میایم","سپاس بابت اظهار لطف و اظهار نظرتون🙏
باعث افتخارماست که میزبان شما عزیزان بودیم
خوشحال میشیم مجددا در خدمتتون باشیم🙏🌹",2026-08-23,api
3203064,2026-08-26,5,اقامتگاه کاملا تمیز و مطابق با امکانات ذکر شده بود ، میزبان فوق العاده بودن و ما از همه چیز راضی بودیم ، تشکر فراوان از میزبان آقای کوروش,"درود بر شما سرکار پریسا خانم 
سپاس بابت اظهار نظرتون 
با افتخار منتظر حضور مجدد تان هستیم🙏🌹",2026-08-26,api
3204245,2025-11-26,5,من امتیاز کامل دادم,سلام ممنون ازنگاه قشنگتون انشاالله بتونیم میزبان خوبی باشیم.به امیددیدار,2025-11-26,api
3204245,2025-11-27,5,من واقعا راضی بودم و امتیاز کامل میدم,"سلام فرشادجان ممنون ازلطف شما
منتظردیدارتان هستیم",2025-11-27,api
3204245,2025-12-03,5,برخورد خودشون خوب بود و به موقع بهمون تحویل دادن. نظافت کلبه مناسب بوده. اما به نظرم باید یه فکری به حال سیستم گرمایش بکنن اون اسپیلت به تنهایی کافی نیست. بهتره یه هیتر هم بذارن.,سلام ممنون ازنگاه مثبت شما.انشاالله بتونیم میزبان خوبی برایتان بوده باشم,2025-12-03,api
3204245,2025-12-16,5,از همه نظر مناسب و خوب بود,ممنون از نظرات مثبت شما,2025-12-16,api
3204245,2026-02-03,4.3,همچی خوب بود، متاسفانه سرویس بهداشتی عمومی بود، و کلبه سرد بود.,سلام،ممنون از نظرات شما،شما احتمالا از کل سیستم گرمایش ما استفاده نکردید،اسپلیت و بخاری برقی بزرگ که دوتا باهم روشن باشه بیش از اندازه گرم میکنه,2026-02-03,api
3204245,2026-03-19,5,من امتیاز کامل دادم,"آقاسعیدعزیز
اینجامتعلق بشماست.انشاالله بارهاسازی آب سددرفصل کشاورزی ؛که زیبایش صدچندان میشوددرخدمتتان باشیم",2026-03-19,api
3204245,2026-03-20,5,عالی بود,ممنون 🙏🏻🌹,2026-03-20,api
3204245,2026-03-20,4.5,همه چیز خوب بود ولی یک مقدار بهداشت رختخواب و فرش ضعیف بود,"آقاشهرام عزیز
انتقادهای سازنده شمامارادرپیشبرداهدافمان کمک میکنه انشاالله بتونیم باشرایط بهتری درخدمتتان باشیم",2026-03-20,api
3204245,2026-03-21,5,خوب بود,ممنون🙏🏻🌹,2026-03-21,api
3204245,2026-03-24,5,"برای بار دوم بود 
این کلبه رو رزرو میکردم 
مکانی دنج و زیبا هست 
پیشنهاد میکنم به افراد 
فقط به نظر من تنها مشکلی که داره سرویس بهداشتی داخل کلبه نیست و داخل محوطه هست 
ممنون از میزبان",ممنونم از لطف شما انشاالله سربلندموفق باشید,2026-03-24,api
3204245,2026-03-27,5,"برخورد میزبان و همکاریشون خیلی خوب بود - نظافت و لوازم کلبه هم خوب بود فقط محوطه اقامتگاه به رسیدگی بیشتری نیاز داره هرچند که سکو و آلاچیق و آتشگاه و... وجود داره
در کل راضی بودیم 2 شب اقامت داشتم و یک شب بعد هم تمدید کردم
سپاس فراوان",سلام انشاالله بتونیم درسفربعدتان میزبان خوبی برایتان باشیم,2026-03-27,api
3204245,2026-03-27,5,سلام.... همه‌چیز خوب بود... با تشکر از عوامل اقامتگاه,"آقاسجادبزرگوار
نظرات شماگویای نگاه بلندتان است .انشاالله تاپایان خردا کارهای نیمه کارمجموعه تموم میشه وباخدمات بیشتردرخدمت شماهستیم",2026-03-27,api
3204245,2026-03-28,5,واقعا عالی بود,سپاس بیکران ازنگاه پرمهرتان,2026-03-28,api
3204245,2026-03-29,5,به نسبت قیمت واقعا میارزه. جاش کنار رودخانه‌اس و خیلی با صفاست. حموم داخل اتاقه و بسیار تمیزه. دستشویی بیرونه و مشترکه و طبعا یه ذره کثیفه. باربیکیو هم داره و چیزی لازم داشته باشید با سخاوت بهتون میدن. فاصله‌ش تا لفور تقریبا یه ربعه.,"درودبرشمادوست عزیز
شمالطف دارین احتمالا کلبه4 بودین چون بقیه کلبه هاداخل سرویس دارن این نیمه کاره انشاالله تاخردااین هم سرویس شخصی داره.سپاس ازشما",2026-03-29,api
3204245,2026-03-29,5,من امتیاز کامل دادم,"ممنون وسپاس ازنگاه مثبت شما
منتظردیدارتان هستیم",2026-03-29,api
3204245,2026-03-31,5,بسیار عالی👍🙏,"سلام شمالطف داری باابرازمحبت شماانرژی میگیریم
سپاس",2026-03-31,api
3204245,2026-03-31,5,"پنج تا ستاره خیلی کمه .
خدایی نمیشه یک کلمه کامنت گذاشت و از روش رد شد
 احترامی که ما دیدیم خیلی بیشتر از چیزی بود که انتظار داشتیم.
از لحاظ نظافت و امنیت محوطه و داخل کلبه ، واقعا عالی ترین حد ممکن.کاملا اختصاصی و وی آی پی .
آبشاری که داشت خیلی زیبا بود.
ادم از هر لحاظ از خونه ی خودش هم راحت بود .
ماهی هایی ک از پرورش ماهیشون خریدیم خیلی خوشمزه بودن.
از اقای سلیمانی نهایت تشکر رو میکنم که به خاطر رفاه و راحتی ما اونجا خیلی زحمت کشیدن.هر چیزی که نداشتیم برامون تامین میکردن.مدیریت مجموعه هم واقعا فردی خیلی محترم و با شخصیت بودن.
ما از تهران رفته بودیم و دو شب اقامت لذت بخش داشتیم و برای اولین بار از این که برمیگشتم خونه ناراحت بودم ،کاش میتونستم بیشتر تمدید کنم‌.با تشکر🌹🌹🌹","سلام دوست عزیز
ممنون ازاین همه لطف ونگاه قشنگتون .نگارش زیبات حس عجیبی بهم داد.منتظرتان هستیم برای جبران این هم لطف شما",2026-03-31,api
3204245,2026-04-11,5,همه چی خیلی عالی بود,"سلام شمالطف دارین 
انشاالله ازاول تابستان باشرایط بهتردرخدمتتان هستیم",2026-04-11,api
3204245,2026-04-23,5,اطراف اقامتگاه و محیط اقامتگاه خیلی زیبا بود و صدای آب و رودخانه خیلی فضا رو دلنشین کرد، اگه به کلبه ها سرویس بهداشتی اضافه بشه خیلی بهترم میشه.,"درودبرشما ونگاه قشنگ ومثبت شما
ممنون وسپاسگزارم انشالله بتونیم میزبان خوبی برای شمابزرگوارن باشیم
به امیددیدارمجدد",2026-04-23,api
3204245,2026-04-23,4.5,"سلام ممنون از مسئولین اقامتگاه که زحمت کشیدن و هر کاری داشتیم راهنمایی کردن و انجام دادند. 
منظره اقامتگاه عالی بود گرمایش و سرمایش مطلوب بود 
به نظر من پتو و بالش با خودتون ببرید بهتره 
به ما خوش گذشت باز هم تشکر","سلام آقامجتبی
به نظرم همیشه حق بامشتریست
امابهترنکات ضعف رابصورت ریزومورد اشاره شودتامابتونیم بهتردرخدمت مهمانان عزیزمان باشیم",2026-04-23,api
3204245,2026-04-26,5,"سلام 
من خیلی ازشون ممنونم که انقدر فضای خوب با قیمت مناسب فراهم کرده بودند ما دو شب گرفته بودیم انقدر خوب بود که یه شب تمدید کردیم. 
خیلی بهتر از عکساش بود 
اتفاقا سرویس بهداشتی فرنگی هم داخل کلبه بود. 
واقعا تمیز بود 
از لحاظ وسایل گرمایش با توجه به اینکه ما بچه کوچیک داشتیم هیچ مشکلی نبود. 
صدای رود و آبشار در کلبه ها شنیده می‌شد که بسیار روح بخش بود.
تمام ملاک های یک اقامتگاه بی نظیر رو داشت","سلام ممنون ازلطف شما
رضایت شماباعث دلگرمی بچه های مجموعه خواهدشد
به امیددیدارمجدد",2026-04-26,api
3204245,2026-04-30,5,سلام و درود ممنونم از آقای فرهادی همه چی عالی بود رودخانه آبشار محیط خیلی خوب بود برای بازی بچه ها محیط خیلی خوب بود ممنونم از میزبان ببخشید بچه های ما اذیت تون کردند خدا بهتون برکت بده,"سلام آقاسعید
ممنون ازنگاه مثبت شما.انشاالله بتونیم میزبان خو بی برای شما",2026-04-30,api
3204245,2026-05-13,4.7,"نقاط قوت:  قیمت مناسب
لوکیشن قشنگ
برخورد خوب میزبان
نقاط ضعف:
نداشتن دستشویی فرنگی داخل کلبه
شلوغی  روبروی کلبه و سروصدا
وجود فنس های روبروی کلبه 
پیشنهاد میکنم قسمت جلوی کلبه ساخل رودخونه  بیرون از فنس سکویی ساخته شود تا راحت کنار رودخونه اقامت کرد","سلام ممنون ازنظرات خوب شما
3کلبه اولی توالت فرهنگی داره وچهارمی درحال ساخت میباشد
بیرون ازفنس وداخل رودخونه زدن سکوممنوع هستش",2026-05-13,api
3204245,2026-05-14,4.7,با تشکر همه چیز عالی بود موقعیت مکانی قشنگ و نظافت درجه یک فقط سرویس بهداشتی نیاز به رسیدگی بیشتری دارد,سلام ممنون ازانتقادسازنده شما,2026-05-14,api
3204245,2026-05-25,4.8,مطابق با مشخصات ذکر شده بود،موقعیت مکانی عالی بود،برخورد میزبان خیلی خوب بود،کاش حمام جالباسی،ویک آینه در کلیه وجود داشت.,"سلام 
ممنون ازنگاه خوبتون  انشاالله بتونیم میزبان خوبی بوده باشیم.منتظردیدارتان هستیم",2026-05-25,api
3204245,2026-05-26,4.8,جای قشنگی هست برای 3نفر جای خواب هست,ممنون ازشما,2026-05-26,api
3204245,2026-05-27,5,در کل همه چی خوب بود.,"درودبرنگاه خوبتان
منتظردیدارتان هستیم",2026-05-27,api
3204245,2026-05-28,5,بسیار عالی و خاطره انگیز شد واسمون,ممنونم ازنگاه خوبتان,2026-05-28,api
3204245,2026-05-29,5,"بسیار بسیار عالی 
تمیز
برخورد خیلی خوب
از همه نظر بی نظیر","سپاس ازشما
به امیددیدارمجدد",2026-05-29,api
3204245,2026-06-01,4.7,"باتشکر ازعوامل جاجیگا ومیزبان گرامی
همه چیز خوب بود فقط شب داخل کلبه پشه زیاد بود .",سلام ممنونم,2026-06-01,api
3204245,2026-06-04,4.7,نسبت به قیمت خوب، حمام و دسشویی یکیه، جای خاوت و آروم، دسترسی ها خوب,"سلام ممنون ازانتقادسازنده شما
کاچی درموردصحت مناسب قیدمیکردی کدوم بندصحت نداشت",2026-06-04,api
3204245,2026-06-07,4.8,"همه چی عالی و به یاد موندنی بود، ممنون
فقط چندتا پیشنهاد برای بهتر شدن،اینکه
-گاز دو شعله لاقل بذارید،تک شعله سخته
-تو حمام یه جایی برای صابون و آویز لیف و حوله بذارید
-و یه بخش پر مورچه بود ،اطراف سوئیت پود مورچه کش بریزید
اینا رم گفتم چون دوس دارم باز هم دفعات بعدی بیایم این نواقص کوچیک نباشه وگرنه فوق العاده بود","درودبرشما پیشنهادات بسیارخوب وبجا 
ممنون ازشما",2026-06-07,api
3204245,2026-06-07,4.7,همه چیز عالی حتی حیوانات سگ و گربه هم نبود فقط نظافت ضعیف بود,سلام درودبرشما انتقادات سازنده شماقطعا باعث  پیشرفت کارمان  خواهد شد,2026-06-07,api
3204245,2026-06-18,4.7,عالی بود فقط تنها ایرادی که داشت چوب لباسی توی حمام نداشت و رخت خواب ها خیلی تمیز نبود که ما خودمون رخت خواب و ملافه داشتیم ممکنه بازم دوباره همینجا رو رزرو کنم ولی کلبه بزرگترشون رو رزرو کنم . مکان های دیدنی اطراف خیلی زیاده و وقت کوتاه بود البته بیشتر آبشار هایی داره که با پیاده روی بهشون میرسی و ماشین رو نیست که درصورتی که سالم باشید و سالمند همراهتون نباشه خیلی هم پیاده روی توی جنگل خوش می گذره‌. اخلاق میزبان هم خیلی خوب بود .,"سلام درودبرشما 
ازانتقادسازنده شماقطعا استقبال خواهیم کردودرجهت رفع تلاش خواهیم.",2026-06-18,api
3204245,2026-06-18,4.8,نکات مثبت خیلی زیاده موقعیت و مسیر بسیار خوب چند درجه خنک‌تر از شیرگاه بود مناظر بسیار زیبا . آقای مهراب سلیمانی خیلی خوش برخورد بودن کلبه چوبی خیلی خنک بود. محل برای بازی بچه خیلی مناسب و خوب بود رودخانه و آبشار خیلی باحاله. امنیت عالی عالی ماهی هم می‌تونید بخرید چند تا نکته صدای فن کولر و دستشویی عدم چوب لباس در حمام اجاق گاز اگر بالا باشه خیلی بهتره  به خاطر رطوبت بالا یکم بو میاد مایع ظرفشویی و دستشویی نبود درب دسشویی ایراد داره دوش یکم خرابی داره درب حمام و دستشویی خیلی بد بسته می‌شه در مجموع کاملا راضی بودم عالی بود و این موارد اگر رفع بشه واقعا بیسته,"سلام دوست عزیز
ممنون ازنگاه قشنگ وریزبین شما
نکاتی که ذکرفرمودی هم باعث امیدوهم انتقاد سازنده
درودبرشما",2026-06-18,api
3204245,2026-06-23,5,"با درود
یکی از بهترین و خوش منظره ترین و خوش آب و هواترین مکان ایرانه
اول از همه مسیر و راه خیلی قشنگی داره
دوم، منظره و محیط اقامتگاه بسیار آروم و قشنگ و دلچسبه
سوم، رفتار میزبان و کارکنان عالی بود
و مهمتر از همه داخل هوای خیلی گرم سال این اقامتگاه رو رزرو کردیم، ولی هواش اصلا گرم نیست و خیلی هوای عالی و دلچسب و همراه مه رودخانه که همه جا پیچیده و خیلی عالی میکنه منظره رو
امکانات و توضیحات کامل درست بود
و روزهای رویایی و خاطره انگیز میشه اینجا تجربه کرد
بطور قطع از رزرو این اقامتگاه پشیمون نمیشین
چونکه دوباره میخوام تجربه کنم این اقامتگاه رو، چندتا پیشنهاد بدم برای بهبود بهتر شدن
داخل سرویس دستمال توالت بزارید
و آینه داخل کلبه حتما بزارید 
 ممنونم از آقای فرهادی و کارکنان اقامتگاه و عوامل جاجیگا
امتیاز کامل حق تونه که دادم و موفق باشید",درود بر شما،ممنون از نظرات دلگرم کننده شما،ضعفهای ذکر شده هم سعی میشه در اولین فرصت رسیدگی بشه🙏🏻🌹,2026-06-23,api
3204245,2026-07-02,4.8,هرچی که از کلبه انتظار میتونید داشته باشید اینجا داره فقط اینکه روبروی کلبه هم جا برای عموم هست که تایمی که ما بودیم زیاد بودن و آهنگ هم گذاشته بودن و شرجی بودن منطقه هم درنظر بگیرید,درودبرشما چقدربجاوخوب توصیف کردی,2026-07-02,api
3204245,2026-07-02,4.7,همه چی خوب بود فقط چون روبرو دسترسیه عمومی مردم برای رودخونه بود تا غروب خیلی خیلی شلوغ بود ، و اینکه نوشته بودین سه دست رختخواب اما سه تاپتو و سه تا بالشت بود که باتوجه به سفتیه زمین بدنمون خشک شد، اما درکل تجربه خیلی خوبی بود و میزبان هم بسیار با ادب بودن,ممنون از نظرات شما🙏🏻🌹,2026-07-02,api
3204245,2026-07-03,4.8,بسیار عالی بود بکر و دنج و اروم در حدی که ما امروز اومدیم ویلا استخر دار در متل قو همه میگن از بهشت به جهنم اومدیم برگردیم همینجا,ممنون از نظر خوب و دلگرم کننده شما،خوشحالیم که تونستیم میزبان خوبی باشیم برای شما,2026-07-03,api
3204245,2026-07-15,5,بشدت با کیفیت ممنون از میزبان محترم,درودبرشما شملطف دارین💞,2026-07-15,api
3204245,2026-07-15,4.8,"سلام
من یک شب اقامت داشتم بسیار عالی بود 
آب رود بسیار خنک و تمیز بود که کلی تو آب بازی کردیم 
جای پارک خودرو عالی بود 
سرویس ها و اتاق تمیز بود 
فقط شب خیلی پشه داره که باید اسپری پشه کش یا پشه بند داشته باشید چون کنار رودخانه همیشه همینطوره","ممنونم ازنگاه خوبتون کاملا""صحیح میفرمائید بعضی وقتهاپشه داره .کاش میگفتین اسپره توانبارداشتیم",2026-07-15,api
3204245,2026-08-11,5,با سلام، تشکر ویژه از میزبان محترم آقای فرهادی بزرگوار، همه چی عالی، بسیار فرد محترم و خوش برخورد و مهمان نواز هستن، پرسنل خوش برخورد، اقامتگاه نسبت به هزینه ای که پرداخت میکنید امکانات قابل قبولی داره قطعا میتونه بهتر بشه که مطمئنم میزبان محترم در نظر دارن همه چیز رو، لوکیشن اقامتگاه بسیار زیبا و رویایی، شاید جز معدود اقامتگاه هایی هست که از عکس هاش زیباتره، اینقدر محیط امن و بی نظیری رو تجربه میکنید که مطمئنم جز میهمانان ثابت اینجا خواهید شد، ضمنا در کنار این اقامتگاه پرورش ماهی اقای فرهادی هست که هم بسیار زیباست هم ماهی های بسیار با کیفیتی داره که حتما توصیه میکنم از فروشگاهشون خرید کنید، مهندس سینای عزیز هم بسیار به ما لطف داشتن و کلی از فرآیند پرورش ماهی به ما توضیح دادن و کلی یاد گرفتیم از ایشون، خدا بهتون برکت فراوان بده که این شرایط و فراهم کردید که کلی خاطره خوب برای گردشگرای این منطقه ایجاد میکنید، ضمنا اقامتگاه بسیار به سد لفور و آبشار ترز نزدیک هست، به جرات میشه گفت جز بهترین سفرهاتون میشه,"سلام
آقا بااین همه توصیف ماراخلع سلاح کردی هیچی نداریم بگیم.فقط میتونم بگم ممنون",2026-08-11,api
3204245,2026-08-12,4.8,سلام موقعیت مکانی خوب و زیبا میزبان خوش اخلاق،همه چیز اوکی بود فقط یک کلبه سرویس بهداشتی (دستشویی)ندارد.,"ممنون مسعودجان
اره اون کلبه بایه اتاق دیگه داره یکی میشه  توش سرویس داره",2026-08-12,api
3204245,2026-08-14,5,ضمن تشکر از آقای سلیمانی و آقای فرهاد همه چیز عالی بود.تمیز بود.فقط انتقادی که دارم اینه که در محوطه اونجا که مخصوص مهمان ها هست متاسفانه غیر مهمان راه داده بودند و تا دیر وقت صدای آهنگ و بقیه رفتارهاشون اذیت کننده بود و متاسفانه با اینکه اطلاع دادیم رسیدگی نشد,,,api
3204245,2026-08-14,4.5,خوب بود فقط از داخل دستشویی بو داخل میشد وب جای ی اجاق تک شعله می‌توانست ی اجاق سه شعله استفاده کند,,,api
3204245,2026-08-17,3.8,"در فصل تابستان آن سمت رودخانه برای کسانی که به دنبال آرامش هستند بسیار شلوغ و اذیت کننده است.
بوی بسیار نامطبوعی در کلبه می آمد مثل بوی دستشویی عمومی
ولی برخورد میزبان بسیار عالی و مودبانه بود.",,,api
3204245,2026-08-21,4.5,"با سلام 
فضای تمیزی کلبه و محوطه و سرویس بهداشتی عمومی  عالی بود، هوا در مرداد ماه خوب بود،  ما روی سکوی بیرون شب خوابیدیم ، فقط یه مورد نقص داشت که سایر دوستان هم اعلام کردن و میزبان هم واقعا کاری ازشون برنمیاد، این بود که روبروی کلبه اون طرف رود خونه بسیاز شلوغ میشه و صدای موزیک هم زیاده که برای یک روز قابل تحمل هست، اگه این مورد نبود واقعا بسیار عالی و اقامت لذت بخشی میشد ، 
از لحاظ توصیفی که از این مجموعه شده بود ۱۰۰٪ مورد تاییده. برخلاف بعضی از اقامت گاه های دیگه",ممنونم ازشما سعی میکنیم این مشگل هم توسط مالک زمین روبرو حل کنیم درودبرشما,2026-08-21,api
3204245,2026-08-27,4.7,"خوب وعالی بود
پیشنهاد میکنم
با خودتون کاور فرنگی ببرین
که از سرویس ایرانی که در محوطه هست نخواهین استفاده کنین راحت باشین","سلام پیشنهادخوبی هستش.
ممنون ازنگاه خوبتون",2026-08-27,api
3204245,2026-08-27,4.7,"قبل از رزرو، نظرات مهمانان قبلی را با دقت خواندیم و چون همین نظرات در انتخاب ما تاثیر داشت، خودمان هم وظیفه دانستیم تجربه‌مان را صادقانه بیان کنیم. کلبه در موقعیتی زیبا و دلنشین، کنار رودخانه و در فضای سرسبز لفور قرار دارد و برای فاصله گرفتن از شلوغی شهر و لذت بردن از طبیعت، انتخاب بسیار خوبی است. کلبه تمیز، مرتب و امن بود و از نظافت آن رضایت داشتیم. برخورد آقای سلیمانی و آقای فرهادی نیز بسیار محترمانه و صمیمی بود و از میزبانی‌شان تشکر می‌کنیم.
در برخی نظرات درباره صدای موسیقی یا بوی سرویس بهداشتی نکاتی مطرح شده بود. به نظرم بهتر است شرایط منطقه را هم در نظر بگیریم؛ اینجا یک منطقه توریستی و طبیعی است و ممکن است اطراف آن مسافر، موسیقی و رفت‌وآمد وجود داشته باشد. کلبه نیز کنار رودخانه و در محیطی مرطوب قرار دارد و نمی‌توان انتظار شرایط یک هتل لوکس را داشت. مهم این است که توقعمان با نوع اقامتگاه و هزینه‌ای که پرداخت می‌کنیم متناسب باشد.
در مجموع، این اقامتگاه را تمیز، امن و خوش‌موقعیت می‌دانیم و از انتخابمان رضایت داشتیم. اگر برای لذت بردن از طبیعت سفر می‌کنید، پیشنهادش می‌کنیم. به دیگران.","سلام 
همه نوع نظرداشتیم تودیگه کی هستی نظرت متفاوت وخاص بودنه ازاینکه تعریف کردی بلکه واقعا خاص بود",2026-08-27,api
3204245,2026-09-02,4.8,"دسترسی بسیار مناسبی به همه حا داشت
امنیت قابل قبولی داشت",,,api
3212136,2025-09-05,4.8,ما دو شب در شهریور ماه در کلبه سکونت داشتیم. کلبه در فضای بسیار دنجی قرار گرفته، یه گوشه از یه باغ مرکبات که از تراس طبقه بالا و پنجره کنار تخت یه ویو عالی بهتون میده. روبروی در ورودی شالیزار و باغ میوه است و در دنج ترین نقطه روستا کلبه قرار داره. بسیاررر تمیز و با روی خوش بهمون تحویل داده شد. طبیعت اطراف کلبه از جمله دریاچه زیبااای لفور کم نظیر بود. به طور کلی کلبه حسی شبیه خونه رو برامون تداعی کرد و یه تجربه ارامش بخش رو داشتیم. ممنونم از آقا محسن و آقایی که کارهای کلبه رو میکردن. ما دوست داریم دوباره هم اقامت در کلبه رو تجربه کنیم.,"ممنونم از لطف شما
به امید دیدار مجدد",2025-09-05,api
3212136,2025-09-09,4.8,"با تشکر از آقای پور تالاری ،اقامت خیلی خوبی بود متاسفانه روز اولش خیلی تو ترافیک مونده بودیم و دیرتر تونستیم کلبه رو تحویل بگیریم .
کلیه قشنگ و تمیزی بود ، فقط اگه نور حیاط بیشتر باشه 
خیلی بهتره ، کمبود یه جا لباسی تو ط پایین دیده میشد
بقیه چیزها عالی بود .",ممنونم از لطف شما 🌹🌹🌹,2025-09-09,api
3212136,2025-09-11,5,سلام ما جمعه در این اقامتگاه,🙏🙏🙏,2025-09-11,api
3212136,2025-09-15,4,باسلام . از نظر موقعیت مکانی و زیبای اطراف بسیار عالی بود برخورد میزبان خوب و محترمانه بود.کمی کمبود از نظر وسایل آشپزخانه وجود داشت.ولی در کل خوب بود.,"سلام ارادت
نظر لطف شماست
شما مهمان اضافه بعد از اومدن خودتون بدون هماهنگی  اوردید که تعداد شمارو زیاد کرد لوازم اشپزخونه براتون کم اومد
ظرفیت کلبه 4 نفر هستش",2025-09-15,api
3212136,2025-09-29,5,همه چی عالی بود فقط تشک باید عوض بشه  اصلا خوب نبود نمیشه خواب راحت داشت,ممنونم از نظر شما,2025-09-29,api
3212136,2025-09-30,5,با سلام خیلی به ما خوش گذشت همه چیز عالی بود. با تشکر از میزبان گرامی,ممنونم از لطف شما,2025-09-30,api
3212136,2025-10-09,5,"سلام، از همه نظر عالی
نظافت درجه یک
هرچیزی که تو عکسا و امکانات ویلا هست سالم و قابل استفاده هستش و چیز خراب اصلا نداره
آخرین خانه روستا که دور تا دور پره از باغ پرتقال و شالیزاره که با 2 دقیقه پیاده روی تو جاده رسیدی به رودخانه زیبا و کمی مخوف
آب بسیار تمیز و پر فشار
گرمایش هم پکیج و شوفاژ هست هم بخاری
سرمایش 2 تا اسپیلت که سره حال و قشنگ خنک میکنه
پارکینگ اندازه یه ماشینه که در واقع بسه برای سایز کلبه
حیاط سنگ فرشه و هیچ جونوری تو محوطه آلاچیق و جکوزی و دوش نمیاد و این خودش خیلی خوبه
تراس بالا ویو عالی داره اونجا هم تمیز و بدون جونوره
بالش و پتو عالیه ولی خوب از تخت انتظار تخت خونتون رو نداشته باشید
تو آشپزخانه یه عالمه ظرف هست و اصلا نیار به بردن چیزی نیست، یه یخچال کوچیک و سره حال هم هست
همه جا نور هست و قشنگ میشه تو تاریکی کل حیاط و تراس و جکوزه و آلاچیق رو روشن کرد و لذت برد
با پکیج خوبی که داره میشه نو به نو آب جکوزی باحالشونم عوض کرد
ما یکم از صدای برخورد درختا با سقف فلز کلبه ترسیدیم ولی شما نترسید😉
در کل که اگر یه بار بیاید قطعا یا باز میاید و یا تا آخره عمر یادتون میمونه♥️",,,api
3212136,2025-10-11,5,همه چیز خیلی عالی و خوب،تشکر زیاد از آقای پوتالاری🙏🏼,,,api
3212136,2025-10-12,4.3,ممنون از میزبان محترم مکان دنج و آرومی بود اقامت خوبی داشتیم,,,api
3212136,2025-10-15,5,من امتیاز کامل دادم,,,api
3212136,2025-10-23,5,من امتیاز کامل دادم,,,api
3212136,2025-10-25,5,میزبان برخورد خوبی داشتند، واحد رو به موقع تحویل گرفتیم، نظافت رعایت شده بود، در مجموع راضی بودیم.,,,api
3212136,2025-11-05,4.5,"از اقامتم در این اقامتگاه راضی بودم؛ فضا تمیز بود، موقعیت دسترسی خوبی داشت و امکانات لازم به‌طور کامل فراهم بود.
با این حال، چند نکته وجود داشت که اگر برطرف شوند، تاثیر خیلی مثبتی خواهند داشت:
ورودی حیاط شیب تندی دارد و برای اغلب خودروهای کم‌ارتفاع (با ارتفاع استاندارد کارخانه) باعث برخورد کف ماشین می‌شود. در مورد خودروی من هم کف ماشین گیر کرد و عملا امکان ورود به حیاط وجود نداشت. به همین دلیل مجبور شدم خودرو را در کوچه‌ی کم‌عرض کنار خانه پارک کنم که به‌دلیل تردد وسایل نقلیه‌ی کشاورزی و گرد و خاک، موقعیت چندان مناسبی برای پارک نبود.
تشک تخت خواب راحتی متوسطی داشت و می‌تواند بهتر شود.
در چند نوبت برای پرسیدن درباره‌ی قلق قفل در و شرایط کوچه تماس گرفتم، اما پاسخی دریافت نکردم (احتمالا به‌دلیل مشغله‌ی میزبان بوده است).
در مجموع، اقامتگاه از نظر نظافت، امکانات و موقعیت کلی رضایت‌بخش بود و با رفع این چند مورد می‌تواند انتخابی عالی باشد.",,,api
3212136,2025-11-10,5,من امتیاز کامل دادم,,,api
3212136,2025-11-12,5,من امتیاز کامل دادم,,,api
3212136,2025-11-22,5,سلام ممنون از میزبان همه چی عالی عالی و موقعیت باغ هاپرتغال و رودخانه بابل روددر2دقیقه کلبه من دومین بار بود رفتم عالی بود.,,,api
3212136,2025-11-25,4.8,عالی و با معرفت,,,api
3212136,2025-11-26,5,"همه چیز تمیز و سالم بود. 
ماشین فقط استاندارد کارخانه بدون بار و نفرات داخل میره. 
شب ممکنه صدای شاخه درختان و حرکت گربه بیاد، نترسین :)
باتشکر از آقا محسن عزیز",,,api
3212136,2025-11-29,5,من امتیاز کامل دادم,,,api
3212136,2025-12-12,5,همه چی عالی,,,api
3212136,2025-12-17,5,من امتیاز کامل دادم,ممنونم از شما,2025-12-17,api
3212136,2025-12-25,5,کلبه دنج وخوبی بود،راضی بودیم,ممنونم از شما🌹🌹,2025-12-25,api
3212136,2026-01-09,5,من امتیاز کامل دادم,,,api
3212136,2026-01-13,4.5,کلبه و لوکیشن خوب بود میزبان خوش برخورد بودن اما نظافت نیاز به رسیدگی داره بخصوص مبل و فرش و رخت خواب ها,ممنونم از شما🌹🌹🌹,2026-01-13,api
3212136,2026-01-15,5,خیلی عالی بود  واقعا تمیز و وسایل مورد نیاز هم همه چی بود و ممنونم از محمد سیستانی که هر زحمتی که داشتیم برامون انجام میدادن,,,api
3212136,2026-01-16,4.5,"همه چیز عالی بود، برخورد میزبان عالی بود حتی بابت مشکلی که داشتیم تماس گرفتیم سریع اومدن و کارمون رو انجام دادن، 
فقط فشار آب برای پر کردن جکوزی کم بود که زمان زیادی برد تا پر بشه،
اگر خواستید از جکوزی استفاده کنید از 2 ساعت قبل شیر آب رو باز کنید، 
ممنون از آقا محسن",,,api
3212136,2026-02-16,3.8,جکوزی خیلی کثیف بود همین رسیدیم شروع کردیم تمیز کردن و تموم رنگ لباسم ریخت بخاطر وایتکس درحالی که وظیفه بنده نبود. جای دیدنی نداره و با شهر فاصله داره ولی فضای داخل ویلا خوبه آتشدان و منقل و جکوزی خودش سرگرمی خوبیه. ولی در کل حموم و جکوزی اصلا تمیز نبود.,شما که اصلا خودتون نیومده بودید چطوری دیدید؟,2026-02-16,api
3212136,2026-02-18,5,میزبان عالی تمیزی و کیفیت عالی همه چی نامبروان,,,api
3212136,2026-03-03,4.7,"اول از همه رفتار و برخورد میزبان فوق‌العاده عالی بود.
کلبه تمیز بود کاملا شبیه عکس ها بود و همه چیز عالی بود خیلی راضی بودیم
تنها موردی که اذیتمون کرد یه مقدار صدای اطراف کلبه زیاد بود و تراکتور و بیل مکانیکی بدلیل ساخت و ساز زیاد رفت و آمد داشت
به غیر از این مورد همه چیز عالی بود و قطعا باز هم این کلبه رو برای اقامت انتخاب میکنم
تشکر",ممنونم از شما🌹🌹🌹,2026-03-03,api
3212136,2026-03-26,4.7,از عکساش بهتره,ممنونم از لطف شما🌹🌹🌹,2026-03-26,api
3212136,2026-04-03,5,"خیلی عالی بود و واقعا تمیز بود از عکسش هم بهتر بود
 ازتون ممنونم بابت همه چیز
خیلی فضای با صفا و زیبایی داشت",ممنونم از شما🌹🌹🌹,2026-04-03,api
3212136,2026-04-08,5,"ممنون از اقای پورتالاری 
واقعا عالی بود از همه نظر 👌🏻تمیزی فوق العاده بود
بوی بهار کل محیط و فضای کلبه رو گرفته بود🥰واقعا بهشت بود 
قطعا انتخاب بعدی ماهم کلبه شماست🙏🏻🥰✨",ممنونم از لطف شما🌹🌹,2026-04-08,api
3212136,2026-05-02,3.8,خوب بود راضی بودم ، نظافت همه چا غیر از بالکن خوب بود ،(میز کثیف ، روی زمین آشغال تخمه ) لوازم پخت و پز کامل بود و یه سری لوازم اضافه که کمتر جایی دیدم هم بود ، جاش روی نقشه درست نیست و جایی که زدن رو نقشه اونجا نیست و کمی رانندگی داره تا کلبه ، ولی جاش بهتر ام هست ، خصوصا بالکن خیلی خوبی داره فضاش کلا رو به جنگل هست که اینطور فکر نمیکردم و وقتی دیدم ، خیلی بهتر بود ، تو نظرات دوستان نوشته بودن سر و صدا شب واسه گربه هست که واسه من هم بود ولی من  گربه ای ندیدم کلا ، جکوزی کامل سالم بود و فقط دستگیره آب سرد نداشت (شکسته بود) که با شلنگ پر میکردم آب سرد در صورت نیاز که مهم هم نبود که فکر میکنم جایزه دوستان مهمان قبلی باشه (قابل توجه دوستان ، جکوزی های شمال کلا بخاطر پشه و آب لوله کشی و هوای شمال زیاد کثیف میشه و ربطی به مهماندار نداره و اسکاچ و لوازم تمیز کننده اون جا بود برای تمیز کردن و برق هم مینداختی ، فرداش باز همون بود  ) در کل خوب بود و اگه اون سمت بیام باز ، همینجا رو رزرو میکنم,"ممنونم از شما دوست عزیز
جای نقشه هم به خاطر راحتی مهمان کنار املاک خودمون زدیم که راحت برن تا دم کلبه
مسیر هم زیر 1 دقیقه هستش",2026-05-02,api
3212136,2026-05-08,,مرخرف ترین بود چه تمیزی چه گرفتن هزینه اضافی,شما 4 نفر رزرو کردید و 4 نفر هم اضافه همراه داشتید که متاسفانه 2 نفر پشت صندلی عقب و 2 نفر رو داخل صندوق قائم کردید و چون سنتون کم بود و اولین تجربه مسافرتتون بود فکر میکردید کسی متوجه نمیشه به خاطر همین اضافه هزینه پرداخت کردید بهتون فشار اومد,2026-05-08,api
3212136,2026-05-14,3.7,خیلی تمیز نبود مخصوصا مبلمان ،تخت، سرویس بهداشتی .میتونست بهتر باشه,,,api
3212136,2026-05-15,4.7,امتیاز کامل دادم جالب بود,ممنونم از شما,2026-05-15,api
3212136,2026-05-19,5,برای چندمین بار گرفتیم .واقعا عالی و بی نظیر و تمیز بود اقامتگاه.جکوزی هم آب گرم عالی بود.باش تشکر,ممنونم از لطف و محبت شما,2026-05-19,api
3212136,2026-05-21,4.3,"متاسفانه خیلی کثیف بود
رخت خواب های رو تخت پر از لک بود
به شکل کلی محیط خوب بود
میزبان عالی بود
غذاشون عالی بود
اما بهتره که تمیز تر باشه",,,api
3212136,2026-05-26,4.3,"خوب بود خوش گذشت
لطف کردن زودتر هم ب ما تحویل دادن  
ممنون از آقا محسن عزیز 
(فقط نیاز ب رسیدگی بیشتری داره )",ممنونم از لطف شما,2026-05-26,api
3212136,2026-05-31,5,"دوشب به یاد ماندنی در محیط جنگلی با آب و هوای عالی و مکان زیبا و امن 
با تشکر از مالک محترم و همکارانشون",ممنونم از لطف و محبت شما دوست عزیز🙋♂️🙋♂️🙋♂️🙋♂️,2026-05-31,api
3212136,2026-06-11,5,ما 5 شب رزرو کردیم و میتونم بگم جز بهترین ویلاهایی بود که توی عمرمون رزرو کرده بودیم، اولا که تشکر میکنم از آقای پورتالاری چون شب اول ما دیر رسیدیم حدود ساعت 1 شب بود، بدون هیچ برخوردی اومدن و کلید رو تحویلمون دادن، خونه تمیز بود، جکوزی بخاطر اینکه در فضای باز بود هربار نیاز به تمیز شدن داشت ولی درکل عالی بود ، ویو بالکن طبقه بالا رو به باغ نارنج و پرتقال بود که خیلی رویایی بود و هر روز صبح واقعا روحمون تازه میشد برای صبحانه میشستیم داخلش، سوپرمارکت، رستوران، نانوایی، دخانیاتی و … همه نزدیک بود با ماشین حدودا 5 دقیقه ام نمیشد ، از جاهای دیدنی و تفریحی که تقریبا نزدیک ویلاست سد لفور و جنگل آذررود بود که برای کسانی که میخوان مثل ما دور و اطراف ویلاشون جاهای دیدنی باشه خیلی نکته مثبتی بود، درکل به ما خیلی خوش گذشت سرشار از امنیت و آرامش… کاملا پیشنهاد میکنم😍,,,api
3212136,2026-06-17,4.5,شرایط اقامتگاه در کل خوب با ویوی زیبا اما استفاده از جکوزی در شب بخاطر تجمع زیاد پشه ها داخل جکوزی عملا امکان پذیر نبود که اگه این مورد هم از طرف میزبان محترم رفع بشه همه چیز عالی خواهد بود,,,api
3212136,2026-06-19,4.8,ممنون از اقا محسن خیلی خوش برخورد بودن خیلی جای خوبی بود خیلی خوش منظره بود,,,api
3212136,2026-06-25,5,خیلی عالی ممنون از محبتتون,,,api
3212136,2026-07-05,5,من امتیاز کامل دادم,,,api
3212136,2026-07-14,5,عالیی,,,api
3212136,2026-07-28,4.3,"اقای پور سالاری واقعا محترم بودن و کسانی ک مارو راهنمایی کردن به سمت اقامتگاه اقایونه متشخصی بودن
فقط چند نکنه اینکه فضا برای دو نفر بود
یخچال کوچیک بود گاز دو شعله و مقداری کم شعله بودن
از لحاظ تمیزی مورد قبول بود ولیکن باز نیاز داشت
سقف خیلی صدا میداد یه چند باری ترسیدیم
جکوزی هم اگ فضایی درست بشه ک پشه مزاحم نشه مثل شیشه بند خیلی بهترم میشه
سکوهای بیرونم متاسفانه تمیز نبود و نشد استفاده کنیم
درکل سفر خیلی خوبی بود زیبایی ایمنی امنیت همه چی عالی",,,api
3212136,2026-08-15,4.2,میشه گفت همه چی خوب بود فقط جکوزی کار نمیکنه که فکر نمیکنم راه اندازیش کار سختی برای میزبان عزیز باشه. ولی جای دنج و خلوتی هست هر چقدر دلتون میخاد سر و صدا کنین😉,"ارادت
دوست عزیز جکوزی سالمه 
بعد از پر شدن باید دکمه روشن شدن رو میزدید که جت ها کار کنه و قابل استفاده بشه",2026-08-15,api
3212136,2026-08-19,5,"هم تمیز بود هم ارامش داشت اقای پورتالاری هم خوش برخورد بودن ویو تراس بالا خیلی خوب بود 
اتاق ها و تخت ها واقعا تمیز بود وسایل اشپزخونه واقعا تکمیل بود فقط یخچال و به نظرم یه کم بزرگتر کنید بهتره چون زیاد جا نبود برای گذاشتن مواد غذایی
درکل شبی عالی رو گذروندیم و واقعا هم نیازی نیود هی مزاحم اقای پورتالاری بشیم همه چی خوب بود",,,api
3212136,2026-08-30,5,خیلی عالی,,,api
3220977,2025-12-24,5,یه کلبه سوییسی که داخلش و فضای بیرونش، همه چی جز به جز با سلیقه طراحی و چیدمان شده،که با وجود یه رگال لباس با چنتا چوب لباس تکمیل تر میشه.باغی که توی این فصل درخت هاش با بار پرتقال هاشون و رودخونه ای که از میانشون میگذشت، دل می بردن و هر چی نگاه میکردی فقط قشنگی بود.انرژی خانواده صاحب اقامتگاه، مثبت و پر از حس خوبه‌.برای سوپرایز تولد طوری زحمت کشیدن،انگار برای دوست خودشون انجام میدن. در سلیقه و تمیزی و ... حساسیت خوب و قابل توجهی دارند که به همه مهمان ها بونه خوش بگذره.پس لطفا میهمانان عزیز، همه ما هم رعایت کنیم که همیشه بتونیم خوب ازش استفاده کنیم.,,,api
3220977,2025-12-25,5,"با تشکر از آقای رضایی عزیز
لوکیشن خوب
اقامتگاه دنج
کلبه تمیز
مخصوصا محیط کلبه که فضای باغی و کلی درخت پرتقال خوشمزه داره",,,api
3220977,2026-01-13,5,برخورد عالی تمیزی عالی یکم گرمایش ضعیف ولی محیط خیلی خوب در کل حساب کنی برای سفر دو نفر خیلی خوب و عالی بود ممنون از بر خورد خوبه میزبان,,,api
3220977,2026-01-15,5,"سلام به همگی من کلا اهل نظر دادن نیستم 
اما انقدر همه چیز عالی بود دلم نیومد نظر ندم 
صاحبخانه فوق العاده مهربان و منظم 
کلبه تمیز و مرتب و درجه یک
ما کلی لذت بردیم",,,api
3220977,2026-01-28,5,"میزبان فوق العاده مهربون بود
محیطش خیلی تمیز بود
فضاش عالی و رویایی بود",,,api
3220977,2026-02-09,5,"من بارها از سایت جاجیگا برای اقامت در شمال کشور کلبه سوئیسی اجاره کردم. خوشبختانه این اقامتگاه بر خلاف بسیاری از کلبه‌های سوئیسی دیگر طوری طراحی شده که هیچ مزاحمی ندارد. کلبه دیگری در کنار شما نیست. با ویویی کاملی که به منظره زیبای بیرون دارد، داخل کلبه از هیچ طرفی دید ندارد. 
محوطه پیرامون کلبه با دقت طراحی شده و خیلی زیباست به خصوص الان که درختان پرتغال پر از میوه هستند. 
تصور کنید که چقدر زیباست صبح وسط یک باغ پرتغال در یک کلبه کوچک و زیبا بیدار شوید و با اینکه در روستا هستید ، هیچ آدم یا خانه دیگری در ویوی مقابل شما نباشد.
کافی است در را باز کنید تا صدای رودخانه را بشنوید.
رودخانه از کنار محوطه کلبه می‌گذرد.
میزبان بسیار مهمان نواز است.
حتی به ما اجازه دادند که در مدت اقامت از پرتغال‌های مختلف درختان باغ استفاده کنیم.
طراحی داخلی کلبه هم خیلی خوبه.
روستا بالف کلا غربی فاصله خیلی کمی( در حدود یک کیلومتر) با روستای بزرگ مرزیکلا دارد. در مرزیکلا نه فقط نانوایی، سوپر مارکت و میوه‌فروشی بلکه همه صنوف مغازه دارند. در واقع با اقامت در این کلبه به هر کالایی که نیاز داشته باشید دسترسی دارید",,,api
3220977,2026-02-16,5,همه چیز واقعا از هر نظر عالی بود، هیچ نکته منفی وجود نداشت، تمیز و به موقع تحویل گرفتیم و تحویل دادیم و از همه موارد رضایت کامل داشتیم. با تشکر از میزبانی خوبشون.,,,api
3220977,2026-02-19,5,همه چیز عالی بود و دقیقا طبق مشخصات سایت تحویل گرفتم,,,api
3220977,2026-02-25,4.7,"خیلی خوب بود
مزایا :
1. بهترین مزیتش این بود که وسط باغ بود و تا محدوده خوبی هیچ خونه، ویلا و مزاحمتی نبود و همون محدوده باغ هم زیبا بود
2. تمیز بود
3. امکانات خوب و کافی بود و چیزی کم کسر نبود
معایب 
1. یه مقدار کوچیک بود ( مخصوصا برای 4 نفر ) ( ولی برای 2 نفر کاملا مناسب بود )
2. توی این رنج قیمت احتمالا بتونید ویلا یا کلبه با فضای بهتر و شاید با جکوزی پیدا کنید
3. توالت فقط فرنگی بود",,,api
3220977,2026-02-27,5,"و باز یه سفر دیگه و من و کلبه میها ، این چهارمین باره که من به این کلبه میرم ،کلبه که نمیشه گفت خونه ی دنج و آروم خودم ،کلبه عشق ، از میها نمیشه فقط به اسم یه اقامت گاه و از آقای رضایی عزیز فقط به اسم یه میزبان نام برد ، میها خونه ی ما و آقای رضایی و خانوادشون خانواده ی ما هستن ، درست همون حس و حال رو شما تو میها تجربه میکنید ، یه کلبه ی دنج و تمیز و آروم یه تیکه از بهشت با یه پدر و برادر مهربون و دلسوز و با سلیقه ، مطمئن باشید وقتی اقامتتون تموم میشه و میخواید برگردید قلبتون رو جا میذارید و با دلتنگی برمیگردید .
خواهش میکنم از شما عزیزان مراقب تک تک اجزای این خونه ی با صفا و قشنگمون باشید ، مراقب نظافت و جزئیاتش که با سلیقه ی زیاد انتخاب شدن باشید ، اونجا خونه ماست اجازه بدید هربار که میخوایم به اون خونمون برگردیم مثل همیشه تمیزو سلامت و مرتب باشه .
مرسی آقای رضایی عزیز برای لحظات قشنگی که برامون ساختید ، ممنونم از پذیرایی و محبت و توجه همیشگیتون .",,,api
3220977,2026-03-03,5,"کلبه فوق العاده خوبی بود از هر نظر 
از جناب رضایی 
و پدر و مادر بزرگوار و مهربونشون کمال تشکر دارم 
پدر بزرگوارشون خیلی خوش برخورد و مهربون بودن و باغشون رو در اختیار ما گذاشتن 
بنده  شخصا واقعا از معاشرت با ایشون لذت بردم و براشون ارزوی سلامتی میکنم",,,api
3220977,2026-03-12,5,اگر بخوام از همه خصوصیاتی که یک اقامتگاه باید داشته باشه تا سفر رو به کام شما شیرین کنه بگم خیلی وقت گیر هست،پس به این نکته بسنده می‌کنم که در این سفر همه خصوصیات لازم به حد اعلای خودش وجود داشت،ممنون از میزبان محترم و خانواده بزرگوار،خدا بهتون سلامتی بده قربان.🌺🙏,,,api
3220977,2026-03-15,4.8,ما دوشب اونجا اقامت داشتیم و همه چی عالی بود، پاکیزگی خیلی خوب رعایت شده بود ، خودشون و پدرشون بسیار ادمای خوبی هستن ، تنها ایرادی که داشت شبا یکم از در و دیوار صدا میومد که عادیه دیگه چوبیه و این مدل صداها زیاد میاد. در کل همه چی عالی بود ممنون از اقای رضائی و پدر عزیزشون,,,api
3220977,2026-03-20,5,"هم کلبه هم لوکیشن هم میزبان فوق‌العاده بودن. 
حتما پیشنهاد میکنم.",,,api
3220977,2026-03-23,5,همه چیز عالی لذت بردیم یه لوکیشن فوق العاده برای عکاسی خیلی تمیز و خوش اب و هوا با میزبانی فوق العاده هرچیزی می‌خواستیم سریع فراهم میشد,,,api
3220977,2026-03-30,5,من امتیاز کامل دادم,,,api
3220977,2026-04-03,5,ما در فروردین ماه به مدت چهار روز در این کلبه ساکن بودیم،کلبه از همه لحاظ فوق العاده بود،محیط بسیار زیبای باغ اطراف کلبه،تمیزی و کیفیت کلبه،حیاط سازی و جوی آب بسیار زیبایی که از کنار کلبه می‌گذشت و از همه مهمتر رفتار بسیار عالی و محبت و مهربانی آقای رضایی که مثل پدر خودمون باهاشون احساس راحتی میکردیم,,,api
3220977,2026-04-07,5,بسیار خوشبرخورد و عالی,,,api
3220977,2026-04-10,5,برخورد میزبان عالی و فوق العاده مهمان نواز صبحانه روز آخر مهمانشون بودیم،تمیز و مرتب،باغ پر از شکوفه و بسیار زیباست،فضای دنج با صدای رودخانه که فوق العاده بود حتما پیشنهاد میشه🌷🌷,,,api
3220977,2026-04-12,5,"واقعا عالی بود هم ویلا تمیز بود هم طرز برخورد بینظیر بود
ویلا حتی از عکس ها هم قشنگ تر بود
ممنونم از مهمان نوازی اقا رضایی",,,api
3220977,2026-04-19,5,"سلام و عرض ادب 
واقعا از لحاظ موقعیت جای بسیار دنج که داخل باغ چشم نوازی  بود و رودخانه که داخل باغ بود عالی برخورد میزبان از همش بهتر من حالشو بردم و به بقیه پیشنهاد میدم فقط فضا داخل کلبه مناسب زوج به نظرم",,,api
3220977,2026-04-22,4.5,یک شب مهمان اقامتگاه بودیم و لذت بردیم همچی خوب بود ممنون از میزبان محترم🙏🏻,,,api
3220977,2026-04-25,4.7,"همه چی بسیار عالی 
اقامتگاه دارای پارکینگ‌بود و از نظر موقعیت مکانی عالی 
هم چنین طبیعت بسیار زیبا و بکری داشت",,,api
3220977,2026-04-27,5,همه چی خوب بود مرسی واقعا🙏🏻🙏🏻🙏🏻🙏🏻,,,api
3220977,2026-04-29,5,"در ابتدا قبل از شروع اقامتمان، اینهمه نظر مثبت و امتیاز کامل برای این اقامتگاه برایمان عجیب بود و الان پس از تجربه‌ی این سفر و آشنایی با اقای رضایی و پدر گرامیشان تصور امتیازی کمتر از 5 غیرممکن است. واقعا از همه جهات به اقامت شما در این کلبه فکر شده و تجربه بهترین احساس و دقایق را به ارمغان می اورد. 
لازم به ذکر است میزبانان ما انسانهای بسیار شریفی بودند که حتی هنگامی که کیف بنده در انتهای سفر گم شد، همراه با ما به جستجوی کیف پرداختند. آرزومند شایسته ترین ها برای میزبانان عزیز و بهترین لحظات برای سایر میهمانان این کلبه‌ی سراسر تازگی و لذت و حس خوب هستیم.",,,api
3220977,2026-05-03,5,"سلام
نحوه برخورد و تعامل میزبان بی نظیره و بعید میدونم مشابه اینجا به راحتی پیدا بشه
فضای اقامتگاه واقعا به دور از شلوغی های مرسوم اون منطقه هست و با وجود دسترسی به همه امکانات در یک محیط بکر و خلوت اقامت خواهید داشت و میتونید از طراحی زیبای کلبه و محوطه و باغ و رودخانه لذت ببرید
میزبان ما آقای رضایی پدر بودن که انسان بسیار محترم و شریفی هستن و با پسر گرامیشان تلفنی در ارتباط بودیم که طی همین ارتباط کوتاه ایشون هم فردی محترم به مانند پدر بودن
🙏🙏🙏",,,api
3220977,2026-05-07,5,سلام وقت بخیر آقای رضایی ممنون از کلبه ای در اختیار ما قرار دادید واقعا همه چیز عالی بود همونطوری ک تو عکسا بود ی کلبه تمیز با هوای عاااالی انشالا ک باز قسمت بشه بتونیم بیاییم,,,api
3220977,2026-05-13,5,"با تشکر از میزبان محترم
واقعا فضای محوطه کلبه بینظیر بود.
مسیر آسفالت بود و مشکلی نداشت.
سیستم سرمایش کلبه جوابگو بود.
فوق العاده با سلیقه دیزاین شده داخل محوطه و مناسب برای عکاسی هست باغشون.
ظرفیت کلبه برای 2 نفر جوابگو هست.
فضا برای برپا کردن آتش فراهم بود، جای پارک یک ماشین داخل باغ هست.
رفتار میزبان و پدر محترمشون خیلی خیلی محترمانه و صمیمانه بود و ما حتما دوباره به این کلبه سر میزنیم.",,,api
3220977,2026-05-14,5,همه چیز خیلی عااالی بود 👍,,,api
3220977,2026-05-19,5,همه چی عالی,,,api
3220977,2026-05-20,5,تو انتخاب این ویلا شک نکنید . تجربه متفاوتی رقم میزنه براتون صرفا یک کلبه سوییسی نیست ... لوکیشن کم نظیر و نظافت خوب و مهمان نوازی آقای رضایی,,,api
3220977,2026-05-28,5,من امتیاز کامل دادم,,,api
3220977,2026-05-29,5,من امتیاز کامل دادم,,,api
3220977,2026-05-30,5,کلبه بسیارتمیزدر یک محیط بکر وطبیعی کنار رودخانه، وسط یه باغ زیبابا مهمان نوازی آقای رضایی مهربان ودوستداشتنی.دیگه چی میخوایی.....؟,,,api
3220977,2026-06-04,5,"سلام و عرض ادب.
همه چیز عالی بود.
ممنون از میزبان خونگرم🙏",,,api
3220977,2026-06-14,5,"من واقعا خیلی ناراحت هستم !!!! واقعا احساس بد شانسی میکنم !!!! 
که چرا زودتر با این اقامتگاه و صاحب محترمش آشنا نشدم 😁 
حتی یک نظر منفی هم نیست دیگه نمی‌دونم منتظر چی هستید برای انتخاب این گزینه
قطعا برمیگردم به اینجا دوباره و قطعا به همه عزیزانم معرفی میکنم ، بابت همه چیز ممنونم واقعا خاطره شد",,,api
3220977,2026-06-17,5,"عالی بود، ما دخترونه رفته بودیم و از امنیتش زیباییش برخورد خوب خودشون هرچی بگم کم گفتم واقعا 🤩😍
همه چی قشنگ و ناز و باسلیقه درست شده بود،
ممنون واقعا 🪷",,,api
3220977,2026-06-19,5,"همه چیز عالی بود ویو کنار رودخانه داشت و از همه نظر خوب بود برای دو نفر خوبه بیشتر نه
باغچه خیلی خوبی داشت اخلاق میزبان هم خیلی خوب بود زحمت کشیدن یه وعده هم ناهار مارو مهمان کردند",,,api
3220977,2026-06-22,5,"مهمان نوازی بسیار عالی ،طبیعت بکر و آرام ، مسیر هموار همه چی در دسترس  
کافی شاپ خوشگل ک هرچه زودتر راه اندازی بشه بهتره
رودخونه کنار کلبه و صدای آب همه چی رویایی",,,api
3220977,2026-06-28,5,"سلام و عرض ادب خدمت میزبان محترم و باشخصیت و مرحم🦋👌🏻
این کلبه بر خلاف کلبه های زیادی که تو سایت ها میبینید اطرافش خلوت و هیچ خونه ای اطرافش نیست احساس سختی و ناراحتی کنید.
امکانات داخل اقامتگاه عالی بود همه جوره .
نظافت عالی بود واقعا و با خیال راحت از همه چی استفاده بردیم.
دیزاین فوق العاده و خاصی داشت این ویلا و عین عکسها بود دقیقا👌🏻🕊️",,,api
3220977,2026-06-29,5,"سلام ما 4 شب در این کلبه زیبا اقامت داشتیم 
واقعا همه چیز عالی بود
مکان کلبه در یک باغ مرکبات هستش که در کنار یک رودخانه قشنگ و بسیار دنج بود و آرامش خوبی داشت 
از موقعیت و تمیزی ویلا که میتونم بگم عالی بود همه چیز
از اون بسیار ارزشمند تر میزبانی جناب رضایی گرامی و پر انرژی بهمراه پسر بسیار خوش اخلاق ایشان 
ما که 4 شب اقامت داشتیم واقعا لذت بردیم و احتمالا برگشت مجدد ما به این کلبه زیبا و پر از انرژی خوب بسیار زیاده
ممنونم از میزبان عزیز
تشکر از جاجیگا",,,api
3220977,2026-07-08,5,"فضای سبزش خیلی خوب کار شده و اقامتگاه در کنار یه چشمه قرار داره، فضای کلبه خوب طراحی شده و بسیار تمیزه و در کل هیچ ایرادی از اقامتگاه نمیشه گرفت
 با تشکر از مهمان نوازی و برخورد گرم میزبان، پرروزی باشند🌸🌸",,,api
3220977,2026-07-22,5,از چیزی که توی عکس ها مشاهده میشه خیلی زیباتر و دلنشین تر هستش و با امنیت بالا و میزبان بسیار خوش اخلاق و خوش برخورد,,,api
3220977,2026-07-23,5,"این اقامتگاه را فراتر از یک محل اسکان دیدم. برخورد صمیمانه و محترمانه میزبان، در کنار طراحی و جانمایی هوشمندانه کلبه، تجربه‌ای بسیار دلنشین رقم زد. مهم‌ترین ویژگی این مجموعه، ارتباط موفق آن با بستر طبیعی است؛ حضور رودخانه در ضلع شرقی، علاوه بر خلق چشم‌اندازهای چشم‌نواز، کیفیت فضایی و حس آرامش را به شکلی ملموس تقویت کرده است. این هماهنگی میان معماری و طبیعت، اقامتی متفاوت و به‌یادماندنی را رقم می‌زند.
بی‌شک این مکان را به کسانی که به دنبال تجربه‌ای اصیل، آرام و باکیفیت هستند، پیشنهاد می‌کنم.",,,api
3220977,2026-08-01,5,سلام خیلی عالی بود اگه میخواین رزرو کنید اصلا شک نکنید,,,api
3220977,2026-08-17,5,خیلی خوب همه چی باتشکر از جناب رضایی,,,api
3220977,2026-08-21,5,خیلی خیلی بهمون خوش گذشت، فوق العاده با صفا و میزبان خیلی خوش برخورد . همه امکانات اوکی و اقامتگاه تمیز و دور از سر و صدا بود در رزرو این اقامتگاه شک نکنید دوستان قطعا بهتون خوش‌میگذره😌🍃,,,api
3220977,2026-08-28,4.7,"با تشکر از اقای رضایی بابت کلبه و باغ زیباشون و برخورد انسانی و دوستانشون.یه سری نکات برای دوستانی که میخوان رزرو کنن:1-میزبان ها فوق العاده انسانهای خوب و خوش برخوردی هستند2-کلبه کاملا به دور از محیط شهری در کنار یه باغ مرکبات هستش که اونجا هم میتونید گشت و گذار کنید3-صد متر اخر رسیدن به کلبه خاکیه4-گاهی مواقع شبها تعدادی حشره ریز روی تخت بود اونم به علت محیط جنگلی و بافت چوبی کلبه بود
در کل برای یه سفر آرامبخش به دور از هیاهو بهترین انتخابه و از همه مهمتر برخورد میزبانها فوق العاده خوب و انسانی بود باتشکر",,,api
3220977,2026-08-30,5,"خوب بودن این اقامتگاه یه خوب بودن تنها نبود،این مکان زیبا بود، دنج بود،تمیز بود،بسیار آرام بخش بود،امن بود و خیلی چیزای دیگه اما مهم تر از همه ی اینا این بود که ما با آدم های شریف و محترمی آشنا شدیم که فهمیدیم هنوز هستند انسان هایی که فراتر از بحث مالی براشون مهمه که مهمانشون با بهترین حس و حال خونشون رو ترک کنه و برای این قضیه تمام تلاششون رو میکنن
با تشکر فراوان از خانواده ی رضایی عزیز انشاالله  خدا به زندگیتون برکت بده",,,api
3220977,2026-09-03,5,همه چی عالی و خیلی خوب .ممنون از چنان رضایی بابت میزبانی خوبشون,,,api
3222129,2026-03-21,,واقعا کثیف بود ،لحاف تشک اگه خواستین اینجارو رزرو کنین با خودتون ببرید پر از کثیفی.  لکه بود ،جالب اینجاست که اخرش که خواستیم تحویل بدیم،گفت که سطل اشغالو خالی کنین و کیسه زبالرو ببرین بلارین بیرون,,,api
3222129,2026-03-27,5,من امتیاز کامل دادم,سپاس از لطف شما مهمان محترم میزبانی از شما باعث افتخار ما بود از اینکه کلبه ی مارا قابل دونستین ممنونم به امید دیدار مجدد,2026-03-27,api
3222129,2026-03-28,4.2,اقامتگاه خوبی بود تمیز بود و میزبان بسیار عالی و مهمان نوازی داشت,,,api
3222129,2026-03-31,3.7,"نظافت اقامتگاه ضعیف بود
بوی نامطبوعی تو خونه از دستشویی میاد",,,api
3222129,2026-04-03,5,با تشکر از خانم لیلا و دختر محترمشون بابت کلبه ی عالی و بینظیرشون همه چیز تمیز و مرتب و دقیق مطابق عکسا بود,سپاس از لطف شما مهمان محترم میزبانی از شما باعث افتخار ما بود از اینکه کلبه ی مارا قابل دونستین ممنونم به امید دیدار مجدد,2026-04-03,api
3222129,2026-04-04,4.5,"سلام خدمت همه 
اطلاعات ثبت شده کاملا درست بود 
برخورد میزبان به طور کاملا محترمانه بود 
موقعیت مکانی خوبی داشت 
تقریبا همه چیز خوب بود 
فقط نقاط ضعفی داشت که امیدوارم 
میزبان رفع بکنه تا همه چیز به طور عالی بشه 
سرویس داخل بود و خیلی بوی بد میومد داخل پذیرایی 
تخت خواب واقعا تمیز نبود همین دو مورد 
باقی چیز ها عالی بود 
ممنون از خانم عزیزی",سلام وقت بخیر هر مسافر میره روتختی روکش بالشت تعویض میشه.سرویس هم باید خودتون رعایت کنید.همیشه با اسید شسته میشه.هرکی آمد راضی بودن نمیدونم چرا نظر بد میدین دوتا کارگر برای تمیز کردن میاین واقعا تمیز حساس هستن,2026-04-04,api
3222129,2026-04-13,5,عالی,سپاس از لطف شما مهمان محترم میزبانی از شما باعث افتخار ما بود از اینکه کلبه ی مارا قابل دونستین ممنونم به امید دیدار مجدد,2026-04-13,api
3222129,2026-04-14,5,من امتیاز کامل دادم,سپاس از لطف شما مهمان محترم میزبانی از شما باعث افتخار ما بود از اینکه کلبه ی مارا قابل دونستین ممنونم به امید دیدار مجدد,2026-04-14,api
3222129,2026-04-17,4.8,"به نظرم نظافت خوب بود، محله هم محله قشنگی بود ویو خونه از طبقه بالا عالی بود، شاید از هر نظر بشه نمره مثبتی داد تنها مشکل ما با جکوزی بود که کار میکرد فقط یه طرف فشار آب میزد ما که با کمک صابخونه نتونستیم فعالش کنیم کاش اگه سالم بود یه پرینت چاپی برای استفاده از جکوزی یه جا بزارن که مهمانان بتونن استفاده کنن،اگه خراب بود که هیچ و دستمال کاغذی هم به نظرم باید جز وسایل اصلی خونه میبود وگرنه همه چیز عالی بود
غذای محلی رو هم پیشنهاد میکنم بهتون هم خوشمزه بود هم حجم بالا هم قیمت مناسب، ما سبزی پلو با ماهی شکم پر گرفتیم انصافا خوب و خوشمزه بود",,,api
3222129,2026-04-19,4.8,از همه نظر عالی بود,,,api
3222129,2026-04-21,5,از هر لحاظ عالی بود.موقعیت مکانی و ویو عالی بود.با تشکر از خانم عزیزی,سپاس از لطف شما مهمان محترم میزبانی از شما باعث افتخار ما بود از اینکه کلبه ی مارا قابل دونستین ممنونم به امید دیدار مجدد,2026-04-21,api
3222129,2026-04-26,5,خانم عزیزی ممنونم از کلبه‌ی زیبا و تمیزتون و مهمان نوازی شما🌹 همه چیز بسیارعالی بود.,سپاس از لطف شما مهمان محترم میزبانی از شما باعث افتخار ما بود از اینکه کلبه ی مارا قابل دونستین ممنونم به امید دیدار مجدد,2026-04-26,api
3222129,2026-04-27,5,سلام خدمت عزیزان برای رزروش شک نکنین ویو عالی جکوزی عالی و محلش هم خیلی خوب بود یه مادر خیلی محترم ومهربون دارن که اابته بهشون زحمت دادیم و اینکه از محصولات ارگانیکشون حتما استفاده کنین ممنون از خانم عزیزی,سپاس از لطف شما مهمان محترم میزبانی از شما باعث افتخار ما بود از اینکه کلبه ی مارا قابل دونستین ممنونم به امید دیدار مجدد,2026-04-27,api
3222129,2026-04-29,5,همچیز عالی بود. نکات مثبتش تمیزی کلبه بعلاوه ویو فوق العاده اش بود. میزبان بسیار خوش اخلاق و محترم هستن ممنونم از میزبانیشون.,سپاس از لطف شما مهمان محترم میزبانی از شما باعث افتخار ما بود از اینکه کلبه ی مارا قابل دونستین ممنونم به امید دیدار مجدد,2026-04-29,api
3222129,2026-04-30,5,"ما دونفر بودیم دخترونه رفتیم 
خیلی عالی بود همه چی 
برخورد میزبان 
تحویل به موقع 
تمیزی 
امنیت 
مرسی که باعث شدین خاطرات قشنگی بسازیم",سپاس از لطف شما مهمان محترم میزبانی از شما باعث افتخار ما بود از اینکه کلبه مارو قابل دونستید ممنونم به امید دیدار مجدد,2026-04-30,api
3222129,2026-05-02,5,واقعا کلبه تمیز و زیبایی بود با میزبان مهربان,سپاس از لطف شما مهمان محترم میزبانی از شما باعث افتخار ما بود از اینکه کلبه ی مارا قابل دونستین ممنونم به امید دیدار مجدد,2026-05-02,api
3222129,2026-05-03,5,ویو بسیار زیبا. به شدت تمیز. بوی گل فضای ویلا رو پر کرده بود.,سپاس از لطف شما مهمان محترم میزبانی از شما باعث افتخار ما بود از اینکه کلبه ی مارا قابل دونستین ممنونم به امید دیدار مجدد,2026-05-03,api
3222129,2026-05-07,5,"منطقه ایی آروم و قشنگ 
اسکانی واقعا تمیز و مطابق مشخصات بیان شده",سپاس از لطف شما مهمان محترم میزبانی از شما باعث افتخار ما بود از اینکه کلبه ی مارا قابل دونستین ممنونم به امید دیدار مجدد,2026-05-07,api
3222129,2026-05-08,5,از همه نظر عالی، برخورد میزبان عالی، سکوت و آرامش عالی، نظافت عالی ممنون از میزبان,سپاس از لطف شما مهمان محترم میزبانی از شما باعث افتخار ما بود از اینکه کلبه مارو قابل دونستید ممنونم به امید دیدار مجدد,2026-05-08,api
3222129,2026-05-11,5,"ویلا بسیار تمیز و مرتب بود.
ویلا در روستای باصفا واقع شده که ویوی آن باغ سرسبزی است که مناسب ریلکس کردن می باشد.
خانم عزیزی و خانواده و اهالی روستا بسیار مهمان نواز و مهربان بودند.
امکان سفارش صبحانه و غذای محلی گرم و خوشمزه هم هست که واقعا آدم رو از پخت و پز و خرید راحت میکنه و سفر راحتی رو رقم میزنه.
ما واقعا از اقامتمون لذت بردیم.",سپاس از لطف شما مهمان محترم میزبانی از شما باعث افتخار ما بود از اینکه کلبه مارو قابل دونستید ممنونم به امید دیدار مجدد,2026-05-11,api
3222129,2026-05-15,5,برای بار دوم این اقامتگاه رو رزرو کردم همه چی عالی بود رفتار میزبان فوق العاده محترمانه بود ویو عالی آرامشی که داشت واقعا خوب بود حتما پیشنهاد میکنم,سپاس از لطف شما مهمان محترم میزبانی از شما باعث افتخار ما بود از اینکه کلبه مارو قابل دونستید ممنونم به امید دیدار مجدد,2026-05-15,api
3222129,2026-05-21,5,جای خوبو قشنگی بود ویو خوبی داشت و تمیز بود فقط در نظر داشته باشین جکوزی داخل واحد نیست پایینه ولی در کل عالی بود,سپاس از لطف شما مهمان محترم میزبانی از شما باعث افتخار ما بود از اینکه کلبه مارو قابل دونستید ممنونم به امید دیدار مجدد,2026-05-21,api
3222129,2026-05-25,5,"درود بر شما خانم عزیزی ، میزبانی شما بینظیر بود. اقامتگاه فوق العاده تمیز و مرتب ، یکی از زیباترین لحظه های طلوع آفتاب رو از بالکن کلبه می توان تجربه کرد و یک منظر زیبا رو بخاطر سپارد. ضمنا عرض کنم غذایی که در اقامتگاه تهیه کردیم فوق العاده بود هم از لحاظ کیفیت و هم از لحاظ اندازه .
به دوستانی که علاقه مند به یک کلبه واقع در سکوت و دارای یک منظره ی بی بدیع هستند پیشنهاد میکنم که از دست ندهند.
باز هم تشکر میکنم از میزبانی گرم شما .",سپاس از لطف شما مهمان محترم میزبانی از شما باعث افتخار ما بود از اینکه کلبه مارو قابل دونستید ممنونم به امید دیدار مجدد,2026-05-25,api
3222129,2026-05-27,5,خیلی تمیز بود,سپاس از لطف شما مهمان محترم میزبانی از شما باعث افتخار ما بود از اینکه کلبه مارو قابل دونستید ممنونم به امید دیدار مجدد,2026-05-27,api
3222129,2026-05-28,5,از مهربونی و خوش اخلاقی میزبان هر چی بگیم کم گفتیم/زیبایی محیط اطراف کلبه هم واقعا عالی بود/ تمیزی مناسب / نزدیکی به سوپرمارکت / جکوزی سالم و بزرگ و تمیز ، فقط باید بدونید که جدا از واحد اقامتی هست یعنی طبقه همکف پشت پارکینگ جکوزی هست بالا خود ویلاست که اونم دو طبقه است طبقه اول تلویزیون و‌ مبل و ظرفشویی و میز ناهارخوری و دستشویی حمام و طبقه بالا تخت خواب و یه بالکن حال خوب کن کم نظیر و دارای نمای فوق العاده زیبا / غذایی که خود میزبان پیشنهاد دادن و‌ از آشپز محلی تهیه کردیم عالی بود و با کیفیت و حجم خیلی زیاد هم ماهی عالی بود هم اردک شکم پر/ ممنون از سرکار خانم عزیزی که تو همه ساعات اقامت مون پاسخگو بودن و برخورد محترمانه ای با اذیت ها و‌ سختگیری های ما داشتن,سپاس از لطف شما مهمان محترم میزبانی از شما باعث افتخار ما بود از اینکه کلبه مارو قابل دونستید ممنونم به امید دیدار مجدد,2026-05-28,api
3222129,2026-05-30,4.8,"همه چی عالی بود، بسیار تمیز و مرتب
ویوی خیلی خوب، همچنین قیمت مناسب.
حتما در سفرهای بعدی، انتخابمون هست.
ممنون از میزبان برای تمیزی و نظافت، به نظرم این کار احترام به مسافر هست.",,,api
3222129,2026-06-06,5,"ممنون از میزبانی ما که راضی بودیم
تمیز بود اقامتگاه 
منظره خوبی داشت",سپاس از لطف شما مهمان محترم میزبانی از شما باعث افتخار ما بود از اینکه کلبه مارو قابل دونستید ممنونم به امید دیدار مجدد,2026-06-06,api
3222129,2026-06-09,5,ممنون از خانم عزیزی عزیز. اقامتگاه تمیز و با صفایی بود. محیط و محله خیلی آرومی داشت .,سپاس از لطف شما مهمان محترم میزبانی از شما باعث افتخار ما بود از اینکه کلبه مارو قابل دونستید ممنونم به امید دیدار مجدد,2026-06-09,api
3222129,2026-06-16,5,همه چیز خوب و‌مطابق عکسها ، حتما باز هم میام,سپاس از لطف شما مهمان محترم میزبانی از شما باعث افتخار ما بود از اینکه کلبه مارو قابل دونستید ممنونم به امید دیدار مجدد,2026-06-16,api
3222129,2026-06-25,4.5,منظره و امکانات و نظافت خوب بود، فقط کولر کامل خنک نمیکرد و چندین ساعت از اقامت در گرمای شبیه به سونا خشک گذشت تا بهش رسیدگی بشه که باز هم مشکلش به طور کامل رفع نشد، حشرات هم به شدت در فصل گرما در این منطقه زیاده و فقط در روز میشه از بالکن استفاده کرد,سلام وقت بخیر.تنظیمات کولر دستکاری کردی گذاشتی رو گرما حتی تعمیرکار آمد درست کرد.در باز کردین شب پشه آمد حتی حشره کش هم داخل کلبه بود استفاده کردین .الان من تهران ویلا اجاره کردم داخل ویلا مگس هستش.برخورد میزبان چندبار تماس گرفتین با احترام جواب شما دادم حتی برای پیگیری خودم آمدم پیشتتون بهتون بی احترامی نکردم هزاربار با سایت تماس گرفتین لطفااا نظر بد ندین مکان اقامتگاه ستاره کم کردی کاملا روستا آسفالت هستش بالا تپه هم نیست اذیت بشین.قیمت شما آف آمدین.کلبه جکوزی دار قیمت زیر 2500نیست خیلی قیمت کم میکنم حتی یک خردی زیاد هستش,2026-06-25,api
3222129,2026-06-29,5,از نظر نظافت خیلی خوب بود ، تراس اتاق خواب ویو عالییی داره جای دنج و قشنگیه حتما پیشنهاد میکنم بهتون,سپاس از لطف شما مهمان محترم میزبانی از شما باعث افتخار ما بود از اینکه کلبه مارو قابل دونستید ممنونم به امید دیدار مجدد,2026-06-29,api
3222129,2026-07-05,4.8,انصافا تمیز بود . میزبان بی نهایت مهربان و همدل .  از انتخابم راضی بودم,سپاس از لطف شما مهمان محترم میزبانی از شما باعث افتخار ما بود از اینکه کلبه مارو قابل دونستید ممنونم مکان اقامتگاه هم اوکی بود شما کوچه اشتباهی رفتین حتی تماس گرفتین آدرس دقیق دادم راننده اسنپ شما بد متوجه شدبه امید دیدار مجدد,2026-07-05,api
3222129,2026-07-07,5,سلام از نظر لوکیشن بسیار جای خوبی هست و عکس های داخل سایت کاملا درست است و بالکن طبقه دوم ویو خیلی خوبی داره و مکان بسیار تمیز و حشرات ندارد . رفتار و راهنمایی های میزبان بابت اینکه هرنوع کمکی از دستش بر بیاد انجام میده و اعتماد خوبی ایجاد میکنه و بنده پیشنهاد میکنم ب دوستان حتما جزو انتخاب هاشون باشه,سپاس از لطف شما مهمان محترم میزبانی از شما باعث افتخار ما بود از اینکه کلبه مارو قابل دونستید ممنونم به امید دیدار مجدد,2026-07-07,api
3222129,2026-07-09,5,عالی,سپاس از لطف شما مهمان محترم میزبانی از شما باعث افتخار ما بود از اینکه کلبه مارو قابل دونستید ممنونم به امید دیدار مجدد,2026-07-09,api
3222129,2026-07-19,4.5,"با تشکر از سرکار خانم عزیزی.کاملا مطابق عکس ها و تمیز و لوازم کامل شامل اسپیکر و ظروف و... بود.
فقطاین نکته را لازم دونستم که پیشنهاد کنم صندلی های تراس بالا تعمیر شوند چون مستهلک شده اند و اینکه اگر یک منقل در تراس بالا تعبیه شود و  نکات ایمنی مربوطه رعایت شود بسیار عالی میشود.
در کل جای خلوت و دوست داشتنی برای استراحت و ریلکسی بود و توی دید همسایگان و تردد نبود.
تشکر",,,api
3222129,2026-07-28,2.3,خونه‌ی خوبی بود در کل اما متاسفانه ما یکساعت و نبم معطل شدیم تو اوج گرما وقتی رسیدیم خونه چون کولر درست نبود و میزبان میتونست یک روز زودتر و یا از صبح زود همون روز حداقل ، اقدام به درست کردنش کنه که تا ما رسیدیم علاف نشیم.‌نکته دوم اینکه در اون‌محله و روستا یک سطح زباله حتی نداشت و درک میکنم ربطی به میزبان نداشت اما برای مایی که اقامت چند شبه داشتیم و زباله های زیادی داشتیم برای جابه جایی اونها به مشکلات  زیادی خوردیم و دلپسند نبود.,,,api
3222129,2026-08-01,5,با سلام همه‌چی خیلی عالی بود هم  ویلا تمیزو مرتب بود هم خانوم میزبان بسیار خوش اخلاق و مهربان بودند,,,api
3222129,2026-08-07,5,سلام 2 روز رزرو کردیم خیلی خوش گذشت نقلی و تمیز,,,api
3222129,2026-08-11,5,"عالی از هر لحاظ
دلباز تمیز
خوش برخورد",,,api
3222129,2026-08-12,5,"از همه نظر عالی بود واقعا 
بسیار ویو و سکوت زیبایی داشت 
نظافت بی نهایت عالی 
برخورد میزبان بسیار عالی 
ما لذت بردیم واقعا 
جکوزی داغ و تمیز 
بدون شک مجددا انتخابش میکنیم",,,api
3222129,2026-08-13,5,من امتیاز کامل دادم,,,api
3222129,2026-08-16,5,من امتیاز کامل دادم,,,api
3222129,2026-08-20,5,من امتیاز کامل دادم,,,api
3222129,2026-08-22,4.7,سپاس از خانم عزیزی و مادر گرامی ایشان ، به دلیل پله برای سالمندان مناسب نیست ، برای خنک شدن اقامتگاه در ابتدای ورود یکم صبور باشید 😁 ، فضای پارک برای یک خودرو فراهم بود .,,,api
3222129,2026-08-23,5,"خانوم عزیزی ممنون ازتون همه چیز مرتب و تمیز بود
خوشحالم از از آشنایی با شما",,,api
3222129,2026-08-24,4,دو شب اقامت داشتیم و در کل راضی بودیم عکسها مطابقت داشتن، منظره واقعا قشنگ بود و اینکه دارای پارکینگ بود مزیت خوبی بود برای امنیت ماشین، ولی نظافت میتونست خیلی بهتر باشه مخصوصا اون پرده جدا کننده بین سرویس بهداشتی که پر از کپک و فوق العاده کثیف بود، شبها هم اصلا نمیشد از تراس ها استفاده کرد در این فصل چون پشه امون نمیداد.,,,api
3222129,2026-08-27,5,همه چیز‌خوب و عالی ممنون از میزبان محترم,,,api
3222129,2026-08-29,4.8,مکانی بکر،آرام و زیبا,,,api
3222129,2026-09-01,5,"بسیار مهمان نواز و خیلی جای مرتب و تمیزی بود 
به نظرم از لحاظ قیمت و امکانات ویلا بسیار مناسب و خوبیه برای اخر هفته 
ممنون از خانم عزیزی",,,api
3222129,2026-09-03,5,همه چی مخصوصا ویو قشنگ تر از عکساست برای فرار از شلوغی شهر بهترین جاست به شدت پیشنهاد میکنم از لحاظ تمیز و تکمیل بودن هم همه چی عالی بود ممنون از میزبان عزیز🙏🏻,,,api
3222143,2025-10-19,5,همه چی خوب بود با تشکر از میزبان,سلام و احترام و تشکر فراوان از مهمان بزرگوارم و باعث افتخارم بود که میزبانتون باشم,2025-10-19,api
3222143,2025-10-21,5,"همه چیز عالی بود
غذای محلی که فرشته خانم زحمت کشیدن عالی بود
اقامتگاه تمیز و بسیار دنج بود",سلام و احترام و تشکر فراوان از مهمان بزرگوارم و باعث افتخارم بود میزبان تون باشم,2025-10-21,api
3222143,2025-10-27,5,نظافت واحد خوب بود و میزبانی محترم و پاسخگو بود.,سلام و درود و تشکر فراوان از مهمان بزرگوارم 🙏🌺,2025-10-27,api
3222143,2025-10-28,5,بی نظیر بوده حتی از عکساش هم بهتره,سلام و احترام و تشکر فراوان از مهمان عزیزم مریم جون که افتخاره اینو دارم که برای چندمین بار میزبانتون باشم در اقامتگاهم و همیشه سلامت و موفق باشین,2025-10-28,api
3222143,2025-11-04,5,کلبه ارزنده ای بود پاکیزگی و رفتار میزبان خوب و مورد تایید بود کاملا رضایت داشتیم.,سلام و احترام و تشکر فراوان از مهمان عزیزم و باعث افتخارم بود که میزبان تون در اقامتگاهم باشم,2025-11-04,api
3222143,2025-11-09,5,مثل عکسا با ویو جنگل... راضی بودیم,سلام و احترام و تشکر فراوان از مهمان عزیزم و باعث افتخارم بود که میزبان تون باشم,2025-11-09,api
3222143,2025-11-13,5,همه چی مخصوصا منظره و محوطه عالی بود,سلام و احترام و تشکر فراوان از مهمان عزیزم و باعث افتخارم بود میزبان تون باشم,2025-11-13,api
3222143,2025-11-15,4.8,"همه چی عالی بود
ممنون از میزبان عزیز بابت مهمان‌نوازی و دست‌پخت عالیشون",سلام و احترام و تشکر فراوان از مهمان عزیزم و باعث افتخارم بود میزبان تون باشم,2025-11-15,api
3222143,2025-11-20,5,"کلبه واقعا تمیز بود
مسیر رسیدن به کلبه اوکی بود و اصلا اذیت نشدیم 
حمام آب گرم داشت
اب اشامیدنی بود
اسپیلت برای گرمایش خیلی خوب بود
ما‌دوتا دختر بودیم و از نظر امنیت عالی بود
جنگل بکر بود برخورد میزبان عالی بود
خیلی خیلی بهمون خوش گذشت ما بازهم مهمان فرشته جون خواهیم بود دراینده:)))",سلام و احترام و تشکر فراوان از سبا جون مهمان عزیزم که باعث افتخارم بود میزبان شما خوبان در اقامتگاهم باشم و به امید دیدار شما دختران عزیزم سرزمینم و دلتنگ شما هستم همیشه و دعا میکنم همیشه سلامت و موفق باشین,2025-11-20,api
3222143,2025-11-22,4.8,نقلی و بامزه و خوب,سلام و احترام و تشکر فراوان از مهمانان عزیزم و باعث افتخارم بود میزبان تون باشم,2025-11-22,api
3222143,2025-11-23,5,"همه چیز عالییی محیط امن ویو به شدت قشنگ کلبه خیلی تمیز 
دست پخت خیلی خوشمزه ای هم داشتن که پیشنهاد میشه حتما از غذاهاشون بگیرید 
از همه مهمتر رفتار میزبان فرشته خانم خیلی خوب و محترمانه و صمیمی  بود 
خیلی خیلی پیشنهاد میشه",سلام و احترام و تشکر فراوان از مهمان عزیز و بزرگوارم که باعث افتخارم بود میزبان تون باشم و خیلی خیلی ممنونم که باحمایت های خالصانه تان از محصولات و غذاهای محلی و ارگانیک عشایر و باعث دلگرمی و انرژی بیشتر بنده برای شغلم هست و وجود شما خوبان در اقامتگاه جنگلی در محیط عشایری بسیار باارزش هست و پدرمادر عزیزم هر وقت شما خوبان رو میبینند که مهمان ما هستین خیلی خیلی خوشحال میشن و ممنونم که وجود پر مهرتون همیشه من و خانواده عزیزم رو خوشحال میکنین همیشه سلامت و موفق باشین  دوستدار همیشگی شما عزیزان🙏,2025-11-23,api
3222143,2025-12-23,5,"سلام ممنونم از میزبان خوب
 لوکیشن کاملا بکر
 کلبه واقعا دو نفرس طبیعت عالی 
شیر محلی و تخم مرغ محلی برامون آوردن و واقعا عالی بود",سلام و احترام فرواون از مهمان عزیزم و باعث افتخارم بود میزبان تون در اقامتگاهم باشم و همیشه سلامت و موفق باشین و ممنونم از حمایت هاتون از محصولات ارگانیک و محلی عشایر,2025-12-23,api
3222143,2025-12-31,5,یه کلبه ی نقلی قشنگ و تمیز و خوش ویو 😍کلا همه چی عالی بود و ما خیلی راضی بودیم ، مخصوصا دستپخت بی نظیر میزبان 👌از همینجا از فرشته خانوم گل که بسیار مهربون و مهمون نواز بودن تشکر و قدردانی میکنیم 🙏,سلام و احترام و تشکر فراوان از مهمان عزیزم و باعث افتخارم بود که میزبان تون باشم و خیلی خیلی ممنونم از حمایت های بیکران تون از مجموعه من و غذاهای محلی و محصولات ارگانیک جنگلی عشایر و باعث دلگرمی و انرژی بیشتر بنده برای شغلم هست,2025-12-31,api
3222143,2026-01-27,5,"انصافا امتیاز کامل از هر لحاظ.
به جرئت یکی از بهترین اقامتگاههای دنج و خلوت در دل جنگل با ویو بسیار زیبا
کلبه نقلی و تمیز که بهترین هست برای روزها و شبهای دونفره.
با میزبانی عالی ، محترمانه و دلسوزانه خانم فرشته که پر از حس خوب هست و راحتی رو کامل به شما هدیه میکنن.
خلاصه اگر دنبال جایی برای خاطره سازی هستین شک نکنید",سلام و احترام و تشکر فراوان از مهمان عزیز و بزرگوارم که باعث افتخارم بود میزبان تون باشم و خیلی خیلی ممنونم از نگاه خوبتون و حسن نظردهی تون برای اقامتگاهم که باعث دلگرمی و انرژی بیشتر بنده برای شغلم هست و ممنونم از حمایت های بیکران و صادقانه مهمانان عزیزم از خانواده عشایر با رزرو کلبه های جنگلی و غذاهای ارگانیک و محلی و محصولات محلی عشایرها و سپاس فراوان از مهمان های عزیزم,2026-01-27,api
3222143,2026-02-04,4.7,میزبان خانم بسیار محترم بودند و اقامتگاه هم چیزی که اعلام کردند بود جای دنج و دور از هیاهو,سلام و احترام و تشکر فراوان از مهمان عزیز و بزرگوارم و باعث افتخارم بود که میزبان تون باشم,2026-02-04,api
3222143,2026-02-11,5,واقعآ جای خوب دور از سروصدا و میزبان فوق العاده مهربان و خوش برخورد حتمآ غذایی محلی سفارش بدید,سلام و ارادت و تشکر فراوان از مهمان عزیز و بزرگوارم و باعث افتخارم بود میزبان تون باشم و ممنونم از نگاه خوبتون نسبت به اقامتگاهم . همیشه سلامت و موفق باشین,2026-02-11,api
3222143,2026-02-17,5,"یه کلبه ی نقلی و کوچولو تو دل جنگل بدون هیچ سر و صدایی 
بوی تمیزی میداد 
فرشته خانم فوقالعاده خانم مهربون و خوش برخوردی بودن  
قطعا میهمان ثابتشون هستیم 
 حیف که دیر رسیدیم و فرصت نبود از دست پختشون  فیض ببریم",سلام و احترام و تشکر فرواون از مهمان عزیزم و باعث افتخارم بود میزبان تون باشم و ممنونم از نگاه خوبتون و همیشه سلامت و موفق باشین,2026-02-17,api
3222143,2026-03-01,5,"کلا 5 ستاره از همه نظر 💯💯 لوکیشن ،چشم انداز،, میزبانی، تمیزی، قیمت ،  و.........واقعا بدون کم و کسری و بدون ایراد سفر ما سپری شد ممنون و سپاسگزارم از میزبان محترم و در رزرو این ویلا شک نکنید🙏🙏🌺",سلام و احترام و تشکر فراوان از مهمان عزیز و بزرگوارم و باعث افتخارم بود میزبان تون باشم و خیلی خیلی ممنونم از حسن نظردهی تون و نگاه خوبتون که باعث دلگرمی و انرژی بیشتر بنده در شغلم باشه ممنونم ازتون,2026-03-01,api
3222143,2026-03-16,5,همه چیز واقعا عالی بود,سلام و احترام و تشکر فراوان از مهمان عزیز و بزرگوارم و باعث افتخارم بود میزبان شما خوبان در اقامتگاهم باشم,2026-03-16,api
3222143,2026-03-24,5,خوش منظره بود پیشنهاد میشه,سلام و ارادت و تشکر فراوان از مهمان عزیزم و باعث افتخارم بود میزبان تون باشم,2026-03-24,api
3222143,2026-03-26,5,"موقعیت مکانی کلبه عالی
دستپخت و غذاهای فرشته خانم رو از دست ندین بهتر از هر رستورانی واقعا فوق العادست
تمیزی و نظافت خیلی خوب
در کل اگر دنبال چند روز آرامش و خوردن غذاهای محلی خوشمزه و باکیفیت و دور از هرگونه دود و ترافیک و ریلکس کردن هستین یکی از بهترین انتخابها این کلبه است و هیچ گونه نقصی نداره",سلام و احترام و تشکر فراوان از مهمان عزیز و بزرگوارم و باعث افتخارم بود میزبان شما خوبان در اقامتگاهم باشم و خیلی خیلی ممنونم از نگاه خوبتون و حسن نظردهی تون برای اقامتگاهم و باعث دلگرمی بنده برای شغلم هست همیشه سلامت و موفق باشین,2026-03-26,api
3222143,2026-03-30,5,من امتیاز کامل دادم,سلام و احترام و تشکر فراوان از مهمان عزیزم,2026-03-30,api
3222143,2026-04-04,5,من امتیاز کامل دادم,سلام و احترام و تشکر فراوان از مهمان عزیزم,2026-04-04,api
3222143,2026-04-06,5,همه چیز عالی بود، میزبانی خانم حاجی تبار درجه یک، اقامتگاه تمیز با ویوی و جای فوق العاده و آروم بود، خلاصه اگه میخوایید ریلکس کنید و لذت ببرید حتما برید,سلام و احترام و تشکر فراوان از مهمان عزیزو بزرگوارم باعث افتخارم بود میزبان تون باشم و وجود پرمهر مهمانان عزیز باعث دلگرمی و انرژی بیشتر بنده در شغلم هست همیشه سلامت و موفق باشین,2026-04-06,api
3222143,2026-04-17,5,باسلام..مجموعه خانم حاجی تبار قطعه ای از بهشته..میزبانی عالی با دستپخت بسیار حرفه ای وسنتی باب دل هر ایرانی..حتما از محصولات ارگانیکشونم استفاده کنید محیط امن و بکر با چشم اندازی ابدی و بهشتی..,سلام و ارادت و تشکر فراوان از مهمان عزیز و بزرگوارم و باعث افتخارم هست که میزبان تون در اقامتگاهم هستم 🙏🌺,2026-04-17,api
3222143,2026-04-23,5,"اگر دنبال یه فضای بکر همراه با ارامش هستید حتما این اقامتگاه رو در الویت بزارید
یه کلبه نقلی وسط جنگل همراه با: هوای دلپذیر، صدای پرنده ها، غذای ارگانیک، میزبان خوش برخورد و …
راستی چندتا سگ نگهبان با وفا هم هستن که هر زمان خواستی بری تو جنگل برای پیاده روی، یک لحظه تنهات نمیزارن و مراقبت هستن😍🦮",سلام و احترام فراوان و تشکر از مهمان عزیزم و باعث افتخارم بود میزبانتون باشم و ممنونم از حسن نظردهی صادقانه تون برای اقامتگاهم و وجود شما مهمانان عزیز در اقامتگام باعث دلگرمی من هست همیشه,2026-04-23,api
3222143,2026-04-29,5,کلبه نقلی و تمیز و در بهترین موقعیت مکانی ، واقعا همه چیزش کامل بود ، رفتار میزبان بسیار حرفه ای بود، از نظر مهمانوازی ، غذاهای سرو شده بازم امتیاز کامل میدم . ولی از محیط هرچی بگم کم گفته ، واقعا طبق شعار خودشون «در زمین توی بهشت قدم بزن » کلبه وسط جنگل دور از هرگونه صدا ( اتومبیل ، موتور و حتا اره برقی که در هرجایی از شمال صداش میاد) قرار داره ، سکوت و بودن در طبیعت یک نعمت بود که ما دو شب و نصف روز تجربه کردیم ❤️❤️ ممنونم از فرشته خانم زنده باشید و سلامت ، باز هم حتمااا میاییم,سلام و احترام و تشکر فراوان از مهمان عزیز و بزرگوارم و باعث افتخارم بود میزباتون باشم و وجود شما عزیزان برای من باارزش ترینه و دوستتون دارم ❤😊🙏,2026-04-29,api
3222143,2026-05-01,5,من امتیاز کامل دادم,سلام و ارادت و تشکر فراوان از مهمان عزیز و بزرگوارم,2026-05-01,api
3222143,2026-05-03,5,من امتیاز کامل دادم,سلام و ارادت و تشکر فراوان از مهمان عزیز و بزرگوارم,2026-05-03,api
3222143,2026-05-09,5,"محیط عالی و تمیز 
برخورد عالی",سلام و احترام فراوان به مهمان عزیزم و باعث افتخارم بود که میزبانتون باشم,2026-05-09,api
3222143,2026-05-11,4.8,"منظره زیبا
ویوی عالی
مناسب دو نفر
سپاس از میزبان
مسیر زیبا و روح بخش",سلام و احترام و تشکر از مهمان عزیزم,2026-05-11,api
3222143,2026-05-14,4.7,"یه کلبه نقلی دو نفره با ویو چشم نواز جنگل و رفتار بسیار خوب میزبان .
 تنها نکته منفی ،اتاق خواب در طبقه بالا با شیب پله خیلی کاربردی نیست ،مخصوصا برای کسانی که نصف شب به دستشویی میرن و گرم هست.",سلام و ارادت و تشکر فراوان از مهمان عزیز و بزرگوارم و باعث افتخارم بود میزبانتون باشم و خیلی خیلی ممنونم از نظردهی تون برای اقامتگاهم و حق باشماست که پله ها کمی شیب دارن اما واقعا شیب انچنانی نداره که بخاد اذیت کننده باشه و چون شما گفته بودین پاهاتون درد میکنه برای شما یکم سخت بود ولی در کل مشکلی نداره و همیشه آرزوی سلامتی و موفقیت دارم 🙏🌺😊,2026-05-14,api
3222143,2026-05-16,4.7,"خیلی فضای آرام و دنجی داره
وافعا عالیه",سلام و احترام فراوان به مهمان عزیزم باعث افتخارم هست میزبان تون هستم و وجود شما همیشه برای من باارزش ترینه و بی نهایت دوسدار شما هستم,2026-05-16,api
3222143,2026-05-31,5,این سومین باره که اینجا میایم هم خود میزبان فرشته خانوم انقدر خوش برخوردن هم لوکیشن جاشون انقدر فوق العادست که ما دیگه تو این منطقه جای دیگه نمیریم واسع ریلکس کردن عالیه خونه بسیار تمیز و مجهزه همه چی هست اگرم نداشته باشه به خودشون بگین بلافاصله براتون میارن در کل به نظر من در بهترین لوکیشن شیرگاهه,سلام و ارادت و احترام فراوان به مهمان عزیز و بزرگوارم و باعث افتخارم هست که همیشه میزبان تون در اقامتگاهم هستم و برای من قطعا بسیار باارزش هستن مهمانان عزیزم  و همیشه سلامت و موفق باشین 🌺🌺,2026-05-31,api
3222143,2026-06-02,5,"یه مکان بکر و عالی تو دل جنگل میخوای حتما اینجارو حتما امتحان کن
نقلی،تمیز،دنج
برخورد میزبان بینظیر 
از غذاهای خودشون حتما امتحان کنید مخصوصا سبزی پلو با ماهی 
هرساعتی تماس بگیرید و هرکاری داشته باشید میزبان دریغ نمی کنه
سگ های نگهبان یه حس ارامش و امنیت خوبی بهتون میدن
خلاصه که ما همه جوره راضی بودیم",سلام و احترام فراوان به مهمان عزیزم و باعث افتخارم بود میزبان تون باشم و ممنونم از حسن نظردهی صادقانه تون بابت کلبه ام . من همیشه تلاشم رو میکنم که ذره ای برای مهمانانم کوتاهی پیش نیاد و برای من بسیار باارزش هستن🙏🌺,2026-06-02,api
3222143,2026-06-08,4.5,واقعا مکان بکر و خوبیه و جون میده برای ریلکس کردن. میزبان هم فوق العاده خانوم خوش برخوردی بودن با دستپخت بینظیر پیشنهاد میکنم سبزی پلو با ماهی شون رو امتحان کنید.فاصله کلبه تا روستا برای خرید مایحتاج تقریبا ده دقیقه تو جاده خاکیه که بنظرم قبلش هرچی لازم دارین بخرین. از نظر نظافت میتونست بهتر باشه فرش کثیف بود و نیاز به شستشو داشت و کنار پنجره کلی مورچه بالدار مرده افتاده بود که بنظرم بهتر بود تمیز میشد. شبا از یه ساعتی مورچه بالدارا میان دور چراغای کلبه و نمیشه بیرون موند چون خیلی تعدادشون زیاده اما میزبان گفتن تا 10ال11میرن. اما اگه بارون بیاد مورچه ها نمیان.,سلام و احترام فراوان به مهمان عزیز و بزرگوارم که باعث افتخارم بود میزبان تون باشم و خیلی خیلی ممنونم از نظردهی خوبتون برای اقامتگاهم و ممنونم از توضیحی که دادین، بابت تمیزی فرش کلبه که باید بگم فرش کلبه  کاملا تمیزه و هیچ کثیفی نداره واقعا . اخه رنگش بخاطر ست شدن با رنگ پرده ها و رنگ لامپ ها شاید اینطور به نظر میرسید ولی خیالتون راحت بابت تمیز بودنش و بابت پشه ها بالدار یا مورچه بالدار که بگم این یه چیز عادی توی این فصل در شمال هست و من همیشه همکاری با مهمان عزیزم دارم که یوقت اذیت نشن و بابت مورچه مرده بالدار کنار پنجره باید بگم وقتی چراغ کلبه روشن باشه و در هم باشه میان کنار پنجره و اونجا میمیرن دیگ . این من مقصر من نیستم و مربوط به تمیزی نیست این رو باید مهمان عزیزم رعایت کنن و در رو باز نزارن وگرن بایت تمیزی اصلا امکان نداره من ذره ای کوتاهی کنم چون من عاشق کلبه هام هستم 🤗🤗,2026-06-08,api
3222143,2026-06-10,5,ویو کلبه رویایی بود. جون میده توی بالکن بشینی و با منظره کوه و جنگل چای بخوری. نظافت همه چیز به خوبی رعایت شده بود. ما سبزی پلو با ماهی سفارش دادیم که خیلی با کیفیت بود و با یه سینی بزرگ از دورچین های مختلف سرو شد که عالی بود. پیشنهاد میکنم رفتید از غذاها هم لذت ببرید 👌,سلام و احترام فراوان به مهمان عزیز و بزرگوارم باعث افتخارم بود میزبان تون باشم و وجود شما مهمان عزیز باعث دلگرمی و انرژی برای من هست که بتونم در کارم بیشتر موفق باشم و اقامتگاهم از کیفیت بالایی برخودار باشه 🙏🌺,2026-06-10,api
3222143,2026-06-11,5,من امتیاز کامل دادم,سلام و احترام فراوان به مهمان عزیز و بزرگوارم و باعث افتخارم بود میزبان تون باشم به امید دیدار مجدد 🙏🌺,2026-06-11,api
3222143,2026-06-19,5,"من و همسرم خیلی دوس داشتیم ، هم لوکیشن هم خونه رو ...
رفتار میزبان خوب و مادبانه بود 
تنها مشکلی ک من داشتم این بود ک پارکینگ داخل محیط نبود 
و فاصله ماشین تا خونه یکم برام زیاد بود 
با تشکر 🙏🏻🌸",سلام و احترام و تشکر فراوان از مهمان عزیزم و ممنونم از نگاه خوبتون به اقامتگاهم . پارکینگ تا کلبه کمتر از 15 متر فاصله داره و همه ماشین ها اونجا قرار می‌گیرن و خداروشکر هیچ مشکلی هم نبود,2026-06-19,api
3222143,2026-06-23,5,همه چی فوق العاده بود دقیقا تو بهشت بودیم.میزبان هم عالی بود ما از همه خیلی راضی بودیم,سلام و ارادت و تشکر فراوان از مهمان عزیزم و خداروشکر که راضی بودین,2026-06-23,api
3222143,2026-06-26,5,عالی بود.,سلام و احترام و ممنونم از شما مهمان عزیز و بزرگوارم,2026-06-26,api
3222143,2026-07-01,5,میزبان که عالی بودن بسیار خوش برخورد، مهربون،محترم و کدبانو . کلبه هم خیلی خوشگل و تمیز بود و جای بسیار دنج و زیبایی بود ، واقعا لذت بردیم .,سلام و احترام پریا جان مهمان عزیزم خیلی خوشحال شدم که میزبانت بودم و ممنونم از نگاه خوبت به اقامتگاهم و همیشه سلامت و موفق باشی,2026-07-01,api
3222143,2026-07-02,5,من امتیاز کامل دادم,,,api
3222143,2026-07-05,5,"امتیاز کامل دادم منطقه بکر و زیبا
کلبه کوچک و نقلی مستقل و دیزاین زیبا و با سلیقه
از لحاظ نظافت هم درجه یک ایرادی نمی‌تونید بگیرید
میزبان هم بسیار خوش برخورد با دست‌پخت عالی و محصولات ارگانیک دامداری خودشون /می‌خواستیم بیشتر بمونیم ولی کلبه رزرو شده بود انشاله فصل پاییز بازم میریم",سلام و درود و تشکر فراوان از مهمان عزیز و بزرگوارم و باعث افتخارم بود میزبان تون باشم🙏🌺,2026-07-05,api
3222143,2026-07-22,4.7,در کل واحد خوب و تمیزی بود. ولی با توجه به متراژ کم و امکاناتش قیمت یه مقداری بالا بود و میتونست نرخ پایین تر هم باشه,سلام و ارادت و تشکر فراوان از مهمان عزیز و بزرگوارم و باعث افتخارم بود میزبان تون باشم و ممنونم که نظرتون رو گفتین، بابت هزینه اقامتگاهم باید بگم که من به نسبت همکاران خودم خیلی قیمت پایین میگم و کلبه ام همه امکانات رو داره و متراژ هم برای دو نفر اصلا کوچیک نیست و کلبه ام داخل روستا و شلوغی نیست و توی دل جنگل هست که خودش یه امتیاز هست ، ایکاش همیشه صداقت رو در کار و زندگیمون داشته باشیم، بازم ممنونم از مهمان عزیزم,2026-07-22,api
3222143,2026-07-29,5,میزبانش بسیار مهمان پذیر بود و اقامتگاهشون تمیز بود,سلام و ارادت و تشکر فراوان از مهمان عزیزم و باعث افتخارم بود میزبان تون باشم و ممنونم نگاه خوبتون به اقامتگاهم . همیشه سلامت باشین,2026-07-29,api
3222143,2026-08-06,5,"همه چیز عالی بود ، نظافت و بهداشت عالی و لوکیشن زیبا ، و برخورد فوق العاده میربان 
ممنونم از فرشته خانم ، امیداورم مجدد ببینیمتون 🌹",,,api
3222143,2026-08-10,5,"ضمن تشکر از میزبان محترم بابت انصاف و اخلاق خوبشون،
نحوه ساخت و موقعیت مکانی کلبه عالیه....
بدون هیچگونه آلودگی صوتی و یا حتی تصویری فقط جنگل به چشم میاد🤩",,,api
3222143,2026-08-11,3.5,فرش قرمز رنگی که تمیزو کثیفش معلوم نیست وسط کلبه انداخته شده بود که ما دلمون نیومد روش ملحفه انداختیم، اتاق بالا اسپیلت نداشت که همون پایین کف کلبه خوابیدیم دسترسی مسیرش یکم سخت بود ولی در کل خوب بود اما جاداشت ارزونتر باشه,,,api
3222143,2026-08-14,4.8,اقامت خیلی خوبی داشتیم. لوکیشن کلبه واقعا فوق‌العاده و زیبا بودفضای اطرافش آرامش خاصی داشت. خود کلبه هم بسیار زیبا، تمیز و با سلیقه طراحی شده بود و از نظر فضای داخلی خیلی دوست‌داشتنی بود. تنها نکته‌ای که به نظرم می‌رسه اگر اصلاح بشه، جای سینک ظرفشویی هست؛موقعیتش طوری بود که استفاده از آن کمی سخت می‌شد و بعد از مدتی کمر درد می‌گرفت. اگر این مورد تغییر کنه، اقامتگاه واقعا می‌تونه تجربه خیلی کامل‌تری برای مهمان‌ها داشته باشه. در مجموع از انتخاب این کلبه راضی بودیم و لوکیشن و طراحی زیبای آن از نقاط قوت اصلیش بودمطمئنا دوباره برمیگردم,,,api
3224873,2025-08-30,5,خیلی ممنون از آقای عابدی عزیز و همسر محترمشان کلبه واقعا تمیز بود و حس خونه خودمون رو داشتیم انشالله در سال‌های بعد قسمت بشه دوباره خدمتشون برسیم,سپاس از لطف و محبت شما 🙏انشالله بازم افتخار میزبانی از شما رو داشته باشیم 🌱شاد و تندرست باشید 🌱,2025-08-30,api
3224873,2025-08-31,5,محیط ارام بدون صدا و امن وسط جنگل . کلبه تمیز بود . از میزبان تشکر میکنم خیلی به ما لطف داشتند حتی نان هم برای صبحانه برامون اوردن .,سپاسگذارم از لطف و محبت شما،به امید دیدار مجدد  ،شاد و تندرست باشید,2025-08-31,api
3224873,2025-09-01,5,"نمیدونم چی بگم که در وصف انسانیت، سخاوت، تمیزی،زیبایی مجموعه و خانواده‌ی محترم کم نگفته باشم!همه چیز در کمال زیبایی و تمیزی بود.بقدری سخاوتمند هستند که برای ما که دو نفر بودیم پنج عدد نان رایگان بسیار لذیذ زحمت کشیدن پختن و راس ساعتی که از
خودمون پرسیده بودن آوردن. قیمت این اقامتگاه با این حجم از امکانات و ویو حداقل دو برابر این قیمت باید باشه ولی مبلغی بسیار بسیار منصفانه دریافت کردن که امیدوارم ریال به ریالشو جز به شادی خرج نکنن!بدون ذره‌ای تردید اینجارو رزرو کنید و از اقامتتون لذت ببرید.در بین بالغ بر 
سی ویلایی که رفتم بهترین جایی بود که رزرو کرده بودیم.بقدری عزیز و سخاوتمند هستند که دخترخانوم کوچولوشون به ما تعارف چیدن میوه‌ی به از درخت رو زدن. انرژی مثبت و عشق در این ویلا موج میزنه و انگار خونه‌ی خودته.هر چی که نیاز داشته باشید در بهترین صورت اونجا هست و قبل از رسیدن با پیامی پر مهر از شما استقبال میشود. در یک کلام این مجموعه بینظیر و سپاسگزار تمامی زحماتشون هستم.",خالصانه از شما تشکر میکنم برای ثبت نظر مثبت و خوبتون🙏انشاالله همیشه حال دلتون خوش و تنتون سلامت باشه🌱و شما خیلی به ما لطف داشتین و کلمات نمیتونن محبت شما رو آنچه که هست بیان کنند،به امید دیدار دوباره شما 🌱,2025-09-01,api
3224873,2025-09-04,5,"اخلاق میزبان عالی.ویو عالی.تمیزی عالی.با توجه به اینکه مسیر دسترسی به نانوایی و سوپر مارکت دور بود خانمشون برامون نان پختن و تخم مرغ بومی هم آوردن.قبل از رفتن همه ی مایحتاج خود رو خرید کنید.اینترنت خیلی  خیلی ضعیف بود ولی در کل اگر دنبال یه جای دنج و دور از شلوغی و هیاهوی شهر هستید اینجا سراسر آرامش و زیبایی و حال خوبه.ما با اینکه دو شب بودیم بازم دلمون میخواست بمونیم.
با تشکر از آقای عابدی و خانواده",ممنونم از لطف و محبت شما 🙏 به امید دیدار دوباره شما،شاد و تندرست باشید 🌱,2025-09-04,api
3224873,2025-09-06,5,"باسلام به خانواده ی محترم عابدی 
ما همه خانوم بودیم و ماشین هم نداشتیم دسترسی به مرکز خرید برامون سخت بود ولی واقعا اقای عابدی همه خریدامونو انجام میدادن و اصلا کم نزاشتن و همچنین خانومشون که بسیار مهربان و تمیز بودن 
لوکیشن عالی و خیلی قشنگ بود ممنون بابت همه چی",سلام،خیلی ممنونم از لطف و محبت شما و همچنین ثبت نظر خوبتون 🙏ما جز انجام وظیفه کاری نکردیم،به امید دیدار دوباره،شاد و تندرست باشید 🌱,2025-09-06,api
3224873,2025-09-09,5,در یک جمله همه‌چیز واقعا عالی و بکر و زیبا,رضایت شما باعث افتخار ما بود 🙏شاد و تندرست باشید 🌱,2025-09-09,api
3224873,2025-09-11,5,باعرض سلام و تشکر از میزبانی درجه یک آقای عابدی محترم و خانوم عابدی بزرگوار که واقعا همه چیز تمام بودند. هم کلبه تمیز و مرتب و زیباشون و هم محل زندگیشون که سه روزی که ما اونجا بودیم خیلی زود گذشت و واقعا بدون اغراق بهترین سفری که ما تا حالا داشتیم همین سفر بود. بارون هم که کل سه روز طراوت بیشتری داده بود. توصیه میکنم حتما به روستای کاردرکلار و کلبه چوبی آقای عابدی سفر کنید تا لذت واقعی زندگی در روستا و چند روز دوری از زندگی شهری رو رو‌ بچشید. از خانوم عابدی هم تشکر میکنم که صبح ها نون تازه محلی که خیلی هم خوشمزه بود برامون تهیه کردند. همچنین تخم‌مرغ محلی هم برامون زحمت کشیدند. ان اشالله حتما دوباره بازهم به کلبه و روستای زیباشون سفر مبکنیم.,ممنون از محبت شما مهمان گرانقدر انشالله که هیشه سالم و تندرست باشید.,2025-09-11,api
3224873,2025-09-12,4.3,همه چی خوب بود,ممنون از ثبت نظر مثبت شما مهمان عزیز. با آرزوی سلامتی    برای شما و خانواده خوبتان انشالله که سفر خوبی داشته باشید.,2025-09-12,api
3224873,2025-09-15,5,"امتیاز کامل دادم
همه چیز عالی بود،تشکر میکنم از حسین آقا و خانواده محترم که این اقامتگاه زیبا و بکر و دوست‌داشتنی رو‌  در اختیار ما قرار دادن 
ممنون",با سپاس از شما برای ثبت نظر مثبت خودتون 🙏 به امید دیدار مجدد شما خوبان،شاد و تندرست باشید 🌱,2025-09-15,api
3224873,2025-09-22,5,تشکر میکنم از حسین آقا و خانواده بابت میزبانی شون. داخل اقامتگاه کاملا تمیز بود، وسایل بهداشتی مورد نیاز داخل کابینت قرار داده بودن، ما چوب زیاد سوزوندیم که هربار زحمت کشیدن و میاوردن، تراس زیبایی رو به جنگل داشت کلبه، صبحانه رو به خودشون زحمت داشتیم با نون محلی پخت خودشون، در کل اگر دنبال خلوت و آرامش هستید جای عالیه، فقط کارهای موبایلی تون تو شهر انجام بدید تو کلبه آنتن ضعیفه.,بینهایت سپاسگذارم از شما برای ثبت نظر مثبت خودتون 🌱به امید دیدار دوباره شما 🌱شاد و تندرست باشید 🌱,2025-09-22,api
3224873,2025-09-24,5,از همه نظر فوق العاده.کلبه در یه جنگل بکر بود.فوق العاده تمیز بود میزبان فوق العاده محترم بودند.نان محلی برای ما آوردن رایگان🥹 هیزم برامون آوردن.حتی مالک خودشون با هایلوکس اومدن دنبالمون تا راحت تر بریم جاده کلبه رو.خلاصا هرچی بگم کم گفتم.دیگه هیچ‌جا نمی‌رم الی این کلبه محشر♥️💥,ممنونم از شما  ما جز انجام وظیفه کاری انجام ندادیم🙏انشالله بازم افتخارمیزبانی از شما رو داشته باشیم،شاد و تندرست باشید 🌱,2025-09-24,api
3224873,2025-09-26,5,"سلام،ممنونم از آقای عابدی و همسرشون،همه چیز عالی.بسیار لذت بردیم.از نظر زیباییم که حرف نداشت.
تمیزی عالی‌.برخورد عالی‌...همه چیز بی نظیر و بی نقص
آقای عابدی خیلی مخلصیم و حتما میایم دوباره🙏❤️",رضایت شما باعث افتخار  و خوشحالی بنده است🙏به امید دیدار مجدد شما،شادو و تندرست باشید 🌱,2025-09-26,api
3224873,2025-09-30,5,خیلی وقت بود دنبال جایی بودیم که روستایی  باشه فضایی باشه که آروم باشه دور از دود شلوغی ،بتونیم استراحت کنیم ،میزبان بسیار انسان باشخصیت و خانواده محترم داشتن که به بهترین شکل میزبانی کردن ،همه چی عالی بود ،بسیار تمیز و مثل خونه خودمون بود.,سپاسگذارم از ثبت این نظر مثبت  🙏میزبانی از شما باعث افتخار ما بود 🌱 به امید دیدار دوباره شما🌱انشالله همیشه شاد و تندرست باشید 🌱,2025-09-30,api
3224873,2025-10-02,5,واقعا لذت بردیم از محیط رویایی زیبای کلبه یک تجربه خاطره انگیز شد برامون از میزبان هم ممنون که صبح ها برامون نون گرم میاوردن حتما در سفرهای بعدی جز انتخابامون هست,رضایت شما باعث افتخار ما هست 🙏به امید دیدار دوباره،شاد و تندرست باشید 🌱,2025-10-02,api
3224873,2025-10-07,5,کلبه چوبی بسیار تمیز و زیبا در موقعیت مکانی جنگلی و بکر میباشد..میزبان عزیز آقای عابدی و خانواده محترمشان بسیار با محبت،گرم و پاسخگو هستند..و تلاش میکنند که میهمانشون اقامتی بی دغدغه و امن داشته باشند..ما اقامتی آرام و امن و دلچسب رو تجربه کردیم و قطعا مجددا خدمتشون خواهیم رسید,سپاسگذارم از نظر مثبتتون 🙏رضایت شما باعت افتخار ما هست،به امید دیدار دوباره شما 🌱شاد و تندرست باشید 🌱,2025-10-07,api
3224873,2025-10-09,4.7,با تشکر از آقای عابدی عزیز وخانواده محترمشان،مکان بسیار خوب وزیبایی هست .با امکانات خوب، تشکر از مهمان نوازیشان حتما به دوستان وآشنایان معرفی میکنم در صورت لازم به کلبه مورد نظر بروند ..,تشکر و سپاس از شما مهمان عزیز 🙏شاد  و تندرست باشید 🌱,2025-10-09,api
3224873,2025-10-12,5,من امتیاز کامل دادم,ممنونم از لطف و محبت شما 🙏شاد و تندرست باشید 🌱,2025-10-12,api
3224873,2025-10-16,5,باتشکرازجناب آقای عابدی وهمسرشون ودخترنازخوشگلش، بسیارعالی، میزبانان فوق العاده، مهربان،خوش برخورد، همچنین همسرشون که بانان تازه، صبح ازماپذیرایی کردن، یه جای بسیارعالی، ساکت، صدای طبیعت،آرامش محض!!! حتمابه همه طبیعت دوستان پیشنهادمیشه!!! خلاصه اگه میخاین ازهیاهودورودرسکوت بسرببریداین مکان عالیه!!! همه امکانات هم هست،کلبه نوساز، شیک وتمیز!!! بازهم تشکرازمیزبانان محترم,بسیار سپاسگزارم از شما  که این نظر قشنگتونو ثبت کردین🙏به امید دیدار مجدد شما خوبان،شاد و تندرست باشید 🌱,2025-10-16,api
3224873,2025-10-18,4.8,"اگر واقعا میخاین از شهرو آدما چند روزی دور باشین و به معنای واقعی میخاین ریلکس کنین در سکوت و آرامش طبیعت به شدت پیشنهاد‌میکنم 
ازسوپرمارکت و … دوره اما اگر خرید کنید بعد برید راحتید پیشنهام اینه ک برای جاده اش در طول روز برسید ک براحتی بتونید تا بالا برید واز جاده اش لذت ببرید",رضایت شما باعث افتخار و خوشحالی ما هست 🙏انشالله حال دلتون همیشه خوش و تنتون سلامت باشه🌱,2025-10-18,api
3224873,2025-10-20,5,"ما به مدت یک شب توی این کلبه قشنگ و تمیز اقامت داشتیم ،با اینکه زودتر رسیدیم بهمون اجازه ورود دادن،تنها ایرادی که میشه گرفت حدود 2 کیلومتر جاده خاکی هست قبل از رسیدن به کلبه که خب با توجه به لوکیشنی که کلبه قرار داره منطقی هستش،خانوم و آقای عامری به شدت انسان های شریف و مهربون و مهمون نوازی هستن 
پیشنهاد میکنم برای یک بار هم که شده این کلبه رو امتحان کنید و از طبیعت و سکوت و نون خوشمزه خانوم عامری لذت ببرید",ممنونم از این که نظر خوبتون و ثبت کردین🙏ما کاری  جز انجام‌وظیفه انجام ندادیم،به امید دیدار دوباره شما،شاد و تندرست باشید 🌱,2025-10-20,api
3224873,2025-10-27,5,ممنون از میزبان محترم .منزل بسیار تمیز.منطقه بسیار زیبا،به ما خیلی خوش گذشت.میزبان چقدر محترم و با شخصیت ،کیف کردم.جاجیگا باید از شما تقدیر کنه واقعا,ممنون از لطف و محبت شما ،انشالله باز هم افتخار میزبانی از شما رو داشته باشیم،شاد و تندرست باشید 🌱,2025-10-27,api
3224873,2025-11-10,5,یه کلبه‌ی دلبر مثه کلبه‌های توی نقاشیای بچگیمون، حاشیه یه جنگل سبز، دور از سروصدای شهر، صدای روستا یعنی صدای زنگوله‌ی گردن گاوها،  صدای خروس، صدای بلبل‌ها، و صدای پاییز یعنی صدای افتادن برگ از درخت، باورنکردنی بود این سکوت. و فاصله کم تا آبشار زیبای ترز و دریاچه‌ی لفور و …,چقدر قشنگ و زیبا توصیف کردین و نظر مثبت خودتون به ثبت رسوندین🙏انشالله باز هم سعادت میزبانی از شما رو داشته باشیم 🤲شاد و تندرست باشید 🌱,2025-11-10,api
3224873,2025-11-13,5,میزبان واقعا انسان بسیار شریف و مهمان نوازی بودند سنگ تمام گذاشتن، کلبه بسیار عالی تمیز مرتب به موقع تحویل داده شد و حتی کیفیت خدماتشون  از انتظاراتم فراتر بود ، کمال تشکر دارم ازشون به ما که واقعا خوش گذشت.,ما که جز انجام وظیفه کاری انجام ندادیم،اولویت ما رضایت و خرسندی مهمانان عزیزمون هست،🌱🙏شاد و تندرست باشید 🌱,2025-11-13,api
3224873,2025-11-18,5,فضایی بسیار تمیز و دلنشین با میزبانهای خونگرم و دو دختر دوست داشتنی شان طبیعت بکر سکوت صدای باد در درختان و زنگوله بسیار آرامشبخش بود. درخواست غذای محلی هم کردیم که میزبان آماده کرد بسیار لذید بود,ممنون از لطف و محبت شما 🙏به امید دیدار مجدد شما خوبان 🌱شاد و تندرست باشید 🌱,2025-11-18,api
3224873,2025-11-26,5,همه چی عالی بود. تمیزی کلبه. دمای داخل کلبه. فضای بیرونی. برخورد میزبان👌,سپاسگذارم از ثبت نظر خوبتون 🙏شاد و تندرست باشید 🌱,2025-11-26,api
3224873,2025-11-27,5,"همه چییز عالی 
مخصوصا اخلاق و نحوه ی برخورده میزبان  
جزو جاهایی بود که حتما دوباره رزرو خواهیم کرد  
پر برکت باشید",سپاسگذارم از لطف و محبت شما،🙏میزبانی از شما باعث افتخار ما بود،شاد و تندرست باشید 🌱,2025-11-27,api
3224873,2025-11-29,5,من امتیاز کامل دادم,ممنون از شما که نظر مثبت خودتون و ثبت کردین 🙏شاد و تندرست باشید 🌱,2025-11-29,api
3224873,2025-12-02,5,مثل همیشه عالی و بسیاز تمیز..تشکر بسیار از جناب عابدی عزیز و همسر محترمشان که فضایی  زیبا و فرحبخش رو فراهم کردن و کمال همراهی رو با میهمانشون دارند..سپاسگزارم,باعث افتخار ما بود که مهمان عزیز مجدد برای سفرشون کلبه ما رو انتخاب کردند😍ممنونم از ثبت این نظر خوبتون 🙏شاد و تندرست باشید 🌱,2025-12-02,api
3224873,2025-12-06,5,من امتیاز کامل دادم,ممنونم از ثبت نظر خوبتون 🙏شادو تندرست باشید 🌱,2025-12-06,api
3224873,2025-12-09,5,"بسیار محیط دلنشین و آرام و سرشار از حس خوب بود این کلبه.
تنها مشکل آنتن دهی همراه اول و اینترنت ضعیف بود که البته برای دوری از محیط شهری خیلی هم مسئله اذیت کننده‌ای نبود",ممنون از شما که نظر مثبت خودتون و ثبت کردین 🙏آنتن دهی ایرانسل یکم ظعیف هست ولی همراه اول خوب هست،شاد و تندرست باشید 🌱,2025-12-09,api
3224873,2026-01-02,5,"با تشکر از خانواده محترم عابدی،حتما پیشنهاد میشه
فقط قبل از رسیدن خرید انجام بشه.",ممنونم از شما بابت ثبت نظر خوبتون 🙏به امید دیدار مجدد شما ،شاد و تندرست باشید 🌱,2026-01-02,api
3224873,2026-01-24,5,من امتیاز کامل دادم,ممنونم از لطف و محبت شما🙏شاد و تندرست باشید 🌱,2026-01-24,api
3224873,2026-02-19,4.8,"خیلی عالی
ممنون از خانواده خوب فیروزجائی",ممنونم از اینکه کلبه ما رو برای سفرتون انتخاب کردین 🙏به امید دیدار مجدد شما،شادو تندرست باشید 🌱,2026-02-19,api
3224873,2026-03-05,5,سلام  اقا وخانوم عابدی ما اولین بار بود اومدیم اونجا همه چیز عالی هم کلبه هم خانواده عالی حتما دوباره برمیگردیم ممنون از خانواده عابدی,ممنونم از اینکه کلبه ما رو برای سفرتون انتخاب کردین🙏به امید دیدار مجدد شما خوبان 🌱شاد و تندرست باشید 🌱,2026-03-05,api
3224873,2026-04-07,5,برای دومین بار مهمون حسین آقا بودیم. این کلبه تو دل جنگل همون جاییه که برای پیدا کردن آرامش باید بش پناه برد.❤️🌹,ممنونم از اینکه کلبه مارو برای اقامت خودتون انتخاب کردین 🙏به امید دیدار مجدد شما 🌱شاد و تندرست باشید 🌱,2026-04-07,api
3224873,2026-04-17,4.8,"بسیار عالی خوب
پیشنهاد میشه به طبیعت دوستان",ممنونم از اینکه که کلبه مارو برای سفرتون انتخاب کردین🙏 انشالله بازم افتخار میزبانی از شما رو داشته باشیم 🌱شاد و تندرست باشید 🍀,2026-04-17,api
3224873,2026-04-18,5,"همه چی‌عالی بود 
حتما پیشنهاد میکنم اینجارو 👍🏽",ممنونم از شما بابت ثبت این نظر خوبتون 🙏به امید دیدار مجدد شما 🌱شاد و تندرست باشید 🍀,2026-04-18,api
3224873,2026-04-25,4.8,"سلام مایک شب اقامت داشتیم یکم زودتر رسیدیم و میزبان همون موقع کلبه رو بهمون تحویل داد/برخوردعالی/کلبه تمیز و مرتب بود.
کسانی که دنبال کلبه با ویو عالی بکر صدای دلنشین دور از شهر هستن حتما پیشنهاد میکنم.
حتما این کلبه رو برای سفرهای بعدی رزرو خواهیم کرد.
ممنون از اقا و خانم عابدی🌹",بینهایت سپاسگذارم از شما بابت ثبت نظر مثبت خودتون 🙏به امید دیدار دوباره شما 🍀شادو تندرست باشید 🌱,2026-04-25,api
3224873,2026-04-29,5,"همه چی عالی میزبان خانواده ای با محبت و محترمی بودن 
طبیعتی بکر و دنجی داشت منزل هم تمیز و عالی بود",بینهایت سپاسگذارم از شما که کلبه ما رو برای اقامتتون انتخاب کردین 🙏امیدوارم هرکجا که هستین شاد و تندرست باشید 🌱,2026-04-29,api
3224873,2026-05-13,5,خیلی عالی بود همه چی تمیز و مرتب خیلی  زحمت کشیدن خانواده  آقای عابدی همه چی فراهم بود  فضا خیلی زیبا   و عالی تشکر از خانواده آقای عابدی,سپاسگذارم که کلبه ما رو برای سفرتون انتخاب کردین 🙏به امید دیدار دوباره شما 🍀شاد و تندرست باشید 🌱,2026-05-13,api
3224873,2026-05-17,5,"بسیار عالی
یه جای بکر و پر از سکوت و آرامش",ممنونم از ثبت این نظر مثبت خودتون 🙏شاد و تندرست باشید 🌱,2026-05-17,api
3224873,2026-05-31,5,انسان های بسیار شریف، مهربان و مهمان نواز هستن و کلبه تمیز مرتب و داری موقعیت دل انگیز و آرام دارد پیشنهاد میکنم چند روز زندگی را در این کلبه تجربه کند,بسیار خوشحال شدم از میزبانی شما بزرگواران🌱و ممنونم از اینکه کلبه ما رو برای اقامتتون انتخاب کردین 🙏سپاس از شما برای  ثبت این نظر خوبتون 🙏شاد و تندرست باشید 🌱,2026-05-31,api
3224873,2026-06-06,4.8,"بسیار تمیز و بکر
برخورد میزبان بسیار عابی و توصیه می کنم حتما از فرآورده های ارگانیک و محلی میزبانوتهیه کنید.
در انتها اینم بگم که جاده دسترسی کمی آفرودی اما بسیار زیبا هست.",ممنونم از ثبت این نظر مثبت خودتون 🙏به امید دیدار مجدد شما 🌱شادو تندرست باشید 🌱,2026-06-06,api
3224873,2026-06-11,5,من امتیاز کامل دادم,ممنونم از اینکه نظر خوبتون و ثبت کردین 🙏 و بازم ممنونم از لطف و محبت شما 🌱همیشه شاد و تندرست باشید 🍀,2026-06-11,api
3224873,2026-06-13,5,همه چی عالی,ممنونم از ثبت این نظر قشنگ شما🙏شاد و تندرست باشید 🌱,2026-06-13,api
3224873,2026-06-15,5,"باسلام
ما شهریور سال گذشته هم رفته بودیم و بخاطر اینکه همه چی عالی بود دوباره امسال هم اینجا رو انتخاب کردیم. انصافا جای عالی و بکری هست. مخصوصا که خانواده محترم عابدی خیلی خانواده محترمی هستن و هوامونو داشتند و کلی هم بهشون زحمت دادیم و هر 3 روزی که اونجا بودیم زحمت صبحانه نون تازه و تخم‌مرغ محلی رو بهشون دادیم و برامون زحمت کشیدن آوردن. توصیه میکنم کسایی که نرفتن حتما یکبار امتحان کنند، مطمئنم پشیمون نمیشن و دوست دارند بعدا دوباره هم همینجا رو انتخاب کنن",ممنونم از شما که کلبه ی مارو برای سفرتون انتخاب کردین🙏ما جز انجام وظیفه کاری  انجام ندادیم 🌱همیشه شاد و تندرست باشید 🍀,2026-06-15,api
3224873,2026-07-30,5,کلبه بسیار تمیز و در مکانی زیبا و دنج است.باتشکر از مهمان نوازی خانواده مهربان عابدی.,بینهایت سپاسگذارم از لطف و محبت شما🙏، به امید دیدار مجدد 🍀، شاد و تندرست باشید 🌱,2026-07-30,api
3224873,2026-08-08,5,"سلام ما سه روز توی این کلبه ی زیبا اقامت داشتیم در ابتدا از مهمان نوازی آقای عابدی و همسر مهربون و دخترای گلشون بگم که واقعا انسانهای شریف و سخاوتمند و بزرگواری هستن.. چند روزی که اونجا بودیم با کلوچه و نان گرم محلی از ما پذیرایی کردن.. محیط زیبای کلبه و ویوی جنگل شمارو به داستان ها و کارتونهای بچگیمون میبره انقدر بگم که ما از گشتن آبشار و جنگل و .. منصرف شدیم و بیشتر زمان سفرمون رو توی کلبه موندیم روزها با صدای غاز و پرندگان و نمای قشنگ جنگل و چرای گاو ها و شب ها با صدای رعد و برق و بارش باران و صدای آن بر بام کلبه حس خاص و خاطره انگیزی داشت.. تازه من که عاشق تاب بازی ام از تاب قشنگشون که به درخت بسته بودن استفاده کردم و کلی لذت بردم..
وسایل کلبه از داخل عکس بهتره و تغیرات مثبتی مثل تعویض مبلمان و فراهم کردن صندلی های چوبی قشنگ بالکن و ال سی دی و ..که توی عکسها لحاظ نشده خلاصه من دلم میخواد باز هم برگردم و از این محیط دنج و بکر لذت ببرم ممنون از خانواده عابدی و جاجیگا",من هم صمیمانه از شما تشکر میکنم و ممنونم که این نظر مثبت خودتون و ثبت کردین 🙏انشالله بازم افتخار میزبانی از شما رو داشته باشیم 🌱شاد و تندرست باشید 🍀,2026-08-08,api
3224873,2026-08-23,5,ما برای چندمین بار رفتیم واقعا عالی بود,سپاسگذارم از ثبت نظر خوبتون 🙏شادو تندرست باشید 🌱,2026-08-23,api
3224873,2026-08-27,5,"باسلام؛
خیلی واقعا عالی بود.
همه چی تمیز و مرتب خیلی زحمت کشیدن خانواده آقای عابدی بامحبت
فضل خیلی زیبا و عالی طبیعت🌳🌲🌺
          << خانواده متحرم عابدی >>
                           😊🙏",ممنونم از اینکه کلبه ما رو برای اقامتتون انتخاب کردین 🙏سپاسگذارم از ثبت این نظر مثبت خودتون 🌱شاد و تندرست باشید 🍀,2026-08-27,api
3230204,2024-06-26,5,همه چیز خیلی خوب و عالی بود. میزبان بسیار محترم بودن و برخورد خوبی داشتن. نظافت واحد هم خیلی خوب انجام شده بود و رضایت کامل داشتیم.,سپاس فراوان از نظر پرمهرتان..خوشحالم که راضی بودین,2024-06-26,api+corpus
3230204,2024-08-30,4.8,دراین مکان زیبا یک شب اقامت داشتیم و عالی بود تمیزی اقامتگاه و نحوه ی برخوردمیزبان خیلی سفروبرامون لذتبخش کرد‌.,سپاس گذارم از شما مهمان محترم. خداروشکر که راضی بودین,2024-08-30,api+corpus
3230204,2024-09-15,5,"لوکیشن کلبه خیلی قشنگ بود
نظافت عالی و لحاف و تشک و سرویس تمیز
میزبان خوش برخورد 
حتما پیشنهاد میکنم 
با تشکر",باتشکر از شما..این نظر لطف شماست,2024-09-15,api+corpus
3230204,2024-09-21,5,"از همه لحاظ عالی
لوکیشن خیلی دنج و آرام 
رفتار میزبان خیلی خیلی خوب 
بسیار تمیز و آرام 
واقعا پیشنهاد میشه","خیلی متشکرم 
خوشحالم که راضی بودین..ومارو انتخاب کردین",2024-09-21,api+corpus
3230204,2024-09-23,5,مکانش خوب بودهمه چی ازلحاظ میزبان وهمه مواردعالی بود,ممنونم. ازمحبت شما مهمان عزیز,2024-09-23,api+corpus
3230204,2024-09-25,4.7,منظره و محیط اقامتگاه بسیار عالی،پاکیزه و برخورد میزبان و امکانات بسیار عالی بود,دورود برشما مهمان عزیز.,2024-09-25,api+corpus
3230204,2024-11-25,5,"رفتار و پاسخگویی میزبان عالی
کلبه واقعا تمیز بود و لوکیشن هم دنج و خوش‌منظره بود
قیمت هم واقعا مناسب 
حتما دوباره میریم این اقامتگاه",من از شما ممنونم که کلبه مارو انتخاب کردین.شماهم مهمان بسیار با محترمی بودین,2024-11-25,api+corpus
3230204,2024-12-02,5,"سلام و درود خدمت عوامل جاجیگا و میزبان محترم؛
آقا همه چی عالی بود،بهتر از این نمیشد،ویو عالی محیط جنگلی روستایی،کلبه چوبی که نگم برات،همه چی خوب و اوکی بود،با تشکر ممنون",باتشکر ازشما مهمان ارجمند. خدارو شکرکه راضی بودین ومجنون ازنظر خوب شما,2024-12-02,api+corpus
3230204,2024-12-04,5,مکان زبیایی بود ومیزبان هم از همه لحاظ عالی بود,خیلی ممنونم از شما ‌.محبت دارید,2024-12-04,api+corpus
3230204,2025-03-27,5,همه چی عالی,متشکرم مهمان عزیز,2025-03-27,api+corpus
3230204,2025-04-30,5,"بسیار جای دنج و زیبایی بود
میزبان واقعا فوق العاده بودن و به همه موارد رسیدگی کرده بودن و همکاری خیلی خوبی داشتن جا داره تشکر کنم ازشون
واقعا از عکس ها خیلی خیلی خیلی بهتره فضای کلبه
هیچ نیازی نداره از کلبه خارج بشین برای تفریح فضا بی نظیره",دورود برشما مهمان عزیز. خدا رو شکر از ماراضی بودین ،من واقعا خوشحال میشم مهمانانم با رضایت کامل وخاطره خوبی از پیش ما میرن🌹,2025-04-30,api+corpus
3230204,2025-05-07,5,مکان بسیار دنج و تمیز بود، برخورد میزبان بسیار عالی بود، از همه نظر عالی,سپاس فراوان از شما مهمان عزیز 🙏🌹,2025-05-07,api+corpus
3230204,2025-06-11,5,همه چی عالی و تمیز و طبیعت زیبا و بکر اطراف ممنون از میزبان,متشکرم مهمان عزیز خانم ملکی🌹🙏,2025-06-11,api+corpus
3230204,2025-07-10,5,برخورد میزبان بسیار عالی و محترم ،اقامتگاه هم تمیز و مرتب با ویو بسیار جذاب بود. ممنونم,با عرض احترام خدمت شما مهمان عزیز. ممنونم از ثبت نظر خوب شما 🙏🌹,2025-07-10,api+corpus
3230204,2025-08-13,5,همه چی عالی برخورد محترمانه,تشکر فراوان از محبت شما 🌹,2025-08-13,api+corpus
3230204,2025-08-20,4.8,کلبه بسیار بسیار بسیار تمیز و عالی و ویوی جنگلی  واقعان برخورد صاحب خونه واقعان بی نظیر بود توصیه  میکنم برای کسایی که کامنت من و میخونن حتما برن یاحق ..,بسیار از شما ممنونم بابت نظر خوب شما🙏بزرگوارین شما 🌹🙏,2025-08-20,api+corpus
3230204,2025-08-28,5,با عرض سلام خدمت دوستان، اقامتگاه بسیار فوق العاده و زیباس و از هر نظر راضی کنندس و ترکیب کاملی از تمیزی ،امکانات ،آرامش، طبیعت ،ویو،و برخورد بسیار خوب میزبان میباشد و ارزش بار ها اقامت در این مکان زیبا رو داره و از هر نظر بی نظیره و قطعا جز بهترین تجربه هاتون میشه,"دورود برشما مهمان عزیز 
خیلی متشکرم که انقدر محبت دارین🙏ازنظر خوب وامتیاز شما ممنونم🌹🙏",2025-08-28,api+corpus
3230204,2025-09-07,5,"سلام 
واقعا همه چی عالی بود خیلی خیلی تمیز واقعا نه بوی بد هیچی همه چی عالی دسترسی به مغازه خوب بود و صاحب اقامتگاه و همسرشان واقعا مهربان و همه چی تمام برخورد عالی و مهمان نواز ممنونم از شما 
امیدوارم که دوباره مزاحم شما بشیم",ممنونم ازاین همه لطف ومحبت شما🙏خدا روشکر که راضی بودین .به امید دیدار دوباره 🌹,2025-09-07,api+corpus
3230204,2025-09-11,5,"خانه خیلی تمیز بود و لوازم بسیار عالی و تمیز 
ویو خانه فوق‌العاده عالی 
مکان بسیار دنج و آرام 
تشکر میکنم از میزبان محترم
انشالله که همیشه سلامت باشید و پایدار 🌹🙏🏻",خیلی متشکرم از نظر خوب ومحبت شما🙏🌹,2025-09-11,api+corpus
3230204,2025-09-13,4.8,اقامت خوبی داشتیم و از پذیرایی میزبان متشکریم. به عنوان پیشنهاد اگر برای سرویس بهداشتی دستگاه هواکش گذاشته بشه خیلی بهتر خواهدبود.,"دورود برشما مهمان عزیز 
چشم حتما. ممنونم از پیشنهاد شما🙏🌹",2025-09-13,api+corpus
3230204,2025-09-20,5,محیط آرام و بدون سر و صدا همراه با آرامش ،از میزبان محترم کمال تشکر را دارم.,خیلی متشکرم از محبت شما بزرگوار 🙏🌹,2025-09-20,api+corpus
3230204,2025-10-05,5,همه چیز عالی,متشکرم از شما 🌹,2025-10-05,api+corpus
3230204,2025-10-14,5,"فوق العاده عالی وبی نظیربود 
آرامش خوبی داشت وازهمه مهمترتمیزی کلبه بودکه خوب می درخشید ومیزبانش هم خیلی خانم متشخصی بودن",سپاس فراوان از شما مهمان عزیز 🌹محبتتان ماندگار🙏,2025-10-14,api+corpus
3230204,2025-10-20,5,همه چیز عالی امتیاز کامل میدم.,دورد بر شما مهمان عزیز 🌹🙏,2025-10-20,api+corpus
3230204,2025-10-30,5,یکی از بینظیر لوکیش هایی که رفتم بود و کلبه همچیش خوب بود و ویو عالی داشت,خیلی متشکرم عزیزم از نظر خوب وامتیاز شما هم تشکر میکنم 🙏🌹,2025-10-30,api+corpus
3230204,2025-11-11,5,من امتیاز کامل دادم,دورد بر شما مهمان عزیز 🙏,2025-11-11,api+corpus
3230204,2025-11-30,5,من امتیاز کامل دادم,ممنونم از بزرگواریتون مهمان عزیز 🌹,2025-11-30,api+corpus
3230204,2025-12-29,5,من امتیاز کامل دادم,دورود برشما مهمان عزیز.🙏🌺,2025-12-29,api+corpus
3230204,2026-01-30,5,"رفتار میزبان عالی بود
منظره ی بسیار زیبایی داشت
همه چی خوب بود","دورود برشما مهمان عزیز 
نظر لطف ومحبت شما برام خیلی با ارزشه🌹🌼",2026-01-30,api+corpus
3230204,2026-02-14,5,"با سلام و احترام ممنون از میزبان گرامی و خوشرو پر از انرژی
همه چیز عالی بود فوق العاده تمیز و عالی",درود وسپاس فراوان .متشکرم از محبت و نظر لطف شما مهمان عزیز 🙏🌼,2026-02-14,api+corpus
3230204,2026-03-06,4.8,میزبان محترم و عالی بودن فقط بوی گاز داخل میومد که اذیت کننده بود,متشکرم از نظر شما 🙏🌹,2026-03-06,api+corpus
3230204,2026-03-25,5,من امتیاز کامل دادم,"دورود برشما 
شما محبت دارین مهمان عزیز 🌹",2026-03-25,api+corpus
3230204,2026-03-30,5,من امتیاز کامل دادم,سپاس گذارم از محبت و لطفا شما مهمان عزیز ♥️🌹,2026-03-30,api+corpus
3230204,2026-04-04,5,من امتیاز کامل دادم,"متشکرم از شما 
نظرلطف شماست 🌹",2026-04-04,api+corpus
3230204,2026-04-22,5,همه جوره عالی بود,"دورد بر شما مهمان عزیز 
نظر لطف شماست 🌷",2026-04-22,api+corpus
3230204,2026-05-13,4.8,عالی,تشکر فراوان 🌹,2026-05-13,api+corpus
3230204,2026-05-20,5,واقعا عالی بود از هر لحاظ،هم جای تمی و باصفا وهم میزبان عالییی و خوش برخورد ،حتما ب دوستان پیشنهاد میشه🤌,"دورد بر شما مهمان عزیز 
سپاسگزارم بابت این همه محبت شما 🌹🙏",2026-05-20,api+corpus
3230204,2026-05-26,5,از همه نظر عالی. موقعیت مکانی،ویو، تمیزی، امکانات. خود کلبه از عکس هاش بهتره,"ممنونم از محبت شما عزیزم 
خدا رو شکر که راضی بودین و به من افتخار میزبانی دادین🌹🙏",2026-05-26,api+corpus
3230204,2026-06-05,5,عالی,تشکر فراوان 🌹,2026-06-05,api+corpus
3230204,2026-06-09,5,سلام واقعا از همه نظر عالی نظافت و تمیزی خوب 👍 پیشنهاد میکنم.,تشکر فراوان از شما مهمان محترم. خوشحالم که راضی بودین 🌹🙏,2026-06-09,api+corpus
3230204,2026-06-09,5,سلام واقعا از همه نظر عالی نظافت و تمیزی خوب 👍 پیشنهاد میکنم.,,,api+corpus
3230204,2026-06-23,5,"واقعا سپاسگزارم از میزبان این اقامتگاه.
بسیار زیبا و تمیز بود و همینطور سلیقه میزبان ستودنی بود.",درود بر شما مهمان عزیز..شما محبت دارین ممنونم از نظر لطف شما بزرگوار 🙏🌹,2026-06-23,api+corpus
3230204,2026-06-23,5,"واقعا سپاسگزارم از میزبان این اقامتگاه.
بسیار زیبا و تمیز بود و همینطور سلیقه میزبان ستودنی بود.",,,api+corpus
3230204,2026-06-25,5,همه چیز عالی بود تمیز برخورد خیلی خوبه میزبان دسترسی عالی و ویوی بی نظیر.,با درود و سپاس فراوان از شما مهمان عزیز. رضایت شما باعث افتخار بنده هست 🌹🙏,2026-06-25,api+corpus
3230204,2026-06-25,5,همه چیز عالی بود تمیز برخورد خیلی خوبه میزبان دسترسی عالی و ویوی بی نظیر.,,,api+corpus
3230204,2026-07-07,5,"از نظر موقعیت جای زیبا و چشم نوازی بود.تمیزی اقامت گاه (که برای من مهم بود) بسیار خوب بود،یه جای نقلی با فضا سازی خوب.با تشکر از میزبان محترم
فقط چند متر آخر خاکی،سربالایی ریگی هست که یکم ماشین بکس باد میکنه،اما اگر پر گاز برید مشکلی نداره و قابل تردد هست با همه ماشین ها",بسیار متشکرم از محبت و نظر لطف شما مهمان محترم. 🙏,2026-07-07,api+corpus
3230204,2026-07-07,5,"از نظر موقعیت جای زیبا و چشم نوازی بود.تمیزی اقامت گاه (که برای من مهم بود) بسیار خوب بود،یه جای نقلی با فضا سازی خوب.با تشکر از میزبان محترم
فقط چند متر آخر خاکی،سربالایی ریگی هست که یکم ماشین بکس باد میکنه،اما اگر پر گاز برید مشکلی نداره و قابل تردد هست با همه ماشین ها",,,api+corpus
3230204,2026-08-10,5,از همه نظر عالی . به همه پیشنهاد می‌کنم . ممنون از میزبان گرامی و خوش برخورد,"دورود وسپاس از شما مهمان عزیز 🙏
ممنونم از نظرات پر مهر شما🌹",2026-08-10,api+corpus
3230204,2026-08-10,5,از همه نظر عالی . به همه پیشنهاد می‌کنم . ممنون از میزبان گرامی و خوش برخورد,,,api+corpus
3230204,2026-08-26,5,"عالی بود
سپاس از میزبان محترم",سپاس فراوان از محبت شما مهمان عزیز 🌹,2026-08-26,api+corpus
3232477,2025-10-30,4.2,"سلام و وقت بخیر
میزبان بسیار خونگرم و مهربان بودن و زحمت کشیدن در حمل وسایلمون بهمون کمک کردن خیلی خوش برخورد و بااحترام هستن
محلی ها همه خیلی دلنشین هستن
لوکیشن بسیار خوبی هستش برای ریلکس 
جکوزی بسیار گرم بود
نکات منفی اینجا این هستش که اب لوله کشی خوبی نداره و حتما برای اب خوردن و غذا پختن باید اب معدنی تهیه کنید
و اینکه نظافت کلبه وضعیت خوبی نداره  فقط سرویس بهداشتی تمیز بود 
اگر مقداری تمیز تر باشه اصلا دیگه جای حرفی باقی نمی ماند
خسته نباشید و خداقوت به میزبان عزیز",سپاس از شما,2025-10-30,api
3232477,2025-11-14,5,کلبه تمیز و خوبی بود میزبان خوش برخورد بودن کاملا رضایت داشتیم با تشکر,سپاس از شما تا دیدار دوباره شمارو بخدا میسپارم,2025-11-14,api
3232477,2025-11-23,4.3,سلام عرض ادب. میزبان بسیار محترم هستند، تمام وسایل سنگین مارو خودشون 50 پله سربالایی حمل کردند درصورتیکه وظیفه ای نداشتند. ویلا آن ویلایی که در عکس بود نبود ولی بسیار شبیه بود. ویلا تمیز و خوب بود و موقعیت خوبی داره و در ارتفاعات روستا است، تا سد لفور نیم ساعت با ماشین راهه. دستشویی کمی بوی نامطبوع داره که میشود چشم پوشی کرد. بهتر است تعدادی میز عسلی یا میز آشپزخانه اضافه شود. دو عدد ویلای دیگر نیز در مجاورت قرار دارند و ممکن است کمی سروصدا ایجاد کنند. (همسایه ما شب دوم صدای ضبط تا 3 شب زیاد میکردند ولی ما اعتراضی نکردیم گفتیم خوش باشند.). در کل همه چیز خوب بود. ممنون از میزبان گرامی,درود برشما. داداش کلبه همون کلبه بود ما که کلبه عوض نمی‌کنیم که دورد بگردم فقط تعقیراتی از داخل و بیرون انجام دادیم که شما فکر میکنین اون کلبه نبود  کلبه همون کلبه بود با تشکر از شما دوست عزیز,2025-11-23,api
3232477,2025-11-25,5,"میزبان بسیار خونگرم ومهمان نواز بود
منظره زیبا ومکان تمیز بود",سپاس گزارم🙏,2025-11-25,api
3232477,2025-11-27,5,با سلام خدمت دوستان. یه جای دنج و آرام با امنیت کامل .مهمان نوازی آقا مصطفی هم اوکی بود .انشالله دوباره همدیگر رو ببینیم,درود بر شما نظر مثبت باعث افتخار ماست تا دیدار شمارو به خدا میسپارم 🙏,2025-11-27,api
3232477,2025-11-28,5,جای تمیز و خوب جکوزی و ویو روبروش عالی مسیر ویلا بسیار زیبا رفتار میزبان عالی حتما پیشنهاد میکنم,نظر مثبت شما باعث افتخار ماست.تا دیدار دوباره شمارو بخدا میسپارم 🙏,2025-11-28,api
3232477,2025-11-29,4.8,با کیفیت و عالی,سپاس,2025-11-29,api
3232477,2025-12-04,4.3,جای خیلی قشنگی بود،رسیدگی خوب،به ما خوش گذشت،امیدوارم بقیه هم لذت ببرن,ممنونم از شما,2025-12-04,api
3232477,2025-12-13,4.8,"صاحب ویلا انسان خوش اخلاقی بود 
همه چی خوب بود همه چی",سپاس از شما🙏,2025-12-13,api
3232477,2025-12-15,5,عالی,سپاس از شما,2025-12-15,api
3232477,2025-12-17,4,"کلبه خیلی تمیز بود و میزبان هم خیلی خوش برخورد بودن
فقط فشار آب بشدت پایین بود و آب داغ نداشتیم آب ولرم بود و حتی برای جکوزی هم انقدر فشار آب پایین بود که تا جکوزی پر شه آب یخ شده بود و اصلا جوش نبود",سپاس از شما. فشار آب پاین نبود آب جکوزی تا آخر باز نکردین اگه میخواست فشار آب کم باشه کولا باید آب سینگ یا دسشویی حمام هم کم بوده باشه. آخه آب جکوزی تا آخر باز نکردین که آب گرم بیاد و فشار آب زیاد بشه. بازم ممنونم از نظرتون,2025-12-17,api
3232477,2025-12-30,5,من امتیاز کامل دادم,❤❤❤,2025-12-30,api
3232477,2026-01-08,5,بسیار عالی,سپاس از شما,2026-01-08,api
3232477,2026-01-14,5,"کلبه در بهترین لوکیشن منطقه بود.محیطی امن و آرام با رعایت تمامی موارد بهداشتی
آب جکوزی بسیار گرم بود و هیچ صدای اضافه ای به داخل کلبه وارد نمیشد",نظر مثبت شما باعث افتخار ما هستش,2026-01-14,api
3232477,2026-01-15,4.8,جای بسیار قشنگی بود ولی با افراد سالخورده و مسن نمیشد رفت چون ورودی ی تعدادی پله داره که براشون سخته . ولی باقی موارد : تمیزی،ویو،شرایط کلی خوب بود و از همه مهمتر اخلاق خوده اقا مصطفی که با معرفت ترین بود . در کل بعد از ی رژیم سخت و مسابقه ای سخت برای ریکاوری به من چسبید .🌿,درود بر شما باعث افتخار بود به کلبه ما اومدین سرتون سلامت باشه همیشه,2026-01-15,api
3232477,2026-01-18,5,"همه چی عالی بود به خصوص میزبان با اخلاق
کلبه هم تمیز اب جکوزی هم گرم گرمایشی هم عالی 
 خسته نباشید",درود بر شما تا دیدار دوباره شمارو بخدا میسپارم,2026-01-18,api
3232477,2026-01-29,5,من امتیاز کامل دادم,سپاس از شما🙏,2026-01-29,api
3232477,2026-02-10,5,"سلام 
من از مشهد اومدم به لفور واقعا عالی بود یعنی این طوری بگم که منظره عالی کلبه عالی خیلی خونه تمیز مرتب بود و از همه مهم تر برخورد خوب خود اقا مصطفی که واقعا لذت بردم فقط ای کاش میتونستم یک روز دیگه بمونم ولی متاسفانه اقامت گاه رزرو شده بود و نشد بمونم تازه سوپر مارکت هم نزدیک اقامت گاه بود و نگرانی برای خرد لوازم نبود و از جاده لفور هم نگم براتون که واقعا دیدنی بود انگار توی بهشت بود مخصوصا با اون مه غلیظی که داشت من 22بهمن 1404اونجا بودم و از همه مهم تر با این که هوا یک مقداری سرد بود ولی جکوزی به هیچ عنوان حتی یک ذره هم آب اون سرد نبود آنقدر داغ بود که پوست بدن قرمز می‌شود در کل واقعا من از همه چیز راضی بودم و از همه بیشتر از این که مدیریت اونجا رو یک آدم خوش برخورد انجام میده به نام اقا مصطفی که واقعا آدم گل و دوست داشتنی هست راستی اگر میخواین زمستون به این اقامت گاه برین اصلا نگران سردی هوا نباشید آنقدر داخل اقامت گاه گرم می‌شود که من طبقه بالا که تخت خواب بود مجبور می‌شودم که پنجره رو باز بزار کلی بخوام بگم ارزش یک بار رفتن رو صد در صد بدون شک داره",درود بر شما باعث افتخار من به کلبه ما اومدین سپاس از شما تا دیدار دوباره شمارو بخدا میسپارم🙏,2026-02-10,api
3232477,2026-02-11,5,"24 بهمن ماه از میان جنگل خیلی زیبایی به مقصد کلبه آقا مصطفی رسیدیم که تجربه خیلی خیلی خوب و منحصر به فردی را برای ما رقم زد اول از برخورد خوب میزبان آقا مصطفی تشکر میکنم که خیلی خوش رفتار دوست‌داشتنی هستند دوم از تمیزی و نظافت و دیزاین خوب  و پر انرژی کلبه براتون میگم که خوب بود، باید بگم تجربه سرما و استفاده از جکوزی با آب فوق العاده داغش باعث آرامش و حال خوبتون میشه، صدای بلبل و صدای پرنده ها در روز یک تراپی عالیه، صدای آب رودخانه نزدیک به کلبه آرامش شب حس خوبی به شما منتقل می‌کنه. صبح اگر پرده اتاق بالا را نکشید باشید با منظره جنگل و گاو هایی که بی صدا غذا می‌خورند و صدای بلبل صبحتان را آغاز می کنید. 
کلبه امن بود و امیدوارم شما هم مثل ما تجربه خوبی را برای خود رقم بزنید.",درود سپاس از شما  نظر لطف شماست باعث افتخار بود به کلبه بنده اومدین انشالله تا دیدار دوباره شمارو بخدا میسپارم,2026-02-11,api
3232477,2026-02-13,2.8,سلام و عرض ادب. مسیر سخت. پله دار.کنارش کلبه های دیگه هستن و اگر سکوت دوست دارید ممکنه اذیت بشید.داخل حیاط سگ و گربه میتونست بیاد.قورباغه داشت.کمی کثیف بود. درب سرویس و حمام خراب بود. دوش حمام خراب بود. جکوزی گرم بود)داغ نبود(,سپاس از شما,2026-02-13,api
3232477,2026-02-17,,موقعیت مکانی جکوزی(فرسوده) قابل استفاده نبود.دید به روستا.شیرالات مشکل داشت.تلویزیون ندارد.,توضیحات همه چی داخل سایت هستش  بی زحمت اول بخونین بعد رزرو کنید  عکس کلبه داخل سایت هستش عکس جکوزی هم هستش لطفا قشنگ دقت کنید,2026-02-17,api
3232477,2026-02-19,4.5,"میزبان بسیار خوش برخورد و با محبت بودن
تو بردن وسایل خیلی به ما کمک کردن
اقامتگاه تمیزی بود، خونه کاملا گرم بود پله هاش برای ما مشکلی نبود، جکوزی اب گرمی داشت همه چی عالی بود ولی فقط یک نکته بود که امیدوارم میزبان زودتر یه فکری به حالش کنه و اونم نداشتن پرده جلوی جکوزی هست، تو عکس ها پرده داشت ولی رفتیم چیزی نبود، میگفتن دید نداره ولی وقتی ما به راحتی تو ایوان خونه های حتی دور رو می‌بینیم اونها هم ما رو میبینن! فقط تو شب و چراغ خاموش دید نداره، در کل همه چی خوب بود",درود بر شما بروی چشم رسیدگی میکنم تا دیدار دوباره شمارو بخدا میسپارم,2026-02-19,api
3232477,2026-02-28,2.7,"نکات منفی :
کلیه قفل خراب در ورودی خراب
جکوزی فرسوده و از کار افتاده(حتی از موجر پرس و جو کردم چطور را بندازم جوابی نداشت)
تخت برای افراد با قد زیر 150سانتی متر قابل استفاده و احتمال سقوط از تخت 74٪ (ترجیحا سوبر باشید)
از نظر نظافت موجر ماهی یه بار تفریحی ممکنه بیاد
خونه به همراه بو سرویس بهداشتی
رویت 2عدد کرم در حمام
فشار آب 28٪ حالت نرمال آب گرم یوقتایی حالشو داشته باشه میاد
کلیه لوازم اعم از مبل و... بیش از 32 سال قدمت( فرسوده)
نکات مثبت: لوکیشن عالی",با تشکر از شما دوست عزیز نظر لطف شما بود,2026-02-28,api
3232477,2026-03-01,5,"مرسی از شما دوست عزیزم 
ما از مشهد مهمانتون بودیم به مدت سه روز واقعا لذت بردیم چه از فضا و چه از مهمان داری درجه یکیتون .
ارادت",درود بر شما باعث افتخارم بود به کلبه بنده اومدین,2026-03-01,api
3232477,2026-03-21,4.7,خیلی خوب بود ممنون از میزبان,نظر مثبت شما بود باعث افتخار بود به کلبه ما اومدین,2026-03-21,api
3232477,2026-04-02,5,"درود اوقات به‌نیکی و نشاط
خیلی ممنونم از خانواده محترم و مهمان‌نواز عیسی‌زاده که هم محبت و همراهی داشتن و هم به‌صورت بی‌وقفه پاسخگو بودن
هم از کلبه و هم از کوچه و محله حس خیلی خوبی داشتیم
ویو هم از در پذیرایی، هم از پنجره‌ی اتاق خواب، هم از حیاط و هم از کوچه بی‌نهایت زیبا و آرامش‌بخش بود
پیروز و برقرار باشید",درود برشما. نظر مثبت شما باعث افتخار ما هستش,2026-04-02,api
3232477,2026-04-03,4.7,با سلام.ما سه شب اقامت داشتیم و بسیار لذت بردیم  لوکیشن و فضای کلبه بسیار زیبا و آرام بود.میزبان هم برخورد بسیار خوبی داشتن.ممنون از شما,سلام درود برشما باعث افتخار بود به کلبه ما اومدین داداش تا دیدار دوباره شمارو بخدا میسپارم,2026-04-03,api
3232477,2026-04-07,3.7,نیاز به نظافت و بازسازی  کامل تری داره خصوصا شیشه ها ،تعمیراتی مثل نور دوش حمام جکوزی،تعویض رقص نور جلوی درب ،بخاری،میز صندلی کلا سه عدده که ۳تاش شکسته اس، در کل معمولی بود ولی میتونه خیلی عالی ارائه بشه,ممنونم از شما,2026-04-07,api
3232477,2026-04-11,4.7,"سلام خیلی عالی ،از اقامت در این کلبه خیلی لذت بردیم ویو هم عالی بود و داخل کلبه تمیز بود تنها مسئله ای که وجود داشت
یک صندلی شکسته در حیاط بود
برای افراد حساس به بو کمی بوی نم داشت که خیلی اذیت کننده نبود
جکوزی هم در ظاهر تمیز بود نمیدونم که داخل پمپ جکوزی قابل گندزدایی بود یا نه چون اب رو کمی کثیف میکرد",درود بر شما نظر مثبت شما باعث افتخار ماست. داخل پمب جکوزی شمایی که چن بار جکوزی استفاده میکنین باید آب باقی مانده از پمپ رو تخلیه کنین تا بو نگیره,2026-04-11,api
3232477,2026-04-12,5,من امتیاز کامل دادم,ممنونم از شما دوست عزیز,2026-04-12,api
3232477,2026-04-13,5,"موقعیت مکانی بسیار دنج و ویو عالی
بسیار تمیز و امکانات کامل
جکوزیه عالی
همه چی خیلی خوب بود 
با تشکر از جناب عیسی زاده",سپاس. باعث افتخار بود به کلبه ما اومدین تا دیدار دوباره شمارو بخدا میسپارم,2026-04-13,api
3232477,2026-04-14,4.7,میزبان بسیار خوش برخورد بود و کلبه تمیز و مرتب بود,باعث افتخار بود به کلبه ما اومدین تا دیدار دوباره شمارو بخدا میسپارم,2026-04-14,api
3232477,2026-04-19,4.8,واقعا زیبا و عالی بود,سپاس از شما,2026-04-19,api
3232477,2026-04-26,5,با تشکر از میزبان عزیز آقای عیسی زاده که اقامتگاهشون رو با تمام امکانات ریز در اختیار من و همسفرم قراردادن مصطفی جان بابت هیزم و منقل واقعا دست مریزاد خیلی به کار اومد جکوزی هم عالی بود وسایل پذیرایی هم برای بالای 4 نفر تو اقامتگاه بودخدا به کاروبارت برکت افزون عنایت کنه مصطفی جان🌹,فدای معرفتت داداش انشالله تا دیدار دوباره شمارو بخدا میسپارم❤,2026-04-26,api
3232477,2026-05-06,,خیلی دور بود و خیلی تمیز نبود,با تشکر,2026-05-06,api
3232477,2026-05-08,2.7,"پله های زیاد و اذیت کننده
تمیزی کلبه مناسب نبود و نیاز به دست کشی اساسی داره از جمله وسایل
شرایط جکوزی هم مطلوب نبود",سپاس از شما.,2026-05-08,api
3232477,2026-05-20,5,من امتیاز کامل دادم,سپاس از شما,2026-05-20,api
3232477,2026-05-25,4.8,اقامتگاه در محلی بکر قرارداشت و کاملا با عکس های داخل سایت مطابقت داشت و تمیز بود و رفتار میزبان بسیار محترمانه بود تنها موردی که میتونم بگم پله های زیادی بود وگرنه عالی بود ممنون از میزبان محترم,سپاس از شما,2026-05-25,api
3232477,2026-05-27,5,تجربه,سپاس از شما🙏,2026-05-27,api
3232477,2026-05-29,5,"بسیار بسیار خوش برخورد،
میزبانی عالی،
لوکیشن عالی،
به نظر از دستش ندید،
دو روز اونجا بودیم اگر شرایطش بود یک ماه تمدید میکردم،
درکل عالی دمش گرم",درود بر شما باعث افتخار بود به کلبه ما اومدین داداش🙏,2026-05-29,api
3232477,2026-06-01,4.8,"میزبان محترم و درجه یک و کلبه واقعا عالی
فقط دسترسی از محل پارک ماشین یه فاصله کوچیک داشت",درود بر شما باعث افتخار بود به کلبه ما اومدین. توضیحات همه چی داخل سایت نوشته بود برحال بازم کم کسری چیزی بود ببخشید,2026-06-01,api
3232477,2026-06-02,4.2,میزبان انسان شریفی بودند ، منظره عالی بود ؛ ولی جزییات و نظافت خوب رعایت نشده بود ، وسایل اشپزخانه کامل نبود مثلا بشقاب کم بود ، نمک و فلفل و .. اصلا نبود که خیلی آزار دهنده نیست ، ولی نظافت آشپزخانه واقعا بد بود ، گاز و سینک و کابینت و یخچال و اطرافشون خیلی کثیف بود,سلام درود بر شما وسیله آشپزخانه به اندازه 4 نفر هستش نظافت هم تا جایی دست ما بر میاد انجام میدیم برحال بازم کم کسری چیزی بود شرمنده هستیم انشالله دفعه بعد بیشتر تلاش می‌کنیم برای نظافت,2026-06-02,api
3232477,2026-06-06,5,برخورد به شدت محترمانه و صمیمانه میزبان و پاسخگویی ایشان در هر ساعتی از شبانه روز ، استفاده از جکوزی در زیر باران حس خوبی داره واقعا پیشنهاد میدم,درود بر شما داداش باعث افتخارم بود به کلبه ما اومدین تا دیدار دوباره شمارو بخدا میسپارم,2026-06-06,api
3232477,2026-06-12,4.7,همه چی عالی بود ممنونم از مصطفی جان خیلی خوشگذشت بهتون پیشنهاد میکنم حتما برید,درود برشما باعث افتخار بود به کلبه ما اومدین,2026-06-12,api
3232477,2026-06-21,4.8,"یک تجربه عالی بود ، از نظر نظافت خوب بود ،هوا واقعا عالی ،چشم انداز جنگل ، مبل ها تمیز و نو 
محل پارک ماشین تا کلبه فاصله داشت که با توجه به بقیه نکات مثبت قابل چشم پوشی بود",ممنونم از شما از نظر مثبت شما,2026-06-21,api
3232477,2026-07-05,4.8,"اول حرف یه سپاس جانانه از آقا مصطفی🙏
به نظرم یه منطقه زیبا و بکر که باید دید و زیبایی هایش رو تجربه کرد
اقامتگاهی دنج و ساکت
میزبانی محترم و متشخص
همه چیز عالی
تنها مورد شاید منفی و قابل ذکر برای کسانی که با پله مشکل دارن به نظرم مورد خوبی نمیتونه باشه",درود بر شما باعث افتخار بود به کلبه ما اومدین  تمام توضیحات داخل سایت نوشته بود,2026-07-05,api
3232477,2026-07-07,3.3,"خیلی خشگل بود ولی منطقش خیلی دور و خسته کننده بود از منطقه تفریحی لفور تا اقامتگاه جاده جنگی طولانی داشت اخرین روستا بود و خسته کننده ولی میزبان برخورد خوبی داشت تمیز بود 
ویو خوبی نداشت یه حیاط با گل و گیاه بود و ویو به هیچی نداشت البته اینم در نظر بگیرید با این مبلغ همچین جایی واقعا منصفانه است ولی برای من مناسب نبود ممنون از میزبان عزیز",ممنونم از نظز مثبت شما. والا واسه ویو که خودتون دیدین داخل عکس هم دیدن کلبه همون بود عکساش هم بود. واسه گل گیاه بخاطر این بزرگ کردیم البه نظر مسافر هم بود که گل بزرگ بشه دید نداشته باشه. بقیه توضیحات داخل سایت نوشته بود دیگه. بازم ممنونم از نظر مثبت شما,2026-07-07,api
3232477,2026-07-11,4.7,"میزبان کاملا مهمان نواز بودن 
موقعیت ویلا  خوبه و دسترسی اسان ب  سوپر مارکت و ... هست 
امنیت  ویلا  واقعا خوبه 
 ویلا نسبت ب پرداختی   گزینه  عالی هست  
از لحاظ فشار اب و و اب داغ چ برای حمام چ. برای جکوزی عالی و گرم 
در کل برای یک اقامت دونفره کاملا مناسب 👌🏽
با تشکر  از میزبان خوب",درود بر شما باعث افتخار بود به کلبه مه اومدین داداش,2026-07-11,api
3232477,2026-07-24,3,"درود فراوان خدمت همگی
نظافت باید در اولویت باشد! در تمامی ویلا های اجاره ایی باید اینطور باشد 
 بسیار سطح نظافت سینگ و سرویس بهداشتی و کلبه پایین بود 
تامین نگهداری و محوطه نقلی این کلبه بسیار در سطح پایین بود 
برخورد میزبان محله بسیار عالی کوچه بسیار خراب 
 و کمک کردن برای بردن وسیله ها جا داره  خیلی خیلی تشکر کنم واقعا 
فقط به درد ۲نفر میخورد امکانات داخلی این کلبه تعطیل کلا 
ولی برای یکبار پیشنهاد میکنم بسیار دنج و آرام می‌باشد 
بازم تشکر میکنم از آقا مصطفی با عشق اینارو نوشتم اصلاح بشه برای من که با خانواده بودم نبود برای عشقو حال و عشقبازی عالیه دونفره ها برم حال کنم عالیه",ممنونم از شما 🙏,2026-07-24,api
3232477,2026-08-04,5,میزبان فوق العاده آدم خوب و محترمی بود,درود بر شما باعث افتخار بود به کلبه من اومدین,2026-08-04,api
3249208,2025-04-21,4.8,"بسیار جای دنج و زیبا و تشکر از میزبان بابت رفتار خوب و صمیمانه ‌.
تمیز و عالی",خوبی از خودتون بوده مهمان مودب و عزیز؛خوش حالم که پسندیده بودین ؛تشکر از همراهیتون,2025-04-21,api+corpus
3249208,2025-04-23,5,جای دنج و زیبا و تمیز ؛ رفتار میزبان فوق العاده بود ؛ ممنون از میزبان و جاجیگا.,فدای شما ؛میهمان بسیار تمییز و خیلی خوش اخلاق و مودب ؛خیلی خوشحالم که مورد پسندتون بوده,2025-04-23,api+corpus
3249208,2025-05-22,4.5,با تشکر از حسن برخورد میزبان دو سه نکته قابل توجهی که وجود داره اینه که کلبه به جالباسی در اتاق و سرویس حمام نیاز دارد و نصب پرده در طبقه بالا و پایین . بوی نامطبوع و سر و صدای رفت و آمد شبانه  یا فضله موش یا کبوتر آزار دهنده است.,,,api+corpus
3249208,2025-06-06,4.5,میزبان بسیار خوش اخلاق و خوش انژی و کلبه دنج و عالی،,نظرلطف شما؛مهمونای صبور و مودبم,2025-06-06,api+corpus
3249208,2025-09-22,4.8,"یک کلبه دنج و تمیز وسط دل جنگل بدون هیچ سر و صدایی 
من 3 روز اینجا اقامت داشتم و لذت اقامت در این کلبه‌رو پیشنهاد میکنم از دست ندید",ممنونم نظر لطف شماس؛خوشحالم که راضی بودید و مرسی بابت تمیزی کلبه موقع تحویل ؛تشکر,2025-09-22,api+corpus
3249208,2025-10-08,4.8,"مهمان نواری خوب و 
روی خوش  آنها خیلی عالی بود
محیطی ارام و دنج بود",خیلی لطف دارین شما ؛مهمان عالی و نمونه ؛ممنون از صبوری و ادب شما؛,2025-10-08,api+corpus
3249208,2025-10-15,5,من امتیاز کامل دادم,ممنونم مرسی از محبت شما,2025-10-15,api+corpus
3249208,2025-11-21,5,همچی عالی بود .,تشکر؛ نظر لطف شماست,2025-11-21,api+corpus
3249208,2025-12-24,5,"سپاسگذار از میزبان خوب و خوش برخورد
همه چیز عالی و خوب
مکانی زیبا و خوش منظره
کلبه بسیار مرتب و تمیز
ظروف و وسایل پخت و پز موجود بود و کار مارو خیلی راحت تر کرد. ممنون از میزبان با سلیقه",تشکر از شما میهمان نمونه؛خیلی ممنون از فرهنگ و ادب شما,2025-12-24,api+corpus
3249208,2025-12-31,5,ویلا بسیار تمیز بود برخورد میزبان عالی بود مکانش هم جای اروم و دنجی بود,ممنونم عزیزم لطف دارین به ما,2025-12-31,api+corpus
3249208,2026-01-14,5,عالی بود دوستان یه جای دنج اروم شخصی دورتون ویلا نیست ارامش خالص جاده سر راست و عالی از صاحب خونه که بخام بگم خانم بسیار مهربون که چندین بار تو راه با ما تماس گرفتن که حالمونو بپرسن چون هوا برف و بارون بود نگرانمون بودن و ما دیر وقت رسیدیم خیلی صبوری کردن خلاصه که اگه باز این سمتی بخام برم باز همینجا رو رزرو میکنم مرسی از خانم علیپور عزیز با این ویلا خفنشون,ممنونم ازتون ؛خوبی از خودتون بوده شما با این همه ادبتون بنده رو شرمنده کردین ؛مرسی از شما,2026-01-14,api+corpus
3249208,2026-02-18,5,همه چی عالی  ، ویلا تمیز جایه دنجیه ویو خوبی داره  برخورد میزبان هم خیلی خوب بودش,خیلی ممنونم بابت نظرتون؛خوبی از خودتون بوده خیلی خوشحالم که خوشتون اومده,2026-02-18,api+corpus
3249208,2026-03-16,5,"سلام 
ممنون از میزبان عزیز 
موقعیت مکانی ،قیمت ،تمیزی جا ویوی قشنگ از همه مهمتر مسیر راحت همش عالی بود🙏",مرسی از شما مهمان عزیز؛انقدر شما تمیز و مرتب بودین تعجب کردم که واقعا کسی اینجا بوده؟ ممنون از شما و جاجیگا به خاطر حضور شما,2026-03-16,api+corpus
3249208,2026-03-17,5,موقعیت و لوکیشن عالی اینجا حتما شمارو غافلگیر میکنه، همه چیزش اوکیه  و حتما اینجارو توصیه میکنم,ممنونم از نظردهی شما و تمیزی کلبه موقع تحویل؛خیلی خوشحال شدم از اینکه میزبان زن و شوهری مودبی مثل شما بودم,2026-03-17,api+corpus
3249208,2026-03-31,4.8,"ممنون از برخورد و میزبانی عالی میزبان خیلی محترم بودن
ویو و مسیر عالی بود ارامش بی نظیر
حتما باز هم انتخابش میکنیم.",ممنونم از شما ؛خیلی خوشحالم که راضی بودین ؛انشالله که بازم میزبان شما باشیم,2026-03-31,api+corpus
3249208,2026-04-02,5,"با تشکر از میزبان گرامی که خیلی محبت داشتند و راهنمایی های لازم رو انجام دادن 
اقامتگاه خوب و زیبا و خوش منظره ای هست که پیشنهاد میکنم حتما رزرو کنید 🌹❤️",مرسی از شما مهمان گرامی؛خیلی خوشحالم که میزبان شما بودم واقعا ممنونم از شما و خانواده محترمتون,2026-04-02,api+corpus
3249208,2026-04-14,5,همه چی عالی بود.از ویوی بی نظیرش گرفته تا تمیزی کلبه و رفتار و برخورد خانوم علیپور عزیز ک لطف زیادی به ما داشتن,ممنونم از نظردهی شما ؛ولله نمی‌دونم از خوبی شما چی بنویسم ؛مرسی از جاجیگا به خاطر آشنا شدن با شما,2026-04-14,api+corpus
3249208,2026-04-22,5,"از برخورد خوب و راهنمایی های کامل میزبان گرفته تا تمیزی، ارزندگی قیمت، دنج بودن اقامتگاه و ویووووی جذاب
از نزدیک از تصاویر هم بهتر هست. حتی یه آلاچیق راحت برای لم دادن کنار باربیکیو هست که توی تصاویر نیست.
ممنون از میزبان محترم",مرسی از نظر شما ؛خیلی خوشحالم که خوشتون اومده ؛خداروشکر که مهمونای نازنینی مثل شما داشتم ؛ممنونم,2026-04-22,api+corpus
3249208,2026-04-29,5,یه روز خاطره انگیز در کلبه ای زیبا و تمیز ، ممنون از برخورد و اعتماد میزبان🙏,ممنونم؛نظر لطف شماست ؛خوشحالم که راضی بودین ؛انشالله همه ی مسافرای ما مثل شما خوب باشن؛مرسی ازتون,2026-04-29,api+corpus
3249208,2026-05-06,5,من امتیاز کامل دادم,مرسی از این که نظر دادین؛مهمان عالی,2026-05-06,api+corpus
3249208,2026-05-15,5,"کلبه بسیار خوبی بود من 2 روز اقامت داشتم . میزبان بسیار خوب ، ویو کلبه به سمت جنگل و روستا
محله بسیار آرام و زیبا داخل کلبه تمیز",مرسی از شما به خاطر نظرتون؛مسافر به این خوبی رو برای همه کلبه دارای عزیز آرزو میکنم ؛از همه نظر؛ اخلاق و تمیزی عالی,2026-05-15,api+corpus
3249208,2026-05-26,5,بسیار کلبه تمیزی بود. ویو عالی بود و تجربه ارزشمندی برامون شد. میزبان بسیار خوش برخورد بود و در اخر یه کیسه پرتقال دادن بهمون. تنها مشکلی که بود اون موقع که ما بودیم باغ مجاور ساخت و ساز میکردن و اون حس دنجی و ارامش رو کمی مختل میکرد. من امتیاز پنج ستاره دادم و خیلی خوشم اومد.,مرسی از نظر شما ؛ممنونم از صبوری شما,2026-05-26,api+corpus
3249208,2026-05-29,5,موقعیت عالی . کلبه بسیار عالی و همچنین برخورد میزبان هم بسیار عالی بودن. ممنونم,تشکر فراوان از نظر دهی شما ؛باعث افتخار بوده آشنایی با شما و خانواده ی محترم,2026-05-29,api+corpus
3249208,2026-06-03,5,رفتار میزبان فوق العاده بود کلبه عالی بود ویو فوق العاده ای داشت,سلام خیلی ممنونم که لطف کردینو نظرتونو ثبت کردین ؛از این که تو دوهفته هر دوبار مارو پسندیدین باعث افتخاره؛رفتار خوب شما هم مارو شرمنده کرده انشاالله بازم افتخار بدین,2026-06-03,api+corpus
3249208,2026-06-10,5,"کلبه تمیزو مرتبی بود که در محیط دنج و آرام و در منطقه جنگلیو زیبا و  اینکه مهمترین چیز امنیت خوبی داشت
میزبان بسیار آدم با شخصیت و قابل احترامی بودن و در همه زمینه ها بهشون امتیاز کامل رو میدم",مرسی از نظر دهی شما ؛یکی از خوش اخلاق ترین مهمان امسال بودین ؛انشالله بازم میزبان شما باشیم,2026-06-10,api+corpus
3249208,2026-06-17,5,من امتیاز کامل دادم,ممنونم لطف داشتین به ما,2026-06-17,api+corpus
3249208,2026-06-23,5,من امتیاز کامل دادم,ممنونم؛تشکر,2026-06-23,api+corpus
3249208,2026-06-24,4.8,"ممنون از میزبان، 
اقامت در این کلبه سویسی رو پیشنهاد می کنم",ممنونم خیلی لطف کردید که نظری برای ما ثبت کردین,2026-06-24,api+corpus
3249208,2026-06-24,4.8,"ممنون از میزبان، 
اقامت در این کلبه سویسی رو پیشنهاد می کنم",,,api+corpus
3249208,2026-06-26,5,"لوکیشن خاص و عالی با ویوی جنگل‌های سرسبز
کلبه تمیز و جمع و جور با تمام امکانات در موقعیت و دسترسی عالی
میزبانی بسیار خوش برخورد و محترم که تمام راهنمایی های لازم رو انجام دادن و حتی لطف کردن اجازه دادن 2 ساعت بیشتر در کلبه اقامت داشته باشیم
من امتیاز کامل دادم و حتما به دوستان پیشنهاد میکنم",مرسی از نظر شما؛لطف دارید ؛خوش حال شدم که در خدمتتون بودم,2026-06-26,api+corpus
3249208,2026-06-26,5,"لوکیشن خاص و عالی با ویوی جنگل‌های سرسبز
کلبه تمیز و جمع و جور با تمام امکانات در موقعیت و دسترسی عالی
میزبانی بسیار خوش برخورد و محترم که تمام راهنمایی های لازم رو انجام دادن و حتی لطف کردن اجازه دادن 2 ساعت بیشتر در کلبه اقامت داشته باشیم
من امتیاز کامل دادم و حتما به دوستان پیشنهاد میکنم",,,api+corpus
3249208,2026-07-05,5,اول که نظرهای بقیه رو موقع رزو خوندم فک کردم اغراق شده نظر دادن ولی وقتی خودمون اومدیم برخورد میزبان عالی خانم باشخصیت و با کمالاتی بودن ،خیلی انعطاف پذیر و مهربون، محیطش امن و پر از آرامش بود،قطعا تجربه کنین جز انتخاباتتون میشه،ممنون از جاحیگا بابت معرفی خوبشون,خیلی ممنونم بابت نظر دهی شما؛خوبی از شما بوده ؛همچین مهمانی آرزوی همه کلبه داراس,2026-07-05,api+corpus
3249208,2026-07-05,5,اول که نظرهای بقیه رو موقع رزو خوندم فک کردم اغراق شده نظر دادن ولی وقتی خودمون اومدیم برخورد میزبان عالی خانم باشخصیت و با کمالاتی بودن ،خیلی انعطاف پذیر و مهربون، محیطش امن و پر از آرامش بود،قطعا تجربه کنین جز انتخاباتتون میشه،ممنون از جاحیگا بابت معرفی خوبشون,,,api+corpus
3249208,2026-07-08,5,من امتیاز کامل دادم,خیلی ممنونم,2026-07-08,api+corpus
3249208,2026-07-08,5,من امتیاز کامل دادم,,,api+corpus
3249208,2026-07-29,4.7,با سلام و تشکر از میزبان محترم که بسیار مهمان نواز و پیگیر هستن تا احساس امنیت کنید و خوش بهتون بگذره، اقامتگاه نسبت به پولی که پرداخت میکنید خوبه، وسایلش احتمالا بدلیل استفاده نادرست میهمانان کمی مستهلک شده، سکوت و ارامش خوبی رو تجربه میکنید با تشکر,ممنونم از شما؛خوشحالم که راضی بودین,2026-07-29,api+corpus
3249208,2026-07-29,4.7,با سلام و تشکر از میزبان محترم که بسیار مهمان نواز و پیگیر هستن تا احساس امنیت کنید و خوش بهتون بگذره، اقامتگاه نسبت به پولی که پرداخت میکنید خوبه، وسایلش احتمالا بدلیل استفاده نادرست میهمانان کمی مستهلک شده، سکوت و ارامش خوبی رو تجربه میکنید با تشکر,,,api+corpus
3249208,2026-08-06,5,من امتیاز کامل دادم,ممنونم خیلی لطف کردین,2026-08-06,api+corpus
3249208,2026-08-06,5,من امتیاز کامل دادم,,,api+corpus
3249208,2026-08-08,5,من امتیاز کامل دادم,خیلی ممنونم,2026-08-08,api+corpus
3249208,2026-08-08,5,من امتیاز کامل دادم,,,api+corpus
3249208,2026-08-11,5,سلام اقامتی بسیار عالی و بی نقص ، ویو زیبا ، بسیار مهربان و پیگیر و مهمان نواز بودن سرکار خانم علی پور ، من که دوباره اینجا رو رزرو میکنم,ممنونم که لطف کردینو نظرتونو ثبت کردین؛باعث افتخاره؛شما مسافری بودین که هنوز نرسیده بودین حس خوب رو منتقل کردین؛مرسی از جاجیگا به خاطر آشنایی,2026-08-11,api+corpus
3249208,2026-08-11,5,سلام اقامتی بسیار عالی و بی نقص ، ویو زیبا ، بسیار مهربان و پیگیر و مهمان نواز بودن سرکار خانم علی پور ، من که دوباره اینجا رو رزرو میکنم,,,api+corpus
3249208,2026-08-18,5,"کلبه که واقا تمیز  و خیلی با صفا و بسیار با ارامش  بود.
میزبان هم که واقا خوش برخورد و عالی",خیلی ممنونم که برای ما نظرتونو گفتین؛مهمان خیلی خوش اخلاق و بسیار هم کلبه موقع تحویل تمیز بوده ؛خدارو شکر به خاطر داشتن همچین مسافری,2026-08-18,api+corpus
3249208,2026-08-18,5,"کلبه که واقا تمیز  و خیلی با صفا و بسیار با ارامش  بود.
میزبان هم که واقا خوش برخورد و عالی",,,api+corpus
3249208,2026-08-19,5,"محیط کاملا امن و مناسب اسکان خانم‌ها هست، ریسه‌های کنار آلاچیق خیلی محیط رو دلنشین کرده بود، نظافت کلبه عالی بود. ما ساعت یک شب رسیدیم و خانم علیپور تا اون ساعت بخاطر ما بیدار موندن تا بتونن راهنماییمون کنن. حتی صبح هم برای تحویل ما باهاشون تماس گرفتیم خودشون فرمودند چون دیروقت رسیدیم نمی‌خواستن اذیت بشیم برای تحویل.
فضای دنج و آرومی داره و میزبان بی‌نظیر هستند؛ خانم علیپور سپاس از شما خیلی خوشحال شدم از آشناییتون.
سفر بعدی هم حتما انتخابم کلبه‌‌ی زیبای شماست❤️",ممنونم از نظر دهی شما؛بنده هم خوشحال شدم در خدمت شما بودم ؛خوبی از خودتون بوده ؛بابت تمیزی هم خیلی خیلی ممنونم,2026-08-19,api+corpus
3249208,2026-08-19,5,"محیط کاملا امن و مناسب اسکان خانم‌ها هست، ریسه‌های کنار آلاچیق خیلی محیط رو دلنشین کرده بود، نظافت کلبه عالی بود. ما ساعت یک شب رسیدیم و خانم علیپور تا اون ساعت بخاطر ما بیدار موندن تا بتونن راهنماییمون کنن. حتی صبح هم برای تحویل ما باهاشون تماس گرفتیم خودشون فرمودند چون دیروقت رسیدیم نمی‌خواستن اذیت بشیم برای تحویل.
فضای دنج و آرومی داره و میزبان بی‌نظیر هستند؛ خانم علیپور سپاس از شما خیلی خوشحال شدم از آشناییتون.
سفر بعدی هم حتما انتخابم کلبه‌‌ی زیبای شماست❤️",,,api+corpus
3249208,2026-08-26,5,ویلای خوب با منظر زیبا.,ممنونم از نظردهی شما؛باعث افتخار بود در خدمتتون بودیم,2026-08-26,api+corpus
3249208,2026-08-26,5,ویلای خوب با منظر زیبا.,,,api+corpus
3249208,2026-09-04,4.8,همه چیز خوب بود  واقامتگاه درست مثل تصاویر موجود در عکس بود و طبیعت زیبایی داشت,ممنونم از اینکه نظری رو ثبت کردین برای ما؛تشکر,2026-09-04,api+corpus
3254052,2026-05-17,5,یک مکان بی نظیر و فوق العاده زیبا بود ویلای بسیار زیبا و تمیزی بود امکانات خوب و یه رودخونه خوشگل در نزدیکی اصن زیبایی اون منطقه و خوبی این اقامتگاه قابل وصف نیست,"سلام 
عرض ادب ، سپاس از مهرتان🙏🌺",2026-05-17,api
3254052,2026-05-27,5,موقعیت کلبه ها در مکانی بسیار زیبا و چشم انداز بسیار خوبی رو به جنگل داشت از نظر نظافت و بهداشت در وضعیت خیلی خوبی بود و رفتار پرسنل و میزبان بسیار محترمانه بود و در مجموع توصیه می کنم حتما اقامت در این مکان زیبارو تجربه کنید,,,api
3254052,2026-05-28,5,من امتیاز کامل دادم,,,api
3254052,2026-05-31,4.7,"اقامتگاه بی نظر و زیبا و همه چیز تمام 
واقعا باید تجربه کنید از نزدیک تا حس خوبی و که در عکس ها میبین و لمس کنین  
مخصوصا در هوای بارانی دل نشین  
همه چیز عالی
رودخانه اختصاصی و بکر و فضای دل شنین
ممنون از مدیریت محترم اقامتگاه 💐🙏",,,api
3254052,2026-06-01,4.8,ممنون از مهمون نوازیتون همه چی عالی بود ما که لذت بردیم🌹,,,api
3254052,2026-06-01,4.8,با احترام : فضا بسیار زیبا با تلاقی جنگل و رودخانه ، دسترسی خوب و امکانات کامل که چندین بار میشه تجربه اش کرد . مدیریت باسلیقه و دقت فراوان و متفاوت از اکثر کلبه های مشابه عمل کرده است .,,,api
3254052,2026-06-01,5,"از همه نظر خوب بود
نظافت عالی 
منظره به یاد موندنی
کنار رودخونه تاب داره ک خیلی باحال بود 
فقط از شانس ما اونشب بارون اومد برق واحد ما چند بار قطع شد به مدت دو ساعت 
ولی تمام تلاششون انجام دادن تا وصل شه","سلام ارادت ، نظر لطف شماست ممنونم ، 
برق مجموعه سه فاز هست و بخاطر طوفان و بارون و اینکه شبکه برق فشار قوی از دل جنگل عبور میکنه طوفان باعث شده شاخه های درخت روی برق فشار قوی در طول مسیر منطقه افتاده و باعث قطع شدن یکی از فاز ها بشه و اون شب شب طوفانی و بارون بود و این اتفاق سه بار تکرار شد که با تلاش ماموران شبکه حوادث برق منطقه بر طرف شد و کاملا در جریان بودم ، و اتفاقی بود که از عهده ما خارج بود و برای کل منطقه لفور پیش اومده بود و برطرف شد و مشکل پیش اومده ابدا به شبکه برق مجموعه ارتباطی نداشت",2026-06-01,api
3254052,2026-06-02,5,من امتیاز کامل دادم,,,api
3254052,2026-06-04,5,"بدون اغراق یکی از بهترین اقامتگاه‌هایی بود که تا به حال تجربه کرده‌ام. از همان لحظه ورود، تمیزی، نظم و کیفیت بالای مجموعه کاملا مشهود بود. نظافت اقامتگاه در سطح بسیار بالایی قرار داشت و همه چیز با دقت و سلیقه نگهداری شده بود.
طراحی سازه بسیار زیبا، مدرن و چشم‌نواز بود و حس یک اقامت لوکس و باکلاس را منتقل می‌کرد. وجود دو دستگاه اسپلیت (کولر گازی) نیز باعث شده بود که از نظر آسایش و دمای محیط هیچ کمبودی احساس نشود.
همه چیز واقعا تمیز، شیک و درجه‌یک بود و مشخص بود که مدیریت مجموعه برای کیفیت و رضایت مهمانان اهمیت زیادی قائل است.
تنها نکته‌ای که می‌توان به عنوان نقطه قابل بهبود مطرح کرد، کمبود برخی ظروف مانند قاشق، چنگال و کارد بود. همچنین اسپیکری در اقامتگاه وجود نداشت، هرچند به نظر می‌رسد این موضوع به‌صورت عمدی و برای حفظ آرامش محیط، سکوت و لذت بردن از صدای طبیعت در نظر گرفته شده باشد.
در مجموع، این اقامتگاه را با اطمینان کامل پیشنهاد می‌کنم. از نظر نظافت، طراحی، امکانات و کیفیت کلی، واقعا یک اقامتگاه درجه یک است.",,,api
3254052,2026-06-10,5,من امتیاز کامل دادم,,,api
3254052,2026-06-10,5,"تجربه دوم ما بود.
عالی مثل دفعه قبل
تمیز و آرامش
رودخانه دوست داشتنی و صدای جریان آب.
حتما زیر انداز داشته باشید
طلوع و غروب حتما کنار آب حتی برای چند دقیقه سکوت و صدای آب رو تجربه کنید","سلام ارادت 
🙏❤️🌺",2026-06-10,api
3254052,2026-06-12,5,یکی از بهترین ویلاهایی که تاحالا رفتم،هرچییی از تمیزی و منظره و رسیدگی بگم کم گفتم، عالیییییی، واقعا دمشون گرم,,,api
3254052,2026-06-17,5,"عرض ادب و احترام 
سپاس فراوان از زحمات شما
همه چی عالی و حرفه ای 
خیلی به ما خوش گذشت 
موفق و موید باشید",,,api
3254052,2026-06-17,5,میزبان بسیار محترم و خوش رفتار ، لوکیشن اقامتگاه عالی و دسترسی به رودخانه ، همه چیز عالی بود🙏🏾,,,api
3254052,2026-06-18,4.5,مدیریت بسیار خوب,,,api
3254052,2026-06-23,5,عالی بود,,,api
3254052,2026-06-23,5,همه چی عالی  بود سپاس از میزبان کاردرست ومحترم,"سلام ارادت
ممنونم از لطف شما🙏",2026-06-23,api
3254052,2026-06-25,5,من امتیاز کامل دادم,,,api
3254052,2026-06-25,5,محلی برای ارامش ،چیزی کم نداشت شما نیازی ندارید از مجموعه خارج بشید، طبیعت ویوی خوب جکوزی رودخونه اختصاصی همه چی داره از نظر نظافت و تمیزی عالی,"سلام 
ممنونم 
نظر لطف شماست🙏🌺",2026-06-25,api
3254052,2026-07-02,4.8,"بی نظیر
 اقامت بسیار خوبی داشتیم حتما فصل پاییز برمیگردیم 🙏😊",,,api
3254052,2026-07-04,4.7,به شدت ویلا تمیز و صاحب اقامتگاه بسیار خوش برخورد و محترم بودند. به شدت نظارت داشتند بر تمیزی و همه چیز در بهترین حالت ممکن بود. ویلا به قدری تمییز بود که میتونستی پا برهنه در محیط ویلا بچرخی. و اذیت نمیشدی. خدمات کاملا هتلینگ. حوله ها بسته بندی و پرس شده قرار داده شده بود و تا مسواک و خمیر دندون هم گذاشته بودند. همه چیز عالی بود. و به قدر خوش برخورد بودند که وقتی ما زود رسیدیم صاحب اقامتگاه گفت تا اتاقتون حاضر بشه میتونین از محوطه استفاده کنید. محیط هم بسیار زیبا و ارامش بخش در کنار رودخانه محیژی اروم برای لذت بردن از فضا اماده کرده بودند. واقعا ممنونم و امیدوارم همیشه با همین کیفیت باقی بمونه.,,,api
3254052,2026-07-04,5,همه چیز خیلی عالی و بی‌نقص بود. تجربه متفاوتی بود نسبت به سایر اقامتگاه‌هایی که می‌شناختم. اگرچه هزینه اقامتگاه نسبت به میانگین بالاتر هست ولی ارزشی به مراتب بیشتر از هزینه‌ای که می‌کنید بهتون برمی‌گرده. تجربه خوبی رو براتون رقم می‌زنه.,سلام ارادت ، از اینکه امکاناتی فراهم شده و باعث رضایت و  سپری کردن اوقات خوشی که برایتان رقم میخورد ، باعث خرسندی هست ، ناگفته نماند که قیمت ها نسبت به ایام پیک و روزهای عادی و آخر هفته های عادی متفاوت و تغییرات لازم طوری لحاظ میشود که در هر زمانی نسبت به نوع تقاضا برای همه ی دوستان قابل رزرو باشد ، حواسمون به همه ی دوستداران طبیعت و اهل مسافرت هست ، ایام به کام در پناه خدا باشید.✌️🌺,2026-07-04,api
3254052,2026-07-04,4.7,یکی از خوش منظره ترین و تمیز ترین ویلاهایی که میتونید سفر کنید,,,api
3254052,2026-07-05,5,برای دومین بار طی یکسال همه چه عالی,,,api
3254052,2026-07-05,5,من امتیاز کامل دادم,,,api
3254052,2026-07-05,5,"با سلام تشکر واقعا همه چی عالی
همه چی فکر شده مرتب و تمیز
بهترین مورد در این اقامتگاه رودخانه و فضای نشین من کنار آن و تاب روی رودخانه بود",,,api
3254052,2026-07-06,5,از همه نظر عالی و درجه یک بود,,,api
3254052,2026-07-07,5,از هر نظر عالی تمیزی اقامتگاه در مرحله اول که برای من الویته مهم‌ترین گزینه بود و بالاترین امتیاز و داشت از نظر باقی چیزهای دیگه هم همه چی عالی بود و قطعا جزو انتخاب های بعدی ما خواهد بود,,,api
3254052,2026-07-07,5,من امتیاز کامل دادم,,,api
3254052,2026-07-09,5,بی نهایت اقامت خوبی بود. لوکیشن عالی بود و تعهد میزبان به ارائه امکانات عالی ، تمییزی و روی خوش ایشان، سفر بسیار خاطره انگیزی رو برای ما رقم زد. این مکان حتما جز انتخاب‌های آینده ما خواهد بود.,"سلام ارادت ممنونم
نظر لطف شماست
در خدمتتون هستیم
در پناه خدا باشید",2026-07-09,api
3254052,2026-07-10,4.8,سلام همه چی عالی بود به خصوص بهداشت اقامتگاه خیلی خوب بود نکات مثبت زیادی داشت مثل فضای عمومی خوب امکانات تفریحی خوب و داشتن باربیکیو مجزا برای هر کلبه البته نکات منفی هم وجود داشت اما خیلی متوجه میزبان نبود مثل قطعی برق که سراسری بود و همچنین حشرات که کلافه کننده بود اما در کل میزبانی خوبی داشتن و اقامتگاه مثل هتل های چند ستاره بود ممنون از میزبان و جاجیگا,,,api
3254052,2026-07-11,5,"برخورد محترمانه ، لوکیشن عالی ، نظافت خوب و امکانات نسبتا هتلی 
ما که رضایت کامل داشتیم و ان شاءالله همیشه بتونن این سطح از کفیت رو در میزبانیشون رعایت کنن",,,api
3254052,2026-07-15,4.8,همه چی عالی بود و لذت بردیم,,,api
3254052,2026-07-16,5,ویلا بسیار تمیز بود ، محیط کاملا ساکت بود البته ما اول هفته رفته بودیم ولی هیچ سر و صدای نبوده ، محیط کنار رودخانه عالی بوده خیلی لذت بردیم ، از همه چی راضی بودیم ممنونم از شما 🙏🌹,,,api
3254052,2026-07-18,5,یکی از بهترین اقامتگاهایی بود که تا حالا رفتم. کلبه فوق‌العاده تمیز، مرتب و دقیقا مطابق عکس‌ها بود. همه‌چیز با سلیقه و کیفیت آماده شده بود و هیچ کم‌وکاستی نداشت. میزبان هم بسیار محترم و پاسخگو بود. قطعا دوباره اینجا رو انتخاب می‌کنم و به همه پیشنهادش می‌کنم.,,,api
3254052,2026-07-23,5,از کیفیت واحد، نظافت و برخورد میزبان رضایت داشتم؛ همه چیز مطابق انتظار بود.,,,api
3254052,2026-07-25,5,بدون اغراق یکی از بهترین تجربه‌های اقامتمون بود. کلبه از هر نظر فوق‌العاده بود؛ تمیز، شیک، دنج و باکیفیت. واقعا حس می‌کردیم توی یه هتل پنج‌ستاره اقامت داریم.,,,api
3254052,2026-07-29,4.7,امنیت تمیزی محوطه سازیش اون تاب لب رودخونش همه چیش عالی بود رفتار پرسنل خوب بود ما ک راضی بودیم,🌺🙏,2026-07-29,api
3254052,2026-07-30,,"پک بهداشتی که یکبار مصرف نبود و برای همه استفاده میشه
تمیز بود ولی لوکیشن خاصی نداره 
از نظر برخورد هم ما 20 دقیقه زودتر رسیدیم ولی تماس گرفتیم گفتن باید منتظر بمونید تحویل راس ساعت 2 هست و نیم ساعت پشت در منتظر موندیم
همه اقامتگاه ها تخلیه 12 هست ولی اینجا 11 باید تحویل بدید
گرم بود 
و اینکه کلبه لرزش داره استحکامی نداره","با سلام و احترام 
فرمایشات شما کاملا غیر واقعی و مغرضانه هست ، لزوما اجباری هم نیست که بخواهم نکته به نکته جواب شمارو بدهم . مجموعه بیش از 500 تا کامنت داره که به لطف مهمانان عزیزی که تشریف آوردن و هم معرفی کردند و مکررا هم تشریف میارن کاملا مشخص هست که نظرات  شما برای بیننده ی کامنت ها غیر واقعی است ، علت اظهار نظر غیر واقعی رو هم خودتون میدونید و هم بنده ، عملکرد زشت شما در کاردکس دفتر مجموعه ثبت شده و تاریخ ثبت نظر خود را مشمول مرور زمان کردید که عملکرد شما فراموش بشود ، باید به عرض یرسانم اصلا به این شکل نیست ، شما یکسال دیگر هم بعد از خروج ، کامنت میگذاشتید باز هم چیزی فراموش نمیشد و همین جوابو میگرفتید .در ازای عمل ناشایست شما ، متقابلا باید برخورد میشد که متاسفانه چون  در جایگاه یک مهمان بودید ، و ادب حکم نمیکرد که برخورد جدی انجام شود . جایی هم عنوان نشده و همون روز  ورود شما . حساب کاربری شمارا در سایت  مجموعه مسدود کردم که دیگر اجازه ی رزرو مجموعه را نداشته باشید ، امیدوارم که هر جا هستید در پناه خدا باشید و ایام به کامتان باشد.",2026-07-30,api
3254052,2026-08-02,5,"سلام وقتتون بخیر
من واقعا راضی ام از این کلبه ها انقد تمیز و‌مرتب و من به شدت به نظافت سرویس بهداشتی و سرویس خواب حساسم اما فوق العاده تمیز بار دوم بود از این کلبه ها استفاده میکردیم و قطعا هر دفعه بیام لفور همین انتخابمون هست از اقای اقایی مسئول این اقامتگاه هم بابت این همه سلیقه تشکر میکنم🌹🙏🏻","سلام ارادت
ممنونم
نظر لطف شماست
در خدمتتون هستیم🙏",2026-08-02,api
3254052,2026-08-10,5,من امتیاز کامل دادم,🌺🙏,2026-08-10,api
3254052,2026-08-12,5,بسیار عالی‌ . تجربه اقامت بسیار شیرینی با همسرم . و پسر سه ساله ام داشتیم . بخاطر ویوی عالی‌ . فضای سر سبز بی نظیر. و ساحل اختصاصی گرفتیمش. پسرمون که خیلییی کیف کرد. من قطعا دوباره میام همینجا. از برخورد گرم پرسنل هم کمال تشکر و قدردانی رو دارم,"سلام و عرض ادب
لطف دارید جناب مهربان ، در خدمتتون هستیم🌺🙏🙏",2026-08-12,api
3254052,2026-08-12,5,بسیار عالی و تمیز بود,,,api
3254052,2026-08-13,5,"واقعا از همه نظر عالی بود.
هم از نظر زیبایی، تمیز بودن واقعا عالی بود!!
هم فضای داخلی کلبه، هم فضای محیط واقعا زیبا و تمیز بود.
اینکه اقامتگاه کنار رودخونه قرار داشت، و دسترسی اختصای به کنار رودخونه داشت واقعا عالی بود.
من و همسرم از اقامتی که داشتیم خیلی لذت بردیم.
و مطمئنا باز هم برای اومدن به اینجا اقدام می کنیم.
به بقیه هم پیشنهاد میدم بدون هیچ شکی اینجارو برای اقامتشون انتخاب کنن👌","سلام ارادت
ممنونم ، نظر لطف شماست
در خدمتتون هستیم 🌺",2026-08-13,api
3254052,2026-08-13,5,من امتیاز کامل دادم,,,api
3254052,2026-08-20,4.8,"سلام. واقعا همه چیز عالی
فقط دوتا مطلب مهم
اول اینکه لوکیشن سایت با لوکیشن اصلی 40 دقیقه فاصله داره. لطفا لوکیشن سایت رو اصلاح کنید. درسته که تو واتساپ لوکیشن ارسال میکنن اما خیلی ها عادت دارن با لوکیشن سایت میرن چون واتساپ فیلتره
دوم اینکه وسایل پخت و پز نیست و فرض کنید بخواید صبحانه املت بخورید. اونجا هم صبحانه نمیدن. چه باید کرد؟ اگر هم صبحانه میدن واقعا کسی ما رو راهنمایی نکرد و من پرسیدم و جوابی نگرفتم
در کل من امتیاز بالا دادم چون از همه نظر حتی قیمت به شدت مطلوب بود","سلام
ارادت ، لوکیشن سایت کاملا دقیق دقیق دقیق هست و هیچ ایرادی نداره ، احتمالا اپلیکیشن گوشی شما ایراد داره ،  اطلاعات مجموعه و رزرو با تمام جزییات خدمت همه ی مهمانان ارسال میشه  ، و با مطالعه آن هیچ سوالی بدون 
پاسخ نمیمونه ، احتمالا کامل نخوندید و توجه نکردید ، اگر با دقت توجه کرده بودید حتما صبحانه املت هم نوشجان میکردید ، در پناه خدا باشید",2026-08-20,api
3254052,2026-08-27,5,"سلام وقت بخیر . قبل از مسافرت اطلاعات بصورت کامل توسط میزبان محترم ارسال گردید . مشکلی در یافتن محل طبق آدرس وجود نداشت 
محیط داخل کلبه بسیار تمیز و زیبا بود ترکیب میزهای پذیرایی و میز آرایش که با چوب بودند بسیار زیبا و هماهنگ با کلبه بود مهم‌ترین نکته ی مثبت دیگر نظافت و تمیزی و پاکیزگی سرویس بهداشتی و حمام ، رختخواب و غیره بودند که بسیار حائز اهمیت می باشد نظافت محیط بیرون از جمله پارکینگ و محل رفت و آمد و کنار رودخانه نیز کاملا رعایت شده بود ویو بسیار زیبای جنگل و آرامش محیط بسیار دلنشین بود محیط اختصاصی کنار رودخانه و آتشکده ی آن نیز بسیار خوب بود . دسترسی نزدیک لوکیشن به هایپر مارکت ها و سایر امکانات دیگر 
باربیکیو گازی نیز بسیار مناسب برای برگر و آشپزی بود فقط داخل کلبه کمد جهت آویزان کردن لباس وجود نداشت تی وی هم کانال های ایران رو نمیگرفت در کل محیط بسیار زیبا و تمیزی بود و قطعا برای دفعات بعدی نیز مراجعه و استفاده خواهم کرد و به دیگران پیشنهاد میدم",,,api
3254052,2026-08-28,3.5,صبحانه نداشت ، آنتن هیچ خطی اصلا نمیداد ، نت ضعیف بود ، پله ها خیلی صدا میداد . آب معدنی نگذاشته بودند در یخچال ، به محض ورود باید از آب لوله کشی شهر میخوردید .,"سلام
وقتی رزرو میکردید ذکر شده بدون صبحانه باید دقت میکردید اشتباه از شماست ، برق قطع بشه طی دو ساعت هیچ امکانات مخابراتی وجود ندارد و این امر طبیعی است ، جایی هم در سایت دکر نکردیم که آب معدنی  داده میشه .  این همه نظرات با کلی لوکیشن فوق العاده منطقه را رها کردید ، دنبال بهانه هستید ، عملکرد و برخورد خیلی زشت و زننده شما در بدو ورود با پرسنل و بی احترامی که داشتید ، دنبال بهانه هستید که مجموعه را خراب کنید ، مجموعه آرتینا ، با سابقه بلند مدت و خاص ترین لوکیشن منطقه بیدی نیست که با این افکار و الفاظ بلرزد ، حق ایجاب میکرد که عملکرد بی احترامی شمارو همون طور که در شان و شخصیت شما بود پاسخ داده میشد ، حیف که حرمت مهمان در الویت بوده ، امیدوارم رفتارهای بچه گانه و اعلام نظر غیر واقعی خارج از جارجوب سایت یا در جامعه یی که زندگی میکنید از خودتان بروز ندید ، در پناه خدا باشید.",2026-08-28,api
3254052,2026-09-03,5,"با عرض ارادت خدمت جناب اقایی :
خلاصه  نظرم رو بخوام بگم اینکه ما برای یک شب رزرو کرده بودیم اما تمدید کردیم با تشکر","سلام ارادت 
باعث افتخار ما بود که رضایت داشتید و یک شب تمدید کدید و در خدمتتون بودیم🌺",2026-09-03,api
3254052,2026-09-03,5,"بینظیر بود
اون منطقه خیلی از کلبه هارو رفتم ، ولی اینجا از هر لحاظ مثه هتل پنج ستاره بود ، به همه چی دقت شده بود ، با ریزه کاری ، هر چی که گفته شده بود دقیق و درست و حتی فراتر از انتظار ، فضای کنار رودخانه رویایی ، ویو جنکل ولی از خواب پا میشی ، اصلا یه دنبای دیگه بود ، حرف نداشت ، حس آرامش امنیت و حس خوبی که از مالک مجموعه آقای مهندس آقایی داشتیم و پرسنل مجموعه شون همه عالی مهربان ، آنلاین در دسترس ، هر چی بگم کم گفتم ، انگار اومدم خونه باغ شخصی ، دلمون نمیومد که اونجارو ترک کنیم ، از بهترین و عالی ترین مجموعه منطقه هستن 👌👌🌺","سلام
ارادت
نظر لطف شماست ممنونم🌺🙏🙏",2026-09-03,api
3257474,2025-06-20,5,ما دوشب اقامت داشتیم واقعا همه چی عالی بود از طبیعت زیباش بگیر تا تمیزی و قشنگیه ویلا....ما که کیف کردیم...,سپاسگذارم🙏,2025-06-20,api
3257474,2025-07-14,5,"خیلی کلبه تمیز و با صفایی بود
امکانات بسیار عالی داشت
محیط زیبا و خانواده محترمی که بسیار برخورد خوبی داشتن
خاطره خوبی برامون ثبت کرد
حتما پیشنهاد میشه",پاینده باشین🙏,2025-07-14,api
3257474,2025-07-17,5,"واقعا جای قشنگ و آرامش بخشی بود 
خیلی تمیز با ویو عالی و برخورد میزبان هم فوق‌العاده بود ممنون از شما",ممنون از نگاه زیبا شما🙏,2025-07-17,api
3257474,2025-07-23,5,همه چیز خیلی خوب بود ولی تختها میتونست راحت تر باشد,حتما بررسی میشه و مشکل رفع میشه🙏,2025-07-23,api
3257474,2025-07-29,5,به طور کلی خوب بود,سپاسگزارم🙏🙏,2025-07-29,api
3257474,2025-07-31,5,"اول از همه تشکر میکنم از میزبان خیلی خیلی محترم بابت این کلبه زیبا و درجه یک-
تو دل جنگل رفتیم و واقعا ویو زیبایی داشت- صدای پرندگان فوق العاده بود- کلبه کاملا تمییز و نو بود وسایل کامل بود و یه تجربه بی نظیر برای ما بود
حتما حتما بازم این کلبه را برای دفعات بعد انتخاب میکنم
عالی بود از همه نظر
صدای پرندگان- گله گاو و گوسفندان جنگل بکر و عالی
خیییلی بی نظیر بود ارامش فوق العاده داشت
من جاهای دیگه هم رفته بودم ولی اینجا خیییلی بکر بود
تشکر فراوان",ممنون از نگاه زیبا شما🙏,2025-07-31,api
3257474,2025-08-08,5,"همه چیز بسیار عالی بود 
تمیزی و خوش ساختی ویلا و دقت به جزییات ،منظره بسیار قشنگ ،سکوت محیط و صدای پرندگان 
و از همه مهمتر میزبان بسیار محترم",ممنونم نظر لطفتونه🙏🙏,2025-08-08,api
3257474,2025-08-12,5,اقامتگاه بسیار زیبا و تمیز در لوکیشن بینظیر و زیبای مازندران. ویلا نوساز با امکانات و لوازم لازم که  برای اقامت حتی طولانی مدت هم مناسب است . به همراه میزبانی محترم.,سپاسگزارم🙏🙏,2025-08-12,api
3257474,2025-08-18,5,واقعا لوکیشن و تمیزی و زیبایی اقامتگاه از هر جهت عالی بود و لذت بردیم ممنون از میزبان محترم,خوشحالیم که خاطره خوبی تو کلبه ما داشتین🙏🙏,2025-08-18,api
3257474,2025-08-20,4.8,"تشکر از میزبان محترم
کلبه در موقعیت خیلی خوبی قرار داره و بسیار تمیز بود
فقط به نظرم با توجه به اینکه واحد دو خوابه است بهتره تا 4 نفر هزینه نفر اضافه مازاد بر دو نفر گرفته نشه
در مجموع بسیار عالی هست 😍",خوشحالیم که از کلبه راضی بودین🙏برای اینکه مهمانان عزیز دو نفرمون اذیت نشن و قیمت براشون مناسبتر باشه ظرفیت پایه رو پایین اوردیم 🙏,2025-08-20,api
3257474,2025-08-21,5,"منهای تشک تخت های اقامتگاه و عدم وجود ملافه برای نفرات که نقطه منفی میزبان بود، کلیه آیتم ها در بهترین حالت خودش ارائه شده بود.
ممنون از میزبان عزیز 💐",ممنون نظر لطفتونه🙏تشک تخت ها نو می باشد کاش دقیقتر مشکل رو بیان میکردین.درباره ملافه هم توجه داشته باشین ما خدمات هتلی ارائه نمیدیم ولی رو تختی ها مرتب شست و شو میشه🙏,2025-08-21,api
3257474,2025-08-28,5,"ویلا از همه نظر عالی بود
به کسانیکه عاشق طبیعت و جنگل بکر هستند حتما پیشنهاد میکنم امتحان کنم
خیلی ممنون و متشکر از آقا وحید گل و خانواده محترمشان",ممنونم نظر لطفتونه🙏خوشحالیم که خاطره خوبی از کلبه ما داشتین✋🏻,2025-08-28,api
3257474,2025-09-06,5,"موقعیت و منظره کلبه و برخورد میزبان بسیار عالی بود
همه امکانات لازم و مورد نیاز هم بود",خوشحالیم که از اقامت در کلبه ما راضی بودین🙏,2025-09-06,api
3257474,2025-09-12,5,من امتیاز کامل دادم,ممنون نظر لطفتون بود,2025-09-12,api
3257474,2025-09-18,4.8,نظافت عالی و برخورد میزبان عالی تر,ممنون از شما ،امیدوارم خاطره خوبی از اقامت تو کلبه ما به یادتون بمونه🙏,2025-09-18,api
3257474,2025-09-21,5,ممنون از میزبان و مهممانوازی پدرومادر محترمشون با سایت مطابقت داره و تمیزه با توجه به جنگلی بودن ودرب ورودی قفلش خراب بود ولی حضور خانه پدریشون امنیت رو کامل میکرد خیلی هم زیبا و خوش منظره هست ممنون🌱,"ممنون از نگاه زیبا شما🙏
مغزی قفل خراب شده خریداری کردیم فردا تعویض میکنیم ،ممنون از یاد اوری 🙏🙏",2025-09-21,api
3257474,2025-09-24,5,"باید بگم سوییت خییییلی قشنگ تر از تصاویر هست
یه جای دنج و خوش منظره که اصلا قشنگیش توی عکس ها مشخص نیست ،
تمام وسایل نووو ، تمیز و میزبان به تمام موارد مورد نیاز مسافر فکر کرده و هیچ کم و کسری نداشت،
خوش اخلاق و مهمان نواز و خوش ذوق بودن و حتی به گل طبیعی رو میزها هم توجه کرده بودن
در آخر از مسافرین بعدی تقاضا دارم ، در حفظش کوشا باشن تا نفرات بعدی هم از اینهمه تمیزی و سالم بودن محیط لذت ببرن",ممنون از محبت بیکران و نگاه زیبا شما🙏,2025-09-24,api
3257474,2025-10-07,5,بی نظیر.رویایی...تجربه ای بکر از زیبایی .راحتی طبیعت وامکانات...دریک کلمه ..عاشق خواهید شد.,ممنون از نگاه پر مهر شما🙏🙏,2025-10-07,api
3257474,2025-10-12,5,"واقعا همه چی عالی بود همیشه عالی بمونید و قیمتتون بالا نره که بتونیم زود به زود بیایم
و  ازتون تشکر میکنیم بابت این کلبه ی شیک و تمیزی که ارائه میدید خدا قوت",ممنونم زنده باشین🙏امیدوارم همیشه حال دلتون خوب باشه✋,2025-10-12,api
3257474,2025-10-29,5,به شدت ویلا دنج و لوکیشن عالی ، به شدت تمیز و همه چیز مرتب ، لوازم کاملا تکمیل میزبان خوش برخورد و مهمان نواز ،همه چی تموم بود 🙏,"ممنون نظر لطفتونه🙏
امیدوارم بهتون خوش گذشته باشه🙏✋",2025-10-29,api
3257474,2025-11-09,5,"بی نظیره همیشه برقرار باشید 
بنظرم یه گردگیری عیدانه لازم داره مثل روز اول نو نوار بشه خدا قوت",ممنونم نظر لطفتونه🙏چندماه دیگه عید گردگیری اساسی انجام میشه✋🏻,2025-11-09,api
3257474,2025-11-12,5,یه اقامت واقعا رویاییه کلبه پینک,ممنون از نگاه پر مهرتون🙏🙏,2025-11-12,api
3257474,2025-11-16,5,من امتیاز کامل دادم,"ممنونم 🙏🙏
امیدوارم بهتون خوش گذشته باشه🙏",2025-11-16,api
3257474,2025-12-01,5,"از همه لحاظ عالی بود واقعا
ممنونم",ممنونم🙏🙏,2025-12-01,api
3257474,2026-02-11,4.8,"بکر بودن طبیعت، زیبایی کلبه و نوع ساخت، نظافت و سلیقه و دقت در جزییات و امنیت همه عالی
میزبان بسیار خوش اخلاق و خوش
تشکر از جناب عمونیا و پدر بزرگوار ایشون","سپاسگزارم
امیدوارم خاطره خوبی ساخته باشین🙏",2026-02-11,api
3257474,2026-02-13,5,"دفعه سومم هست که میام این کلبه
بسیار عالی و خوب
برخورد میزبان بسیار عالی هم خودشون هم پدرشون
بسیار تمیز و خوش منظره","ممنونم نظر لطفتونه🙏
امیدوارم باز هم بتونیم افتخار میزبانی شمارو داشته باشیم✋",2026-02-13,api
3257474,2026-02-22,5,واقعا جای عالی و جذاب و تمیزی بود یه جای دنج وسط جنگل با حس و حال و هوای خوب,"سپاسگزارم✋🏻
امیدوارم بهتون خوش گذشته باشه🙏",2026-02-22,api
3257474,2026-03-03,5,"عالی بود همه چیز
ممنونم",سپاسگزارم🙏,2026-03-03,api
3257474,2026-03-27,5,"یه کلبه دنج با ویو بسیار عالی و بی نظیر
تمام مواردی که در سایت بود کاملا مطابق با امکانات این کلبه جذاب بود بنده قطعا مجدد به این مکان دوست داشتنی سفر خواهم کرد
فقط یه نکته ای که اگر میزبان عزیز زحمت بکشن انجام بدن اینه که داخل حمام یه دوش سیار باشه یا شلنگ که بشه داخل حمام رو کامل شست خیلی عالی میشه ولی چیزی از میزبانی بی‌نظیرشون کم نمیکنه امیدوارم همینجوری تمیز و دیدنی بمونه که ما بازهم بتونیم بیایم و لذت ببریم🙏🤗👏👌","ممنونم نظر لطفتونه
به امید دیدار مجدد🙏🙏",2026-03-27,api
3257474,2026-04-02,4.8,ممنون از میزبان برخورد خیلی خوب .مورد خاصی نبود همه چه عالی بود فقط تشک های تخت خواب ها خیلی نرم بود کمردرد میگیره آدم اگر تشک ها تعویض شود هیچ مورد خاص دیگه نداشت بازم ممنون از میزبان,"سپاسگزارم🙏
امیدوارم بهتون خوش گذشته باشه🙏",2026-04-02,api
3257474,2026-04-04,5,"برای بار دوم بود که اقامت داشتم 
همه چیز عالی بود ممنونم از میزبان عزیز.","خوشحالم که راضی بودین🙏
امیدوارم باز هم در اینده افتخار میزبانی از شمارو داشته باشم🙏",2026-04-04,api
3257474,2026-04-09,5,"با تشکر از میزبان محترم 
اقامتگاه بسیار. تمیز . دنج بود بدون هیچ گونه سر ‌صدا 
پیشنهاد میشه اگه دنبال یه کله با آرامش و سکوت هستید گزینه خیلی خوبه .","سپاسگزارم نظر لطفتونه🙏
امیدوارم در کنار خانواده اقامت دلنشینی رو تجربه کرده باشین🙏✋🏻",2026-04-09,api
3257474,2026-04-10,5,من امتیاز کامل دادم,سپاسگزارم🙏,2026-04-10,api
3257474,2026-04-12,5,کلمه و جمله‌ای برای توصیف زیبایی لوکیشن کلبه نیست، همه چیز عالی بود، تشکر از میزبانی شما.,"ممنون از توصیف زیبای شما🙏
امیدوارم خاطره خوبی ساخته باشین🙏✋🏻",2026-04-12,api
3257474,2026-04-13,5,"همه چی عالی و فراتر از حد انتظار بود
هیچ نکته منفی وجود نداشت
با تشکر از میزبان محترم","سپاسگزارم
امیدوارم خاطره خوبی در کلبه ما ساخته باشین🙏",2026-04-13,api
3257474,2026-04-27,4.8,به شدت ویو قشنگ میزبان واقعا محترم و واقعا همه جا تمیز یه جای ساکت و شیک,"سپاسگزارم🙏
به امید دیدار مجدد✋🏻",2026-04-27,api
3257474,2026-05-01,4.8,بسیار عالی,سپاسگزارم🙏,2026-05-01,api
3257474,2026-05-12,5,"من چندین بار به این منطقه سفر کرده‌ام اما این جا واقعا نسبت به بقیه بهتر، تمیز تر و محیطی آرام تر داشت
سرویس بهداشتی و حمام فوق‌العاده تمیز بودند
اگر کسی دنبال آرامش و سکوت طبیعت هستش بهترین گزینه می‌تونه باشه
من شبی 3 میلیون تومان رزرو کردم که اگر قیمت افزایش پیدا نکنه مطمعنا مجدد از این کلبه استفاده میکنم
میزبان هم فوق العاده مودب و خوش برخورد بودند
در کل نکته منفی نمیتونم بگم","ممنونم نظر لطفتونه🙏
به امید دیدار مجدد🙏✋🏻",2026-05-12,api
3257474,2026-05-15,5,"میزبان واقعا خوش برخورد و مهربان بودن.
ویلا تمیز و ویوی بسیار عالی داشت .به همه پیشنهاد میکنم در انتخاب این اقامتگاه هرگز شک نکنن.قطعا انتخاب دوباره ما خواهد بود🤩🤩","سپاسگزارم🙏
خوشحالیم که از اقامت در کلبه ما راضی بودین
به امید دیدار مجدد🙏",2026-05-15,api
3257474,2026-05-16,5,"همه چیز بی نهایت عالی بود 
بشدت تمیز و ویو بسیار زیبا قابل توصیف نیست
خیلی ممنون از میزبان محترم 
قطعا انتخاب مجدد ما هست👌","سپاسگزارم🙏
به امید دیدار مجدد ✋",2026-05-16,api
3257474,2026-05-29,5,من امتیاز کامل دادم,سپاسگزارم🙏,2026-05-29,api
3257474,2026-05-31,5,باسلام بنده 2 شب مهمان بودم بسیار عالی بود هم بلحاظ لوکیشن هم تمیزی و امکانات و هم برخورد میزبان. قطعا پیشنهاد به همه میکنم و مجدد میام چون عالی بود,"ممنون از نگاه زیبا شما🙏
به امید دیدار مجدد✋🏻",2026-05-31,api
3257474,2026-06-02,5,ممنون از میزبان محترم،لوکیشن عالی بود طوریکه میتونی چند روز همونجا بمونی و هیچ جا نری،حس فوق العاده ای رو تجربه کردیم,"خوشحالیم که خاطره خوبی از کلبه ما داشتین
امیدوارم در اینده باز هم بتونیم افتخار میزبانی شمارو داشته باشیم",2026-06-02,api
3257474,2026-06-12,5,درود ،اول از جاجیگا تشکر میکنم بدلیل معرفی و انتخاب بهترین ها ،بعد اینکه هم از آقا وحید و هم مادر مهربان ایشون بخاطر فراهم کردن چنین مکانی و اینکه لطف کردن خیلی زودتر از موعد تحویل ما دادن ،من اینطور توصیف میکنم ،سلام به طبیعت بکر ،سلام به آواز پرندگان ،سلام به آرامش ،سلام به باد رقص برگ درختان ،سلام به زیبایی دام های اهلی ،همه این خصوصیات در کلبه آقا وحید تجربه شد برامون ،فقط درخواست من از میهمانان بعد این است که بخاطر بکر بودن ،بزرگواری کنند ،ته سیگار یا ظرف غذای یکبار مصرف و بطری آب معدنی خودشون رو تو این زیبایی طبیعت رها نکنند ،تا همه بتونیم از این همه آرامش استفاده کنیم ،راستی دوستان ،از سگ مهربان و با وفا که تا شب تا صبح با وجود امنیت خوب ما رو رها نمی‌کرد دریغ نکنید و بهش محبت کنید ما اسمش رو گذاشتیم بابی مهربان ،بازم از آقا وحید بخاطر این جای بکر تشکر میکنیم و حتما قصد داریم میهمان ایشون در پاییز زیبا و یا زودتر باشیم .ممنون از شما,"درود بر شما
از رضایت مندی شما خیلی خوشحالیم
همچنین از توصیف زیبایی که از کلبه ما داشتین تشکر میکنم
امیدوارم در اینده نزدیک افتخار میزبانی شمارو داشته باشیم🙏",2026-06-12,api
3257474,2026-07-05,5,سلام ، از آقا وحید و خانواده محترمشان کمال تشکر و قدردانی را دارم . اگه بخوام خلاصه بگم همه چی عالی بود .,"سپاسگزارم🙏
به امید دیدار مجدد✋",2026-07-05,api
3257474,2026-07-07,5,همه چیز خیلی خوب بود تمیزی و نظافت اقامتگاه قابل قبول بود میزبان خوش برخورد بودند و در مجموع رضایت داشتیم مورد منفی وجود نداشت .,خوشحالیم که رضایت داشتین🙏به امید دیدار مجدد✋,2026-07-07,api
3257474,2026-07-14,5,"ممنون از آقا وحید و خانواده محترم بخاطر میزبانی 
لوکیشن خوب 
ویلا تمیز مرتب بدون نیاز به بردن وسیله اضافه 
یه حیاط دلباز و قشنگ 
ویوو خوب 
برای کسانی که تو تابستون میخان برن هوا 5 درجه خنک تر از شهر 
و اینکه مادر محترم هم شیر محلی و هم تخم مرغ محلی دارن با کیفیت عالی 
برید کیفشو ببرین هم از ویلا هم از منظره 
🙏🙏","زنده باشین 🙏سپاسگزارم🙏
خوشحالیم که خاطره خوبی براتون بجا موند
به امید دیدار مجدد✋",2026-07-14,api
3257474,2026-07-16,5,"در رزرو این ویلا شک نکنید اگر لوکیشن زیبایی چشم انداز تمیزی امکانات و سکوت و  صدای طبیعت بکر بدون مزاحم الویت شماست واقعا بی اغراق جز انگشت شمار ویلاهای هست که در این حد تمیزی و امکانات راحتی فراهم شده و برخورد محترمانه میزبان و پدر و مادر محترمشان هم برای بنده بسیار ارزشمند و دوست داشتنی بود. 🙏🙏♥️🌹
به تمامی موارد امتیاز کامل دادم 🙏حتما بزودی رزرو مجدد انجام خواهم داد و از سایت خوب جاجیکا هم بسیار سپاسگزارم🙏🙏🙏🌹",از نگاه زیبا شما بسیار سپاسگزارم🙏خوشحالیم که از اقامت راضی بودین🙏به امید دیدار مجدد✋🏻,2026-07-16,api
3257474,2026-07-22,4.7,سلام مکان ویلا در جای دنج و بسیار خوش منظره واقع شده تمیزی ویلا بسیار بالا و لوازم کافی بود.فقط اگر اسپیکر موجود بود بسیار عالی میشد.برخورد میزبان بسیار با احترام و عالی بود.قطعا بنده با همراهان مجددا رزرو میکنم عمری باقی باشه.,ممنونم🙏به امید دیدار مجدد✋,2026-07-22,api
3257474,2026-08-03,4.8,کلبه عالی بود مناظر اطراف هم خیلی زیباست. کلا همه چی راضی کننده بود,سپاسگزارم🙏خوشحالیم که از اقامت راضی بودین🙏✋,2026-08-03,api
3259061,2025-09-25,4.8,"بسیار مرتب و تمیز
میزبان بسیار مهربان و مهمان نواز
اگر علاقه به این دارین که از ویلا خارج نشین همه چیز محیا است
پیشنهاد میکنم حتما چند شب اقامت داشته باشید.",خیلی ممنون از شما دوست عزیز،خوشحالیم ک رضایت داشتید،امیدواریم در سفرهای بعدی هم افتخار میزبانی از شما را داشته باشیم به امید دیدار مجدد 🙏,2025-09-25,api
3259061,2025-10-04,5,"میزبان فوق‌العاده‌ای بودین! واقعا لذت بردیم.
همه چیز تمیز و مرتب بود، و رفتارتون هم که جای خود داشت! مخصوصا نون تازه ای که صبحا برامون میآوردین، حال و هوای خاصی به سفرمون داد.
ما که شیفته مهمون‌نوازیتون شدیم، قطعا دفعه بعد هم میایم پیش شما! مرسی از همه چیز! 🌼",خیلی ممنون از شما،رضایت شما باعث افتخار ماست،انجام وظیفه بود،شما بزرگواری،باعث افتخارمون هست ک در خدمت شما باشیم،به امید دیدار دوباره 🙏,2025-10-04,api
3259061,2025-10-07,5,برخورد میزبان، نظافت، امکانات اقامتگاه و همه موارد بسیار عالی بود، حتما پیشنهاد میشه,خیلی ممنون از شما،خوشحالیم ک‌ رضایت داشتید،امیدواریم در سفرهای بعدی هم افتخار میزبانی از شما را داشته باشیم به امید دیدار مجدد 🙏,2025-10-07,api
3259061,2025-10-09,5,کلبه بسیار تمیز و نظافت عالی بود، موقعیت مکانی خیلی خوب بود و تصاویر مطابقت کامل داشتند ، برخورد میزبان خیلی خوب بود در کل عالی بود,خیلی ممنون از شما،رضایت شما عزیزان باعث افتخار ماست،انشالا در سفرهای بعدی هم افتخار میزبانی از شما را داشته باشیم،به امید دیدار مجدد 🙏,2025-10-09,api
3259061,2025-10-14,5,"سلام و خسته نباشید خدمت میزبان عزیز متشکرم بابت مهمانوازی بسیار خوبتون همه چیز عالی بود ویلا کاملا تمیز و مرتب و امکانات تکمیل بود همچنی متشکر بابت نان صبحانه 
خاطره عالی برای من و همسرم شد","سلام
خیلی ممنون از شما بابت  نقطه نظرات مثبت،خوشحالیم ک رضایت داشتید،انجام وظیفه میکنیم،انشالا در سفرهای بعدی هم افتخار میزبانی از شما را داشته باشیم به امید دیدار مجدد 🙏",2025-10-14,api
3259061,2025-10-19,5,"بسیار کلبه دنج و تمیزی بود و در طول اقامت بسیار راحت بودیم
از نظر امکانات مناسب و هزینه اقامت هم منصفانه بود",خیلی ممنون از شما،خوشحالیم ک رضایت داشتید،انشالا در سفرهای بعدی هم افتخار میزبانی از شما را داشته باشیم،به امید دیدار مجدد 🙏,2025-10-19,api
3259061,2025-10-23,5,واقعا همه چی عالی و فضای دلنشین و اقامت لاکچری رو تجربه کردیم . با تشکر,خیلی ممنون از شما،رضایت شما باعث خرسندی ماست،امیدواریم در سفرهای بعدی هم افتخار میزبانی از شما را داشته باشیم به امید دیدار مجدد 🙏,2025-10-23,api
3259061,2025-10-24,5,خیلی عالی با عکس اصلا فرق نداشت خیلی عالی بود,خیلی ممنون از نظرات مثبت شما ،رضایت شما باعث خرسندی ماست،امیدواریم در سفرهای بعدی هم افتخار میزبانی از شما را داشته باشیم به امید دیدار مجدد 🙏,2025-10-24,api
3259061,2025-10-27,5,واقعا از اقامتم در این اقامتگاه راضی بودم. همه چیز از برخورد گرم و محترمانه میزبان گرفته تا تمیزی، امکانات، موقعیت عالی و تحویل به‌موقع، عالی و بی‌نقص بود. محیط آرام، منظم و دنج بود و همه‌چیز دقیقا همون‌طوری بود که در توضیحات نوشته شده بود. تجربه‌ای فوق‌العاده و به‌یادماندنی بود، قطعا دوباره اینجا رو برای سفرهای بعدی انتخاب می‌کنم و به دیگران هم پیشنهاد می‌دم.,خیلی ممنون از حسن نظرات شما،خداروشکر که رضایت داشتید،رضایت شما باعث خرسندی ماست، شما بزرگواری،باعث افتخارمون هست ک در خدمت شما میهمانان عزیز باشیم،به امید دیدار دوباره 🙏,2025-10-27,api
3259061,2025-10-30,5,همه چی فوق العاده تمیز مرتب و لوکس تو فضای جنگلی و بکر و میزبان زوجی فوق‌العاده محترم ومهمان نواز,خیلی ممنون از شما،خوشحالیم که رضایت داشتید،رضایت شما عزیزان باعث افتخارمون هست،امیدواریم در سفرهای بعدی هم افتخار میزبانی از شما را داشته باشیم به امید دیدار مجدد 🙏,2025-10-30,api
3259061,2025-11-07,5,"اقامت خیلی خوبی داشتیم ویلا تمیز جکوزی عالی و محیطش آرام و دل‌نشین بود.
میزبان هم بسیار محترم و خوش‌برخورد بودن
ممنون از مهمان‌نوازیتون 🙏",خیلی ممنون از شما،خوشحالیم ک تونستیم رضایت را شما جلب کنیم،شما بزرگواری،امیدواریم در سفرهای بعدی هم افتخار میزبانی از شما را داشته باشیم،به امید دیدار دوباره 🙏🙏,2025-11-07,api
3259061,2025-11-11,4.8,"بسیار در این اقامتگاه به ما خوش گذشت 
همه چی عالی بود ، تمیز و مرتب
نون تازه بسیار عالی بود و چسبید
دمتون گرم",خیلی ممنون از شما،خوشحالیم ک رضایت داشتید،امیدواریم در سفرهای بعدی هم افتخار میزبانی از شما را داشته باشیم به امید دیدار مجدد 🙏,2025-11-11,api
3259061,2025-11-14,5,"بسیارکلبه تمیز و مرتب و زیبایی بود
هیچ کم و کسری نداشت وسایل آشپزخونه کامل بود نیازی ب اوردن ظرف و ظروف نبود و واقعامیزبانان خوبی بودند هروز صب برامون نون تازه محلی میزاشتن جلوی در😍
جای باصفای هم هست
تجربه خوبی بود.",خیلی ممنون از شما ،خوشحالیم ک تونستیم رضایت شمارا جلب کنیم،انجام وظیفه بود،امیدواریم در سفرهای بعدی هم افتخار میزبانی از شما را داشته باشیم به امید دیدار مجدد 🙏,2025-11-14,api
3259061,2025-11-24,5,همه چیز عالی بود ممنون,ممنون از شما🙏خوشحالیم ک راضی بودید،انشالا قسمت بشه دوباره در خدمت شما باشیم،به امید دیدار مجدد 🙏,2025-11-24,api
3259061,2025-12-04,5,من امتیاز کامل دادم,خیلی ممنون از شما،خوشحالیم ک رضایت داشتید،به امید دیدار مجدد 🙏,2025-12-04,api
3259061,2025-12-08,4.8,با تشکر فراوان از اقای رئیسی اقامتگاه فوق العاده تمیز و دنج بود و حتما پیشنهاد میکنم برای استراحت مراجعه کنید ، واقعا همه چیز عالی بود,خیلی ممنون از شما،رضایت شما باعث خرسندی ماست،امیدواریم در سفرهای بعدی هم افتخار میزبانی از شما را داشته باشیم به امید دیدار مجدد 🙏,2025-12-08,api
3259061,2025-12-17,5,"کلبه ای زیبا ، گرم و پاکیزه 
میزبان خوشرو و با محبت 
سپاس",خیلی ممنون از ثبت نظرات مثبت شما دوست عزیز،خوشحالیم ک تونستیم  رضایت شمارا جلب کنیم،امیدواریم در سفرهای بعدی هم افتخار میزبانی از شما را داشته باشیم به امید دیدار مجدد 🙏,2025-12-17,api
3259061,2025-12-19,5,همه چیز بسیار عالی بود ، از زیبایی محیط اطراف اقامتگاه تا تمیزی و تجهیزات خود کلبه و همینطور برخورد میزبانان عزیز . بسیار لذت بردیم از اقامتمون,خیلی ممنون از ثبت نظرات مثبت شما🙏 خوشحالیم که رضایت داشتید،امیدواریم در سفرهای بعدی هم افتخار میزبانی از شما را داشته باشیم،به امید دیدار دوباره 🙏,2025-12-19,api
3259061,2025-12-31,5,"سلام و عرض ادب
بی نظیر بود واقعا از توضیحات و عکسا هم بهترو قشنگ تره ممنون ازتون 🙏🏻🌹","سلام..
خیلی ممنون از ثبت نظرات مثبت شما دوست عزیز،خوشحالیم ک تونستیم رضایت شما را جلب کنیم،انشالا قسمت بشه در سفرهای بعدی هم افتخار میزبانی از شما را داشته باشیم به امید دیدار مجدد 🙏",2025-12-31,api
3259061,2026-02-05,4.8,"واقعا همه چیز تمام بودند نظافت عالی 😍
رودست نداشتند حس خونه ی خودمون رو داشتم خودشون با دقت تمام بالای سر کار رودند و به همه چیز رسیدگی میکردند 
صدای اب رودخانه ارامش خاصی داره تو دل شب تو حیاطش اتشدان عالی نورپردازی بسیار قوی 
رسیدگی به مسافر عالی صبح هر روز دوعدد نان بربری محلی تازه میگیرند که به نظرم فن آخر استاده 🥰 دیگه مسافر چی میخواد مگه  ! نون همیشه معضل سفر و صبحانشه چون واقعا حال نمیده بخوای صبح بری دنبال نون بگردی  
همه چیز نقلی ،نو و باسلیقه و کاربردی بود  انگار پول دادن طراح براشون داخلی زده توراک موقعیت عکس و.... اینچیزاست نورپردازی و دکورش خلاصه بازم میرم اگر قسمت بشه فقط داخل روستاست و اخراش کمی خاکیه ترجیحا صبح برید روشن باشه جادشم جنگلیه 
کمی حوصله میخواد پیچ در پیچه مقداری از مسیر اونم به جاش میارزه",خیلی ممنون از شما دوست عزیز،خوشحالیم ک رضایت داشتید،شما بزرگواری،انجام وظیفه بود،تمام  سعی و تلاش خودمون را میکنیم تا به شما میهمانان عزیز خوش بگذره،باعث افتخار ماست ک دوباره در خدمت شما باشیم، به امید دیدار مجدد 🙏,2026-02-05,api
3259061,2026-02-15,5,هم لوکیشن و موقعیت خوبی داشت و هم تمیزی و کیفیت واحد و لوازمش خیلی خوب بود و از هر نظر رضایت داشتیم. با تشکر از میزبانی خوبشون.,خیلی ممنون از شما دوست عزیز، شما بزرگواری،رضایت شما باعث خرسندی ماست،امیدواریم در سفرهای بعدی هم افتخار میزبانی از شما را داشته باشیم به امید دیدار دوباره 🙏🙏,2026-02-15,api
3259061,2026-03-01,5,ما کلبه های زیادی رفتیم تو این منطقه و این کلبه یکی از بهترین کلبه هایی بود که رفتیم به تمام جزئیات توجه شده بود بسیار بسیار تمیز و دیزاین داخلی و حیاط عالی بود و امکانات کلبه تکمیل بود. مسیر و جاده خوبی داشت سوپرمارکت و یه رستورانم نزدیکش هست که میتونید مایحتاجتون تهیه کنید. تو مدتی که ما اقامت داشتیم تو این کلبه انقد این خانواده به ما لطف داشتن و محبت کردن بما که قابل جبران نبود فوق العاده مهمون نواز بودن حتما دوباره تو سفرای بعدی این کلبه انتخاب اولمونه,خیلی ممنون از شما،بزرگواری از خودتون بود،انجام وظیفه میکنیم،رضایت شما باعث خرسندی ماست،،باعث افتخارمون هست ک در خدمت شما میهمانان عزیز باشیم،به امید دیدار دوباره 🙏🙏,2026-03-01,api
3259061,2026-03-03,5,واقعااااا یکی از بهترین جاهایی که رفتم به شدت تمیز دقیقا مثل هتل و لوکیشن عاااااالی همه چیز همه چیز عالی عالی عالی,خیلی ممنون از شما،خوشحالیم ک رضایت داشتید،نظر لطف شماست،شما بزرگواری،امیدواریم در سفرهای بعدی هم افتخار میزبانی از شما را داشته باشیم به امید دیدار دوباره 🙏🙏,2026-03-03,api
3259061,2026-03-04,4.8,"سلام ..یه تشکر عالی از اقا مجید گل و تیم همراشون 
واقعا همه چیز طبق فیلمی بود ک ارائه شده بود همه چی تمیز مرتب لوکیشن عالی و بی نظیر بود محیط به شدت اروم مناسب ریلکس کردن ...",خیلی ممنون از شما دوست عزیز،رضایت شما باعث افتخار ماست،امیدواریم در سفرهای بعدی هم افتخار میزبانی از شما را داشته باشیم به امید دیدار مجدد 🙏,2026-03-04,api
3259061,2026-03-24,5,"بی نظیر بود بخدا
احسنت به این سلیقه و نظافت",خیلی ممنون از شما دوست عزیز،شما بزرگواری،رضایت شما باعث افتخار ماست،امیدواریم در سفرهای بعدی هم افتخار میزبانی از شما را داشته باشیم به امید دیدار دوباره 🙏 🙏,2026-03-24,api
3259061,2026-04-01,5,این خانوم و اقا هم محترم بودن هم با شخصیت کلبه شونم هم خوب بود هم مجهز هم واقعا تمیز هرچی گرفتن نوش جونشون,خیلی ممنون از شما دوست عزیز،شما بزرگواری،رضایت شما باعث خرسندی ماست،انشالا قسمت بشه دوباره در خدمت شما باشیم به امید دیدار مجدد 🙏,2026-04-01,api
3259061,2026-04-23,5,"عرض درود و خسته نباشید خدمت آقا مجید و همسر محترمشون،
به عنوان ارزیاب گردشگری و دانشجوی ارشد اکوتوریسم باید عرض کنم اولین امتیاز برای هر مقصد گردشگری و اقامتگاه و حتی هتل و غیره، برخورد و روابط اجتماعی میزبان هست، که انصافا به بهترین شکل توسط میزبان محترم و همسر بزرگوارشان انجام شد، قدم بعدی نظافت اقامتگاه هست که بسیار پاکیزه بود.
نوع مکان و سازه، دید مناسب به جنگل، امکانات اقامتگاه همه و همه امتیاز لازم رو داشت و مطابق مطالب مندرج در سایت بود به اضافه وجود پک شستشوی استحمام، و سشوار.
ثبت تطابق تصویر اقامتگاه در سایت با دید از نزدیک کاملا همخوانی داشت.
تعویض ملحفه تخت و بالشت و ضدعفونی شدن آنها، استریل جکوزی با مواد، از امتیازات بارز اقامتگاه و میزبان بود.
نزدیکی به رودخانه و دیدن حیوانات اهلی روستایی و لذت لمس آرامش و بوی خاک و آب و جنگل، و ثبت تصاویر در ذهن و بازیابی جسم و روح، و برگشت آرامش درونی از امتیازات خدادادی منطقه میباشد.
لذت بردیم.
سورپرایز: تهیه نان داغ برای صبحانه توسط میزبان بود.
اوقات خوبی برای من و همسرم گذشت و حتما مجدد مهمان این اقامتگاه و میزبان محترمشون خواهیم شد.",با عرض سلام خدمت شما دوست عزیز،سپاس فراوان از شما دوست عزیز،شما بزرگواری،خوشحالیم ک رضایت داشتید،انجام وظیفه بود،از اینکه وقت گذاشتید و تمام نکات را بیان کردید کمال تشکر را داریم،از اعتماد شما عزیزان سپاسگزاریم 🙏،باعث افتخارمون هست ک  در خدمت شما میهمانان عزیز باشیم،به امید دیدار دوباره 🙏🙏,2026-04-23,api
3259061,2026-04-24,5,"کلبه کاملا نوساز،تمام لوازم تمیز و مرتب و در نهایت سلیقه چیده شده بود،و دقیقا با عکسهای سایت مطابقت داشت،محیط پیرامون اقامتگاه نیز بسیار زیبا و جذاب و آرام بود،ضمنا برخورد میزبان از بدو ورود و تحویل بسیار محترمانه بود.
اقامت ما در این کلبه زیبا به یکی از بهترین خاطراتمون تبدیل شد،پیشنهاد میکنم حتما اقامت در اینجارو تجربه کنید.",خیلی ممنونم از شما دوست عزیز ، شما بزرگواری،خوشحالیم ک تونستیم رضایت شما را جلب کنیم،امیدواریم در سفرهای بعدی هم افتخار میزبانی از شما را داشته باشیم،به امید دیدار مجدد 🙏,2026-04-24,api
3259061,2026-04-28,5,"کلبه سوییسی دربست و  فوق العاده تمیز 
دیزاین شیک با یه حیاط خوشگل که آتش دان و باربیکیو داره شمارو از منقل بی نیاز میکنه 
جکوزی سالم بود با آب داغ  و تمیزززز 
بالش و روتختی ها بوی تمیزی میداد
سشوار و اسپیکر هم داخل کلبه هست
ویو جنگل همراه با مه داشتیم 
امنیت عالی میزبان در نزدیکی ما بود
برامون شامپو و صابون هم گذاشته بودن 
صبح ها هم نون تازه میاوردن 
در اخر تجربه عالی بود ممنون از میزبان محترم آقای محمدی و همسر بسیااار خون گرم و مهربانشون",سپاس فراوان از شما دوست عزیز ،رضایت شما باعث خرسندی ماست، شما بزرگواری،انجام وظیفه میکنیم،،از اعتماد شما میهمانان عزیز سپاسگزاریم،امیدواریم در سفرهای بعدی هم افتخار میزبانی از شما را داشته باشیم به امید دیدار مجدد 🙏,2026-04-28,api
3259061,2026-05-07,5,"واقعا فوق العاده بود
هم از نظر مکانی تو دل طبیعت 
هم از لحاظ تمیزی 
واقعا ممنونم که به مهمون ها انقدر ارزش قائلید❤️",سپاس از شما دوست عزیز،رضایت شما باعث خرسندی ماست،انجام وظیفه میکنیم ،اولویت ما رضایت شما میهمانان عزیز هست،امیدواریم بتونیم  در سفرهای بعدی هم افتخار میزبانی از شما را داشته باشیم به امید دیدار مجدد 🙏,2026-05-07,api
3259061,2026-06-01,5,در یک کلام میتونم بگم فوق العاده بود . البته ما به میزبان یه زحمت هم دادیم که برامون سنگ تموم گذاشتن و واقعا انسانهای شریفی  هستن,سپاس از شما دوست عزیز،خوشحالیم ک تونستیم رضایت شما را جلب کنیم، شما بزرگواری،انجام وظیفه بود،امیدواریم در سفرهای بعدی هم افتخار میزبانی از شما را داشته باشیم به امید دیدار مجدد 🙏,2026-06-01,api
3259061,2026-06-03,5,واقعا اقامتگاه عالی و بی‌نظیری بود. میزبانان بسیار خوش‌برخورد بودن و تجربه‌ی خیلی خوبی رو برامون ساختن. امکانات کلبه خیلی خوب و کامل بود. برای صبحونه هم نون بربری تازه آوردن که خیلی ممنونم ازشون.,خیلی ممنون از شما،خوشحالیم ک رضایت داشتید،انجام وظیفه بود،امیدواریم در سفرهای بعدی هم افتخار میزبانی از شما را داشته باشیم به امید دیدار مجدد 🙏,2026-06-03,api
3259061,2026-06-04,5,"میزبان بسیار محترم بودن . تمیز بودن ویلا از نکات مهم بود ک امیدوارم حفظ بمونه . زیبایی اطراف ویلا عالی بود به نظرم جزو ویلا هایی هست ک ادم دلش میخواد بازم بره 
ممنونم از اقای محمدی .",سپاس از شما دوست عزیز ،رضایت شما باعث خرسندی ماست،باعث افتخار ماست که در خدمت شما میهمانان عزیز باشیم،به امید دیدار مجدد 🙏,2026-06-04,api
3259061,2026-06-05,5,فوق العاده تمیز بود,خیلی ممنون از شما،امیدواریم در سفرهای بعدی هم افتخار میزبانی از شما را داشته باشیم به امید دیدار مجدد 🙏,2026-06-05,api
3259061,2026-06-07,4.8,با تشکر ،برخورد بسیار خوب ،تحویل به موقع، فضای واقعا زیبا و جذاب،کلبه تمیز و مرتب ،من واقعا لذت بردم ممنونم🙏,خیلی ممنون از شما دوست عزیز،خوشحالیم ک تونستیم رضایت شما را جلب کنیم،امیدواریم در سفرهای بعدی هم افتخار میزبانی از شما را داشته باشیم به امید دیدار مجدد 🙏,2026-06-07,api
3259061,2026-06-11,5,من امتیاز کامل دادم,تشکر از شما دوست عزیز🙏به امید دیدار مجدد 🙏,2026-06-11,api
3259061,2026-06-13,5,درود ....من سفرهای زیادی به شمال داشتم و کلبه و ویلا زیاد گرفتم ..فوق العاده وسواس روی تمیزی دارم و حتی هتلم ک میرم یه ملحفه  بزرگ میبرم روی همه چی میکشم ولی این کلبه واقعا از لحاظ نظافت و تمیزی عالی بود بوی سیگارو بوی نم و فاضلاب اصلا حس نمیشد اینقد تمیز و نوساز بود فکر میکردی خونه خودتی .تمام لوازم ضروری مهیا بود...اسپیکر و سشوار داشت..میزبان واسمون صبح نون پشت در گذاشت...میزبان رفتار خوبی داشت و پیگیر بود ..شب در حیاط و کنار اتشدان و صدای رودخونه و هوای خنک سپری شد این کلبه رو به دوستان و اشنایانم پیشنهاد کردم مسیرش خوب بود جکوزی تمیز بود آب گرم و پرفشار...عکسای به یاد موندنی گرفتیم فقط این کلبه اگه یه تراس داشت واقعا فوق العاده تر میشدسپاس از میزبان محترم ک خاطره ی خوشی واسمون ساخت,خیلی ممنون از شما دوست عزیز،شما بزرگواری،نظر لطف شماست،خوشحالیم ک تونستیم رضایت شما را جلب کنیم،انشالا قسمت بشه دوباره در خدمت شما و خانواده محترم باشیم،به امید دیدار مجدد 🙏🙏,2026-06-13,api
3259061,2026-06-16,5,همه چیز عالی ممنون از میزبان عزیز🙏🏻,خیلی ممنون از شما دوست عزیز،خوشحالیم ک رضایت داشتید،انشالا قسمت بشه دوباره هم در خدمت شما باشیم،به امید دیدار مجدد 🙏,2026-06-16,api
3259061,2026-07-01,4.7,خیلی تمیز و شیک مرتب جای دنج خوب,خیلی ممنون از شما،خوشحالیم ک تونستیم رضایت شما را جلب کنیم،به امید دیدار دوباره 🙏,2026-07-01,api
3259061,2026-07-18,5,همه چیز عالی بود ممنون از میزبانی مجید آقا,خیلی ممنون از شما دوست عزیز،هدف ما رضایت شما میهمانان عزیز میباشد،خرسندیم ک رضایت داشتید،به امید دیدار مجدد 🙏🙏,2026-07-18,api
3259061,2026-07-23,5,من امتیاز کامل دادم,تشکر از شما دوست عزیز،خوشحالیم ک رضایت داشتید ،به امید دیدار مجدد 🙏,2026-07-23,api
3259061,2026-07-28,5,میزبان برخورد خوبی داشتند، واحد رو به موقع تحویل گرفتیم، نظافت رعایت شده بود، در مجموع راضی بودیم.,"ممنون از ثبت نظرات مثبت شما دوست عزیز 🙏،
خوشحالیم ک رضایت داشتید،امیدواریم در سفرهای بعدی هم افتخار میزبانی از شما را داشته باشیم به امید دیدار مجدد 🙏",2026-07-28,api
3259061,2026-07-30,5,"هر چی از تمیزی و زیبایی و مهمون نوازی بگم کم گفتم 
هر روز صبح نون تازه هم برامون می داشتن پشت در",ممنون از ثبت نظرات مثبت شما 🙏،هدف ما رضایت شماست،خوشحالیم ک رضایت داشتید،امیدواریم در سفرهای بعدی هم افتخار میزبانی از شما را داشته باشیم به امید دیدار مجدد 🙏,2026-07-30,api
3259061,2026-08-04,4.8,"لوکیشن فوق العاده
تمیزی فوق العاده",خیلی ممنون از شما،خوشحالیم ک رضایت داشتید،به امید دیدار دوباره 🙏,2026-08-04,api
3259061,2026-08-07,5,من امتیاز کامل دادم,تشکر از شما دوست عزیز،خرسندیم ک رضایت داشتید،امیدواریم در سفرهای بعدی هم افتخار میزبانی از شما را داشته باشیم به امید دیدار مجدد 🙏,2026-08-07,api
3259061,2026-08-10,5,بهتر از این نمیشد ♥️مرسی از این همه احترام،تمیزی، امنیت ، ارامش پر روزی باشید,ممنون از شما دوست عزیز،خوشحالیم ک تونستیم رضایت شما را جلب کنیم ،به امید دیدار دوباره 🙏,2026-08-10,api
3259061,2026-08-11,5,عالی بود,ممنون از شما،هدف ما رضایت شماست خوشحالیم ک تونستیم رضایت شما را جلب کنیم،به امید دیدار مجدد 🙏,2026-08-11,api
3259061,2026-08-15,5,با اینکه نصف شب رسیدیم،میزبان محترم صبور بودن و ویلا رو به ما تحویل دادن،در کل از همه لحاظ عالی بود،نمره کامل دادم،نکته منفی نداشت,ممنون از شما دوست عزیز،انجام وظیفه بود،بسیار خرسندیم که رضایت داشتید،امیدواریم در سفرهای بعدی هم افتخار میزبانی از شما را داشته باشیم به امید دیدار مجدد 🙏,2026-08-15,api
3259061,2026-08-25,4.8,همه چیز عالی.از نظافت کلبه تا برخورد میزبان و زیبایی جاده.همه بی نهایت خوب بود.ممنونم,ممنون از شما،خوشحالیم ک تونستیم رضایت شما را جلب کنیم ،امیدواریم مجدد در خدمت شما باشیم،به امید دیدار مجدد 🙏,2026-08-25,api
3259061,2026-09-01,4.7,"همه چی عالی بود.و مطابق با عکس. خیلی تمیز که حس خوبی میده.
فقط پیشنهادم به آقای محمدی اینه که جالباسی داخل حمام بزارن خیلی کمبود احساس میشد",ممنون از شما،خوشحالیم ک رضایت داشتید،ممنون از پیشنهادات شما حتما رسیدگی خواهد شد،به امید دیدار مجدد 🙏,2026-09-01,api
3273471,2025-08-28,5,خیلی عالی بود _کلبه نوساز و تمیز _نظافت عالی _داخل محل به همه چی دسترسی داشتیم امکانات داخل کلبه فول _خیلی ممنونم از مهمان نوازیتون,"لطف و محبت شماست 
خیلی ممنونم ازتون🙏🏻",2025-08-28,api
3273471,2025-09-01,5,من امتیاز کامل دادم,خیلی ممنون از محبتتون🙏🏻,2025-09-01,api
3273471,2025-09-04,4.8,عالی ازهمه نظرکلبه بسیارزیباودلنشینه دسترسی خوبی داره داخل کلبه همه امکانات موجوده نیازی به چیزی نداری که ببری باخودت وکاملادربسته وقیمت منصفانه ای داره,ممنونم داداش محبت داری شما🙏🏻,2025-09-04,api
3273471,2025-09-09,5,"برخورد عالی و بسیار محترم میزبان عزیز 
کلبه بسیاررر تمیز و زیبا بود منظره خیلی قشنگ و دلباز
هرچی از قشنگیاش بگم باز کمه
محیط آروم با امنیت بالا
حتما تجربه کنید مطمئنم مشتری دائم این کلبه میشین",قربون شما داداش گلم لطف و محبت شماست بازم من در خدمت شما مهمانای دوست داشتنی هستم🙏🏻,2025-09-09,api
3273471,2025-09-12,5,با تشکر از میزبانی علی آقا که پسر خیلی مودب و پیگیری هستند،ویلا بسیار تمیز و مرتب وشیک بود،چون ایشون به تازگی کارشون رو شروع کردن همه وسایل ویلا نو و تکمیل هستش،در کل وااااقعا راضی بودیم،تنها ایرادش این بود که گازکشی نیست،وآبگرمکن بعداز ده دقیقه استفاده مخزنش وآبش سرد میشد..,قربون شما اقا بهنام عزیز شما محبت دارید اون یه مشکله کوچیکم در اولین فرصت حلش میکنم خیلی ممنون🙏🏻,2025-09-12,api
3273471,2025-09-15,5,"درمجموع خیلی عالی و خوش سلیقه بودن فقط یه مقدار کرم داشت که در اون منطقه طبیعیه 
ولی هیچ شکی در رزرو کردن نکنید چون فوق العادست","با تشکر از نظر خوب شما 
مشکل کرم هم با سم پاشی حل شده
چون محیط جنگلیه متاسفانه همه ما این مشکلو داریم
خیلی ممنونم🙏🏻",2025-09-15,api
3273471,2025-09-16,5,محیط و خود کلبه بسیار تمیز بود و میزبان بسیار مردم دار,قربون شما خیلی ممنونم ازت داداش عزیزم🙏🏻,2025-09-16,api
3273471,2025-09-18,5,میزبان بسیار خوش برخورد بود و کلبه واقعا تمیز و عالی بود,فداتشم داداش خیلی ممنونم ازت🙏🏻,2025-09-18,api
3273471,2025-10-14,5,از همه نظر عالی بود و راضی بودم و بسیار تمیز بود,قربون شما داداش ممنونم ازت خیلی خوشحالم از اینکه راضی بودی🙏🏻❤️,2025-10-14,api
3273471,2025-10-15,5,لوکیشن و فضا عالی.از لحاظ تمیزی خیلی خوب بود حتما پیشنهاد میکنم تجربه کنید.دمت گرم داداش,خیلی ممنونم اقای یزدانی عزیز محبت داری شما🙏🏻,2025-10-15,api
3273471,2025-10-21,,اقامتگاه خوبی بود فقط این که اقای میزبان خیلی حساس بودن که مهمون یا همراه نداشته باشید.و ویلا دارای دوربین های مداربسته بود.,خیلی متشکرم از حسن نیت شما,2025-10-21,api
3273471,2025-10-28,5,"بی نظیر بود
نظافت عالی
برخورد میزبان عالی
خیلی خیلی تجربه‌ی خوبی بود😍",ممنونم داداش لطف داری خوشحالم که راضی بودی🙏🏻,2025-10-28,api
3273471,2025-11-14,5,یک کلبه عالی و به شدت تمیز و امنیت بالا و همچنین دسترسی فوق العاده به طبیعت بکر  ممنونم,نظر لطف و محبت شماست اراد عزیزم🙏🏻❤️,2025-11-14,api
3273471,2025-11-18,4.8,"خیلی عالی بود 
مرسی از مهمان نوازی",محبت داری داداش خیلی ممنونم🙏🏻,2025-11-18,api
3273471,2025-11-30,4.8,"کلبه بسیار تمیز بود و قیمتش مناسبه 
رفتار میزبان بسیار محترمانه و مهوان نواز 🌷",خیلی ممنونم مرسی از لطفتون🙏🏻,2025-11-30,api
3273471,2025-12-04,5,"با سلام
ویلا نوساز فوق العاده تمیز ، امنیت بالا و تجهیزات کامل 
واقعا بی نظیر بود
با تشکر از اخلاق و برخورد محترمانه صاحب ویلا",خیلی ممنونم از شما مهمان عزیز محبت دارید نسبت به ما🙏🏻🌹,2025-12-04,api
3273471,2025-12-07,5,"ما دوشب اقامت داشتیم، بسیار تمیز و نو هست هم کلبه هم وسایل،  یک حیاط قشنگ داره که جای پارک ماشین هم داره به راحتی ما از منقل هم استفاده کردیم ، سیخ وسرویس قابلمه کامل موجود بود ، منطقه هم برای پیاده روی بسیار زیباست.
دسترسی خوب به نانوایی و سوپر مارکت هست و تمام مسیر جاده ی آسفالت که خیلی خوب بود. 
میزبان محترم و خوش برخورد، 
ممنون.",خیلی ممنونم از شما محبت و لطف شماست من همیشه در خدمتتون هستم🙏🏻🌹,2025-12-07,api
3273471,2025-12-11,5,بسیار عالی تمیز مرتب,خیلی ممنونم ازت داداش گلم🙏🏻🌹,2025-12-11,api
3273471,2026-02-10,5,بسیار تمیز و عالی بود,خیلی ممنون از لطف و محبت شما🙏🏻,2026-02-10,api
3273471,2026-02-25,5,"دومین بار بود میهمان این اقامتگاه بودم
عالی بود دقیقا مثل روز اولش تمیز و عالی🙏🏻",فداتشم داداش نظر لطف شماست❤️🙏🏻,2026-02-25,api
3273471,2026-03-05,5,"من 5 روز توی این لوکیشن اقامت داشتم که واقعا کیف کردم 
برخورد میزبان عالی ، نظافت و تمیز بودن لوکیشن عالی ، حتما بازم اینجا رزرو میکنم 
به خاطر نوساز بودن کلبه تمام وسایل نو هستش واقعا پیشنهاد میدم",فداتشم داداش قربونت برم شما محبت داری کلبه خودته هر موقع تشریف اوردی بالای سر🙏🏻❤️,2026-03-05,api
3273471,2026-03-11,5,بسیار تمیز و زیبا بود,خیلی ممنونم از شما لطف دارید🙏🏻🌹,2026-03-11,api
3273471,2026-03-20,5,خیلی مهربان ومهمان نواز ویلا بسیار تمیز و عالی منظره بسیار زیبا کیفیت خیلی بالاتر از قیمت واقعا از سفرمون لذت بردیم سپاس از شما,خیلی ممنونم از محبت و لطف شما میهمان عزیز ما همیشه در خدمتتون هستیم🙏🏻🌹,2026-03-20,api
3273471,2026-03-25,5,عالی بود بسیار تمیز و میزبان خوشبرخورد .,نظر لطف شماست خیلی ممنونم🌹🙏🏻,2026-03-25,api
3273471,2026-03-29,5,همه چیز بسیار عالی بود،میزبان مهمان نواز و محترم بودند و کلبه تمیز و نو با امنیت بالا،لوکیشن تو منطقه بکر و به دور از سر و صدا قرار داشت،به بقیه دوستان هم پیشنهاد میکنم از این اقامتگاه لذت ببرن،سپاس از اقای اکبری🙏🏻,عزیزمی محمد جان فداتشم محبت داری داداش مرسی از لطفت🙏🏻❤️,2026-03-29,api
3273471,2026-03-31,5,لوکیشن بسیار جای دنج و خوش آب و هوا بود …از همه جوانب (رفتارمیزبان،تمیزی،امکانات…)عالی بود واقعا,خیلی ممنونم از محبت شما به امید دیداری مجدد🙏🏻🌹,2026-03-31,api
3273471,2026-04-07,5,همه چیز عالی و تمیز بود,خیلی ممنون از محبت شما🌹🙏🏻,2026-04-07,api
3273471,2026-04-12,5,"واقعا همه چیز همونطور که توی عکس ها به تصویر کشیده شده بود
برخورد علی آقا میزبان محترم بسیار عالی بود
شخص محترم وعزیزی بودن
من بارها با ایشون جهت هماهنگی و سوال تماس گرفتم ، ایشون هم بسیار خوش برخورد و دوستانه راهنمایی کردن
کلبه نو ساز بود و تمیز
لوازم به حد کفایت داخل‌کلبه بود
نیاز نبود به جز خورد و خوراک چیز دیگه خریداری بشه
منطقه ای که کلبه درش واقع شده بود هم با فاصله از خیابون  اصلی بود و سر سبز و بوی دلنشین بهارنارنج
 من دنبال جایی بودم که شب بتونم راحت و بدون سرصدا بخوابم
اینجا برام مناسب بود 
زیبایی و سرسبزی  عالی و‌ نزدیکیش به جنگل طوری بود با ده بیست  دقیقه پیاده روی وارد جنگل میشدی
فاصله تا سوپر مارکت و نانوایی و مراکز خرید با ماشین حدود 4 دقیقه بود
ممنونم از سایت و اقای اکبری عزیز",قربون شما محمد جان عزیزم خیلی لطف داری داداش خیلی خوشحالم که راضی بودی🙏🏻❤️,2026-04-12,api
3273471,2026-04-22,5,با تشکر از میهمانوازی میزبان عزیز،  و صراحت و پیگیری ایشان در قبال راحتی و آسایش میهمانان، تشکر ویژه از میزبان عزیز داریم، فضای خوب، محله عالی و آرامش و آسایش محل مثال زدنی بود.,قربون شما اقای کشاورزی عزیز محبت دارید شما🙏🏻🌹,2026-04-22,api
3273471,2026-04-24,5,کلبه بسیار تمیزی بود از نظر برخورد میزبان درجه یک,فدای شما خیلی محبت دارین نسبت به ما بازم در خدمتتون هستیم🌹❤️,2026-04-24,api
3273471,2026-05-19,5,عالی,قربونت برم سجاد جان خیلی ممنونم ازت❤️,2026-05-19,api
3273471,2026-06-01,5,«تجربه بسیار خوبی از اقامت در ویلای شما داشتیم. امکانات کامل، محیط آرام و برخورد محترمانه شما قابل تقدیر بود. سپاسگزاریم.»,فداتشم اقای نقابدوست عزیز خیلی خوشحالم که راضی بودین🙏🏻❤️,2026-06-01,api
3273471,2026-06-10,5,"بسیار تمیز 
وسایل کافی
محله دنج
برخورد عالی
امنیت خوب 
قیمت بسیار مناسب نسبت به هم رده های این ویلا 
تجربه ی خوبی بود پیشنهاد میکنم",خیلی ممنونم از محبت شما🌹🙏🏻,2026-06-10,api
3273471,2026-06-17,5,من امتیاز کامل دادم,خیلی ممنونم از شما مهمان گرامی و دوست داشتنی به امید دیدار مجدد🙏🏻🌹,2026-06-17,api
3273471,2026-07-02,5,این اقامتگاه نقلی و تمیز در یک جای آروم و دنجی است و با توجه به این قیمت اون هم در ایام تعطیل و پیک مسافرت واقعا توجیه برای رزرو داره. با تشکر از میزبان بابت رفتار محترمانه و میزبانی مناسب.,خیلی ممنونم از شما مهمان گرامی و دوست داشتنی🙏🏻❤️,2026-07-02,api
3273471,2026-07-04,5,واقعا اقامتگاه عالی ای بود هم از لحاظ خوشگلی و هم از لحاظ تمیزی باکیفیت بودن هم میزبان برخورد عالی ای داشتن ❤️,قربون شما خیلی ممنون از نظر لطفتون🙏🏻🌹,2026-07-04,api
3273471,2026-07-06,5,"باتشکر  از آقای اکبری عزیز بابت این کلبه درجه یک نظافت ویو دسترسی همه چیز عالییییییی
واقعا یکی از بهترین خاطرات سفر برای ما شد از لحاظ نزدیکی به جاده اصلی و مهمتر از اون هر طرفش یک جاذبه بینظیر هست که خیلی سریع میتونی بری ببینی نظافت عالی بود کولر گازی سرویس بهداشتی و آشپزخونه واقعا تمیز و حتما حتما سفر بعد هم انتخاب ما هست ازتون کلی ممنونم",قربون شما خیلی محبت دارید نسبت به ما خیلی خوشحالم که راضی بودید همیشه در خدمتتون هستم🙏🏻🌹,2026-07-06,api
3273471,2026-07-16,5,"از همه نظر عالی بود
خیلی تمیز، کاملا دربست و محیط خلوت بود. برخورد میزبان هم از همه نظر عالی بود.
صددرصد پیشنهاد میکنم بهتون",ممنونم از شما اقای نبوی عزیز🙏🏻🌹,2026-07-16,api
3273471,2026-07-25,5,من امتیاز کامل دادم,خیلی ممنون از محبت شما🙏🏻🌹,2026-07-25,api
3273471,2026-07-29,5,عالی,خیلی ممنونم اقای شریفی عزیز🙏🏻,2026-07-29,api
3273471,2026-07-30,5,من تجربه خیلی خوبی از اقامتم داشتم ، در این ویلا به جزئیات نیازتون از یه اقامت خوب توجه شده ،ویلا بشدت تمیز و خوش انرژی، تمام امکانات فراهم و دسترسی محلی نزدیک و مسیر‌کاملا آسفالت، میزبان‌ بسیار‌محترم و خوش برخورد، اگه برای‌استراحت و ساختن‌خاطرات‌خوب دور از شهر و شلوغی میخواید سفر کنید تو انتخاب این کلبههههه شک نکنیییید,خیلی ممنونم خانوم جعفری عزیز نظر لطفتونه خیلی خوشحالم که راضی بودین🙏🏻🌹,2026-07-30,api
3273471,2026-08-07,5,تشکر میکنم از علی اقای گل واسه مهمون نوازیشون از همه نظر عالی بود اگه دوباره بیایم اونجا حتما بازم انتخابمون همینجاس,فداتشم اقای ایوانی عزیز شما به ما لطف دارید خیلی ممنونم من همیشه در خدمتتون هستم🙏🏻🌹,2026-08-07,api
3273471,2026-08-10,4.8,کلبه خیلی زیبا و تمیز بود و امکانات لازم هم داخل کلبه وجود داشت میزبان خیلی خوش برخورد بود و در کل خیلی خوب بود با تشکر از آقای اکبری,قربون شما اقای حاجیلوی عزیز محبت دارید شما🙏🏻🌹,2026-08-10,api
3273471,2026-08-21,5,هم ویو عالی ، هم لوکس. ما ک خوشمون اومد,نظر لطف شماست ممنونم🙏🏻🌹,2026-08-21,api
3273471,2026-08-22,5,رفتار محترمانه داشتن خیلی خوب بود جاشونم واقعا تمیز بود عالی راضی بودم,خیلی محبت دارید شما ممنونم ازتون اقا امیر عزیزم به امید دیدار🙏🏻🌹,2026-08-22,api
3273471,2026-08-26,5,ممنون از علی جان بابت مهمان نوازی کلبه تمیز بود ویو قشنگی هم داشت,خیلی ممنونم از شما لطف کردید🙏🏻🌹,2026-08-26,api
3273471,2026-08-28,5,سلام من کلبه توی لفور زیاد گرفتم اما به جرعت میتونم بگم یکی از بهترین و تمیز ترین کلبه هایی بود که گرفتم از همه لحاظ بینظیر بود,واقعا خیلی خوشحالم که راضی بودین ممنونم از شما مهمان گرامی🙏🏻🌹,2026-08-28,api
3273471,2026-08-31,4.8,"همه چی بسیار عالی و ارزنده بود اقامتگاه تو لوکیشن بسیار زیبایی بود 
من بشخصه بسیار دوست داشتم و میزبان هم میهمان نواز خوبی بودند",قربون شما خیلی ممنون از محبتتون🙏🏻,2026-08-31,api
3273471,2026-09-03,5,همه چی عالی بود پیشنهاد میکنم سر بزنین,فداتشم داداش محبت داری به امید دیدار مجدد🙏🏻🌹,2026-09-03,api
3273471,2026-09-04,5,کلبه تمیز و مرتبی بود،ممنون از میزبان,قربون شما خوشحالم که راضی بودین🙏🏻🌹,2026-09-04,api
